content	cause	id	name	x	y	plane	region_x	region_y	extra
ground_item	static_world_spawn_source_empty	0	all static ground item spawns	0	0	0	0	0	export/load path exists, but approved source has zero rows
terrain	empty_terrain_no_floor_context	0	empty terrain tile	1152	9152	0	18	143	source_plane=0
terrain	empty_terrain_no_floor_context	0	empty terrain tile	1152	9153	0	18	143	source_plane=0
terrain	empty_terrain_no_floor_context	0	empty terrain tile	1152	9154	0	18	143	source_plane=0
terrain	empty_terrain_no_floor_context	0	empty terrain tile	1152	9155	0	18	143	source_plane=0
terrain	empty_terrain_no_floor_context	0	empty terrain tile	1152	9156	0	18	143	source_plane=0
terrain	empty_terrain_no_floor_context	0	empty terrain tile	1152	9157	0	18	143	source_plane=0
terrain	empty_terrain_no_floor_context	0	empty terrain tile	1152	9158	0	18	143	source_plane=0
terrain	empty_terrain_no_floor_context	0	empty terrain tile	1152	9159	0	18	143	source_plane=0
terrain	empty_terrain_no_floor_context	0	empty terrain tile	1152	9160	0	18	143	source_plane=0
terrain	empty_terrain_no_floor_context	0	empty terrain tile	1152	9161	0	18	143	source_plane=0
terrain	empty_terrain_no_floor_context	0	empty terrain tile	1152	9162	0	18	143	source_plane=0
terrain	empty_terrain_no_floor_context	0	empty terrain tile	1152	9163	0	18	143	source_plane=0
terrain	empty_terrain_no_floor_context	0	empty terrain tile	1152	9164	0	18	143	source_plane=0
terrain	empty_terrain_no_floor_context	0	empty terrain tile	1152	9165	0	18	143	source_plane=0
terrain	empty_terrain_no_floor_context	0	empty terrain tile	1152	9166	0	18	143	source_plane=0
terrain	empty_terrain_no_floor_context	0	empty terrain tile	1152	9167	0	18	143	source_plane=0
terrain	empty_terrain_no_floor_context	0	empty terrain tile	1152	9168	0	18	143	source_plane=0
terrain	empty_terrain_no_floor_context	0	empty terrain tile	1152	9169	0	18	143	source_plane=0
terrain	empty_terrain_no_floor_context	0	empty terrain tile	1152	9170	0	18	143	source_plane=0
terrain	empty_terrain_no_floor_context	0	empty terrain tile	1152	9171	0	18	143	source_plane=0
terrain	empty_terrain_no_floor_context	0	empty terrain tile	1152	9172	0	18	143	source_plane=0
terrain	empty_terrain_no_floor_context	0	empty terrain tile	1152	9173	0	18	143	source_plane=0
terrain	empty_terrain_no_floor_context	0	empty terrain tile	1152	9174	0	18	143	source_plane=0
terrain	empty_terrain_no_floor_context	0	empty terrain tile	1152	9175	0	18	143	source_plane=0
terrain	empty_terrain_no_floor_context	0	empty terrain tile	1152	9176	0	18	143	source_plane=0
terrain	empty_terrain_no_floor_context	0	empty terrain tile	1152	9177	0	18	143	source_plane=0
terrain	empty_terrain_no_floor_context	0	empty terrain tile	1152	9178	0	18	143	source_plane=0
terrain	empty_terrain_no_floor_context	0	empty terrain tile	1152	9179	0	18	143	source_plane=0
terrain	empty_terrain_no_floor_context	0	empty terrain tile	1152	9180	0	18	143	source_plane=0
terrain	empty_terrain_no_floor_context	0	empty terrain tile	1152	9181	0	18	143	source_plane=0
terrain	empty_terrain_no_floor_context	0	empty terrain tile	1152	9182	0	18	143	source_plane=0
terrain	empty_terrain_no_floor_context	0	empty terrain tile	1152	9183	0	18	143	source_plane=0
terrain	empty_terrain_no_floor_context	0	empty terrain tile	1152	9184	0	18	143	source_plane=0
terrain	empty_terrain_no_floor_context	0	empty terrain tile	1152	9185	0	18	143	source_plane=0
terrain	empty_terrain_no_floor_context	0	empty terrain tile	1152	9186	0	18	143	source_plane=0
terrain	empty_terrain_no_floor_context	0	empty terrain tile	1152	9187	0	18	143	source_plane=0
terrain	empty_terrain_no_floor_context	0	empty terrain tile	1152	9188	0	18	143	source_plane=0
terrain	empty_terrain_no_floor_context	0	empty terrain tile	1152	9189	0	18	143	source_plane=0
terrain	empty_terrain_no_floor_context	0	empty terrain tile	1152	9190	0	18	143	source_plane=0
terrain	empty_terrain_no_floor_context	0	empty terrain tile	1152	9191	0	18	143	source_plane=0
terrain	empty_terrain_no_floor_context	0	empty terrain tile	1152	9192	0	18	143	source_plane=0
terrain	empty_terrain_no_floor_context	0	empty terrain tile	1152	9193	0	18	143	source_plane=0
terrain	empty_terrain_no_floor_context	0	empty terrain tile	1152	9194	0	18	143	source_plane=0
terrain	empty_terrain_no_floor_context	0	empty terrain tile	1152	9195	0	18	143	source_plane=0
terrain	empty_terrain_no_floor_context	0	empty terrain tile	1152	9196	0	18	143	source_plane=0
terrain	empty_terrain_no_floor_context	0	empty terrain tile	1152	9197	0	18	143	source_plane=0
terrain	empty_terrain_no_floor_context	0	empty terrain tile	1152	9198	0	18	143	source_plane=0
terrain	empty_terrain_no_floor_context	0	empty terrain tile	1152	9199	0	18	143	source_plane=0
terrain	empty_terrain_no_floor_context	0	empty terrain tile	1152	9200	0	18	143	source_plane=0
terrain	empty_terrain_no_floor_context	0	empty terrain tile	1152	9201	0	18	143	source_plane=0
terrain	empty_terrain_no_floor_context	0	empty terrain tile	1152	9202	0	18	143	source_plane=0
terrain	empty_terrain_no_floor_context	0	empty terrain tile	1152	9203	0	18	143	source_plane=0
terrain	empty_terrain_no_floor_context	0	empty terrain tile	1152	9204	0	18	143	source_plane=0
terrain	empty_terrain_no_floor_context	0	empty terrain tile	1152	9205	0	18	143	source_plane=0
terrain	empty_terrain_no_floor_context	0	empty terrain tile	1152	9206	0	18	143	source_plane=0
terrain	empty_terrain_no_floor_context	0	empty terrain tile	1152	9207	0	18	143	source_plane=0
terrain	empty_terrain_no_floor_context	0	empty terrain tile	1152	9208	0	18	143	source_plane=0
terrain	empty_terrain_no_floor_context	0	empty terrain tile	1152	9209	0	18	143	source_plane=0
terrain	empty_terrain_no_floor_context	0	empty terrain tile	1152	9210	0	18	143	source_plane=0
terrain	empty_terrain_no_floor_context	0	empty terrain tile	1152	9211	0	18	143	source_plane=0
terrain	empty_terrain_no_floor_context	0	empty terrain tile	1152	9212	0	18	143	source_plane=0
terrain	empty_terrain_no_floor_context	0	empty terrain tile	1152	9213	0	18	143	source_plane=0
terrain	empty_terrain_no_floor_context	0	empty terrain tile	1152	9214	0	18	143	source_plane=0
terrain	empty_terrain_no_floor_context	0	empty terrain tile	1152	9215	0	18	143	source_plane=0
terrain	empty_terrain_no_floor_context	0	empty terrain tile	1153	9152	0	18	143	source_plane=0
terrain	empty_terrain_no_floor_context	0	empty terrain tile	1153	9153	0	18	143	source_plane=0
terrain	empty_terrain_no_floor_context	0	empty terrain tile	1153	9154	0	18	143	source_plane=0
terrain	empty_terrain_no_floor_context	0	empty terrain tile	1153	9155	0	18	143	source_plane=0
terrain	empty_terrain_no_floor_context	0	empty terrain tile	1153	9156	0	18	143	source_plane=0
terrain	empty_terrain_no_floor_context	0	empty terrain tile	1153	9157	0	18	143	source_plane=0
terrain	empty_terrain_no_floor_context	0	empty terrain tile	1153	9158	0	18	143	source_plane=0
terrain	empty_terrain_no_floor_context	0	empty terrain tile	1153	9159	0	18	143	source_plane=0
terrain	empty_terrain_no_floor_context	0	empty terrain tile	1153	9160	0	18	143	source_plane=0
terrain	empty_terrain_no_floor_context	0	empty terrain tile	1153	9161	0	18	143	source_plane=0
terrain	empty_terrain_no_floor_context	0	empty terrain tile	1153	9162	0	18	143	source_plane=0
terrain	empty_terrain_no_floor_context	0	empty terrain tile	1153	9163	0	18	143	source_plane=0
terrain	empty_terrain_no_floor_context	0	empty terrain tile	1153	9164	0	18	143	source_plane=0
terrain	empty_terrain_no_floor_context	0	empty terrain tile	1153	9165	0	18	143	source_plane=0
terrain	empty_terrain_no_floor_context	0	empty terrain tile	1153	9166	0	18	143	source_plane=0
terrain	empty_terrain_no_floor_context	0	empty terrain tile	1153	9167	0	18	143	source_plane=0
terrain	empty_terrain_no_floor_context	0	empty terrain tile	1153	9168	0	18	143	source_plane=0
terrain	empty_terrain_no_floor_context	0	empty terrain tile	1153	9169	0	18	143	source_plane=0
terrain	empty_terrain_no_floor_context	0	empty terrain tile	1153	9170	0	18	143	source_plane=0
terrain	empty_terrain_no_floor_context	0	empty terrain tile	1153	9171	0	18	143	source_plane=0
terrain	empty_terrain_no_floor_context	0	empty terrain tile	1153	9172	0	18	143	source_plane=0
terrain	empty_terrain_no_floor_context	0	empty terrain tile	1153	9173	0	18	143	source_plane=0
terrain	empty_terrain_no_floor_context	0	empty terrain tile	1153	9174	0	18	143	source_plane=0
terrain	empty_terrain_no_floor_context	0	empty terrain tile	1153	9175	0	18	143	source_plane=0
terrain	empty_terrain_no_floor_context	0	empty terrain tile	1153	9176	0	18	143	source_plane=0
terrain	empty_terrain_no_floor_context	0	empty terrain tile	1153	9177	0	18	143	source_plane=0
terrain	empty_terrain_no_floor_context	0	empty terrain tile	1153	9178	0	18	143	source_plane=0
terrain	empty_terrain_no_floor_context	0	empty terrain tile	1153	9179	0	18	143	source_plane=0
terrain	empty_terrain_no_floor_context	0	empty terrain tile	1153	9180	0	18	143	source_plane=0
terrain	empty_terrain_no_floor_context	0	empty terrain tile	1153	9181	0	18	143	source_plane=0
terrain	empty_terrain_no_floor_context	0	empty terrain tile	1153	9182	0	18	143	source_plane=0
terrain	empty_terrain_no_floor_context	0	empty terrain tile	1153	9183	0	18	143	source_plane=0
terrain	empty_terrain_no_floor_context	0	empty terrain tile	1153	9184	0	18	143	source_plane=0
terrain	empty_terrain_no_floor_context	0	empty terrain tile	1153	9185	0	18	143	source_plane=0
terrain	empty_terrain_no_floor_context	0	empty terrain tile	1153	9186	0	18	143	source_plane=0
terrain	empty_terrain_no_floor_context	0	empty terrain tile	1153	9187	0	18	143	source_plane=0
terrain	empty_terrain_no_floor_context	0	empty terrain tile	1153	9188	0	18	143	source_plane=0
terrain	empty_terrain_no_floor_context	0	empty terrain tile	1153	9189	0	18	143	source_plane=0
terrain	empty_terrain_no_floor_context	0	empty terrain tile	1153	9190	0	18	143	source_plane=0
terrain	empty_terrain_no_floor_context	0	empty terrain tile	1153	9191	0	18	143	source_plane=0
terrain	empty_terrain_no_floor_context	0	empty terrain tile	1153	9192	0	18	143	source_plane=0
terrain	empty_terrain_no_floor_context	0	empty terrain tile	1153	9193	0	18	143	source_plane=0
terrain	empty_terrain_no_floor_context	0	empty terrain tile	1153	9194	0	18	143	source_plane=0
terrain	empty_terrain_no_floor_context	0	empty terrain tile	1153	9195	0	18	143	source_plane=0
terrain	empty_terrain_no_floor_context	0	empty terrain tile	1153	9196	0	18	143	source_plane=0
terrain	empty_terrain_no_floor_context	0	empty terrain tile	1153	9197	0	18	143	source_plane=0
terrain	empty_terrain_no_floor_context	0	empty terrain tile	1153	9198	0	18	143	source_plane=0
terrain	empty_terrain_no_floor_context	0	empty terrain tile	1153	9199	0	18	143	source_plane=0
terrain	empty_terrain_no_floor_context	0	empty terrain tile	1153	9200	0	18	143	source_plane=0
terrain	empty_terrain_no_floor_context	0	empty terrain tile	1153	9201	0	18	143	source_plane=0
terrain	empty_terrain_no_floor_context	0	empty terrain tile	1153	9202	0	18	143	source_plane=0
terrain	empty_terrain_no_floor_context	0	empty terrain tile	1153	9203	0	18	143	source_plane=0
terrain	empty_terrain_no_floor_context	0	empty terrain tile	1153	9204	0	18	143	source_plane=0
terrain	empty_terrain_no_floor_context	0	empty terrain tile	1153	9205	0	18	143	source_plane=0
terrain	empty_terrain_no_floor_context	0	empty terrain tile	1153	9206	0	18	143	source_plane=0
terrain	empty_terrain_no_floor_context	0	empty terrain tile	1153	9207	0	18	143	source_plane=0
terrain	empty_terrain_no_floor_context	0	empty terrain tile	1153	9208	0	18	143	source_plane=0
terrain	empty_terrain_no_floor_context	0	empty terrain tile	1153	9209	0	18	143	source_plane=0
terrain	empty_terrain_no_floor_context	0	empty terrain tile	1153	9210	0	18	143	source_plane=0
terrain	empty_terrain_no_floor_context	0	empty terrain tile	1153	9211	0	18	143	source_plane=0
terrain	empty_terrain_no_floor_context	0	empty terrain tile	1153	9212	0	18	143	source_plane=0
terrain	empty_terrain_no_floor_context	0	empty terrain tile	1153	9213	0	18	143	source_plane=0
terrain	empty_terrain_no_floor_context	0	empty terrain tile	1153	9214	0	18	143	source_plane=0
terrain	empty_terrain_no_floor_context	0	empty terrain tile	1153	9215	0	18	143	source_plane=0
terrain	empty_terrain_no_floor_context	0	empty terrain tile	1154	9152	0	18	143	source_plane=0
terrain	empty_terrain_no_floor_context	0	empty terrain tile	1154	9153	0	18	143	source_plane=0
terrain	empty_terrain_no_floor_context	0	empty terrain tile	1154	9154	0	18	143	source_plane=0
terrain	empty_terrain_no_floor_context	0	empty terrain tile	1154	9155	0	18	143	source_plane=0
terrain	empty_terrain_no_floor_context	0	empty terrain tile	1154	9156	0	18	143	source_plane=0
terrain	empty_terrain_no_floor_context	0	empty terrain tile	1154	9157	0	18	143	source_plane=0
terrain	empty_terrain_no_floor_context	0	empty terrain tile	1154	9158	0	18	143	source_plane=0
terrain	empty_terrain_no_floor_context	0	empty terrain tile	1154	9159	0	18	143	source_plane=0
terrain	empty_terrain_no_floor_context	0	empty terrain tile	1154	9160	0	18	143	source_plane=0
terrain	empty_terrain_no_floor_context	0	empty terrain tile	1154	9161	0	18	143	source_plane=0
terrain	empty_terrain_no_floor_context	0	empty terrain tile	1154	9162	0	18	143	source_plane=0
terrain	empty_terrain_no_floor_context	0	empty terrain tile	1154	9163	0	18	143	source_plane=0
terrain	empty_terrain_no_floor_context	0	empty terrain tile	1154	9164	0	18	143	source_plane=0
terrain	empty_terrain_no_floor_context	0	empty terrain tile	1154	9165	0	18	143	source_plane=0
terrain	empty_terrain_no_floor_context	0	empty terrain tile	1154	9166	0	18	143	source_plane=0
terrain	empty_terrain_no_floor_context	0	empty terrain tile	1154	9167	0	18	143	source_plane=0
terrain	empty_terrain_no_floor_context	0	empty terrain tile	1154	9168	0	18	143	source_plane=0
terrain	empty_terrain_no_floor_context	0	empty terrain tile	1154	9169	0	18	143	source_plane=0
terrain	empty_terrain_no_floor_context	0	empty terrain tile	1154	9170	0	18	143	source_plane=0
terrain	empty_terrain_no_floor_context	0	empty terrain tile	1154	9171	0	18	143	source_plane=0
terrain	empty_terrain_no_floor_context	0	empty terrain tile	1154	9172	0	18	143	source_plane=0
terrain	empty_terrain_no_floor_context	0	empty terrain tile	1154	9173	0	18	143	source_plane=0
terrain	empty_terrain_no_floor_context	0	empty terrain tile	1154	9174	0	18	143	source_plane=0
terrain	empty_terrain_no_floor_context	0	empty terrain tile	1154	9175	0	18	143	source_plane=0
terrain	empty_terrain_no_floor_context	0	empty terrain tile	1154	9176	0	18	143	source_plane=0
terrain	empty_terrain_no_floor_context	0	empty terrain tile	1154	9177	0	18	143	source_plane=0
terrain	empty_terrain_no_floor_context	0	empty terrain tile	1154	9178	0	18	143	source_plane=0
terrain	empty_terrain_no_floor_context	0	empty terrain tile	1154	9179	0	18	143	source_plane=0
terrain	empty_terrain_no_floor_context	0	empty terrain tile	1154	9180	0	18	143	source_plane=0
terrain	empty_terrain_no_floor_context	0	empty terrain tile	1154	9181	0	18	143	source_plane=0
terrain	empty_terrain_no_floor_context	0	empty terrain tile	1154	9182	0	18	143	source_plane=0
terrain	empty_terrain_no_floor_context	0	empty terrain tile	1154	9183	0	18	143	source_plane=0
terrain	empty_terrain_no_floor_context	0	empty terrain tile	1154	9184	0	18	143	source_plane=0
terrain	empty_terrain_no_floor_context	0	empty terrain tile	1154	9185	0	18	143	source_plane=0
terrain	empty_terrain_no_floor_context	0	empty terrain tile	1154	9186	0	18	143	source_plane=0
terrain	empty_terrain_no_floor_context	0	empty terrain tile	1154	9187	0	18	143	source_plane=0
terrain	empty_terrain_no_floor_context	0	empty terrain tile	1154	9188	0	18	143	source_plane=0
terrain	empty_terrain_no_floor_context	0	empty terrain tile	1154	9189	0	18	143	source_plane=0
terrain	empty_terrain_no_floor_context	0	empty terrain tile	1154	9190	0	18	143	source_plane=0
terrain	empty_terrain_no_floor_context	0	empty terrain tile	1154	9191	0	18	143	source_plane=0
terrain	empty_terrain_no_floor_context	0	empty terrain tile	1154	9192	0	18	143	source_plane=0
terrain	empty_terrain_no_floor_context	0	empty terrain tile	1154	9193	0	18	143	source_plane=0
terrain	empty_terrain_no_floor_context	0	empty terrain tile	1154	9194	0	18	143	source_plane=0
terrain	empty_terrain_no_floor_context	0	empty terrain tile	1154	9195	0	18	143	source_plane=0
terrain	empty_terrain_no_floor_context	0	empty terrain tile	1154	9196	0	18	143	source_plane=0
terrain	empty_terrain_no_floor_context	0	empty terrain tile	1154	9197	0	18	143	source_plane=0
terrain	empty_terrain_no_floor_context	0	empty terrain tile	1154	9198	0	18	143	source_plane=0
terrain	empty_terrain_no_floor_context	0	empty terrain tile	1154	9199	0	18	143	source_plane=0
terrain	empty_terrain_no_floor_context	0	empty terrain tile	1154	9200	0	18	143	source_plane=0
terrain	empty_terrain_no_floor_context	0	empty terrain tile	1154	9201	0	18	143	source_plane=0
terrain	empty_terrain_no_floor_context	0	empty terrain tile	1154	9202	0	18	143	source_plane=0
terrain	empty_terrain_no_floor_context	0	empty terrain tile	1154	9203	0	18	143	source_plane=0
terrain	empty_terrain_no_floor_context	0	empty terrain tile	1154	9204	0	18	143	source_plane=0
terrain	empty_terrain_no_floor_context	0	empty terrain tile	1154	9205	0	18	143	source_plane=0
terrain	empty_terrain_no_floor_context	0	empty terrain tile	1154	9206	0	18	143	source_plane=0
terrain	empty_terrain_no_floor_context	0	empty terrain tile	1154	9207	0	18	143	source_plane=0
terrain	empty_terrain_no_floor_context	0	empty terrain tile	1154	9208	0	18	143	source_plane=0
terrain	empty_terrain_no_floor_context	0	empty terrain tile	1154	9209	0	18	143	source_plane=0
terrain	empty_terrain_no_floor_context	0	empty terrain tile	1154	9210	0	18	143	source_plane=0
terrain	empty_terrain_no_floor_context	0	empty terrain tile	1154	9211	0	18	143	source_plane=0
terrain	empty_terrain_no_floor_context	0	empty terrain tile	1154	9212	0	18	143	source_plane=0
terrain	empty_terrain_no_floor_context	0	empty terrain tile	1154	9213	0	18	143	source_plane=0
terrain	empty_terrain_no_floor_context	0	empty terrain tile	1154	9214	0	18	143	source_plane=0
terrain	empty_terrain_no_floor_context	0	empty terrain tile	1154	9215	0	18	143	source_plane=0
terrain	empty_terrain_no_floor_context	0	empty terrain tile	1155	9152	0	18	143	source_plane=0
terrain	empty_terrain_no_floor_context	0	empty terrain tile	1155	9153	0	18	143	source_plane=0
terrain	empty_terrain_no_floor_context	0	empty terrain tile	1155	9154	0	18	143	source_plane=0
terrain	empty_terrain_no_floor_context	0	empty terrain tile	1155	9155	0	18	143	source_plane=0
terrain	empty_terrain_no_floor_context	0	empty terrain tile	1155	9156	0	18	143	source_plane=0
terrain	empty_terrain_no_floor_context	0	empty terrain tile	1155	9157	0	18	143	source_plane=0
terrain	empty_terrain_no_floor_context	0	empty terrain tile	1155	9158	0	18	143	source_plane=0
terrain	empty_terrain_no_floor_context	0	empty terrain tile	1155	9159	0	18	143	source_plane=0
terrain	empty_terrain_no_floor_context	0	empty terrain tile	1155	9160	0	18	143	source_plane=0
terrain	empty_terrain_no_floor_context	0	empty terrain tile	1155	9161	0	18	143	source_plane=0
terrain	empty_terrain_no_floor_context	0	empty terrain tile	1155	9162	0	18	143	source_plane=0
terrain	empty_terrain_no_floor_context	0	empty terrain tile	1155	9163	0	18	143	source_plane=0
terrain	empty_terrain_no_floor_context	0	empty terrain tile	1155	9164	0	18	143	source_plane=0
terrain	empty_terrain_no_floor_context	0	empty terrain tile	1155	9165	0	18	143	source_plane=0
terrain	empty_terrain_no_floor_context	0	empty terrain tile	1155	9166	0	18	143	source_plane=0
terrain	empty_terrain_no_floor_context	0	empty terrain tile	1155	9167	0	18	143	source_plane=0
terrain	empty_terrain_no_floor_context	0	empty terrain tile	1155	9168	0	18	143	source_plane=0
terrain	empty_terrain_no_floor_context	0	empty terrain tile	1155	9169	0	18	143	source_plane=0
terrain	empty_terrain_no_floor_context	0	empty terrain tile	1155	9170	0	18	143	source_plane=0
terrain	empty_terrain_no_floor_context	0	empty terrain tile	1155	9171	0	18	143	source_plane=0
terrain	empty_terrain_no_floor_context	0	empty terrain tile	1155	9172	0	18	143	source_plane=0
terrain	empty_terrain_no_floor_context	0	empty terrain tile	1155	9173	0	18	143	source_plane=0
terrain	empty_terrain_no_floor_context	0	empty terrain tile	1155	9174	0	18	143	source_plane=0
terrain	empty_terrain_no_floor_context	0	empty terrain tile	1155	9175	0	18	143	source_plane=0
terrain	empty_terrain_no_floor_context	0	empty terrain tile	1155	9176	0	18	143	source_plane=0
terrain	empty_terrain_no_floor_context	0	empty terrain tile	1155	9177	0	18	143	source_plane=0
terrain	empty_terrain_no_floor_context	0	empty terrain tile	1155	9178	0	18	143	source_plane=0
terrain	empty_terrain_no_floor_context	0	empty terrain tile	1155	9179	0	18	143	source_plane=0
terrain	empty_terrain_no_floor_context	0	empty terrain tile	1155	9180	0	18	143	source_plane=0
terrain	empty_terrain_no_floor_context	0	empty terrain tile	1155	9181	0	18	143	source_plane=0
terrain	empty_terrain_no_floor_context	0	empty terrain tile	1155	9182	0	18	143	source_plane=0
terrain	empty_terrain_no_floor_context	0	empty terrain tile	1155	9183	0	18	143	source_plane=0
terrain	empty_terrain_no_floor_context	0	empty terrain tile	1155	9184	0	18	143	source_plane=0
terrain	empty_terrain_no_floor_context	0	empty terrain tile	1155	9185	0	18	143	source_plane=0
terrain	empty_terrain_no_floor_context	0	empty terrain tile	1155	9186	0	18	143	source_plane=0
terrain	empty_terrain_no_floor_context	0	empty terrain tile	1155	9187	0	18	143	source_plane=0
terrain	empty_terrain_no_floor_context	0	empty terrain tile	1155	9188	0	18	143	source_plane=0
terrain	empty_terrain_no_floor_context	0	empty terrain tile	1155	9189	0	18	143	source_plane=0
terrain	empty_terrain_no_floor_context	0	empty terrain tile	1155	9190	0	18	143	source_plane=0
terrain	empty_terrain_no_floor_context	0	empty terrain tile	1155	9191	0	18	143	source_plane=0
terrain	empty_terrain_no_floor_context	0	empty terrain tile	1155	9192	0	18	143	source_plane=0
terrain	empty_terrain_no_floor_context	0	empty terrain tile	1155	9193	0	18	143	source_plane=0
terrain	empty_terrain_no_floor_context	0	empty terrain tile	1155	9194	0	18	143	source_plane=0
terrain	empty_terrain_no_floor_context	0	empty terrain tile	1155	9195	0	18	143	source_plane=0
terrain	empty_terrain_no_floor_context	0	empty terrain tile	1155	9196	0	18	143	source_plane=0
terrain	empty_terrain_no_floor_context	0	empty terrain tile	1155	9197	0	18	143	source_plane=0
terrain	empty_terrain_no_floor_context	0	empty terrain tile	1155	9198	0	18	143	source_plane=0
terrain	empty_terrain_no_floor_context	0	empty terrain tile	1155	9199	0	18	143	source_plane=0
terrain	empty_terrain_no_floor_context	0	empty terrain tile	1155	9200	0	18	143	source_plane=0
terrain	empty_terrain_no_floor_context	0	empty terrain tile	1155	9201	0	18	143	source_plane=0
terrain	empty_terrain_no_floor_context	0	empty terrain tile	1155	9202	0	18	143	source_plane=0
terrain	empty_terrain_no_floor_context	0	empty terrain tile	1155	9203	0	18	143	source_plane=0
terrain	empty_terrain_no_floor_context	0	empty terrain tile	1155	9204	0	18	143	source_plane=0
terrain	empty_terrain_no_floor_context	0	empty terrain tile	1155	9205	0	18	143	source_plane=0
terrain	empty_terrain_no_floor_context	0	empty terrain tile	1155	9206	0	18	143	source_plane=0
terrain	empty_terrain_no_floor_context	0	empty terrain tile	1155	9207	0	18	143	source_plane=0
terrain	empty_terrain_no_floor_context	0	empty terrain tile	1155	9208	0	18	143	source_plane=0
terrain	empty_terrain_no_floor_context	0	empty terrain tile	1155	9209	0	18	143	source_plane=0
terrain	empty_terrain_no_floor_context	0	empty terrain tile	1155	9210	0	18	143	source_plane=0
terrain	empty_terrain_no_floor_context	0	empty terrain tile	1155	9211	0	18	143	source_plane=0
terrain	empty_terrain_no_floor_context	0	empty terrain tile	1155	9212	0	18	143	source_plane=0
terrain	empty_terrain_no_floor_context	0	empty terrain tile	1155	9213	0	18	143	source_plane=0
terrain	empty_terrain_no_floor_context	0	empty terrain tile	1155	9214	0	18	143	source_plane=0
terrain	empty_terrain_no_floor_context	0	empty terrain tile	1155	9215	0	18	143	source_plane=0
terrain	empty_terrain_no_floor_context	0	empty terrain tile	1156	9152	0	18	143	source_plane=0
terrain	empty_terrain_no_floor_context	0	empty terrain tile	1156	9153	0	18	143	source_plane=0
terrain	empty_terrain_no_floor_context	0	empty terrain tile	1156	9154	0	18	143	source_plane=0
terrain	empty_terrain_no_floor_context	0	empty terrain tile	1156	9155	0	18	143	source_plane=0
terrain	empty_terrain_no_floor_context	0	empty terrain tile	1156	9156	0	18	143	source_plane=0
terrain	empty_terrain_no_floor_context	0	empty terrain tile	1156	9157	0	18	143	source_plane=0
terrain	empty_terrain_no_floor_context	0	empty terrain tile	1156	9158	0	18	143	source_plane=0
terrain	empty_terrain_no_floor_context	0	empty terrain tile	1156	9159	0	18	143	source_plane=0
terrain	empty_terrain_no_floor_context	0	empty terrain tile	1156	9160	0	18	143	source_plane=0
terrain	empty_terrain_no_floor_context	0	empty terrain tile	1156	9161	0	18	143	source_plane=0
terrain	empty_terrain_no_floor_context	0	empty terrain tile	1156	9162	0	18	143	source_plane=0
terrain	empty_terrain_no_floor_context	0	empty terrain tile	1156	9163	0	18	143	source_plane=0
terrain	empty_terrain_no_floor_context	0	empty terrain tile	1156	9164	0	18	143	source_plane=0
terrain	empty_terrain_no_floor_context	0	empty terrain tile	1156	9165	0	18	143	source_plane=0
terrain	empty_terrain_no_floor_context	0	empty terrain tile	1156	9166	0	18	143	source_plane=0
terrain	empty_terrain_no_floor_context	0	empty terrain tile	1156	9167	0	18	143	source_plane=0
terrain	empty_terrain_no_floor_context	0	empty terrain tile	1156	9168	0	18	143	source_plane=0
terrain	empty_terrain_no_floor_context	0	empty terrain tile	1156	9169	0	18	143	source_plane=0
terrain	empty_terrain_no_floor_context	0	empty terrain tile	1156	9170	0	18	143	source_plane=0
terrain	empty_terrain_no_floor_context	0	empty terrain tile	1156	9171	0	18	143	source_plane=0
terrain	empty_terrain_no_floor_context	0	empty terrain tile	1156	9172	0	18	143	source_plane=0
terrain	empty_terrain_no_floor_context	0	empty terrain tile	1156	9173	0	18	143	source_plane=0
terrain	empty_terrain_no_floor_context	0	empty terrain tile	1156	9174	0	18	143	source_plane=0
terrain	empty_terrain_no_floor_context	0	empty terrain tile	1156	9175	0	18	143	source_plane=0
terrain	empty_terrain_no_floor_context	0	empty terrain tile	1156	9176	0	18	143	source_plane=0
terrain	empty_terrain_no_floor_context	0	empty terrain tile	1156	9177	0	18	143	source_plane=0
terrain	empty_terrain_no_floor_context	0	empty terrain tile	1156	9178	0	18	143	source_plane=0
terrain	empty_terrain_no_floor_context	0	empty terrain tile	1156	9179	0	18	143	source_plane=0
terrain	empty_terrain_no_floor_context	0	empty terrain tile	1156	9180	0	18	143	source_plane=0
terrain	empty_terrain_no_floor_context	0	empty terrain tile	1156	9181	0	18	143	source_plane=0
terrain	empty_terrain_no_floor_context	0	empty terrain tile	1156	9182	0	18	143	source_plane=0
terrain	empty_terrain_no_floor_context	0	empty terrain tile	1156	9183	0	18	143	source_plane=0
terrain	empty_terrain_no_floor_context	0	empty terrain tile	1156	9184	0	18	143	source_plane=0
terrain	empty_terrain_no_floor_context	0	empty terrain tile	1156	9185	0	18	143	source_plane=0
terrain	empty_terrain_no_floor_context	0	empty terrain tile	1156	9186	0	18	143	source_plane=0
terrain	empty_terrain_no_floor_context	0	empty terrain tile	1156	9187	0	18	143	source_plane=0
terrain	empty_terrain_no_floor_context	0	empty terrain tile	1156	9188	0	18	143	source_plane=0
terrain	empty_terrain_no_floor_context	0	empty terrain tile	1156	9189	0	18	143	source_plane=0
terrain	empty_terrain_no_floor_context	0	empty terrain tile	1156	9190	0	18	143	source_plane=0
terrain	empty_terrain_no_floor_context	0	empty terrain tile	1156	9191	0	18	143	source_plane=0
terrain	empty_terrain_no_floor_context	0	empty terrain tile	1156	9192	0	18	143	source_plane=0
terrain	empty_terrain_no_floor_context	0	empty terrain tile	1156	9193	0	18	143	source_plane=0
terrain	empty_terrain_no_floor_context	0	empty terrain tile	1156	9194	0	18	143	source_plane=0
terrain	empty_terrain_no_floor_context	0	empty terrain tile	1156	9195	0	18	143	source_plane=0
terrain	empty_terrain_no_floor_context	0	empty terrain tile	1156	9196	0	18	143	source_plane=0
terrain	empty_terrain_no_floor_context	0	empty terrain tile	1156	9197	0	18	143	source_plane=0
terrain	empty_terrain_no_floor_context	0	empty terrain tile	1156	9198	0	18	143	source_plane=0
terrain	empty_terrain_no_floor_context	0	empty terrain tile	1156	9199	0	18	143	source_plane=0
terrain	empty_terrain_no_floor_context	0	empty terrain tile	1156	9200	0	18	143	source_plane=0
terrain	empty_terrain_no_floor_context	0	empty terrain tile	1156	9201	0	18	143	source_plane=0
terrain	empty_terrain_no_floor_context	0	empty terrain tile	1156	9202	0	18	143	source_plane=0
terrain	empty_terrain_no_floor_context	0	empty terrain tile	1156	9203	0	18	143	source_plane=0
terrain	empty_terrain_no_floor_context	0	empty terrain tile	1156	9204	0	18	143	source_plane=0
terrain	empty_terrain_no_floor_context	0	empty terrain tile	1156	9205	0	18	143	source_plane=0
terrain	empty_terrain_no_floor_context	0	empty terrain tile	1156	9206	0	18	143	source_plane=0
terrain	empty_terrain_no_floor_context	0	empty terrain tile	1156	9207	0	18	143	source_plane=0
terrain	empty_terrain_no_floor_context	0	empty terrain tile	1156	9208	0	18	143	source_plane=0
terrain	empty_terrain_no_floor_context	0	empty terrain tile	1156	9209	0	18	143	source_plane=0
terrain	empty_terrain_no_floor_context	0	empty terrain tile	1156	9210	0	18	143	source_plane=0
terrain	empty_terrain_no_floor_context	0	empty terrain tile	1156	9211	0	18	143	source_plane=0
terrain	empty_terrain_no_floor_context	0	empty terrain tile	1156	9212	0	18	143	source_plane=0
terrain	empty_terrain_no_floor_context	0	empty terrain tile	1156	9213	0	18	143	source_plane=0
terrain	empty_terrain_no_floor_context	0	empty terrain tile	1156	9214	0	18	143	source_plane=0
terrain	empty_terrain_no_floor_context	0	empty terrain tile	1156	9215	0	18	143	source_plane=0
terrain	empty_terrain_no_floor_context	0	empty terrain tile	1157	9152	0	18	143	source_plane=0
terrain	empty_terrain_no_floor_context	0	empty terrain tile	1157	9153	0	18	143	source_plane=0
terrain	empty_terrain_no_floor_context	0	empty terrain tile	1157	9154	0	18	143	source_plane=0
terrain	empty_terrain_no_floor_context	0	empty terrain tile	1157	9155	0	18	143	source_plane=0
terrain	empty_terrain_no_floor_context	0	empty terrain tile	1157	9156	0	18	143	source_plane=0
terrain	empty_terrain_no_floor_context	0	empty terrain tile	1157	9157	0	18	143	source_plane=0
terrain	empty_terrain_no_floor_context	0	empty terrain tile	1157	9158	0	18	143	source_plane=0
terrain	empty_terrain_no_floor_context	0	empty terrain tile	1157	9159	0	18	143	source_plane=0
terrain	empty_terrain_no_floor_context	0	empty terrain tile	1157	9160	0	18	143	source_plane=0
terrain	empty_terrain_no_floor_context	0	empty terrain tile	1157	9161	0	18	143	source_plane=0
terrain	empty_terrain_no_floor_context	0	empty terrain tile	1157	9162	0	18	143	source_plane=0
terrain	empty_terrain_no_floor_context	0	empty terrain tile	1157	9163	0	18	143	source_plane=0
terrain	empty_terrain_no_floor_context	0	empty terrain tile	1157	9164	0	18	143	source_plane=0
terrain	empty_terrain_no_floor_context	0	empty terrain tile	1157	9165	0	18	143	source_plane=0
terrain	empty_terrain_no_floor_context	0	empty terrain tile	1157	9166	0	18	143	source_plane=0
terrain	empty_terrain_no_floor_context	0	empty terrain tile	1157	9167	0	18	143	source_plane=0
terrain	empty_terrain_no_floor_context	0	empty terrain tile	1157	9168	0	18	143	source_plane=0
terrain	empty_terrain_no_floor_context	0	empty terrain tile	1157	9169	0	18	143	source_plane=0
terrain	empty_terrain_no_floor_context	0	empty terrain tile	1157	9170	0	18	143	source_plane=0
terrain	empty_terrain_no_floor_context	0	empty terrain tile	1157	9171	0	18	143	source_plane=0
terrain	empty_terrain_no_floor_context	0	empty terrain tile	1157	9172	0	18	143	source_plane=0
terrain	empty_terrain_no_floor_context	0	empty terrain tile	1157	9173	0	18	143	source_plane=0
terrain	empty_terrain_no_floor_context	0	empty terrain tile	1157	9174	0	18	143	source_plane=0
terrain	empty_terrain_no_floor_context	0	empty terrain tile	1157	9175	0	18	143	source_plane=0
terrain	empty_terrain_no_floor_context	0	empty terrain tile	1157	9176	0	18	143	source_plane=0
terrain	empty_terrain_no_floor_context	0	empty terrain tile	1157	9177	0	18	143	source_plane=0
terrain	empty_terrain_no_floor_context	0	empty terrain tile	1157	9178	0	18	143	source_plane=0
terrain	empty_terrain_no_floor_context	0	empty terrain tile	1157	9179	0	18	143	source_plane=0
terrain	empty_terrain_no_floor_context	0	empty terrain tile	1157	9180	0	18	143	source_plane=0
terrain	empty_terrain_no_floor_context	0	empty terrain tile	1157	9181	0	18	143	source_plane=0
terrain	empty_terrain_no_floor_context	0	empty terrain tile	1157	9182	0	18	143	source_plane=0
terrain	empty_terrain_no_floor_context	0	empty terrain tile	1157	9183	0	18	143	source_plane=0
terrain	empty_terrain_no_floor_context	0	empty terrain tile	1157	9184	0	18	143	source_plane=0
terrain	empty_terrain_no_floor_context	0	empty terrain tile	1157	9185	0	18	143	source_plane=0
terrain	empty_terrain_no_floor_context	0	empty terrain tile	1157	9186	0	18	143	source_plane=0
terrain	empty_terrain_no_floor_context	0	empty terrain tile	1157	9187	0	18	143	source_plane=0
terrain	empty_terrain_no_floor_context	0	empty terrain tile	1157	9188	0	18	143	source_plane=0
terrain	empty_terrain_no_floor_context	0	empty terrain tile	1157	9189	0	18	143	source_plane=0
terrain	empty_terrain_no_floor_context	0	empty terrain tile	1157	9190	0	18	143	source_plane=0
terrain	empty_terrain_no_floor_context	0	empty terrain tile	1157	9191	0	18	143	source_plane=0
terrain	empty_terrain_no_floor_context	0	empty terrain tile	1157	9192	0	18	143	source_plane=0
terrain	empty_terrain_no_floor_context	0	empty terrain tile	1157	9193	0	18	143	source_plane=0
terrain	empty_terrain_no_floor_context	0	empty terrain tile	1157	9194	0	18	143	source_plane=0
terrain	empty_terrain_no_floor_context	0	empty terrain tile	1157	9195	0	18	143	source_plane=0
terrain	empty_terrain_no_floor_context	0	empty terrain tile	1157	9196	0	18	143	source_plane=0
terrain	empty_terrain_no_floor_context	0	empty terrain tile	1157	9197	0	18	143	source_plane=0
terrain	empty_terrain_no_floor_context	0	empty terrain tile	1157	9198	0	18	143	source_plane=0
terrain	empty_terrain_no_floor_context	0	empty terrain tile	1157	9199	0	18	143	source_plane=0
terrain	empty_terrain_no_floor_context	0	empty terrain tile	1157	9200	0	18	143	source_plane=0
terrain	empty_terrain_no_floor_context	0	empty terrain tile	1157	9201	0	18	143	source_plane=0
terrain	empty_terrain_no_floor_context	0	empty terrain tile	1157	9202	0	18	143	source_plane=0
terrain	empty_terrain_no_floor_context	0	empty terrain tile	1157	9203	0	18	143	source_plane=0
terrain	empty_terrain_no_floor_context	0	empty terrain tile	1157	9204	0	18	143	source_plane=0
terrain	empty_terrain_no_floor_context	0	empty terrain tile	1157	9205	0	18	143	source_plane=0
terrain	empty_terrain_no_floor_context	0	empty terrain tile	1157	9206	0	18	143	source_plane=0
terrain	empty_terrain_no_floor_context	0	empty terrain tile	1157	9207	0	18	143	source_plane=0
terrain	empty_terrain_no_floor_context	0	empty terrain tile	1157	9208	0	18	143	source_plane=0
terrain	empty_terrain_no_floor_context	0	empty terrain tile	1157	9209	0	18	143	source_plane=0
terrain	empty_terrain_no_floor_context	0	empty terrain tile	1157	9210	0	18	143	source_plane=0
terrain	empty_terrain_no_floor_context	0	empty terrain tile	1157	9211	0	18	143	source_plane=0
terrain	empty_terrain_no_floor_context	0	empty terrain tile	1157	9212	0	18	143	source_plane=0
terrain	empty_terrain_no_floor_context	0	empty terrain tile	1157	9213	0	18	143	source_plane=0
terrain	empty_terrain_no_floor_context	0	empty terrain tile	1157	9214	0	18	143	source_plane=0
terrain	empty_terrain_no_floor_context	0	empty terrain tile	1157	9215	0	18	143	source_plane=0
terrain	empty_terrain_no_floor_context	0	empty terrain tile	1158	9152	0	18	143	source_plane=0
terrain	empty_terrain_no_floor_context	0	empty terrain tile	1158	9153	0	18	143	source_plane=0
terrain	empty_terrain_no_floor_context	0	empty terrain tile	1158	9154	0	18	143	source_plane=0
terrain	empty_terrain_no_floor_context	0	empty terrain tile	1158	9155	0	18	143	source_plane=0
terrain	empty_terrain_no_floor_context	0	empty terrain tile	1158	9156	0	18	143	source_plane=0
terrain	empty_terrain_no_floor_context	0	empty terrain tile	1158	9157	0	18	143	source_plane=0
terrain	empty_terrain_no_floor_context	0	empty terrain tile	1158	9158	0	18	143	source_plane=0
terrain	empty_terrain_no_floor_context	0	empty terrain tile	1158	9159	0	18	143	source_plane=0
terrain	empty_terrain_no_floor_context	0	empty terrain tile	1158	9160	0	18	143	source_plane=0
terrain	empty_terrain_no_floor_context	0	empty terrain tile	1158	9161	0	18	143	source_plane=0
terrain	empty_terrain_no_floor_context	0	empty terrain tile	1158	9162	0	18	143	source_plane=0
terrain	empty_terrain_no_floor_context	0	empty terrain tile	1158	9163	0	18	143	source_plane=0
terrain	empty_terrain_no_floor_context	0	empty terrain tile	1158	9164	0	18	143	source_plane=0
terrain	empty_terrain_no_floor_context	0	empty terrain tile	1158	9165	0	18	143	source_plane=0
terrain	empty_terrain_no_floor_context	0	empty terrain tile	1158	9166	0	18	143	source_plane=0
terrain	empty_terrain_no_floor_context	0	empty terrain tile	1158	9167	0	18	143	source_plane=0
terrain	empty_terrain_no_floor_context	0	empty terrain tile	1158	9168	0	18	143	source_plane=0
terrain	empty_terrain_no_floor_context	0	empty terrain tile	1158	9169	0	18	143	source_plane=0
terrain	empty_terrain_no_floor_context	0	empty terrain tile	1158	9170	0	18	143	source_plane=0
terrain	empty_terrain_no_floor_context	0	empty terrain tile	1158	9171	0	18	143	source_plane=0
terrain	empty_terrain_no_floor_context	0	empty terrain tile	1158	9172	0	18	143	source_plane=0
terrain	empty_terrain_no_floor_context	0	empty terrain tile	1158	9173	0	18	143	source_plane=0
terrain	empty_terrain_no_floor_context	0	empty terrain tile	1158	9174	0	18	143	source_plane=0
terrain	empty_terrain_no_floor_context	0	empty terrain tile	1158	9175	0	18	143	source_plane=0
terrain	empty_terrain_no_floor_context	0	empty terrain tile	1158	9176	0	18	143	source_plane=0
terrain	empty_terrain_no_floor_context	0	empty terrain tile	1158	9177	0	18	143	source_plane=0
terrain	empty_terrain_no_floor_context	0	empty terrain tile	1158	9178	0	18	143	source_plane=0
terrain	empty_terrain_no_floor_context	0	empty terrain tile	1158	9179	0	18	143	source_plane=0
terrain	empty_terrain_no_floor_context	0	empty terrain tile	1158	9180	0	18	143	source_plane=0
terrain	empty_terrain_no_floor_context	0	empty terrain tile	1158	9181	0	18	143	source_plane=0
terrain	empty_terrain_no_floor_context	0	empty terrain tile	1158	9182	0	18	143	source_plane=0
terrain	empty_terrain_no_floor_context	0	empty terrain tile	1158	9183	0	18	143	source_plane=0
terrain	empty_terrain_no_floor_context	0	empty terrain tile	1158	9184	0	18	143	source_plane=0
terrain	empty_terrain_no_floor_context	0	empty terrain tile	1158	9185	0	18	143	source_plane=0
terrain	empty_terrain_no_floor_context	0	empty terrain tile	1158	9186	0	18	143	source_plane=0
terrain	empty_terrain_no_floor_context	0	empty terrain tile	1158	9187	0	18	143	source_plane=0
terrain	empty_terrain_no_floor_context	0	empty terrain tile	1158	9188	0	18	143	source_plane=0
terrain	empty_terrain_no_floor_context	0	empty terrain tile	1158	9189	0	18	143	source_plane=0
terrain	empty_terrain_no_floor_context	0	empty terrain tile	1158	9190	0	18	143	source_plane=0
terrain	empty_terrain_no_floor_context	0	empty terrain tile	1158	9191	0	18	143	source_plane=0
terrain	empty_terrain_no_floor_context	0	empty terrain tile	1158	9192	0	18	143	source_plane=0
terrain	empty_terrain_no_floor_context	0	empty terrain tile	1158	9193	0	18	143	source_plane=0
terrain	empty_terrain_no_floor_context	0	empty terrain tile	1158	9194	0	18	143	source_plane=0
terrain	empty_terrain_no_floor_context	0	empty terrain tile	1158	9195	0	18	143	source_plane=0
terrain	empty_terrain_no_floor_context	0	empty terrain tile	1158	9196	0	18	143	source_plane=0
terrain	empty_terrain_no_floor_context	0	empty terrain tile	1158	9197	0	18	143	source_plane=0
terrain	empty_terrain_no_floor_context	0	empty terrain tile	1158	9198	0	18	143	source_plane=0
terrain	empty_terrain_no_floor_context	0	empty terrain tile	1158	9199	0	18	143	source_plane=0
terrain	empty_terrain_no_floor_context	0	empty terrain tile	1158	9200	0	18	143	source_plane=0
terrain	empty_terrain_no_floor_context	0	empty terrain tile	1158	9201	0	18	143	source_plane=0
terrain	empty_terrain_no_floor_context	0	empty terrain tile	1158	9202	0	18	143	source_plane=0
terrain	empty_terrain_no_floor_context	0	empty terrain tile	1158	9203	0	18	143	source_plane=0
terrain	empty_terrain_no_floor_context	0	empty terrain tile	1158	9204	0	18	143	source_plane=0
terrain	empty_terrain_no_floor_context	0	empty terrain tile	1158	9205	0	18	143	source_plane=0
terrain	empty_terrain_no_floor_context	0	empty terrain tile	1158	9206	0	18	143	source_plane=0
terrain	empty_terrain_no_floor_context	0	empty terrain tile	1158	9207	0	18	143	source_plane=0
terrain	empty_terrain_no_floor_context	0	empty terrain tile	1158	9208	0	18	143	source_plane=0
terrain	empty_terrain_no_floor_context	0	empty terrain tile	1158	9209	0	18	143	source_plane=0
terrain	empty_terrain_no_floor_context	0	empty terrain tile	1158	9210	0	18	143	source_plane=0
terrain	empty_terrain_no_floor_context	0	empty terrain tile	1158	9211	0	18	143	source_plane=0
terrain	empty_terrain_no_floor_context	0	empty terrain tile	1158	9212	0	18	143	source_plane=0
terrain	empty_terrain_no_floor_context	0	empty terrain tile	1158	9213	0	18	143	source_plane=0
terrain	empty_terrain_no_floor_context	0	empty terrain tile	1158	9214	0	18	143	source_plane=0
terrain	empty_terrain_no_floor_context	0	empty terrain tile	1158	9215	0	18	143	source_plane=0
terrain	empty_terrain_no_floor_context	0	empty terrain tile	1159	9152	0	18	143	source_plane=0
terrain	empty_terrain_no_floor_context	0	empty terrain tile	1159	9153	0	18	143	source_plane=0
terrain	empty_terrain_no_floor_context	0	empty terrain tile	1159	9154	0	18	143	source_plane=0
terrain	empty_terrain_no_floor_context	0	empty terrain tile	1159	9155	0	18	143	source_plane=0
terrain	empty_terrain_no_floor_context	0	empty terrain tile	1159	9156	0	18	143	source_plane=0
terrain	empty_terrain_no_floor_context	0	empty terrain tile	1159	9157	0	18	143	source_plane=0
terrain	empty_terrain_no_floor_context	0	empty terrain tile	1159	9158	0	18	143	source_plane=0
terrain	empty_terrain_no_floor_context	0	empty terrain tile	1159	9159	0	18	143	source_plane=0
terrain	empty_terrain_no_floor_context	0	empty terrain tile	1159	9160	0	18	143	source_plane=0
terrain	empty_terrain_no_floor_context	0	empty terrain tile	1159	9161	0	18	143	source_plane=0
terrain	empty_terrain_no_floor_context	0	empty terrain tile	1159	9162	0	18	143	source_plane=0
terrain	empty_terrain_no_floor_context	0	empty terrain tile	1159	9163	0	18	143	source_plane=0
terrain	empty_terrain_no_floor_context	0	empty terrain tile	1159	9164	0	18	143	source_plane=0
terrain	empty_terrain_no_floor_context	0	empty terrain tile	1159	9165	0	18	143	source_plane=0
terrain	empty_terrain_no_floor_context	0	empty terrain tile	1159	9166	0	18	143	source_plane=0
terrain	empty_terrain_no_floor_context	0	empty terrain tile	1159	9167	0	18	143	source_plane=0
terrain	empty_terrain_no_floor_context	0	empty terrain tile	1159	9168	0	18	143	source_plane=0
terrain	empty_terrain_no_floor_context	0	empty terrain tile	1159	9169	0	18	143	source_plane=0
terrain	empty_terrain_no_floor_context	0	empty terrain tile	1159	9170	0	18	143	source_plane=0
terrain	empty_terrain_no_floor_context	0	empty terrain tile	1159	9171	0	18	143	source_plane=0
terrain	empty_terrain_no_floor_context	0	empty terrain tile	1159	9172	0	18	143	source_plane=0
terrain	empty_terrain_no_floor_context	0	empty terrain tile	1159	9173	0	18	143	source_plane=0
terrain	empty_terrain_no_floor_context	0	empty terrain tile	1159	9174	0	18	143	source_plane=0
terrain	empty_terrain_no_floor_context	0	empty terrain tile	1159	9175	0	18	143	source_plane=0
terrain	empty_terrain_no_floor_context	0	empty terrain tile	1159	9176	0	18	143	source_plane=0
terrain	empty_terrain_no_floor_context	0	empty terrain tile	1159	9177	0	18	143	source_plane=0
terrain	empty_terrain_no_floor_context	0	empty terrain tile	1159	9178	0	18	143	source_plane=0
terrain	empty_terrain_no_floor_context	0	empty terrain tile	1159	9179	0	18	143	source_plane=0
terrain	empty_terrain_no_floor_context	0	empty terrain tile	1159	9180	0	18	143	source_plane=0
terrain	empty_terrain_no_floor_context	0	empty terrain tile	1159	9181	0	18	143	source_plane=0
terrain	empty_terrain_no_floor_context	0	empty terrain tile	1159	9182	0	18	143	source_plane=0
terrain	empty_terrain_no_floor_context	0	empty terrain tile	1159	9183	0	18	143	source_plane=0
terrain	empty_terrain_no_floor_context	0	empty terrain tile	1159	9184	0	18	143	source_plane=0
terrain	empty_terrain_no_floor_context	0	empty terrain tile	1159	9185	0	18	143	source_plane=0
terrain	empty_terrain_no_floor_context	0	empty terrain tile	1159	9186	0	18	143	source_plane=0
terrain	empty_terrain_no_floor_context	0	empty terrain tile	1159	9187	0	18	143	source_plane=0
terrain	empty_terrain_no_floor_context	0	empty terrain tile	1159	9188	0	18	143	source_plane=0
terrain	empty_terrain_no_floor_context	0	empty terrain tile	1159	9189	0	18	143	source_plane=0
terrain	empty_terrain_no_floor_context	0	empty terrain tile	1159	9190	0	18	143	source_plane=0
terrain	empty_terrain_no_floor_context	0	empty terrain tile	1159	9191	0	18	143	source_plane=0
terrain	empty_terrain_no_floor_context	0	empty terrain tile	1159	9192	0	18	143	source_plane=0
terrain	empty_terrain_no_floor_context	0	empty terrain tile	1159	9193	0	18	143	source_plane=0
terrain	empty_terrain_no_floor_context	0	empty terrain tile	1159	9194	0	18	143	source_plane=0
terrain	empty_terrain_no_floor_context	0	empty terrain tile	1159	9195	0	18	143	source_plane=0
terrain	empty_terrain_no_floor_context	0	empty terrain tile	1159	9196	0	18	143	source_plane=0
terrain	empty_terrain_no_floor_context	0	empty terrain tile	1159	9197	0	18	143	source_plane=0
terrain	empty_terrain_no_floor_context	0	empty terrain tile	1159	9198	0	18	143	source_plane=0
terrain	empty_terrain_no_floor_context	0	empty terrain tile	1159	9199	0	18	143	source_plane=0
terrain	empty_terrain_no_floor_context	0	empty terrain tile	1159	9200	0	18	143	source_plane=0
terrain	empty_terrain_no_floor_context	0	empty terrain tile	1159	9201	0	18	143	source_plane=0
terrain	empty_terrain_no_floor_context	0	empty terrain tile	1159	9202	0	18	143	source_plane=0
terrain	empty_terrain_no_floor_context	0	empty terrain tile	1159	9203	0	18	143	source_plane=0
terrain	empty_terrain_no_floor_context	0	empty terrain tile	1159	9204	0	18	143	source_plane=0
terrain	empty_terrain_no_floor_context	0	empty terrain tile	1159	9205	0	18	143	source_plane=0
terrain	empty_terrain_no_floor_context	0	empty terrain tile	1159	9206	0	18	143	source_plane=0
terrain	empty_terrain_no_floor_context	0	empty terrain tile	1159	9207	0	18	143	source_plane=0
terrain	empty_terrain_no_floor_context	0	empty terrain tile	1159	9208	0	18	143	source_plane=0
terrain	empty_terrain_no_floor_context	0	empty terrain tile	1159	9209	0	18	143	source_plane=0
terrain	empty_terrain_no_floor_context	0	empty terrain tile	1159	9210	0	18	143	source_plane=0
terrain	empty_terrain_no_floor_context	0	empty terrain tile	1159	9211	0	18	143	source_plane=0
terrain	empty_terrain_no_floor_context	0	empty terrain tile	1159	9212	0	18	143	source_plane=0
terrain	empty_terrain_no_floor_context	0	empty terrain tile	1159	9213	0	18	143	source_plane=0
terrain	empty_terrain_no_floor_context	0	empty terrain tile	1159	9214	0	18	143	source_plane=0
terrain	empty_terrain_no_floor_context	0	empty terrain tile	1159	9215	0	18	143	source_plane=0
terrain	empty_terrain_no_floor_context	0	empty terrain tile	1160	9152	0	18	143	source_plane=0
terrain	empty_terrain_no_floor_context	0	empty terrain tile	1160	9153	0	18	143	source_plane=0
terrain	empty_terrain_no_floor_context	0	empty terrain tile	1160	9154	0	18	143	source_plane=0
terrain	empty_terrain_no_floor_context	0	empty terrain tile	1160	9155	0	18	143	source_plane=0
terrain	empty_terrain_no_floor_context	0	empty terrain tile	1160	9156	0	18	143	source_plane=0
terrain	empty_terrain_no_floor_context	0	empty terrain tile	1160	9157	0	18	143	source_plane=0
terrain	empty_terrain_no_floor_context	0	empty terrain tile	1160	9158	0	18	143	source_plane=0
terrain	empty_terrain_no_floor_context	0	empty terrain tile	1160	9159	0	18	143	source_plane=0
terrain	empty_terrain_no_floor_context	0	empty terrain tile	1160	9160	0	18	143	source_plane=0
terrain	empty_terrain_no_floor_context	0	empty terrain tile	1160	9161	0	18	143	source_plane=0
terrain	empty_terrain_no_floor_context	0	empty terrain tile	1160	9162	0	18	143	source_plane=0
terrain	empty_terrain_no_floor_context	0	empty terrain tile	1160	9163	0	18	143	source_plane=0
terrain	empty_terrain_no_floor_context	0	empty terrain tile	1160	9164	0	18	143	source_plane=0
terrain	empty_terrain_no_floor_context	0	empty terrain tile	1160	9165	0	18	143	source_plane=0
terrain	empty_terrain_no_floor_context	0	empty terrain tile	1160	9166	0	18	143	source_plane=0
terrain	empty_terrain_no_floor_context	0	empty terrain tile	1160	9167	0	18	143	source_plane=0
terrain	empty_terrain_no_floor_context	0	empty terrain tile	1160	9168	0	18	143	source_plane=0
terrain	empty_terrain_no_floor_context	0	empty terrain tile	1160	9169	0	18	143	source_plane=0
terrain	empty_terrain_no_floor_context	0	empty terrain tile	1160	9170	0	18	143	source_plane=0
terrain	empty_terrain_no_floor_context	0	empty terrain tile	1160	9171	0	18	143	source_plane=0
terrain	empty_terrain_no_floor_context	0	empty terrain tile	1160	9172	0	18	143	source_plane=0
terrain	empty_terrain_no_floor_context	0	empty terrain tile	1160	9173	0	18	143	source_plane=0
terrain	empty_terrain_no_floor_context	0	empty terrain tile	1160	9174	0	18	143	source_plane=0
terrain	empty_terrain_no_floor_context	0	empty terrain tile	1160	9175	0	18	143	source_plane=0
terrain	empty_terrain_no_floor_context	0	empty terrain tile	1160	9176	0	18	143	source_plane=0
terrain	empty_terrain_no_floor_context	0	empty terrain tile	1160	9177	0	18	143	source_plane=0
terrain	empty_terrain_no_floor_context	0	empty terrain tile	1161	9152	0	18	143	source_plane=0
terrain	empty_terrain_no_floor_context	0	empty terrain tile	1161	9153	0	18	143	source_plane=0
terrain	empty_terrain_no_floor_context	0	empty terrain tile	1161	9154	0	18	143	source_plane=0
terrain	empty_terrain_no_floor_context	0	empty terrain tile	1161	9155	0	18	143	source_plane=0
terrain	empty_terrain_no_floor_context	0	empty terrain tile	1161	9156	0	18	143	source_plane=0
terrain	empty_terrain_no_floor_context	0	empty terrain tile	1161	9157	0	18	143	source_plane=0
terrain	empty_terrain_no_floor_context	0	empty terrain tile	1161	9158	0	18	143	source_plane=0
terrain	empty_terrain_no_floor_context	0	empty terrain tile	1161	9159	0	18	143	source_plane=0
terrain	empty_terrain_no_floor_context	0	empty terrain tile	1161	9160	0	18	143	source_plane=0
terrain	empty_terrain_no_floor_context	0	empty terrain tile	1161	9161	0	18	143	source_plane=0
terrain	empty_terrain_no_floor_context	0	empty terrain tile	1161	9162	0	18	143	source_plane=0
terrain	empty_terrain_no_floor_context	0	empty terrain tile	1161	9163	0	18	143	source_plane=0
terrain	empty_terrain_no_floor_context	0	empty terrain tile	1161	9164	0	18	143	source_plane=0
terrain	empty_terrain_no_floor_context	0	empty terrain tile	1161	9165	0	18	143	source_plane=0
terrain	empty_terrain_no_floor_context	0	empty terrain tile	1161	9166	0	18	143	source_plane=0
terrain	empty_terrain_no_floor_context	0	empty terrain tile	1161	9167	0	18	143	source_plane=0
terrain	empty_terrain_no_floor_context	0	empty terrain tile	1161	9168	0	18	143	source_plane=0
terrain	empty_terrain_no_floor_context	0	empty terrain tile	1161	9169	0	18	143	source_plane=0
terrain	empty_terrain_no_floor_context	0	empty terrain tile	1161	9170	0	18	143	source_plane=0
terrain	empty_terrain_no_floor_context	0	empty terrain tile	1161	9171	0	18	143	source_plane=0
terrain	empty_terrain_no_floor_context	0	empty terrain tile	1161	9172	0	18	143	source_plane=0
terrain	empty_terrain_no_floor_context	0	empty terrain tile	1161	9173	0	18	143	source_plane=0
terrain	empty_terrain_no_floor_context	0	empty terrain tile	1161	9174	0	18	143	source_plane=0
terrain	empty_terrain_no_floor_context	0	empty terrain tile	1161	9175	0	18	143	source_plane=0
terrain	empty_terrain_no_floor_context	0	empty terrain tile	1161	9176	0	18	143	source_plane=0
terrain	empty_terrain_no_floor_context	0	empty terrain tile	1161	9177	0	18	143	source_plane=0
terrain	empty_terrain_no_floor_context	0	empty terrain tile	1162	9152	0	18	143	source_plane=0
terrain	empty_terrain_no_floor_context	0	empty terrain tile	1162	9153	0	18	143	source_plane=0
terrain	empty_terrain_no_floor_context	0	empty terrain tile	1162	9154	0	18	143	source_plane=0
terrain	empty_terrain_no_floor_context	0	empty terrain tile	1162	9155	0	18	143	source_plane=0
terrain	empty_terrain_no_floor_context	0	empty terrain tile	1162	9156	0	18	143	source_plane=0
terrain	empty_terrain_no_floor_context	0	empty terrain tile	1162	9157	0	18	143	source_plane=0
terrain	empty_terrain_no_floor_context	0	empty terrain tile	1162	9158	0	18	143	source_plane=0
terrain	empty_terrain_no_floor_context	0	empty terrain tile	1162	9159	0	18	143	source_plane=0
terrain	empty_terrain_no_floor_context	0	empty terrain tile	1162	9160	0	18	143	source_plane=0
terrain	empty_terrain_no_floor_context	0	empty terrain tile	1162	9161	0	18	143	source_plane=0
terrain	empty_terrain_no_floor_context	0	empty terrain tile	1162	9162	0	18	143	source_plane=0
terrain	empty_terrain_no_floor_context	0	empty terrain tile	1162	9163	0	18	143	source_plane=0
terrain	empty_terrain_no_floor_context	0	empty terrain tile	1162	9164	0	18	143	source_plane=0
terrain	empty_terrain_no_floor_context	0	empty terrain tile	1162	9165	0	18	143	source_plane=0
terrain	empty_terrain_no_floor_context	0	empty terrain tile	1162	9166	0	18	143	source_plane=0
terrain	empty_terrain_no_floor_context	0	empty terrain tile	1162	9167	0	18	143	source_plane=0
terrain	empty_terrain_no_floor_context	0	empty terrain tile	1162	9168	0	18	143	source_plane=0
terrain	empty_terrain_no_floor_context	0	empty terrain tile	1162	9169	0	18	143	source_plane=0
terrain	empty_terrain_no_floor_context	0	empty terrain tile	1162	9170	0	18	143	source_plane=0
terrain	empty_terrain_no_floor_context	0	empty terrain tile	1162	9171	0	18	143	source_plane=0
terrain	empty_terrain_no_floor_context	0	empty terrain tile	1162	9172	0	18	143	source_plane=0
terrain	empty_terrain_no_floor_context	0	empty terrain tile	1162	9173	0	18	143	source_plane=0
terrain	empty_terrain_no_floor_context	0	empty terrain tile	1162	9174	0	18	143	source_plane=0
terrain	empty_terrain_no_floor_context	0	empty terrain tile	1162	9175	0	18	143	source_plane=0
terrain	empty_terrain_no_floor_context	0	empty terrain tile	1162	9176	0	18	143	source_plane=0
terrain	empty_terrain_no_floor_context	0	empty terrain tile	1162	9177	0	18	143	source_plane=0
terrain	empty_terrain_no_floor_context	0	empty terrain tile	1163	9152	0	18	143	source_plane=0
terrain	empty_terrain_no_floor_context	0	empty terrain tile	1163	9153	0	18	143	source_plane=0
terrain	empty_terrain_no_floor_context	0	empty terrain tile	1163	9154	0	18	143	source_plane=0
terrain	empty_terrain_no_floor_context	0	empty terrain tile	1163	9155	0	18	143	source_plane=0
terrain	empty_terrain_no_floor_context	0	empty terrain tile	1163	9156	0	18	143	source_plane=0
terrain	empty_terrain_no_floor_context	0	empty terrain tile	1163	9157	0	18	143	source_plane=0
terrain	empty_terrain_no_floor_context	0	empty terrain tile	1163	9158	0	18	143	source_plane=0
terrain	empty_terrain_no_floor_context	0	empty terrain tile	1163	9159	0	18	143	source_plane=0
terrain	empty_terrain_no_floor_context	0	empty terrain tile	1163	9160	0	18	143	source_plane=0
terrain	empty_terrain_no_floor_context	0	empty terrain tile	1163	9161	0	18	143	source_plane=0
terrain	empty_terrain_no_floor_context	0	empty terrain tile	1163	9162	0	18	143	source_plane=0
terrain	empty_terrain_no_floor_context	0	empty terrain tile	1163	9163	0	18	143	source_plane=0
terrain	empty_terrain_no_floor_context	0	empty terrain tile	1163	9164	0	18	143	source_plane=0
terrain	empty_terrain_no_floor_context	0	empty terrain tile	1163	9165	0	18	143	source_plane=0
terrain	empty_terrain_no_floor_context	0	empty terrain tile	1163	9166	0	18	143	source_plane=0
terrain	empty_terrain_no_floor_context	0	empty terrain tile	1163	9167	0	18	143	source_plane=0
terrain	empty_terrain_no_floor_context	0	empty terrain tile	1163	9168	0	18	143	source_plane=0
terrain	empty_terrain_no_floor_context	0	empty terrain tile	1163	9169	0	18	143	source_plane=0
terrain	empty_terrain_no_floor_context	0	empty terrain tile	1163	9170	0	18	143	source_plane=0
terrain	empty_terrain_no_floor_context	0	empty terrain tile	1163	9171	0	18	143	source_plane=0
terrain	empty_terrain_no_floor_context	0	empty terrain tile	1163	9172	0	18	143	source_plane=0
terrain	empty_terrain_no_floor_context	0	empty terrain tile	1163	9173	0	18	143	source_plane=0
terrain	empty_terrain_no_floor_context	0	empty terrain tile	1163	9174	0	18	143	source_plane=0
terrain	empty_terrain_no_floor_context	0	empty terrain tile	1163	9175	0	18	143	source_plane=0
terrain	empty_terrain_no_floor_context	0	empty terrain tile	1163	9176	0	18	143	source_plane=0
terrain	empty_terrain_no_floor_context	0	empty terrain tile	1163	9177	0	18	143	source_plane=0
terrain	empty_terrain_no_floor_context	0	empty terrain tile	1164	9152	0	18	143	source_plane=0
terrain	empty_terrain_no_floor_context	0	empty terrain tile	1164	9153	0	18	143	source_plane=0
terrain	empty_terrain_no_floor_context	0	empty terrain tile	1164	9154	0	18	143	source_plane=0
terrain	empty_terrain_no_floor_context	0	empty terrain tile	1164	9155	0	18	143	source_plane=0
terrain	empty_terrain_no_floor_context	0	empty terrain tile	1164	9156	0	18	143	source_plane=0
terrain	empty_terrain_no_floor_context	0	empty terrain tile	1164	9157	0	18	143	source_plane=0
terrain	empty_terrain_no_floor_context	0	empty terrain tile	1164	9158	0	18	143	source_plane=0
terrain	empty_terrain_no_floor_context	0	empty terrain tile	1164	9159	0	18	143	source_plane=0
terrain	empty_terrain_no_floor_context	0	empty terrain tile	1164	9160	0	18	143	source_plane=0
terrain	empty_terrain_no_floor_context	0	empty terrain tile	1164	9161	0	18	143	source_plane=0
terrain	empty_terrain_no_floor_context	0	empty terrain tile	1164	9162	0	18	143	source_plane=0
terrain	empty_terrain_no_floor_context	0	empty terrain tile	1164	9163	0	18	143	source_plane=0
terrain	empty_terrain_no_floor_context	0	empty terrain tile	1164	9164	0	18	143	source_plane=0
terrain	empty_terrain_no_floor_context	0	empty terrain tile	1164	9165	0	18	143	source_plane=0
terrain	empty_terrain_no_floor_context	0	empty terrain tile	1164	9166	0	18	143	source_plane=0
terrain	empty_terrain_no_floor_context	0	empty terrain tile	1164	9167	0	18	143	source_plane=0
terrain	empty_terrain_no_floor_context	0	empty terrain tile	1164	9168	0	18	143	source_plane=0
terrain	empty_terrain_no_floor_context	0	empty terrain tile	1164	9169	0	18	143	source_plane=0
terrain	empty_terrain_no_floor_context	0	empty terrain tile	1164	9170	0	18	143	source_plane=0
terrain	empty_terrain_no_floor_context	0	empty terrain tile	1164	9171	0	18	143	source_plane=0
terrain	empty_terrain_no_floor_context	0	empty terrain tile	1164	9172	0	18	143	source_plane=0
terrain	empty_terrain_no_floor_context	0	empty terrain tile	1164	9173	0	18	143	source_plane=0
terrain	empty_terrain_no_floor_context	0	empty terrain tile	1164	9174	0	18	143	source_plane=0
terrain	empty_terrain_no_floor_context	0	empty terrain tile	1164	9175	0	18	143	source_plane=0
terrain	empty_terrain_no_floor_context	0	empty terrain tile	1164	9176	0	18	143	source_plane=0
terrain	empty_terrain_no_floor_context	0	empty terrain tile	1164	9177	0	18	143	source_plane=0
terrain	empty_terrain_no_floor_context	0	empty terrain tile	1165	9152	0	18	143	source_plane=0
terrain	empty_terrain_no_floor_context	0	empty terrain tile	1165	9153	0	18	143	source_plane=0
terrain	empty_terrain_no_floor_context	0	empty terrain tile	1165	9154	0	18	143	source_plane=0
terrain	empty_terrain_no_floor_context	0	empty terrain tile	1165	9155	0	18	143	source_plane=0
terrain	empty_terrain_no_floor_context	0	empty terrain tile	1165	9156	0	18	143	source_plane=0
terrain	empty_terrain_no_floor_context	0	empty terrain tile	1165	9157	0	18	143	source_plane=0
terrain	empty_terrain_no_floor_context	0	empty terrain tile	1165	9158	0	18	143	source_plane=0
terrain	empty_terrain_no_floor_context	0	empty terrain tile	1165	9159	0	18	143	source_plane=0
terrain	empty_terrain_no_floor_context	0	empty terrain tile	1165	9160	0	18	143	source_plane=0
terrain	empty_terrain_no_floor_context	0	empty terrain tile	1165	9161	0	18	143	source_plane=0
terrain	empty_terrain_no_floor_context	0	empty terrain tile	1165	9162	0	18	143	source_plane=0
terrain	empty_terrain_no_floor_context	0	empty terrain tile	1165	9163	0	18	143	source_plane=0
terrain	empty_terrain_no_floor_context	0	empty terrain tile	1165	9164	0	18	143	source_plane=0
terrain	empty_terrain_no_floor_context	0	empty terrain tile	1165	9165	0	18	143	source_plane=0
terrain	empty_terrain_no_floor_context	0	empty terrain tile	1165	9166	0	18	143	source_plane=0
terrain	empty_terrain_no_floor_context	0	empty terrain tile	1165	9167	0	18	143	source_plane=0
terrain	empty_terrain_no_floor_context	0	empty terrain tile	1165	9168	0	18	143	source_plane=0
terrain	empty_terrain_no_floor_context	0	empty terrain tile	1165	9169	0	18	143	source_plane=0
terrain	empty_terrain_no_floor_context	0	empty terrain tile	1165	9170	0	18	143	source_plane=0
terrain	empty_terrain_no_floor_context	0	empty terrain tile	1165	9171	0	18	143	source_plane=0
terrain	empty_terrain_no_floor_context	0	empty terrain tile	1165	9172	0	18	143	source_plane=0
terrain	empty_terrain_no_floor_context	0	empty terrain tile	1165	9173	0	18	143	source_plane=0
terrain	empty_terrain_no_floor_context	0	empty terrain tile	1165	9174	0	18	143	source_plane=0
terrain	empty_terrain_no_floor_context	0	empty terrain tile	1165	9175	0	18	143	source_plane=0
terrain	empty_terrain_no_floor_context	0	empty terrain tile	1165	9176	0	18	143	source_plane=0
terrain	empty_terrain_no_floor_context	0	empty terrain tile	1165	9177	0	18	143	source_plane=0
terrain	empty_terrain_no_floor_context	0	empty terrain tile	1166	9152	0	18	143	source_plane=0
terrain	empty_terrain_no_floor_context	0	empty terrain tile	1166	9153	0	18	143	source_plane=0
terrain	empty_terrain_no_floor_context	0	empty terrain tile	1166	9154	0	18	143	source_plane=0
terrain	empty_terrain_no_floor_context	0	empty terrain tile	1166	9155	0	18	143	source_plane=0
terrain	empty_terrain_no_floor_context	0	empty terrain tile	1166	9156	0	18	143	source_plane=0
terrain	empty_terrain_no_floor_context	0	empty terrain tile	1166	9157	0	18	143	source_plane=0
terrain	empty_terrain_no_floor_context	0	empty terrain tile	1166	9158	0	18	143	source_plane=0
terrain	empty_terrain_no_floor_context	0	empty terrain tile	1166	9159	0	18	143	source_plane=0
terrain	empty_terrain_no_floor_context	0	empty terrain tile	1166	9160	0	18	143	source_plane=0
terrain	empty_terrain_no_floor_context	0	empty terrain tile	1166	9161	0	18	143	source_plane=0
terrain	empty_terrain_no_floor_context	0	empty terrain tile	1166	9162	0	18	143	source_plane=0
terrain	empty_terrain_no_floor_context	0	empty terrain tile	1166	9163	0	18	143	source_plane=0
terrain	empty_terrain_no_floor_context	0	empty terrain tile	1166	9164	0	18	143	source_plane=0
terrain	empty_terrain_no_floor_context	0	empty terrain tile	1166	9165	0	18	143	source_plane=0
terrain	empty_terrain_no_floor_context	0	empty terrain tile	1166	9166	0	18	143	source_plane=0
terrain	empty_terrain_no_floor_context	0	empty terrain tile	1166	9167	0	18	143	source_plane=0
terrain	empty_terrain_no_floor_context	0	empty terrain tile	1166	9168	0	18	143	source_plane=0
terrain	empty_terrain_no_floor_context	0	empty terrain tile	1166	9169	0	18	143	source_plane=0
terrain	empty_terrain_no_floor_context	0	empty terrain tile	1166	9170	0	18	143	source_plane=0
terrain	empty_terrain_no_floor_context	0	empty terrain tile	1166	9171	0	18	143	source_plane=0
terrain	empty_terrain_no_floor_context	0	empty terrain tile	1166	9172	0	18	143	source_plane=0
terrain	empty_terrain_no_floor_context	0	empty terrain tile	1166	9173	0	18	143	source_plane=0
terrain	empty_terrain_no_floor_context	0	empty terrain tile	1166	9174	0	18	143	source_plane=0
terrain	empty_terrain_no_floor_context	0	empty terrain tile	1166	9175	0	18	143	source_plane=0
terrain	empty_terrain_no_floor_context	0	empty terrain tile	1166	9176	0	18	143	source_plane=0
terrain	empty_terrain_no_floor_context	0	empty terrain tile	1166	9177	0	18	143	source_plane=0
terrain	empty_terrain_no_floor_context	0	empty terrain tile	1167	9152	0	18	143	source_plane=0
terrain	empty_terrain_no_floor_context	0	empty terrain tile	1167	9153	0	18	143	source_plane=0
terrain	empty_terrain_no_floor_context	0	empty terrain tile	1167	9154	0	18	143	source_plane=0
terrain	empty_terrain_no_floor_context	0	empty terrain tile	1167	9155	0	18	143	source_plane=0
terrain	empty_terrain_no_floor_context	0	empty terrain tile	1167	9156	0	18	143	source_plane=0
terrain	empty_terrain_no_floor_context	0	empty terrain tile	1167	9157	0	18	143	source_plane=0
terrain	empty_terrain_no_floor_context	0	empty terrain tile	1167	9158	0	18	143	source_plane=0
terrain	empty_terrain_no_floor_context	0	empty terrain tile	1167	9159	0	18	143	source_plane=0
terrain	empty_terrain_no_floor_context	0	empty terrain tile	1167	9160	0	18	143	source_plane=0
terrain	empty_terrain_no_floor_context	0	empty terrain tile	1167	9161	0	18	143	source_plane=0
terrain	empty_terrain_no_floor_context	0	empty terrain tile	1167	9162	0	18	143	source_plane=0
terrain	empty_terrain_no_floor_context	0	empty terrain tile	1167	9163	0	18	143	source_plane=0
terrain	empty_terrain_no_floor_context	0	empty terrain tile	1167	9164	0	18	143	source_plane=0
terrain	empty_terrain_no_floor_context	0	empty terrain tile	1167	9165	0	18	143	source_plane=0
terrain	empty_terrain_no_floor_context	0	empty terrain tile	1167	9166	0	18	143	source_plane=0
terrain	empty_terrain_no_floor_context	0	empty terrain tile	1167	9167	0	18	143	source_plane=0
terrain	empty_terrain_no_floor_context	0	empty terrain tile	1167	9168	0	18	143	source_plane=0
terrain	empty_terrain_no_floor_context	0	empty terrain tile	1167	9169	0	18	143	source_plane=0
terrain	empty_terrain_no_floor_context	0	empty terrain tile	1167	9170	0	18	143	source_plane=0
terrain	empty_terrain_no_floor_context	0	empty terrain tile	1167	9171	0	18	143	source_plane=0
terrain	empty_terrain_no_floor_context	0	empty terrain tile	1167	9172	0	18	143	source_plane=0
terrain	empty_terrain_no_floor_context	0	empty terrain tile	1167	9173	0	18	143	source_plane=0
terrain	empty_terrain_no_floor_context	0	empty terrain tile	1167	9174	0	18	143	source_plane=0
terrain	empty_terrain_no_floor_context	0	empty terrain tile	1167	9175	0	18	143	source_plane=0
terrain	empty_terrain_no_floor_context	0	empty terrain tile	1167	9176	0	18	143	source_plane=0
terrain	empty_terrain_no_floor_context	0	empty terrain tile	1167	9177	0	18	143	source_plane=0
terrain	empty_terrain_no_floor_context	0	empty terrain tile	1168	9152	0	18	143	source_plane=0
terrain	empty_terrain_no_floor_context	0	empty terrain tile	1168	9153	0	18	143	source_plane=0
terrain	empty_terrain_no_floor_context	0	empty terrain tile	1168	9154	0	18	143	source_plane=0
terrain	empty_terrain_no_floor_context	0	empty terrain tile	1168	9155	0	18	143	source_plane=0
terrain	empty_terrain_no_floor_context	0	empty terrain tile	1168	9156	0	18	143	source_plane=0
terrain	empty_terrain_no_floor_context	0	empty terrain tile	1168	9157	0	18	143	source_plane=0
terrain	empty_terrain_no_floor_context	0	empty terrain tile	1168	9158	0	18	143	source_plane=0
terrain	empty_terrain_no_floor_context	0	empty terrain tile	1168	9159	0	18	143	source_plane=0
terrain	empty_terrain_no_floor_context	0	empty terrain tile	1168	9160	0	18	143	source_plane=0
terrain	empty_terrain_no_floor_context	0	empty terrain tile	1168	9161	0	18	143	source_plane=0
terrain	empty_terrain_no_floor_context	0	empty terrain tile	1168	9162	0	18	143	source_plane=0
terrain	empty_terrain_no_floor_context	0	empty terrain tile	1168	9163	0	18	143	source_plane=0
terrain	empty_terrain_no_floor_context	0	empty terrain tile	1168	9164	0	18	143	source_plane=0
terrain	empty_terrain_no_floor_context	0	empty terrain tile	1168	9165	0	18	143	source_plane=0
terrain	empty_terrain_no_floor_context	0	empty terrain tile	1168	9166	0	18	143	source_plane=0
terrain	empty_terrain_no_floor_context	0	empty terrain tile	1168	9167	0	18	143	source_plane=0
terrain	empty_terrain_no_floor_context	0	empty terrain tile	1168	9168	0	18	143	source_plane=0
terrain	empty_terrain_no_floor_context	0	empty terrain tile	1168	9169	0	18	143	source_plane=0
terrain	empty_terrain_no_floor_context	0	empty terrain tile	1168	9170	0	18	143	source_plane=0
terrain	empty_terrain_no_floor_context	0	empty terrain tile	1168	9171	0	18	143	source_plane=0
terrain	empty_terrain_no_floor_context	0	empty terrain tile	1168	9172	0	18	143	source_plane=0
terrain	empty_terrain_no_floor_context	0	empty terrain tile	1168	9173	0	18	143	source_plane=0
terrain	empty_terrain_no_floor_context	0	empty terrain tile	1168	9174	0	18	143	source_plane=0
terrain	empty_terrain_no_floor_context	0	empty terrain tile	1168	9175	0	18	143	source_plane=0
terrain	empty_terrain_no_floor_context	0	empty terrain tile	1168	9176	0	18	143	source_plane=0
terrain	empty_terrain_no_floor_context	0	empty terrain tile	1168	9177	0	18	143	source_plane=0
terrain	empty_terrain_no_floor_context	0	empty terrain tile	1169	9152	0	18	143	source_plane=0
terrain	empty_terrain_no_floor_context	0	empty terrain tile	1169	9153	0	18	143	source_plane=0
terrain	empty_terrain_no_floor_context	0	empty terrain tile	1169	9154	0	18	143	source_plane=0
terrain	empty_terrain_no_floor_context	0	empty terrain tile	1169	9155	0	18	143	source_plane=0
terrain	empty_terrain_no_floor_context	0	empty terrain tile	1169	9156	0	18	143	source_plane=0
terrain	empty_terrain_no_floor_context	0	empty terrain tile	1169	9157	0	18	143	source_plane=0
terrain	empty_terrain_no_floor_context	0	empty terrain tile	1169	9158	0	18	143	source_plane=0
terrain	empty_terrain_no_floor_context	0	empty terrain tile	1169	9159	0	18	143	source_plane=0
terrain	empty_terrain_no_floor_context	0	empty terrain tile	1169	9160	0	18	143	source_plane=0
terrain	empty_terrain_no_floor_context	0	empty terrain tile	1169	9161	0	18	143	source_plane=0
terrain	empty_terrain_no_floor_context	0	empty terrain tile	1169	9162	0	18	143	source_plane=0
terrain	empty_terrain_no_floor_context	0	empty terrain tile	1169	9163	0	18	143	source_plane=0
terrain	empty_terrain_no_floor_context	0	empty terrain tile	1169	9164	0	18	143	source_plane=0
terrain	empty_terrain_no_floor_context	0	empty terrain tile	1169	9165	0	18	143	source_plane=0
terrain	empty_terrain_no_floor_context	0	empty terrain tile	1169	9166	0	18	143	source_plane=0
terrain	empty_terrain_no_floor_context	0	empty terrain tile	1169	9167	0	18	143	source_plane=0
terrain	empty_terrain_no_floor_context	0	empty terrain tile	1169	9168	0	18	143	source_plane=0
terrain	empty_terrain_no_floor_context	0	empty terrain tile	1169	9169	0	18	143	source_plane=0
terrain	empty_terrain_no_floor_context	0	empty terrain tile	1169	9170	0	18	143	source_plane=0
terrain	empty_terrain_no_floor_context	0	empty terrain tile	1169	9171	0	18	143	source_plane=0
terrain	empty_terrain_no_floor_context	0	empty terrain tile	1169	9172	0	18	143	source_plane=0
terrain	empty_terrain_no_floor_context	0	empty terrain tile	1169	9173	0	18	143	source_plane=0
terrain	empty_terrain_no_floor_context	0	empty terrain tile	1169	9174	0	18	143	source_plane=0
terrain	empty_terrain_no_floor_context	0	empty terrain tile	1169	9175	0	18	143	source_plane=0
terrain	empty_terrain_no_floor_context	0	empty terrain tile	1169	9176	0	18	143	source_plane=0
terrain	empty_terrain_no_floor_context	0	empty terrain tile	1169	9177	0	18	143	source_plane=0
terrain	empty_terrain_no_floor_context	0	empty terrain tile	1170	9152	0	18	143	source_plane=0
terrain	empty_terrain_no_floor_context	0	empty terrain tile	1170	9153	0	18	143	source_plane=0
terrain	empty_terrain_no_floor_context	0	empty terrain tile	1170	9154	0	18	143	source_plane=0
terrain	empty_terrain_no_floor_context	0	empty terrain tile	1170	9155	0	18	143	source_plane=0
terrain	empty_terrain_no_floor_context	0	empty terrain tile	1170	9156	0	18	143	source_plane=0
terrain	empty_terrain_no_floor_context	0	empty terrain tile	1170	9157	0	18	143	source_plane=0
terrain	empty_terrain_no_floor_context	0	empty terrain tile	1170	9158	0	18	143	source_plane=0
terrain	empty_terrain_no_floor_context	0	empty terrain tile	1170	9159	0	18	143	source_plane=0
terrain	empty_terrain_no_floor_context	0	empty terrain tile	1170	9160	0	18	143	source_plane=0
terrain	empty_terrain_no_floor_context	0	empty terrain tile	1170	9161	0	18	143	source_plane=0
terrain	empty_terrain_no_floor_context	0	empty terrain tile	1170	9162	0	18	143	source_plane=0
terrain	empty_terrain_no_floor_context	0	empty terrain tile	1170	9163	0	18	143	source_plane=0
terrain	empty_terrain_no_floor_context	0	empty terrain tile	1170	9164	0	18	143	source_plane=0
terrain	empty_terrain_no_floor_context	0	empty terrain tile	1170	9165	0	18	143	source_plane=0
terrain	empty_terrain_no_floor_context	0	empty terrain tile	1170	9166	0	18	143	source_plane=0
terrain	empty_terrain_no_floor_context	0	empty terrain tile	1170	9167	0	18	143	source_plane=0
terrain	empty_terrain_no_floor_context	0	empty terrain tile	1170	9168	0	18	143	source_plane=0
terrain	empty_terrain_no_floor_context	0	empty terrain tile	1170	9169	0	18	143	source_plane=0
terrain	empty_terrain_no_floor_context	0	empty terrain tile	1170	9170	0	18	143	source_plane=0
terrain	empty_terrain_no_floor_context	0	empty terrain tile	1170	9171	0	18	143	source_plane=0
terrain	empty_terrain_no_floor_context	0	empty terrain tile	1170	9172	0	18	143	source_plane=0
terrain	empty_terrain_no_floor_context	0	empty terrain tile	1170	9173	0	18	143	source_plane=0
terrain	empty_terrain_no_floor_context	0	empty terrain tile	1170	9174	0	18	143	source_plane=0
terrain	empty_terrain_no_floor_context	0	empty terrain tile	1170	9175	0	18	143	source_plane=0
terrain	empty_terrain_no_floor_context	0	empty terrain tile	1170	9176	0	18	143	source_plane=0
terrain	empty_terrain_no_floor_context	0	empty terrain tile	1170	9177	0	18	143	source_plane=0
terrain	empty_terrain_no_floor_context	0	empty terrain tile	1171	9152	0	18	143	source_plane=0
terrain	empty_terrain_no_floor_context	0	empty terrain tile	1171	9153	0	18	143	source_plane=0
terrain	empty_terrain_no_floor_context	0	empty terrain tile	1171	9154	0	18	143	source_plane=0
terrain	empty_terrain_no_floor_context	0	empty terrain tile	1171	9155	0	18	143	source_plane=0
terrain	empty_terrain_no_floor_context	0	empty terrain tile	1171	9156	0	18	143	source_plane=0
terrain	empty_terrain_no_floor_context	0	empty terrain tile	1171	9157	0	18	143	source_plane=0
terrain	empty_terrain_no_floor_context	0	empty terrain tile	1171	9158	0	18	143	source_plane=0
terrain	empty_terrain_no_floor_context	0	empty terrain tile	1171	9159	0	18	143	source_plane=0
terrain	empty_terrain_no_floor_context	0	empty terrain tile	1171	9160	0	18	143	source_plane=0
terrain	empty_terrain_no_floor_context	0	empty terrain tile	1171	9161	0	18	143	source_plane=0
terrain	empty_terrain_no_floor_context	0	empty terrain tile	1171	9162	0	18	143	source_plane=0
terrain	empty_terrain_no_floor_context	0	empty terrain tile	1171	9163	0	18	143	source_plane=0
terrain	empty_terrain_no_floor_context	0	empty terrain tile	1171	9164	0	18	143	source_plane=0
terrain	empty_terrain_no_floor_context	0	empty terrain tile	1171	9165	0	18	143	source_plane=0
terrain	empty_terrain_no_floor_context	0	empty terrain tile	1171	9166	0	18	143	source_plane=0
terrain	empty_terrain_no_floor_context	0	empty terrain tile	1171	9167	0	18	143	source_plane=0
terrain	empty_terrain_no_floor_context	0	empty terrain tile	1171	9168	0	18	143	source_plane=0
terrain	empty_terrain_no_floor_context	0	empty terrain tile	1171	9169	0	18	143	source_plane=0
terrain	empty_terrain_no_floor_context	0	empty terrain tile	1171	9170	0	18	143	source_plane=0
terrain	empty_terrain_no_floor_context	0	empty terrain tile	1171	9171	0	18	143	source_plane=0
terrain	empty_terrain_no_floor_context	0	empty terrain tile	1171	9172	0	18	143	source_plane=0
terrain	empty_terrain_no_floor_context	0	empty terrain tile	1171	9173	0	18	143	source_plane=0
terrain	empty_terrain_no_floor_context	0	empty terrain tile	1171	9174	0	18	143	source_plane=0
terrain	empty_terrain_no_floor_context	0	empty terrain tile	1171	9175	0	18	143	source_plane=0
terrain	empty_terrain_no_floor_context	0	empty terrain tile	1171	9176	0	18	143	source_plane=0
terrain	empty_terrain_no_floor_context	0	empty terrain tile	1171	9177	0	18	143	source_plane=0
terrain	empty_terrain_no_floor_context	0	empty terrain tile	1172	9152	0	18	143	source_plane=0
terrain	empty_terrain_no_floor_context	0	empty terrain tile	1172	9153	0	18	143	source_plane=0
terrain	empty_terrain_no_floor_context	0	empty terrain tile	1172	9154	0	18	143	source_plane=0
terrain	empty_terrain_no_floor_context	0	empty terrain tile	1172	9155	0	18	143	source_plane=0
terrain	empty_terrain_no_floor_context	0	empty terrain tile	1172	9156	0	18	143	source_plane=0
terrain	empty_terrain_no_floor_context	0	empty terrain tile	1172	9157	0	18	143	source_plane=0
terrain	empty_terrain_no_floor_context	0	empty terrain tile	1172	9158	0	18	143	source_plane=0
terrain	empty_terrain_no_floor_context	0	empty terrain tile	1172	9159	0	18	143	source_plane=0
terrain	empty_terrain_no_floor_context	0	empty terrain tile	1172	9160	0	18	143	source_plane=0
terrain	empty_terrain_no_floor_context	0	empty terrain tile	1172	9161	0	18	143	source_plane=0
terrain	empty_terrain_no_floor_context	0	empty terrain tile	1172	9162	0	18	143	source_plane=0
terrain	empty_terrain_no_floor_context	0	empty terrain tile	1172	9163	0	18	143	source_plane=0
terrain	empty_terrain_no_floor_context	0	empty terrain tile	1172	9164	0	18	143	source_plane=0
terrain	empty_terrain_no_floor_context	0	empty terrain tile	1172	9165	0	18	143	source_plane=0
terrain	empty_terrain_no_floor_context	0	empty terrain tile	1172	9166	0	18	143	source_plane=0
terrain	empty_terrain_no_floor_context	0	empty terrain tile	1172	9167	0	18	143	source_plane=0
terrain	empty_terrain_no_floor_context	0	empty terrain tile	1172	9168	0	18	143	source_plane=0
terrain	empty_terrain_no_floor_context	0	empty terrain tile	1172	9169	0	18	143	source_plane=0
terrain	empty_terrain_no_floor_context	0	empty terrain tile	1172	9170	0	18	143	source_plane=0
terrain	empty_terrain_no_floor_context	0	empty terrain tile	1172	9171	0	18	143	source_plane=0
terrain	empty_terrain_no_floor_context	0	empty terrain tile	1172	9172	0	18	143	source_plane=0
terrain	empty_terrain_no_floor_context	0	empty terrain tile	1172	9173	0	18	143	source_plane=0
terrain	empty_terrain_no_floor_context	0	empty terrain tile	1172	9174	0	18	143	source_plane=0
terrain	empty_terrain_no_floor_context	0	empty terrain tile	1172	9175	0	18	143	source_plane=0
terrain	empty_terrain_no_floor_context	0	empty terrain tile	1172	9176	0	18	143	source_plane=0
terrain	empty_terrain_no_floor_context	0	empty terrain tile	1172	9177	0	18	143	source_plane=0
terrain	empty_terrain_no_floor_context	0	empty terrain tile	1173	9152	0	18	143	source_plane=0
terrain	empty_terrain_no_floor_context	0	empty terrain tile	1173	9153	0	18	143	source_plane=0
terrain	empty_terrain_no_floor_context	0	empty terrain tile	1173	9154	0	18	143	source_plane=0
terrain	empty_terrain_no_floor_context	0	empty terrain tile	1173	9155	0	18	143	source_plane=0
terrain	empty_terrain_no_floor_context	0	empty terrain tile	1173	9156	0	18	143	source_plane=0
terrain	empty_terrain_no_floor_context	0	empty terrain tile	1173	9157	0	18	143	source_plane=0
terrain	empty_terrain_no_floor_context	0	empty terrain tile	1173	9158	0	18	143	source_plane=0
terrain	empty_terrain_no_floor_context	0	empty terrain tile	1173	9159	0	18	143	source_plane=0
terrain	empty_terrain_no_floor_context	0	empty terrain tile	1173	9160	0	18	143	source_plane=0
terrain	empty_terrain_no_floor_context	0	empty terrain tile	1173	9161	0	18	143	source_plane=0
terrain	empty_terrain_no_floor_context	0	empty terrain tile	1173	9162	0	18	143	source_plane=0
terrain	empty_terrain_no_floor_context	0	empty terrain tile	1173	9163	0	18	143	source_plane=0
terrain	empty_terrain_no_floor_context	0	empty terrain tile	1173	9164	0	18	143	source_plane=0
terrain	empty_terrain_no_floor_context	0	empty terrain tile	1173	9165	0	18	143	source_plane=0
terrain	empty_terrain_no_floor_context	0	empty terrain tile	1173	9166	0	18	143	source_plane=0
terrain	empty_terrain_no_floor_context	0	empty terrain tile	1173	9167	0	18	143	source_plane=0
terrain	empty_terrain_no_floor_context	0	empty terrain tile	1173	9168	0	18	143	source_plane=0
terrain	empty_terrain_no_floor_context	0	empty terrain tile	1173	9169	0	18	143	source_plane=0
terrain	empty_terrain_no_floor_context	0	empty terrain tile	1173	9170	0	18	143	source_plane=0
terrain	empty_terrain_no_floor_context	0	empty terrain tile	1173	9171	0	18	143	source_plane=0
terrain	empty_terrain_no_floor_context	0	empty terrain tile	1173	9172	0	18	143	source_plane=0
terrain	empty_terrain_no_floor_context	0	empty terrain tile	1173	9173	0	18	143	source_plane=0
terrain	empty_terrain_no_floor_context	0	empty terrain tile	1173	9174	0	18	143	source_plane=0
terrain	empty_terrain_no_floor_context	0	empty terrain tile	1173	9175	0	18	143	source_plane=0
terrain	empty_terrain_no_floor_context	0	empty terrain tile	1173	9176	0	18	143	source_plane=0
terrain	empty_terrain_no_floor_context	0	empty terrain tile	1173	9177	0	18	143	source_plane=0
terrain	empty_terrain_no_floor_context	0	empty terrain tile	1174	9152	0	18	143	source_plane=0
terrain	empty_terrain_no_floor_context	0	empty terrain tile	1174	9153	0	18	143	source_plane=0
terrain	empty_terrain_no_floor_context	0	empty terrain tile	1174	9154	0	18	143	source_plane=0
terrain	empty_terrain_no_floor_context	0	empty terrain tile	1174	9155	0	18	143	source_plane=0
terrain	empty_terrain_no_floor_context	0	empty terrain tile	1174	9156	0	18	143	source_plane=0
terrain	empty_terrain_no_floor_context	0	empty terrain tile	1174	9157	0	18	143	source_plane=0
terrain	empty_terrain_no_floor_context	0	empty terrain tile	1174	9158	0	18	143	source_plane=0
terrain	empty_terrain_no_floor_context	0	empty terrain tile	1174	9159	0	18	143	source_plane=0
terrain	empty_terrain_no_floor_context	0	empty terrain tile	1174	9160	0	18	143	source_plane=0
terrain	empty_terrain_no_floor_context	0	empty terrain tile	1174	9161	0	18	143	source_plane=0
terrain	empty_terrain_no_floor_context	0	empty terrain tile	1174	9162	0	18	143	source_plane=0
terrain	empty_terrain_no_floor_context	0	empty terrain tile	1174	9163	0	18	143	source_plane=0
terrain	empty_terrain_no_floor_context	0	empty terrain tile	1174	9164	0	18	143	source_plane=0
terrain	empty_terrain_no_floor_context	0	empty terrain tile	1174	9165	0	18	143	source_plane=0
terrain	empty_terrain_no_floor_context	0	empty terrain tile	1174	9166	0	18	143	source_plane=0
terrain	empty_terrain_no_floor_context	0	empty terrain tile	1174	9167	0	18	143	source_plane=0
terrain	empty_terrain_no_floor_context	0	empty terrain tile	1174	9168	0	18	143	source_plane=0
terrain	empty_terrain_no_floor_context	0	empty terrain tile	1174	9169	0	18	143	source_plane=0
terrain	empty_terrain_no_floor_context	0	empty terrain tile	1174	9170	0	18	143	source_plane=0
terrain	empty_terrain_no_floor_context	0	empty terrain tile	1174	9171	0	18	143	source_plane=0
terrain	empty_terrain_no_floor_context	0	empty terrain tile	1174	9172	0	18	143	source_plane=0
terrain	empty_terrain_no_floor_context	0	empty terrain tile	1174	9173	0	18	143	source_plane=0
terrain	empty_terrain_no_floor_context	0	empty terrain tile	1174	9174	0	18	143	source_plane=0
terrain	empty_terrain_no_floor_context	0	empty terrain tile	1174	9175	0	18	143	source_plane=0
terrain	empty_terrain_no_floor_context	0	empty terrain tile	1174	9176	0	18	143	source_plane=0
terrain	empty_terrain_no_floor_context	0	empty terrain tile	1174	9177	0	18	143	source_plane=0
terrain	empty_terrain_no_floor_context	0	empty terrain tile	1175	9152	0	18	143	source_plane=0
terrain	empty_terrain_no_floor_context	0	empty terrain tile	1175	9153	0	18	143	source_plane=0
terrain	empty_terrain_no_floor_context	0	empty terrain tile	1175	9154	0	18	143	source_plane=0
terrain	empty_terrain_no_floor_context	0	empty terrain tile	1175	9155	0	18	143	source_plane=0
terrain	empty_terrain_no_floor_context	0	empty terrain tile	1175	9156	0	18	143	source_plane=0
terrain	empty_terrain_no_floor_context	0	empty terrain tile	1175	9157	0	18	143	source_plane=0
terrain	empty_terrain_no_floor_context	0	empty terrain tile	1175	9158	0	18	143	source_plane=0
terrain	empty_terrain_no_floor_context	0	empty terrain tile	1175	9159	0	18	143	source_plane=0
terrain	empty_terrain_no_floor_context	0	empty terrain tile	1175	9160	0	18	143	source_plane=0
terrain	empty_terrain_no_floor_context	0	empty terrain tile	1175	9161	0	18	143	source_plane=0
terrain	empty_terrain_no_floor_context	0	empty terrain tile	1175	9162	0	18	143	source_plane=0
terrain	empty_terrain_no_floor_context	0	empty terrain tile	1175	9163	0	18	143	source_plane=0
terrain	empty_terrain_no_floor_context	0	empty terrain tile	1175	9164	0	18	143	source_plane=0
terrain	empty_terrain_no_floor_context	0	empty terrain tile	1175	9165	0	18	143	source_plane=0
terrain	empty_terrain_no_floor_context	0	empty terrain tile	1175	9166	0	18	143	source_plane=0
terrain	empty_terrain_no_floor_context	0	empty terrain tile	1175	9167	0	18	143	source_plane=0
terrain	empty_terrain_no_floor_context	0	empty terrain tile	1175	9168	0	18	143	source_plane=0
terrain	empty_terrain_no_floor_context	0	empty terrain tile	1175	9169	0	18	143	source_plane=0
terrain	empty_terrain_no_floor_context	0	empty terrain tile	1175	9170	0	18	143	source_plane=0
terrain	empty_terrain_no_floor_context	0	empty terrain tile	1175	9171	0	18	143	source_plane=0
terrain	empty_terrain_no_floor_context	0	empty terrain tile	1175	9172	0	18	143	source_plane=0
terrain	empty_terrain_no_floor_context	0	empty terrain tile	1175	9173	0	18	143	source_plane=0
terrain	empty_terrain_no_floor_context	0	empty terrain tile	1175	9174	0	18	143	source_plane=0
terrain	empty_terrain_no_floor_context	0	empty terrain tile	1175	9175	0	18	143	source_plane=0
terrain	empty_terrain_no_floor_context	0	empty terrain tile	1175	9176	0	18	143	source_plane=0
terrain	empty_terrain_no_floor_context	0	empty terrain tile	1175	9177	0	18	143	source_plane=0
terrain	empty_terrain_no_floor_context	0	empty terrain tile	1176	9152	0	18	143	source_plane=0
terrain	empty_terrain_no_floor_context	0	empty terrain tile	1176	9153	0	18	143	source_plane=0
terrain	empty_terrain_no_floor_context	0	empty terrain tile	1176	9154	0	18	143	source_plane=0
terrain	empty_terrain_no_floor_context	0	empty terrain tile	1176	9155	0	18	143	source_plane=0
terrain	empty_terrain_no_floor_context	0	empty terrain tile	1176	9156	0	18	143	source_plane=0
terrain	empty_terrain_no_floor_context	0	empty terrain tile	1176	9157	0	18	143	source_plane=0
terrain	empty_terrain_no_floor_context	0	empty terrain tile	1176	9158	0	18	143	source_plane=0
terrain	empty_terrain_no_floor_context	0	empty terrain tile	1176	9159	0	18	143	source_plane=0
terrain	empty_terrain_no_floor_context	0	empty terrain tile	1176	9160	0	18	143	source_plane=0
terrain	empty_terrain_no_floor_context	0	empty terrain tile	1176	9161	0	18	143	source_plane=0
terrain	empty_terrain_no_floor_context	0	empty terrain tile	1176	9162	0	18	143	source_plane=0
terrain	empty_terrain_no_floor_context	0	empty terrain tile	1176	9163	0	18	143	source_plane=0
terrain	empty_terrain_no_floor_context	0	empty terrain tile	1176	9164	0	18	143	source_plane=0
terrain	empty_terrain_no_floor_context	0	empty terrain tile	1176	9165	0	18	143	source_plane=0
terrain	empty_terrain_no_floor_context	0	empty terrain tile	1176	9166	0	18	143	source_plane=0
terrain	empty_terrain_no_floor_context	0	empty terrain tile	1176	9167	0	18	143	source_plane=0
terrain	empty_terrain_no_floor_context	0	empty terrain tile	1176	9168	0	18	143	source_plane=0
terrain	empty_terrain_no_floor_context	0	empty terrain tile	1176	9169	0	18	143	source_plane=0
terrain	empty_terrain_no_floor_context	0	empty terrain tile	1176	9170	0	18	143	source_plane=0
terrain	empty_terrain_no_floor_context	0	empty terrain tile	1176	9171	0	18	143	source_plane=0
terrain	empty_terrain_no_floor_context	0	empty terrain tile	1176	9172	0	18	143	source_plane=0
terrain	empty_terrain_no_floor_context	0	empty terrain tile	1176	9173	0	18	143	source_plane=0
terrain	empty_terrain_no_floor_context	0	empty terrain tile	1176	9174	0	18	143	source_plane=0
terrain	empty_terrain_no_floor_context	0	empty terrain tile	1176	9175	0	18	143	source_plane=0
terrain	empty_terrain_no_floor_context	0	empty terrain tile	1176	9176	0	18	143	source_plane=0
terrain	empty_terrain_no_floor_context	0	empty terrain tile	1176	9177	0	18	143	source_plane=0
terrain	empty_terrain_no_floor_context	0	empty terrain tile	1177	9152	0	18	143	source_plane=0
terrain	empty_terrain_no_floor_context	0	empty terrain tile	1177	9153	0	18	143	source_plane=0
terrain	empty_terrain_no_floor_context	0	empty terrain tile	1177	9154	0	18	143	source_plane=0
terrain	empty_terrain_no_floor_context	0	empty terrain tile	1177	9155	0	18	143	source_plane=0
terrain	empty_terrain_no_floor_context	0	empty terrain tile	1177	9156	0	18	143	source_plane=0
terrain	empty_terrain_no_floor_context	0	empty terrain tile	1177	9157	0	18	143	source_plane=0
terrain	empty_terrain_no_floor_context	0	empty terrain tile	1177	9158	0	18	143	source_plane=0
terrain	empty_terrain_no_floor_context	0	empty terrain tile	1177	9159	0	18	143	source_plane=0
terrain	empty_terrain_no_floor_context	0	empty terrain tile	1177	9160	0	18	143	source_plane=0
terrain	empty_terrain_no_floor_context	0	empty terrain tile	1177	9161	0	18	143	source_plane=0
terrain	empty_terrain_no_floor_context	0	empty terrain tile	1177	9162	0	18	143	source_plane=0
terrain	empty_terrain_no_floor_context	0	empty terrain tile	1177	9163	0	18	143	source_plane=0
terrain	empty_terrain_no_floor_context	0	empty terrain tile	1177	9164	0	18	143	source_plane=0
terrain	empty_terrain_no_floor_context	0	empty terrain tile	1177	9165	0	18	143	source_plane=0
terrain	empty_terrain_no_floor_context	0	empty terrain tile	1177	9166	0	18	143	source_plane=0
terrain	empty_terrain_no_floor_context	0	empty terrain tile	1177	9167	0	18	143	source_plane=0
terrain	empty_terrain_no_floor_context	0	empty terrain tile	1177	9168	0	18	143	source_plane=0
terrain	empty_terrain_no_floor_context	0	empty terrain tile	1177	9169	0	18	143	source_plane=0
terrain	empty_terrain_no_floor_context	0	empty terrain tile	1177	9170	0	18	143	source_plane=0
terrain	empty_terrain_no_floor_context	0	empty terrain tile	1177	9171	0	18	143	source_plane=0
terrain	empty_terrain_no_floor_context	0	empty terrain tile	1177	9172	0	18	143	source_plane=0
terrain	empty_terrain_no_floor_context	0	empty terrain tile	1177	9173	0	18	143	source_plane=0
terrain	empty_terrain_no_floor_context	0	empty terrain tile	1177	9174	0	18	143	source_plane=0
terrain	empty_terrain_no_floor_context	0	empty terrain tile	1177	9175	0	18	143	source_plane=0
terrain	empty_terrain_no_floor_context	0	empty terrain tile	1177	9176	0	18	143	source_plane=0
terrain	empty_terrain_no_floor_context	0	empty terrain tile	1177	9177	0	18	143	source_plane=0
terrain	empty_terrain_no_floor_context	0	empty terrain tile	1178	9152	0	18	143	source_plane=0
terrain	empty_terrain_no_floor_context	0	empty terrain tile	1178	9153	0	18	143	source_plane=0
terrain	empty_terrain_no_floor_context	0	empty terrain tile	1178	9154	0	18	143	source_plane=0
terrain	empty_terrain_no_floor_context	0	empty terrain tile	1178	9155	0	18	143	source_plane=0
terrain	empty_terrain_no_floor_context	0	empty terrain tile	1178	9156	0	18	143	source_plane=0
terrain	empty_terrain_no_floor_context	0	empty terrain tile	1178	9157	0	18	143	source_plane=0
terrain	empty_terrain_no_floor_context	0	empty terrain tile	1178	9158	0	18	143	source_plane=0
terrain	empty_terrain_no_floor_context	0	empty terrain tile	1178	9159	0	18	143	source_plane=0
terrain	empty_terrain_no_floor_context	0	empty terrain tile	1178	9160	0	18	143	source_plane=0
terrain	empty_terrain_no_floor_context	0	empty terrain tile	1178	9161	0	18	143	source_plane=0
terrain	empty_terrain_no_floor_context	0	empty terrain tile	1178	9162	0	18	143	source_plane=0
terrain	empty_terrain_no_floor_context	0	empty terrain tile	1178	9163	0	18	143	source_plane=0
terrain	empty_terrain_no_floor_context	0	empty terrain tile	1178	9164	0	18	143	source_plane=0
terrain	empty_terrain_no_floor_context	0	empty terrain tile	1178	9165	0	18	143	source_plane=0
terrain	empty_terrain_no_floor_context	0	empty terrain tile	1178	9166	0	18	143	source_plane=0
terrain	empty_terrain_no_floor_context	0	empty terrain tile	1178	9167	0	18	143	source_plane=0
terrain	empty_terrain_no_floor_context	0	empty terrain tile	1178	9168	0	18	143	source_plane=0
terrain	empty_terrain_no_floor_context	0	empty terrain tile	1178	9169	0	18	143	source_plane=0
terrain	empty_terrain_no_floor_context	0	empty terrain tile	1178	9170	0	18	143	source_plane=0
terrain	empty_terrain_no_floor_context	0	empty terrain tile	1178	9171	0	18	143	source_plane=0
terrain	empty_terrain_no_floor_context	0	empty terrain tile	1178	9172	0	18	143	source_plane=0
terrain	empty_terrain_no_floor_context	0	empty terrain tile	1178	9173	0	18	143	source_plane=0
terrain	empty_terrain_no_floor_context	0	empty terrain tile	1178	9174	0	18	143	source_plane=0
terrain	empty_terrain_no_floor_context	0	empty terrain tile	1178	9175	0	18	143	source_plane=0
terrain	empty_terrain_no_floor_context	0	empty terrain tile	1178	9176	0	18	143	source_plane=0
terrain	empty_terrain_no_floor_context	0	empty terrain tile	1178	9177	0	18	143	source_plane=0
terrain	empty_terrain_no_floor_context	0	empty terrain tile	1179	9152	0	18	143	source_plane=0
terrain	empty_terrain_no_floor_context	0	empty terrain tile	1179	9153	0	18	143	source_plane=0
terrain	empty_terrain_no_floor_context	0	empty terrain tile	1179	9154	0	18	143	source_plane=0
terrain	empty_terrain_no_floor_context	0	empty terrain tile	1179	9155	0	18	143	source_plane=0
terrain	empty_terrain_no_floor_context	0	empty terrain tile	1179	9156	0	18	143	source_plane=0
terrain	empty_terrain_no_floor_context	0	empty terrain tile	1179	9157	0	18	143	source_plane=0
terrain	empty_terrain_no_floor_context	0	empty terrain tile	1179	9158	0	18	143	source_plane=0
terrain	empty_terrain_no_floor_context	0	empty terrain tile	1179	9159	0	18	143	source_plane=0
terrain	empty_terrain_no_floor_context	0	empty terrain tile	1179	9160	0	18	143	source_plane=0
terrain	empty_terrain_no_floor_context	0	empty terrain tile	1179	9161	0	18	143	source_plane=0
terrain	empty_terrain_no_floor_context	0	empty terrain tile	1179	9162	0	18	143	source_plane=0
terrain	empty_terrain_no_floor_context	0	empty terrain tile	1179	9163	0	18	143	source_plane=0
terrain	empty_terrain_no_floor_context	0	empty terrain tile	1179	9164	0	18	143	source_plane=0
terrain	empty_terrain_no_floor_context	0	empty terrain tile	1179	9165	0	18	143	source_plane=0
terrain	empty_terrain_no_floor_context	0	empty terrain tile	1179	9166	0	18	143	source_plane=0
terrain	empty_terrain_no_floor_context	0	empty terrain tile	1179	9167	0	18	143	source_plane=0
terrain	empty_terrain_no_floor_context	0	empty terrain tile	1179	9168	0	18	143	source_plane=0
terrain	empty_terrain_no_floor_context	0	empty terrain tile	1179	9169	0	18	143	source_plane=0
terrain	empty_terrain_no_floor_context	0	empty terrain tile	1179	9170	0	18	143	source_plane=0
terrain	empty_terrain_no_floor_context	0	empty terrain tile	1179	9171	0	18	143	source_plane=0
terrain	empty_terrain_no_floor_context	0	empty terrain tile	1179	9172	0	18	143	source_plane=0
terrain	empty_terrain_no_floor_context	0	empty terrain tile	1179	9173	0	18	143	source_plane=0
terrain	empty_terrain_no_floor_context	0	empty terrain tile	1179	9174	0	18	143	source_plane=0
terrain	empty_terrain_no_floor_context	0	empty terrain tile	1179	9175	0	18	143	source_plane=0
terrain	empty_terrain_no_floor_context	0	empty terrain tile	1179	9176	0	18	143	source_plane=0
terrain	empty_terrain_no_floor_context	0	empty terrain tile	1179	9177	0	18	143	source_plane=0
terrain	empty_terrain_no_floor_context	0	empty terrain tile	1180	9152	0	18	143	source_plane=0
terrain	empty_terrain_no_floor_context	0	empty terrain tile	1180	9153	0	18	143	source_plane=0
terrain	empty_terrain_no_floor_context	0	empty terrain tile	1180	9154	0	18	143	source_plane=0
terrain	empty_terrain_no_floor_context	0	empty terrain tile	1180	9155	0	18	143	source_plane=0
terrain	empty_terrain_no_floor_context	0	empty terrain tile	1180	9156	0	18	143	source_plane=0
terrain	empty_terrain_no_floor_context	0	empty terrain tile	1180	9157	0	18	143	source_plane=0
terrain	empty_terrain_no_floor_context	0	empty terrain tile	1180	9158	0	18	143	source_plane=0
terrain	empty_terrain_no_floor_context	0	empty terrain tile	1180	9159	0	18	143	source_plane=0
terrain	empty_terrain_no_floor_context	0	empty terrain tile	1180	9160	0	18	143	source_plane=0
terrain	empty_terrain_no_floor_context	0	empty terrain tile	1180	9161	0	18	143	source_plane=0
terrain	empty_terrain_no_floor_context	0	empty terrain tile	1180	9162	0	18	143	source_plane=0
terrain	empty_terrain_no_floor_context	0	empty terrain tile	1180	9163	0	18	143	source_plane=0
terrain	empty_terrain_no_floor_context	0	empty terrain tile	1180	9164	0	18	143	source_plane=0
terrain	empty_terrain_no_floor_context	0	empty terrain tile	1180	9165	0	18	143	source_plane=0
terrain	empty_terrain_no_floor_context	0	empty terrain tile	1180	9166	0	18	143	source_plane=0
terrain	empty_terrain_no_floor_context	0	empty terrain tile	1180	9167	0	18	143	source_plane=0
terrain	empty_terrain_no_floor_context	0	empty terrain tile	1180	9168	0	18	143	source_plane=0
terrain	empty_terrain_no_floor_context	0	empty terrain tile	1180	9169	0	18	143	source_plane=0
terrain	empty_terrain_no_floor_context	0	empty terrain tile	1180	9170	0	18	143	source_plane=0
terrain	empty_terrain_no_floor_context	0	empty terrain tile	1180	9171	0	18	143	source_plane=0
terrain	empty_terrain_no_floor_context	0	empty terrain tile	1180	9172	0	18	143	source_plane=0
terrain	empty_terrain_no_floor_context	0	empty terrain tile	1180	9173	0	18	143	source_plane=0
terrain	empty_terrain_no_floor_context	0	empty terrain tile	1180	9174	0	18	143	source_plane=0
terrain	empty_terrain_no_floor_context	0	empty terrain tile	1180	9175	0	18	143	source_plane=0
terrain	empty_terrain_no_floor_context	0	empty terrain tile	1180	9176	0	18	143	source_plane=0
terrain	empty_terrain_no_floor_context	0	empty terrain tile	1180	9177	0	18	143	source_plane=0
terrain	empty_terrain_no_floor_context	0	empty terrain tile	1181	9152	0	18	143	source_plane=0
terrain	empty_terrain_no_floor_context	0	empty terrain tile	1181	9153	0	18	143	source_plane=0
terrain	empty_terrain_no_floor_context	0	empty terrain tile	1181	9154	0	18	143	source_plane=0
terrain	empty_terrain_no_floor_context	0	empty terrain tile	1181	9155	0	18	143	source_plane=0
terrain	empty_terrain_no_floor_context	0	empty terrain tile	1181	9156	0	18	143	source_plane=0
terrain	empty_terrain_no_floor_context	0	empty terrain tile	1181	9157	0	18	143	source_plane=0
terrain	empty_terrain_no_floor_context	0	empty terrain tile	1181	9158	0	18	143	source_plane=0
terrain	empty_terrain_no_floor_context	0	empty terrain tile	1181	9159	0	18	143	source_plane=0
terrain	empty_terrain_no_floor_context	0	empty terrain tile	1181	9160	0	18	143	source_plane=0
terrain	empty_terrain_no_floor_context	0	empty terrain tile	1181	9161	0	18	143	source_plane=0
terrain	empty_terrain_no_floor_context	0	empty terrain tile	1181	9162	0	18	143	source_plane=0
terrain	empty_terrain_no_floor_context	0	empty terrain tile	1181	9163	0	18	143	source_plane=0
terrain	empty_terrain_no_floor_context	0	empty terrain tile	1181	9164	0	18	143	source_plane=0
terrain	empty_terrain_no_floor_context	0	empty terrain tile	1181	9165	0	18	143	source_plane=0
terrain	empty_terrain_no_floor_context	0	empty terrain tile	1181	9166	0	18	143	source_plane=0
terrain	empty_terrain_no_floor_context	0	empty terrain tile	1181	9167	0	18	143	source_plane=0
terrain	empty_terrain_no_floor_context	0	empty terrain tile	1181	9168	0	18	143	source_plane=0
terrain	empty_terrain_no_floor_context	0	empty terrain tile	1181	9169	0	18	143	source_plane=0
terrain	empty_terrain_no_floor_context	0	empty terrain tile	1181	9170	0	18	143	source_plane=0
terrain	empty_terrain_no_floor_context	0	empty terrain tile	1181	9171	0	18	143	source_plane=0
terrain	empty_terrain_no_floor_context	0	empty terrain tile	1181	9172	0	18	143	source_plane=0
terrain	empty_terrain_no_floor_context	0	empty terrain tile	1181	9173	0	18	143	source_plane=0
terrain	empty_terrain_no_floor_context	0	empty terrain tile	1181	9174	0	18	143	source_plane=0
terrain	empty_terrain_no_floor_context	0	empty terrain tile	1181	9175	0	18	143	source_plane=0
terrain	empty_terrain_no_floor_context	0	empty terrain tile	1181	9176	0	18	143	source_plane=0
terrain	empty_terrain_no_floor_context	0	empty terrain tile	1181	9177	0	18	143	source_plane=0
terrain	empty_terrain_no_floor_context	0	empty terrain tile	1182	9152	0	18	143	source_plane=0
terrain	empty_terrain_no_floor_context	0	empty terrain tile	1182	9153	0	18	143	source_plane=0
terrain	empty_terrain_no_floor_context	0	empty terrain tile	1182	9154	0	18	143	source_plane=0
terrain	empty_terrain_no_floor_context	0	empty terrain tile	1182	9155	0	18	143	source_plane=0
terrain	empty_terrain_no_floor_context	0	empty terrain tile	1182	9156	0	18	143	source_plane=0
terrain	empty_terrain_no_floor_context	0	empty terrain tile	1182	9157	0	18	143	source_plane=0
terrain	empty_terrain_no_floor_context	0	empty terrain tile	1182	9158	0	18	143	source_plane=0
terrain	empty_terrain_no_floor_context	0	empty terrain tile	1182	9159	0	18	143	source_plane=0
terrain	empty_terrain_no_floor_context	0	empty terrain tile	1182	9160	0	18	143	source_plane=0
terrain	empty_terrain_no_floor_context	0	empty terrain tile	1182	9161	0	18	143	source_plane=0
terrain	empty_terrain_no_floor_context	0	empty terrain tile	1182	9162	0	18	143	source_plane=0
terrain	empty_terrain_no_floor_context	0	empty terrain tile	1182	9163	0	18	143	source_plane=0
terrain	empty_terrain_no_floor_context	0	empty terrain tile	1182	9164	0	18	143	source_plane=0
terrain	empty_terrain_no_floor_context	0	empty terrain tile	1182	9165	0	18	143	source_plane=0
terrain	empty_terrain_no_floor_context	0	empty terrain tile	1182	9166	0	18	143	source_plane=0
terrain	empty_terrain_no_floor_context	0	empty terrain tile	1182	9167	0	18	143	source_plane=0
terrain	empty_terrain_no_floor_context	0	empty terrain tile	1182	9168	0	18	143	source_plane=0
terrain	empty_terrain_no_floor_context	0	empty terrain tile	1182	9169	0	18	143	source_plane=0
terrain	empty_terrain_no_floor_context	0	empty terrain tile	1182	9170	0	18	143	source_plane=0
terrain	empty_terrain_no_floor_context	0	empty terrain tile	1182	9171	0	18	143	source_plane=0
terrain	empty_terrain_no_floor_context	0	empty terrain tile	1182	9172	0	18	143	source_plane=0
terrain	empty_terrain_no_floor_context	0	empty terrain tile	1182	9173	0	18	143	source_plane=0
terrain	empty_terrain_no_floor_context	0	empty terrain tile	1182	9174	0	18	143	source_plane=0
terrain	empty_terrain_no_floor_context	0	empty terrain tile	1182	9175	0	18	143	source_plane=0
terrain	empty_terrain_no_floor_context	0	empty terrain tile	1182	9176	0	18	143	source_plane=0
terrain	empty_terrain_no_floor_context	0	empty terrain tile	1182	9177	0	18	143	source_plane=0
terrain	empty_terrain_no_floor_context	0	empty terrain tile	1183	9152	0	18	143	source_plane=0
terrain	empty_terrain_no_floor_context	0	empty terrain tile	1183	9153	0	18	143	source_plane=0
terrain	empty_terrain_no_floor_context	0	empty terrain tile	1183	9154	0	18	143	source_plane=0
terrain	empty_terrain_no_floor_context	0	empty terrain tile	1183	9155	0	18	143	source_plane=0
terrain	empty_terrain_no_floor_context	0	empty terrain tile	1183	9156	0	18	143	source_plane=0
terrain	empty_terrain_no_floor_context	0	empty terrain tile	1183	9157	0	18	143	source_plane=0
terrain	empty_terrain_no_floor_context	0	empty terrain tile	1183	9158	0	18	143	source_plane=0
terrain	empty_terrain_no_floor_context	0	empty terrain tile	1183	9159	0	18	143	source_plane=0
terrain	empty_terrain_no_floor_context	0	empty terrain tile	1183	9160	0	18	143	source_plane=0
terrain	empty_terrain_no_floor_context	0	empty terrain tile	1183	9161	0	18	143	source_plane=0
terrain	empty_terrain_no_floor_context	0	empty terrain tile	1183	9162	0	18	143	source_plane=0
terrain	empty_terrain_no_floor_context	0	empty terrain tile	1183	9163	0	18	143	source_plane=0
terrain	empty_terrain_no_floor_context	0	empty terrain tile	1183	9164	0	18	143	source_plane=0
terrain	empty_terrain_no_floor_context	0	empty terrain tile	1183	9165	0	18	143	source_plane=0
terrain	empty_terrain_no_floor_context	0	empty terrain tile	1183	9166	0	18	143	source_plane=0
terrain	empty_terrain_no_floor_context	0	empty terrain tile	1183	9167	0	18	143	source_plane=0
terrain	empty_terrain_no_floor_context	0	empty terrain tile	1183	9168	0	18	143	source_plane=0
terrain	empty_terrain_no_floor_context	0	empty terrain tile	1183	9169	0	18	143	source_plane=0
terrain	empty_terrain_no_floor_context	0	empty terrain tile	1183	9170	0	18	143	source_plane=0
terrain	empty_terrain_no_floor_context	0	empty terrain tile	1183	9171	0	18	143	source_plane=0
terrain	empty_terrain_no_floor_context	0	empty terrain tile	1183	9172	0	18	143	source_plane=0
terrain	empty_terrain_no_floor_context	0	empty terrain tile	1183	9173	0	18	143	source_plane=0
terrain	empty_terrain_no_floor_context	0	empty terrain tile	1183	9174	0	18	143	source_plane=0
terrain	empty_terrain_no_floor_context	0	empty terrain tile	1183	9175	0	18	143	source_plane=0
terrain	empty_terrain_no_floor_context	0	empty terrain tile	1183	9176	0	18	143	source_plane=0
terrain	empty_terrain_no_floor_context	0	empty terrain tile	1183	9177	0	18	143	source_plane=0
terrain	empty_terrain_no_floor_context	0	empty terrain tile	1184	9152	0	18	143	source_plane=0
terrain	empty_terrain_no_floor_context	0	empty terrain tile	1184	9153	0	18	143	source_plane=0
terrain	empty_terrain_no_floor_context	0	empty terrain tile	1184	9154	0	18	143	source_plane=0
terrain	empty_terrain_no_floor_context	0	empty terrain tile	1184	9155	0	18	143	source_plane=0
terrain	empty_terrain_no_floor_context	0	empty terrain tile	1184	9156	0	18	143	source_plane=0
terrain	empty_terrain_no_floor_context	0	empty terrain tile	1184	9157	0	18	143	source_plane=0
terrain	empty_terrain_no_floor_context	0	empty terrain tile	1184	9158	0	18	143	source_plane=0
terrain	empty_terrain_no_floor_context	0	empty terrain tile	1184	9159	0	18	143	source_plane=0
terrain	empty_terrain_no_floor_context	0	empty terrain tile	1184	9160	0	18	143	source_plane=0
terrain	empty_terrain_no_floor_context	0	empty terrain tile	1184	9161	0	18	143	source_plane=0
terrain	empty_terrain_no_floor_context	0	empty terrain tile	1184	9162	0	18	143	source_plane=0
terrain	empty_terrain_no_floor_context	0	empty terrain tile	1184	9163	0	18	143	source_plane=0
terrain	empty_terrain_no_floor_context	0	empty terrain tile	1184	9164	0	18	143	source_plane=0
terrain	empty_terrain_no_floor_context	0	empty terrain tile	1184	9165	0	18	143	source_plane=0
terrain	empty_terrain_no_floor_context	0	empty terrain tile	1184	9166	0	18	143	source_plane=0
terrain	empty_terrain_no_floor_context	0	empty terrain tile	1184	9167	0	18	143	source_plane=0
terrain	empty_terrain_no_floor_context	0	empty terrain tile	1184	9168	0	18	143	source_plane=0
terrain	empty_terrain_no_floor_context	0	empty terrain tile	1184	9169	0	18	143	source_plane=0
terrain	empty_terrain_no_floor_context	0	empty terrain tile	1184	9170	0	18	143	source_plane=0
terrain	empty_terrain_no_floor_context	0	empty terrain tile	1184	9171	0	18	143	source_plane=0
terrain	empty_terrain_no_floor_context	0	empty terrain tile	1184	9172	0	18	143	source_plane=0
terrain	empty_terrain_no_floor_context	0	empty terrain tile	1184	9173	0	18	143	source_plane=0
terrain	empty_terrain_no_floor_context	0	empty terrain tile	1184	9174	0	18	143	source_plane=0
terrain	empty_terrain_no_floor_context	0	empty terrain tile	1184	9175	0	18	143	source_plane=0
terrain	empty_terrain_no_floor_context	0	empty terrain tile	1184	9176	0	18	143	source_plane=0
terrain	empty_terrain_no_floor_context	0	empty terrain tile	1184	9177	0	18	143	source_plane=0
terrain	empty_terrain_no_floor_context	0	empty terrain tile	1185	9152	0	18	143	source_plane=0
terrain	empty_terrain_no_floor_context	0	empty terrain tile	1185	9153	0	18	143	source_plane=0
terrain	empty_terrain_no_floor_context	0	empty terrain tile	1185	9154	0	18	143	source_plane=0
terrain	empty_terrain_no_floor_context	0	empty terrain tile	1185	9155	0	18	143	source_plane=0
terrain	empty_terrain_no_floor_context	0	empty terrain tile	1185	9156	0	18	143	source_plane=0
terrain	empty_terrain_no_floor_context	0	empty terrain tile	1185	9157	0	18	143	source_plane=0
terrain	empty_terrain_no_floor_context	0	empty terrain tile	1185	9158	0	18	143	source_plane=0
terrain	empty_terrain_no_floor_context	0	empty terrain tile	1185	9159	0	18	143	source_plane=0
terrain	empty_terrain_no_floor_context	0	empty terrain tile	1185	9160	0	18	143	source_plane=0
terrain	empty_terrain_no_floor_context	0	empty terrain tile	1185	9161	0	18	143	source_plane=0
terrain	empty_terrain_no_floor_context	0	empty terrain tile	1185	9162	0	18	143	source_plane=0
terrain	empty_terrain_no_floor_context	0	empty terrain tile	1185	9163	0	18	143	source_plane=0
terrain	empty_terrain_no_floor_context	0	empty terrain tile	1185	9164	0	18	143	source_plane=0
terrain	empty_terrain_no_floor_context	0	empty terrain tile	1185	9165	0	18	143	source_plane=0
terrain	empty_terrain_no_floor_context	0	empty terrain tile	1185	9166	0	18	143	source_plane=0
terrain	empty_terrain_no_floor_context	0	empty terrain tile	1185	9167	0	18	143	source_plane=0
terrain	empty_terrain_no_floor_context	0	empty terrain tile	1185	9168	0	18	143	source_plane=0
terrain	empty_terrain_no_floor_context	0	empty terrain tile	1185	9169	0	18	143	source_plane=0
terrain	empty_terrain_no_floor_context	0	empty terrain tile	1185	9170	0	18	143	source_plane=0
terrain	empty_terrain_no_floor_context	0	empty terrain tile	1185	9171	0	18	143	source_plane=0
terrain	empty_terrain_no_floor_context	0	empty terrain tile	1185	9172	0	18	143	source_plane=0
terrain	empty_terrain_no_floor_context	0	empty terrain tile	1185	9173	0	18	143	source_plane=0
terrain	empty_terrain_no_floor_context	0	empty terrain tile	1185	9174	0	18	143	source_plane=0
terrain	empty_terrain_no_floor_context	0	empty terrain tile	1185	9175	0	18	143	source_plane=0
terrain	empty_terrain_no_floor_context	0	empty terrain tile	1185	9176	0	18	143	source_plane=0
terrain	empty_terrain_no_floor_context	0	empty terrain tile	1185	9177	0	18	143	source_plane=0
terrain	empty_terrain_no_floor_context	0	empty terrain tile	1186	9152	0	18	143	source_plane=0
terrain	empty_terrain_no_floor_context	0	empty terrain tile	1186	9153	0	18	143	source_plane=0
terrain	empty_terrain_no_floor_context	0	empty terrain tile	1186	9154	0	18	143	source_plane=0
terrain	empty_terrain_no_floor_context	0	empty terrain tile	1186	9155	0	18	143	source_plane=0
terrain	empty_terrain_no_floor_context	0	empty terrain tile	1186	9156	0	18	143	source_plane=0
terrain	empty_terrain_no_floor_context	0	empty terrain tile	1186	9157	0	18	143	source_plane=0
terrain	empty_terrain_no_floor_context	0	empty terrain tile	1186	9158	0	18	143	source_plane=0
terrain	empty_terrain_no_floor_context	0	empty terrain tile	1186	9159	0	18	143	source_plane=0
terrain	empty_terrain_no_floor_context	0	empty terrain tile	1186	9160	0	18	143	source_plane=0
terrain	empty_terrain_no_floor_context	0	empty terrain tile	1186	9161	0	18	143	source_plane=0
terrain	empty_terrain_no_floor_context	0	empty terrain tile	1186	9162	0	18	143	source_plane=0
terrain	empty_terrain_no_floor_context	0	empty terrain tile	1186	9163	0	18	143	source_plane=0
terrain	empty_terrain_no_floor_context	0	empty terrain tile	1186	9164	0	18	143	source_plane=0
terrain	empty_terrain_no_floor_context	0	empty terrain tile	1186	9165	0	18	143	source_plane=0
terrain	empty_terrain_no_floor_context	0	empty terrain tile	1186	9166	0	18	143	source_plane=0
terrain	empty_terrain_no_floor_context	0	empty terrain tile	1186	9167	0	18	143	source_plane=0
terrain	empty_terrain_no_floor_context	0	empty terrain tile	1186	9168	0	18	143	source_plane=0
terrain	empty_terrain_no_floor_context	0	empty terrain tile	1186	9169	0	18	143	source_plane=0
terrain	empty_terrain_no_floor_context	0	empty terrain tile	1186	9170	0	18	143	source_plane=0
terrain	empty_terrain_no_floor_context	0	empty terrain tile	1186	9171	0	18	143	source_plane=0
terrain	empty_terrain_no_floor_context	0	empty terrain tile	1186	9172	0	18	143	source_plane=0
terrain	empty_terrain_no_floor_context	0	empty terrain tile	1186	9173	0	18	143	source_plane=0
terrain	empty_terrain_no_floor_context	0	empty terrain tile	1186	9174	0	18	143	source_plane=0
terrain	empty_terrain_no_floor_context	0	empty terrain tile	1186	9175	0	18	143	source_plane=0
terrain	empty_terrain_no_floor_context	0	empty terrain tile	1186	9176	0	18	143	source_plane=0
terrain	empty_terrain_no_floor_context	0	empty terrain tile	1186	9177	0	18	143	source_plane=0
terrain	empty_terrain_no_floor_context	0	empty terrain tile	1187	9152	0	18	143	source_plane=0
terrain	empty_terrain_no_floor_context	0	empty terrain tile	1187	9153	0	18	143	source_plane=0
terrain	empty_terrain_no_floor_context	0	empty terrain tile	1187	9154	0	18	143	source_plane=0
terrain	empty_terrain_no_floor_context	0	empty terrain tile	1187	9155	0	18	143	source_plane=0
terrain	empty_terrain_no_floor_context	0	empty terrain tile	1187	9156	0	18	143	source_plane=0
terrain	empty_terrain_no_floor_context	0	empty terrain tile	1187	9157	0	18	143	source_plane=0
terrain	empty_terrain_no_floor_context	0	empty terrain tile	1187	9158	0	18	143	source_plane=0
terrain	empty_terrain_no_floor_context	0	empty terrain tile	1187	9159	0	18	143	source_plane=0
terrain	empty_terrain_no_floor_context	0	empty terrain tile	1187	9160	0	18	143	source_plane=0
terrain	empty_terrain_no_floor_context	0	empty terrain tile	1187	9161	0	18	143	source_plane=0
terrain	empty_terrain_no_floor_context	0	empty terrain tile	1187	9162	0	18	143	source_plane=0
terrain	empty_terrain_no_floor_context	0	empty terrain tile	1187	9163	0	18	143	source_plane=0
terrain	empty_terrain_no_floor_context	0	empty terrain tile	1187	9164	0	18	143	source_plane=0
terrain	empty_terrain_no_floor_context	0	empty terrain tile	1187	9165	0	18	143	source_plane=0
terrain	empty_terrain_no_floor_context	0	empty terrain tile	1187	9166	0	18	143	source_plane=0
terrain	empty_terrain_no_floor_context	0	empty terrain tile	1187	9167	0	18	143	source_plane=0
terrain	empty_terrain_no_floor_context	0	empty terrain tile	1187	9168	0	18	143	source_plane=0
terrain	empty_terrain_no_floor_context	0	empty terrain tile	1187	9169	0	18	143	source_plane=0
terrain	empty_terrain_no_floor_context	0	empty terrain tile	1187	9170	0	18	143	source_plane=0
terrain	empty_terrain_no_floor_context	0	empty terrain tile	1187	9171	0	18	143	source_plane=0
terrain	empty_terrain_no_floor_context	0	empty terrain tile	1187	9172	0	18	143	source_plane=0
terrain	empty_terrain_no_floor_context	0	empty terrain tile	1187	9173	0	18	143	source_plane=0
terrain	empty_terrain_no_floor_context	0	empty terrain tile	1187	9174	0	18	143	source_plane=0
terrain	empty_terrain_no_floor_context	0	empty terrain tile	1187	9175	0	18	143	source_plane=0
terrain	empty_terrain_no_floor_context	0	empty terrain tile	1187	9176	0	18	143	source_plane=0
terrain	empty_terrain_no_floor_context	0	empty terrain tile	1187	9177	0	18	143	source_plane=0
terrain	empty_terrain_no_floor_context	0	empty terrain tile	1188	9152	0	18	143	source_plane=0
terrain	empty_terrain_no_floor_context	0	empty terrain tile	1188	9153	0	18	143	source_plane=0
terrain	empty_terrain_no_floor_context	0	empty terrain tile	1188	9154	0	18	143	source_plane=0
terrain	empty_terrain_no_floor_context	0	empty terrain tile	1188	9155	0	18	143	source_plane=0
terrain	empty_terrain_no_floor_context	0	empty terrain tile	1188	9156	0	18	143	source_plane=0
terrain	empty_terrain_no_floor_context	0	empty terrain tile	1188	9157	0	18	143	source_plane=0
terrain	empty_terrain_no_floor_context	0	empty terrain tile	1188	9158	0	18	143	source_plane=0
terrain	empty_terrain_no_floor_context	0	empty terrain tile	1188	9159	0	18	143	source_plane=0
terrain	empty_terrain_no_floor_context	0	empty terrain tile	1188	9160	0	18	143	source_plane=0
terrain	empty_terrain_no_floor_context	0	empty terrain tile	1188	9161	0	18	143	source_plane=0
terrain	empty_terrain_no_floor_context	0	empty terrain tile	1188	9162	0	18	143	source_plane=0
terrain	empty_terrain_no_floor_context	0	empty terrain tile	1188	9163	0	18	143	source_plane=0
terrain	empty_terrain_no_floor_context	0	empty terrain tile	1188	9164	0	18	143	source_plane=0
terrain	empty_terrain_no_floor_context	0	empty terrain tile	1188	9165	0	18	143	source_plane=0
terrain	empty_terrain_no_floor_context	0	empty terrain tile	1188	9166	0	18	143	source_plane=0
terrain	empty_terrain_no_floor_context	0	empty terrain tile	1188	9167	0	18	143	source_plane=0
terrain	empty_terrain_no_floor_context	0	empty terrain tile	1188	9168	0	18	143	source_plane=0
terrain	empty_terrain_no_floor_context	0	empty terrain tile	1188	9169	0	18	143	source_plane=0
terrain	empty_terrain_no_floor_context	0	empty terrain tile	1188	9170	0	18	143	source_plane=0
terrain	empty_terrain_no_floor_context	0	empty terrain tile	1188	9171	0	18	143	source_plane=0
terrain	empty_terrain_no_floor_context	0	empty terrain tile	1188	9172	0	18	143	source_plane=0
terrain	empty_terrain_no_floor_context	0	empty terrain tile	1188	9173	0	18	143	source_plane=0
terrain	empty_terrain_no_floor_context	0	empty terrain tile	1188	9174	0	18	143	source_plane=0
terrain	empty_terrain_no_floor_context	0	empty terrain tile	1188	9175	0	18	143	source_plane=0
terrain	empty_terrain_no_floor_context	0	empty terrain tile	1188	9176	0	18	143	source_plane=0
terrain	empty_terrain_no_floor_context	0	empty terrain tile	1188	9177	0	18	143	source_plane=0
terrain	empty_terrain_no_floor_context	0	empty terrain tile	1189	9152	0	18	143	source_plane=0
terrain	empty_terrain_no_floor_context	0	empty terrain tile	1189	9153	0	18	143	source_plane=0
terrain	empty_terrain_no_floor_context	0	empty terrain tile	1189	9154	0	18	143	source_plane=0
terrain	empty_terrain_no_floor_context	0	empty terrain tile	1189	9155	0	18	143	source_plane=0
terrain	empty_terrain_no_floor_context	0	empty terrain tile	1189	9156	0	18	143	source_plane=0
terrain	empty_terrain_no_floor_context	0	empty terrain tile	1189	9157	0	18	143	source_plane=0
terrain	empty_terrain_no_floor_context	0	empty terrain tile	1189	9158	0	18	143	source_plane=0
terrain	empty_terrain_no_floor_context	0	empty terrain tile	1189	9159	0	18	143	source_plane=0
terrain	empty_terrain_no_floor_context	0	empty terrain tile	1189	9160	0	18	143	source_plane=0
terrain	empty_terrain_no_floor_context	0	empty terrain tile	1189	9161	0	18	143	source_plane=0
terrain	empty_terrain_no_floor_context	0	empty terrain tile	1189	9162	0	18	143	source_plane=0
terrain	empty_terrain_no_floor_context	0	empty terrain tile	1189	9163	0	18	143	source_plane=0
terrain	empty_terrain_no_floor_context	0	empty terrain tile	1189	9164	0	18	143	source_plane=0
terrain	empty_terrain_no_floor_context	0	empty terrain tile	1189	9165	0	18	143	source_plane=0
terrain	empty_terrain_no_floor_context	0	empty terrain tile	1189	9166	0	18	143	source_plane=0
terrain	empty_terrain_no_floor_context	0	empty terrain tile	1189	9167	0	18	143	source_plane=0
terrain	empty_terrain_no_floor_context	0	empty terrain tile	1189	9168	0	18	143	source_plane=0
terrain	empty_terrain_no_floor_context	0	empty terrain tile	1189	9169	0	18	143	source_plane=0
terrain	empty_terrain_no_floor_context	0	empty terrain tile	1189	9170	0	18	143	source_plane=0
terrain	empty_terrain_no_floor_context	0	empty terrain tile	1189	9171	0	18	143	source_plane=0
terrain	empty_terrain_no_floor_context	0	empty terrain tile	1189	9172	0	18	143	source_plane=0
terrain	empty_terrain_no_floor_context	0	empty terrain tile	1189	9173	0	18	143	source_plane=0
terrain	empty_terrain_no_floor_context	0	empty terrain tile	1189	9174	0	18	143	source_plane=0
terrain	empty_terrain_no_floor_context	0	empty terrain tile	1189	9175	0	18	143	source_plane=0
terrain	empty_terrain_no_floor_context	0	empty terrain tile	1189	9176	0	18	143	source_plane=0
terrain	empty_terrain_no_floor_context	0	empty terrain tile	1189	9177	0	18	143	source_plane=0
terrain	empty_terrain_no_floor_context	0	empty terrain tile	1190	9152	0	18	143	source_plane=0
terrain	empty_terrain_no_floor_context	0	empty terrain tile	1190	9153	0	18	143	source_plane=0
terrain	empty_terrain_no_floor_context	0	empty terrain tile	1190	9154	0	18	143	source_plane=0
terrain	empty_terrain_no_floor_context	0	empty terrain tile	1190	9155	0	18	143	source_plane=0
terrain	empty_terrain_no_floor_context	0	empty terrain tile	1190	9156	0	18	143	source_plane=0
terrain	empty_terrain_no_floor_context	0	empty terrain tile	1190	9157	0	18	143	source_plane=0
terrain	empty_terrain_no_floor_context	0	empty terrain tile	1190	9158	0	18	143	source_plane=0
terrain	empty_terrain_no_floor_context	0	empty terrain tile	1190	9159	0	18	143	source_plane=0
terrain	empty_terrain_no_floor_context	0	empty terrain tile	1190	9160	0	18	143	source_plane=0
terrain	empty_terrain_no_floor_context	0	empty terrain tile	1190	9161	0	18	143	source_plane=0
terrain	empty_terrain_no_floor_context	0	empty terrain tile	1190	9162	0	18	143	source_plane=0
terrain	empty_terrain_no_floor_context	0	empty terrain tile	1190	9163	0	18	143	source_plane=0
terrain	empty_terrain_no_floor_context	0	empty terrain tile	1190	9164	0	18	143	source_plane=0
terrain	empty_terrain_no_floor_context	0	empty terrain tile	1190	9165	0	18	143	source_plane=0
terrain	empty_terrain_no_floor_context	0	empty terrain tile	1190	9166	0	18	143	source_plane=0
terrain	empty_terrain_no_floor_context	0	empty terrain tile	1190	9167	0	18	143	source_plane=0
terrain	empty_terrain_no_floor_context	0	empty terrain tile	1190	9168	0	18	143	source_plane=0
terrain	empty_terrain_no_floor_context	0	empty terrain tile	1190	9169	0	18	143	source_plane=0
terrain	empty_terrain_no_floor_context	0	empty terrain tile	1190	9170	0	18	143	source_plane=0
terrain	empty_terrain_no_floor_context	0	empty terrain tile	1190	9171	0	18	143	source_plane=0
terrain	empty_terrain_no_floor_context	0	empty terrain tile	1190	9172	0	18	143	source_plane=0
terrain	empty_terrain_no_floor_context	0	empty terrain tile	1190	9173	0	18	143	source_plane=0
terrain	empty_terrain_no_floor_context	0	empty terrain tile	1190	9174	0	18	143	source_plane=0
terrain	empty_terrain_no_floor_context	0	empty terrain tile	1190	9175	0	18	143	source_plane=0
terrain	empty_terrain_no_floor_context	0	empty terrain tile	1190	9176	0	18	143	source_plane=0
terrain	empty_terrain_no_floor_context	0	empty terrain tile	1190	9177	0	18	143	source_plane=0
terrain	empty_terrain_no_floor_context	0	empty terrain tile	1191	9152	0	18	143	source_plane=0
terrain	empty_terrain_no_floor_context	0	empty terrain tile	1191	9153	0	18	143	source_plane=0
terrain	empty_terrain_no_floor_context	0	empty terrain tile	1191	9154	0	18	143	source_plane=0
terrain	empty_terrain_no_floor_context	0	empty terrain tile	1191	9155	0	18	143	source_plane=0
terrain	empty_terrain_no_floor_context	0	empty terrain tile	1191	9156	0	18	143	source_plane=0
terrain	empty_terrain_no_floor_context	0	empty terrain tile	1191	9157	0	18	143	source_plane=0
terrain	empty_terrain_no_floor_context	0	empty terrain tile	1191	9158	0	18	143	source_plane=0
terrain	empty_terrain_no_floor_context	0	empty terrain tile	1191	9159	0	18	143	source_plane=0
terrain	empty_terrain_no_floor_context	0	empty terrain tile	1191	9160	0	18	143	source_plane=0
terrain	empty_terrain_no_floor_context	0	empty terrain tile	1191	9161	0	18	143	source_plane=0
terrain	empty_terrain_no_floor_context	0	empty terrain tile	1191	9162	0	18	143	source_plane=0
terrain	empty_terrain_no_floor_context	0	empty terrain tile	1191	9163	0	18	143	source_plane=0
terrain	empty_terrain_no_floor_context	0	empty terrain tile	1191	9164	0	18	143	source_plane=0
terrain	empty_terrain_no_floor_context	0	empty terrain tile	1191	9165	0	18	143	source_plane=0
terrain	empty_terrain_no_floor_context	0	empty terrain tile	1191	9166	0	18	143	source_plane=0
terrain	empty_terrain_no_floor_context	0	empty terrain tile	1191	9167	0	18	143	source_plane=0
terrain	empty_terrain_no_floor_context	0	empty terrain tile	1191	9168	0	18	143	source_plane=0
terrain	empty_terrain_no_floor_context	0	empty terrain tile	1191	9169	0	18	143	source_plane=0
terrain	empty_terrain_no_floor_context	0	empty terrain tile	1191	9170	0	18	143	source_plane=0
terrain	empty_terrain_no_floor_context	0	empty terrain tile	1191	9171	0	18	143	source_plane=0
terrain	empty_terrain_no_floor_context	0	empty terrain tile	1191	9172	0	18	143	source_plane=0
terrain	empty_terrain_no_floor_context	0	empty terrain tile	1191	9173	0	18	143	source_plane=0
terrain	empty_terrain_no_floor_context	0	empty terrain tile	1191	9174	0	18	143	source_plane=0
terrain	empty_terrain_no_floor_context	0	empty terrain tile	1191	9175	0	18	143	source_plane=0
terrain	empty_terrain_no_floor_context	0	empty terrain tile	1191	9176	0	18	143	source_plane=0
terrain	empty_terrain_no_floor_context	0	empty terrain tile	1191	9177	0	18	143	source_plane=0
terrain	empty_terrain_no_floor_context	0	empty terrain tile	1192	9152	0	18	143	source_plane=0
terrain	empty_terrain_no_floor_context	0	empty terrain tile	1192	9153	0	18	143	source_plane=0
terrain	empty_terrain_no_floor_context	0	empty terrain tile	1192	9154	0	18	143	source_plane=0
terrain	empty_terrain_no_floor_context	0	empty terrain tile	1192	9155	0	18	143	source_plane=0
terrain	empty_terrain_no_floor_context	0	empty terrain tile	1192	9156	0	18	143	source_plane=0
terrain	empty_terrain_no_floor_context	0	empty terrain tile	1192	9157	0	18	143	source_plane=0
terrain	empty_terrain_no_floor_context	0	empty terrain tile	1192	9158	0	18	143	source_plane=0
terrain	empty_terrain_no_floor_context	0	empty terrain tile	1192	9159	0	18	143	source_plane=0
terrain	empty_terrain_no_floor_context	0	empty terrain tile	1192	9160	0	18	143	source_plane=0
terrain	empty_terrain_no_floor_context	0	empty terrain tile	1192	9161	0	18	143	source_plane=0
terrain	empty_terrain_no_floor_context	0	empty terrain tile	1192	9162	0	18	143	source_plane=0
terrain	empty_terrain_no_floor_context	0	empty terrain tile	1192	9163	0	18	143	source_plane=0
terrain	empty_terrain_no_floor_context	0	empty terrain tile	1192	9164	0	18	143	source_plane=0
terrain	empty_terrain_no_floor_context	0	empty terrain tile	1192	9165	0	18	143	source_plane=0
terrain	empty_terrain_no_floor_context	0	empty terrain tile	1192	9166	0	18	143	source_plane=0
terrain	empty_terrain_no_floor_context	0	empty terrain tile	1192	9167	0	18	143	source_plane=0
terrain	empty_terrain_no_floor_context	0	empty terrain tile	1192	9168	0	18	143	source_plane=0
terrain	empty_terrain_no_floor_context	0	empty terrain tile	1192	9169	0	18	143	source_plane=0
terrain	empty_terrain_no_floor_context	0	empty terrain tile	1192	9170	0	18	143	source_plane=0
terrain	empty_terrain_no_floor_context	0	empty terrain tile	1192	9171	0	18	143	source_plane=0
terrain	empty_terrain_no_floor_context	0	empty terrain tile	1192	9172	0	18	143	source_plane=0
terrain	empty_terrain_no_floor_context	0	empty terrain tile	1192	9173	0	18	143	source_plane=0
terrain	empty_terrain_no_floor_context	0	empty terrain tile	1192	9174	0	18	143	source_plane=0
terrain	empty_terrain_no_floor_context	0	empty terrain tile	1192	9175	0	18	143	source_plane=0
terrain	empty_terrain_no_floor_context	0	empty terrain tile	1192	9176	0	18	143	source_plane=0
terrain	empty_terrain_no_floor_context	0	empty terrain tile	1192	9177	0	18	143	source_plane=0
terrain	empty_terrain_no_floor_context	0	empty terrain tile	1193	9152	0	18	143	source_plane=0
terrain	empty_terrain_no_floor_context	0	empty terrain tile	1193	9153	0	18	143	source_plane=0
terrain	empty_terrain_no_floor_context	0	empty terrain tile	1193	9154	0	18	143	source_plane=0
terrain	empty_terrain_no_floor_context	0	empty terrain tile	1193	9155	0	18	143	source_plane=0
terrain	empty_terrain_no_floor_context	0	empty terrain tile	1193	9156	0	18	143	source_plane=0
terrain	empty_terrain_no_floor_context	0	empty terrain tile	1193	9157	0	18	143	source_plane=0
terrain	empty_terrain_no_floor_context	0	empty terrain tile	1193	9158	0	18	143	source_plane=0
terrain	empty_terrain_no_floor_context	0	empty terrain tile	1193	9159	0	18	143	source_plane=0
terrain	empty_terrain_no_floor_context	0	empty terrain tile	1193	9160	0	18	143	source_plane=0
terrain	empty_terrain_no_floor_context	0	empty terrain tile	1193	9161	0	18	143	source_plane=0
terrain	empty_terrain_no_floor_context	0	empty terrain tile	1193	9162	0	18	143	source_plane=0
terrain	empty_terrain_no_floor_context	0	empty terrain tile	1193	9163	0	18	143	source_plane=0
terrain	empty_terrain_no_floor_context	0	empty terrain tile	1193	9164	0	18	143	source_plane=0
terrain	empty_terrain_no_floor_context	0	empty terrain tile	1193	9165	0	18	143	source_plane=0
terrain	empty_terrain_no_floor_context	0	empty terrain tile	1193	9166	0	18	143	source_plane=0
terrain	empty_terrain_no_floor_context	0	empty terrain tile	1193	9167	0	18	143	source_plane=0
terrain	empty_terrain_no_floor_context	0	empty terrain tile	1193	9168	0	18	143	source_plane=0
terrain	empty_terrain_no_floor_context	0	empty terrain tile	1193	9169	0	18	143	source_plane=0
terrain	empty_terrain_no_floor_context	0	empty terrain tile	1193	9170	0	18	143	source_plane=0
terrain	empty_terrain_no_floor_context	0	empty terrain tile	1193	9171	0	18	143	source_plane=0
terrain	empty_terrain_no_floor_context	0	empty terrain tile	1193	9172	0	18	143	source_plane=0
terrain	empty_terrain_no_floor_context	0	empty terrain tile	1193	9173	0	18	143	source_plane=0
terrain	empty_terrain_no_floor_context	0	empty terrain tile	1193	9174	0	18	143	source_plane=0
terrain	empty_terrain_no_floor_context	0	empty terrain tile	1193	9175	0	18	143	source_plane=0
terrain	empty_terrain_no_floor_context	0	empty terrain tile	1193	9176	0	18	143	source_plane=0
terrain	empty_terrain_no_floor_context	0	empty terrain tile	1193	9177	0	18	143	source_plane=0
terrain	empty_terrain_no_floor_context	0	empty terrain tile	1194	9152	0	18	143	source_plane=0
terrain	empty_terrain_no_floor_context	0	empty terrain tile	1194	9153	0	18	143	source_plane=0
terrain	empty_terrain_no_floor_context	0	empty terrain tile	1194	9154	0	18	143	source_plane=0
terrain	empty_terrain_no_floor_context	0	empty terrain tile	1194	9155	0	18	143	source_plane=0
terrain	empty_terrain_no_floor_context	0	empty terrain tile	1194	9156	0	18	143	source_plane=0
terrain	empty_terrain_no_floor_context	0	empty terrain tile	1194	9157	0	18	143	source_plane=0
terrain	empty_terrain_no_floor_context	0	empty terrain tile	1194	9158	0	18	143	source_plane=0
terrain	empty_terrain_no_floor_context	0	empty terrain tile	1194	9159	0	18	143	source_plane=0
terrain	empty_terrain_no_floor_context	0	empty terrain tile	1194	9160	0	18	143	source_plane=0
terrain	empty_terrain_no_floor_context	0	empty terrain tile	1194	9161	0	18	143	source_plane=0
terrain	empty_terrain_no_floor_context	0	empty terrain tile	1194	9162	0	18	143	source_plane=0
terrain	empty_terrain_no_floor_context	0	empty terrain tile	1194	9163	0	18	143	source_plane=0
terrain	empty_terrain_no_floor_context	0	empty terrain tile	1194	9164	0	18	143	source_plane=0
terrain	empty_terrain_no_floor_context	0	empty terrain tile	1194	9165	0	18	143	source_plane=0
terrain	empty_terrain_no_floor_context	0	empty terrain tile	1194	9166	0	18	143	source_plane=0
terrain	empty_terrain_no_floor_context	0	empty terrain tile	1194	9167	0	18	143	source_plane=0
terrain	empty_terrain_no_floor_context	0	empty terrain tile	1194	9168	0	18	143	source_plane=0
terrain	empty_terrain_no_floor_context	0	empty terrain tile	1194	9169	0	18	143	source_plane=0
terrain	empty_terrain_no_floor_context	0	empty terrain tile	1194	9170	0	18	143	source_plane=0
terrain	empty_terrain_no_floor_context	0	empty terrain tile	1194	9171	0	18	143	source_plane=0
terrain	empty_terrain_no_floor_context	0	empty terrain tile	1194	9172	0	18	143	source_plane=0
terrain	empty_terrain_no_floor_context	0	empty terrain tile	1194	9173	0	18	143	source_plane=0
terrain	empty_terrain_no_floor_context	0	empty terrain tile	1194	9174	0	18	143	source_plane=0
terrain	empty_terrain_no_floor_context	0	empty terrain tile	1194	9175	0	18	143	source_plane=0
terrain	empty_terrain_no_floor_context	0	empty terrain tile	1194	9176	0	18	143	source_plane=0
terrain	empty_terrain_no_floor_context	0	empty terrain tile	1194	9177	0	18	143	source_plane=0
terrain	empty_terrain_no_floor_context	0	empty terrain tile	1195	9152	0	18	143	source_plane=0
terrain	empty_terrain_no_floor_context	0	empty terrain tile	1195	9153	0	18	143	source_plane=0
terrain	empty_terrain_no_floor_context	0	empty terrain tile	1195	9154	0	18	143	source_plane=0
terrain	empty_terrain_no_floor_context	0	empty terrain tile	1195	9155	0	18	143	source_plane=0
terrain	empty_terrain_no_floor_context	0	empty terrain tile	1195	9156	0	18	143	source_plane=0
terrain	empty_terrain_no_floor_context	0	empty terrain tile	1195	9157	0	18	143	source_plane=0
terrain	empty_terrain_no_floor_context	0	empty terrain tile	1195	9158	0	18	143	source_plane=0
terrain	empty_terrain_no_floor_context	0	empty terrain tile	1195	9159	0	18	143	source_plane=0
terrain	empty_terrain_no_floor_context	0	empty terrain tile	1195	9160	0	18	143	source_plane=0
terrain	empty_terrain_no_floor_context	0	empty terrain tile	1195	9161	0	18	143	source_plane=0
terrain	empty_terrain_no_floor_context	0	empty terrain tile	1195	9162	0	18	143	source_plane=0
terrain	empty_terrain_no_floor_context	0	empty terrain tile	1195	9163	0	18	143	source_plane=0
terrain	empty_terrain_no_floor_context	0	empty terrain tile	1195	9164	0	18	143	source_plane=0
terrain	empty_terrain_no_floor_context	0	empty terrain tile	1195	9165	0	18	143	source_plane=0
terrain	empty_terrain_no_floor_context	0	empty terrain tile	1195	9166	0	18	143	source_plane=0
terrain	empty_terrain_no_floor_context	0	empty terrain tile	1195	9167	0	18	143	source_plane=0
terrain	empty_terrain_no_floor_context	0	empty terrain tile	1195	9168	0	18	143	source_plane=0
terrain	empty_terrain_no_floor_context	0	empty terrain tile	1195	9169	0	18	143	source_plane=0
terrain	empty_terrain_no_floor_context	0	empty terrain tile	1195	9170	0	18	143	source_plane=0
terrain	empty_terrain_no_floor_context	0	empty terrain tile	1195	9171	0	18	143	source_plane=0
terrain	empty_terrain_no_floor_context	0	empty terrain tile	1195	9172	0	18	143	source_plane=0
terrain	empty_terrain_no_floor_context	0	empty terrain tile	1195	9173	0	18	143	source_plane=0
terrain	empty_terrain_no_floor_context	0	empty terrain tile	1195	9174	0	18	143	source_plane=0
terrain	empty_terrain_no_floor_context	0	empty terrain tile	1195	9175	0	18	143	source_plane=0
terrain	empty_terrain_no_floor_context	0	empty terrain tile	1195	9176	0	18	143	source_plane=0
terrain	empty_terrain_no_floor_context	0	empty terrain tile	1195	9177	0	18	143	source_plane=0
terrain	empty_terrain_no_floor_context	0	empty terrain tile	1196	9152	0	18	143	source_plane=0
terrain	empty_terrain_no_floor_context	0	empty terrain tile	1196	9153	0	18	143	source_plane=0
terrain	empty_terrain_no_floor_context	0	empty terrain tile	1196	9154	0	18	143	source_plane=0
terrain	empty_terrain_no_floor_context	0	empty terrain tile	1196	9155	0	18	143	source_plane=0
terrain	empty_terrain_no_floor_context	0	empty terrain tile	1196	9156	0	18	143	source_plane=0
terrain	empty_terrain_no_floor_context	0	empty terrain tile	1196	9157	0	18	143	source_plane=0
terrain	empty_terrain_no_floor_context	0	empty terrain tile	1196	9158	0	18	143	source_plane=0
terrain	empty_terrain_no_floor_context	0	empty terrain tile	1196	9159	0	18	143	source_plane=0
terrain	empty_terrain_no_floor_context	0	empty terrain tile	1196	9160	0	18	143	source_plane=0
terrain	empty_terrain_no_floor_context	0	empty terrain tile	1196	9161	0	18	143	source_plane=0
terrain	empty_terrain_no_floor_context	0	empty terrain tile	1196	9162	0	18	143	source_plane=0
terrain	empty_terrain_no_floor_context	0	empty terrain tile	1196	9163	0	18	143	source_plane=0
terrain	empty_terrain_no_floor_context	0	empty terrain tile	1196	9164	0	18	143	source_plane=0
terrain	empty_terrain_no_floor_context	0	empty terrain tile	1196	9165	0	18	143	source_plane=0
terrain	empty_terrain_no_floor_context	0	empty terrain tile	1196	9166	0	18	143	source_plane=0
terrain	empty_terrain_no_floor_context	0	empty terrain tile	1196	9167	0	18	143	source_plane=0
terrain	empty_terrain_no_floor_context	0	empty terrain tile	1196	9168	0	18	143	source_plane=0
terrain	empty_terrain_no_floor_context	0	empty terrain tile	1196	9169	0	18	143	source_plane=0
terrain	empty_terrain_no_floor_context	0	empty terrain tile	1196	9170	0	18	143	source_plane=0
terrain	empty_terrain_no_floor_context	0	empty terrain tile	1196	9171	0	18	143	source_plane=0
terrain	empty_terrain_no_floor_context	0	empty terrain tile	1196	9172	0	18	143	source_plane=0
terrain	empty_terrain_no_floor_context	0	empty terrain tile	1196	9173	0	18	143	source_plane=0
terrain	empty_terrain_no_floor_context	0	empty terrain tile	1196	9174	0	18	143	source_plane=0
terrain	empty_terrain_no_floor_context	0	empty terrain tile	1196	9175	0	18	143	source_plane=0
terrain	empty_terrain_no_floor_context	0	empty terrain tile	1196	9176	0	18	143	source_plane=0
terrain	empty_terrain_no_floor_context	0	empty terrain tile	1196	9177	0	18	143	source_plane=0
terrain	empty_terrain_no_floor_context	0	empty terrain tile	1197	9152	0	18	143	source_plane=0
terrain	empty_terrain_no_floor_context	0	empty terrain tile	1197	9153	0	18	143	source_plane=0
terrain	empty_terrain_no_floor_context	0	empty terrain tile	1197	9154	0	18	143	source_plane=0
terrain	empty_terrain_no_floor_context	0	empty terrain tile	1197	9155	0	18	143	source_plane=0
terrain	empty_terrain_no_floor_context	0	empty terrain tile	1197	9156	0	18	143	source_plane=0
terrain	empty_terrain_no_floor_context	0	empty terrain tile	1197	9157	0	18	143	source_plane=0
terrain	empty_terrain_no_floor_context	0	empty terrain tile	1197	9158	0	18	143	source_plane=0
terrain	empty_terrain_no_floor_context	0	empty terrain tile	1197	9159	0	18	143	source_plane=0
terrain	empty_terrain_no_floor_context	0	empty terrain tile	1197	9160	0	18	143	source_plane=0
terrain	empty_terrain_no_floor_context	0	empty terrain tile	1197	9161	0	18	143	source_plane=0
terrain	empty_terrain_no_floor_context	0	empty terrain tile	1197	9162	0	18	143	source_plane=0
terrain	empty_terrain_no_floor_context	0	empty terrain tile	1197	9163	0	18	143	source_plane=0
terrain	empty_terrain_no_floor_context	0	empty terrain tile	1197	9164	0	18	143	source_plane=0
terrain	empty_terrain_no_floor_context	0	empty terrain tile	1197	9165	0	18	143	source_plane=0
terrain	empty_terrain_no_floor_context	0	empty terrain tile	1197	9166	0	18	143	source_plane=0
terrain	empty_terrain_no_floor_context	0	empty terrain tile	1197	9167	0	18	143	source_plane=0
terrain	empty_terrain_no_floor_context	0	empty terrain tile	1197	9168	0	18	143	source_plane=0
terrain	empty_terrain_no_floor_context	0	empty terrain tile	1197	9169	0	18	143	source_plane=0
terrain	empty_terrain_no_floor_context	0	empty terrain tile	1197	9170	0	18	143	source_plane=0
terrain	empty_terrain_no_floor_context	0	empty terrain tile	1197	9171	0	18	143	source_plane=0
terrain	empty_terrain_no_floor_context	0	empty terrain tile	1197	9172	0	18	143	source_plane=0
terrain	empty_terrain_no_floor_context	0	empty terrain tile	1197	9173	0	18	143	source_plane=0
terrain	empty_terrain_no_floor_context	0	empty terrain tile	1197	9174	0	18	143	source_plane=0
terrain	empty_terrain_no_floor_context	0	empty terrain tile	1197	9175	0	18	143	source_plane=0
terrain	empty_terrain_no_floor_context	0	empty terrain tile	1197	9176	0	18	143	source_plane=0
terrain	empty_terrain_no_floor_context	0	empty terrain tile	1197	9177	0	18	143	source_plane=0
terrain	empty_terrain_no_floor_context	0	empty terrain tile	1198	9152	0	18	143	source_plane=0
terrain	empty_terrain_no_floor_context	0	empty terrain tile	1198	9153	0	18	143	source_plane=0
terrain	empty_terrain_no_floor_context	0	empty terrain tile	1198	9154	0	18	143	source_plane=0
terrain	empty_terrain_no_floor_context	0	empty terrain tile	1198	9155	0	18	143	source_plane=0
terrain	empty_terrain_no_floor_context	0	empty terrain tile	1198	9156	0	18	143	source_plane=0
terrain	empty_terrain_no_floor_context	0	empty terrain tile	1198	9157	0	18	143	source_plane=0
terrain	empty_terrain_no_floor_context	0	empty terrain tile	1198	9158	0	18	143	source_plane=0
terrain	empty_terrain_no_floor_context	0	empty terrain tile	1198	9159	0	18	143	source_plane=0
terrain	empty_terrain_no_floor_context	0	empty terrain tile	1198	9160	0	18	143	source_plane=0
terrain	empty_terrain_no_floor_context	0	empty terrain tile	1198	9161	0	18	143	source_plane=0
terrain	empty_terrain_no_floor_context	0	empty terrain tile	1198	9162	0	18	143	source_plane=0
terrain	empty_terrain_no_floor_context	0	empty terrain tile	1198	9163	0	18	143	source_plane=0
terrain	empty_terrain_no_floor_context	0	empty terrain tile	1198	9164	0	18	143	source_plane=0
terrain	empty_terrain_no_floor_context	0	empty terrain tile	1198	9165	0	18	143	source_plane=0
terrain	empty_terrain_no_floor_context	0	empty terrain tile	1198	9166	0	18	143	source_plane=0
terrain	empty_terrain_no_floor_context	0	empty terrain tile	1198	9167	0	18	143	source_plane=0
terrain	empty_terrain_no_floor_context	0	empty terrain tile	1198	9168	0	18	143	source_plane=0
terrain	empty_terrain_no_floor_context	0	empty terrain tile	1198	9169	0	18	143	source_plane=0
terrain	empty_terrain_no_floor_context	0	empty terrain tile	1198	9170	0	18	143	source_plane=0
terrain	empty_terrain_no_floor_context	0	empty terrain tile	1198	9171	0	18	143	source_plane=0
terrain	empty_terrain_no_floor_context	0	empty terrain tile	1198	9172	0	18	143	source_plane=0
terrain	empty_terrain_no_floor_context	0	empty terrain tile	1198	9173	0	18	143	source_plane=0
terrain	empty_terrain_no_floor_context	0	empty terrain tile	1198	9174	0	18	143	source_plane=0
terrain	empty_terrain_no_floor_context	0	empty terrain tile	1198	9175	0	18	143	source_plane=0
terrain	empty_terrain_no_floor_context	0	empty terrain tile	1198	9176	0	18	143	source_plane=0
terrain	empty_terrain_no_floor_context	0	empty terrain tile	1198	9177	0	18	143	source_plane=0
terrain	empty_terrain_no_floor_context	0	empty terrain tile	1199	9152	0	18	143	source_plane=0
terrain	empty_terrain_no_floor_context	0	empty terrain tile	1199	9153	0	18	143	source_plane=0
terrain	empty_terrain_no_floor_context	0	empty terrain tile	1199	9154	0	18	143	source_plane=0
terrain	empty_terrain_no_floor_context	0	empty terrain tile	1199	9155	0	18	143	source_plane=0
terrain	empty_terrain_no_floor_context	0	empty terrain tile	1199	9156	0	18	143	source_plane=0
terrain	empty_terrain_no_floor_context	0	empty terrain tile	1199	9157	0	18	143	source_plane=0
terrain	empty_terrain_no_floor_context	0	empty terrain tile	1199	9158	0	18	143	source_plane=0
terrain	empty_terrain_no_floor_context	0	empty terrain tile	1199	9159	0	18	143	source_plane=0
terrain	empty_terrain_no_floor_context	0	empty terrain tile	1199	9160	0	18	143	source_plane=0
terrain	empty_terrain_no_floor_context	0	empty terrain tile	1199	9161	0	18	143	source_plane=0
terrain	empty_terrain_no_floor_context	0	empty terrain tile	1199	9162	0	18	143	source_plane=0
terrain	empty_terrain_no_floor_context	0	empty terrain tile	1199	9163	0	18	143	source_plane=0
terrain	empty_terrain_no_floor_context	0	empty terrain tile	1199	9164	0	18	143	source_plane=0
terrain	empty_terrain_no_floor_context	0	empty terrain tile	1199	9165	0	18	143	source_plane=0
terrain	empty_terrain_no_floor_context	0	empty terrain tile	1199	9166	0	18	143	source_plane=0
terrain	empty_terrain_no_floor_context	0	empty terrain tile	1199	9167	0	18	143	source_plane=0
terrain	empty_terrain_no_floor_context	0	empty terrain tile	1199	9168	0	18	143	source_plane=0
terrain	empty_terrain_no_floor_context	0	empty terrain tile	1199	9169	0	18	143	source_plane=0
terrain	empty_terrain_no_floor_context	0	empty terrain tile	1199	9170	0	18	143	source_plane=0
terrain	empty_terrain_no_floor_context	0	empty terrain tile	1199	9171	0	18	143	source_plane=0
terrain	empty_terrain_no_floor_context	0	empty terrain tile	1199	9172	0	18	143	source_plane=0
terrain	empty_terrain_no_floor_context	0	empty terrain tile	1199	9173	0	18	143	source_plane=0
terrain	empty_terrain_no_floor_context	0	empty terrain tile	1199	9174	0	18	143	source_plane=0
terrain	empty_terrain_no_floor_context	0	empty terrain tile	1199	9175	0	18	143	source_plane=0
terrain	empty_terrain_no_floor_context	0	empty terrain tile	1199	9176	0	18	143	source_plane=0
terrain	empty_terrain_no_floor_context	0	empty terrain tile	1199	9177	0	18	143	source_plane=0
terrain	empty_terrain_no_floor_context	0	empty terrain tile	1200	9152	0	18	143	source_plane=0
terrain	empty_terrain_no_floor_context	0	empty terrain tile	1200	9153	0	18	143	source_plane=0
terrain	empty_terrain_no_floor_context	0	empty terrain tile	1200	9154	0	18	143	source_plane=0
terrain	empty_terrain_no_floor_context	0	empty terrain tile	1200	9155	0	18	143	source_plane=0
terrain	empty_terrain_no_floor_context	0	empty terrain tile	1200	9156	0	18	143	source_plane=0
terrain	empty_terrain_no_floor_context	0	empty terrain tile	1200	9157	0	18	143	source_plane=0
terrain	empty_terrain_no_floor_context	0	empty terrain tile	1200	9158	0	18	143	source_plane=0
terrain	empty_terrain_no_floor_context	0	empty terrain tile	1200	9159	0	18	143	source_plane=0
terrain	empty_terrain_no_floor_context	0	empty terrain tile	1200	9160	0	18	143	source_plane=0
terrain	empty_terrain_no_floor_context	0	empty terrain tile	1200	9161	0	18	143	source_plane=0
terrain	empty_terrain_no_floor_context	0	empty terrain tile	1200	9162	0	18	143	source_plane=0
terrain	empty_terrain_no_floor_context	0	empty terrain tile	1200	9163	0	18	143	source_plane=0
terrain	empty_terrain_no_floor_context	0	empty terrain tile	1200	9164	0	18	143	source_plane=0
terrain	empty_terrain_no_floor_context	0	empty terrain tile	1200	9165	0	18	143	source_plane=0
terrain	empty_terrain_no_floor_context	0	empty terrain tile	1200	9166	0	18	143	source_plane=0
terrain	empty_terrain_no_floor_context	0	empty terrain tile	1200	9167	0	18	143	source_plane=0
terrain	empty_terrain_no_floor_context	0	empty terrain tile	1200	9168	0	18	143	source_plane=0
terrain	empty_terrain_no_floor_context	0	empty terrain tile	1200	9169	0	18	143	source_plane=0
terrain	empty_terrain_no_floor_context	0	empty terrain tile	1200	9170	0	18	143	source_plane=0
terrain	empty_terrain_no_floor_context	0	empty terrain tile	1200	9171	0	18	143	source_plane=0
terrain	empty_terrain_no_floor_context	0	empty terrain tile	1200	9172	0	18	143	source_plane=0
terrain	empty_terrain_no_floor_context	0	empty terrain tile	1200	9173	0	18	143	source_plane=0
terrain	empty_terrain_no_floor_context	0	empty terrain tile	1200	9174	0	18	143	source_plane=0
terrain	empty_terrain_no_floor_context	0	empty terrain tile	1200	9175	0	18	143	source_plane=0
terrain	empty_terrain_no_floor_context	0	empty terrain tile	1200	9176	0	18	143	source_plane=0
terrain	empty_terrain_no_floor_context	0	empty terrain tile	1200	9177	0	18	143	source_plane=0
terrain	empty_terrain_no_floor_context	0	empty terrain tile	1201	9152	0	18	143	source_plane=0
terrain	empty_terrain_no_floor_context	0	empty terrain tile	1201	9153	0	18	143	source_plane=0
terrain	empty_terrain_no_floor_context	0	empty terrain tile	1201	9154	0	18	143	source_plane=0
terrain	empty_terrain_no_floor_context	0	empty terrain tile	1201	9155	0	18	143	source_plane=0
terrain	empty_terrain_no_floor_context	0	empty terrain tile	1201	9156	0	18	143	source_plane=0
terrain	empty_terrain_no_floor_context	0	empty terrain tile	1201	9157	0	18	143	source_plane=0
terrain	empty_terrain_no_floor_context	0	empty terrain tile	1201	9158	0	18	143	source_plane=0
terrain	empty_terrain_no_floor_context	0	empty terrain tile	1201	9159	0	18	143	source_plane=0
terrain	empty_terrain_no_floor_context	0	empty terrain tile	1201	9160	0	18	143	source_plane=0
terrain	empty_terrain_no_floor_context	0	empty terrain tile	1201	9161	0	18	143	source_plane=0
terrain	empty_terrain_no_floor_context	0	empty terrain tile	1201	9162	0	18	143	source_plane=0
terrain	empty_terrain_no_floor_context	0	empty terrain tile	1201	9163	0	18	143	source_plane=0
terrain	empty_terrain_no_floor_context	0	empty terrain tile	1201	9164	0	18	143	source_plane=0
terrain	empty_terrain_no_floor_context	0	empty terrain tile	1201	9165	0	18	143	source_plane=0
terrain	empty_terrain_no_floor_context	0	empty terrain tile	1201	9166	0	18	143	source_plane=0
terrain	empty_terrain_no_floor_context	0	empty terrain tile	1201	9167	0	18	143	source_plane=0
terrain	empty_terrain_no_floor_context	0	empty terrain tile	1201	9168	0	18	143	source_plane=0
terrain	empty_terrain_no_floor_context	0	empty terrain tile	1201	9169	0	18	143	source_plane=0
terrain	empty_terrain_no_floor_context	0	empty terrain tile	1201	9170	0	18	143	source_plane=0
terrain	empty_terrain_no_floor_context	0	empty terrain tile	1201	9171	0	18	143	source_plane=0
terrain	empty_terrain_no_floor_context	0	empty terrain tile	1201	9172	0	18	143	source_plane=0
terrain	empty_terrain_no_floor_context	0	empty terrain tile	1201	9173	0	18	143	source_plane=0
terrain	empty_terrain_no_floor_context	0	empty terrain tile	1201	9174	0	18	143	source_plane=0
terrain	empty_terrain_no_floor_context	0	empty terrain tile	1201	9175	0	18	143	source_plane=0
terrain	empty_terrain_no_floor_context	0	empty terrain tile	1201	9176	0	18	143	source_plane=0
terrain	empty_terrain_no_floor_context	0	empty terrain tile	1201	9177	0	18	143	source_plane=0
terrain	empty_terrain_no_floor_context	0	empty terrain tile	1202	9152	0	18	143	source_plane=0
terrain	empty_terrain_no_floor_context	0	empty terrain tile	1202	9153	0	18	143	source_plane=0
terrain	empty_terrain_no_floor_context	0	empty terrain tile	1202	9154	0	18	143	source_plane=0
terrain	empty_terrain_no_floor_context	0	empty terrain tile	1202	9155	0	18	143	source_plane=0
terrain	empty_terrain_no_floor_context	0	empty terrain tile	1202	9156	0	18	143	source_plane=0
terrain	empty_terrain_no_floor_context	0	empty terrain tile	1202	9157	0	18	143	source_plane=0
terrain	empty_terrain_no_floor_context	0	empty terrain tile	1202	9158	0	18	143	source_plane=0
terrain	empty_terrain_no_floor_context	0	empty terrain tile	1202	9159	0	18	143	source_plane=0
terrain	empty_terrain_no_floor_context	0	empty terrain tile	1202	9160	0	18	143	source_plane=0
terrain	empty_terrain_no_floor_context	0	empty terrain tile	1202	9161	0	18	143	source_plane=0
terrain	empty_terrain_no_floor_context	0	empty terrain tile	1202	9162	0	18	143	source_plane=0
terrain	empty_terrain_no_floor_context	0	empty terrain tile	1202	9163	0	18	143	source_plane=0
terrain	empty_terrain_no_floor_context	0	empty terrain tile	1202	9164	0	18	143	source_plane=0
terrain	empty_terrain_no_floor_context	0	empty terrain tile	1202	9165	0	18	143	source_plane=0
terrain	empty_terrain_no_floor_context	0	empty terrain tile	1202	9166	0	18	143	source_plane=0
terrain	empty_terrain_no_floor_context	0	empty terrain tile	1202	9167	0	18	143	source_plane=0
terrain	empty_terrain_no_floor_context	0	empty terrain tile	1202	9168	0	18	143	source_plane=0
terrain	empty_terrain_no_floor_context	0	empty terrain tile	1202	9169	0	18	143	source_plane=0
terrain	empty_terrain_no_floor_context	0	empty terrain tile	1202	9170	0	18	143	source_plane=0
terrain	empty_terrain_no_floor_context	0	empty terrain tile	1202	9171	0	18	143	source_plane=0
terrain	empty_terrain_no_floor_context	0	empty terrain tile	1202	9172	0	18	143	source_plane=0
terrain	empty_terrain_no_floor_context	0	empty terrain tile	1202	9173	0	18	143	source_plane=0
terrain	empty_terrain_no_floor_context	0	empty terrain tile	1202	9174	0	18	143	source_plane=0
terrain	empty_terrain_no_floor_context	0	empty terrain tile	1202	9175	0	18	143	source_plane=0
terrain	empty_terrain_no_floor_context	0	empty terrain tile	1202	9176	0	18	143	source_plane=0
terrain	empty_terrain_no_floor_context	0	empty terrain tile	1202	9177	0	18	143	source_plane=0
terrain	empty_terrain_no_floor_context	0	empty terrain tile	1203	9152	0	18	143	source_plane=0
terrain	empty_terrain_no_floor_context	0	empty terrain tile	1203	9153	0	18	143	source_plane=0
terrain	empty_terrain_no_floor_context	0	empty terrain tile	1203	9154	0	18	143	source_plane=0
terrain	empty_terrain_no_floor_context	0	empty terrain tile	1203	9155	0	18	143	source_plane=0
terrain	empty_terrain_no_floor_context	0	empty terrain tile	1203	9156	0	18	143	source_plane=0
terrain	empty_terrain_no_floor_context	0	empty terrain tile	1203	9157	0	18	143	source_plane=0
terrain	empty_terrain_no_floor_context	0	empty terrain tile	1203	9158	0	18	143	source_plane=0
terrain	empty_terrain_no_floor_context	0	empty terrain tile	1203	9159	0	18	143	source_plane=0
terrain	empty_terrain_no_floor_context	0	empty terrain tile	1203	9160	0	18	143	source_plane=0
terrain	empty_terrain_no_floor_context	0	empty terrain tile	1203	9161	0	18	143	source_plane=0
terrain	empty_terrain_no_floor_context	0	empty terrain tile	1203	9162	0	18	143	source_plane=0
terrain	empty_terrain_no_floor_context	0	empty terrain tile	1203	9163	0	18	143	source_plane=0
terrain	empty_terrain_no_floor_context	0	empty terrain tile	1203	9164	0	18	143	source_plane=0
terrain	empty_terrain_no_floor_context	0	empty terrain tile	1203	9165	0	18	143	source_plane=0
terrain	empty_terrain_no_floor_context	0	empty terrain tile	1203	9166	0	18	143	source_plane=0
terrain	empty_terrain_no_floor_context	0	empty terrain tile	1203	9167	0	18	143	source_plane=0
terrain	empty_terrain_no_floor_context	0	empty terrain tile	1203	9168	0	18	143	source_plane=0
terrain	empty_terrain_no_floor_context	0	empty terrain tile	1203	9169	0	18	143	source_plane=0
terrain	empty_terrain_no_floor_context	0	empty terrain tile	1203	9170	0	18	143	source_plane=0
terrain	empty_terrain_no_floor_context	0	empty terrain tile	1203	9171	0	18	143	source_plane=0
terrain	empty_terrain_no_floor_context	0	empty terrain tile	1203	9172	0	18	143	source_plane=0
terrain	empty_terrain_no_floor_context	0	empty terrain tile	1203	9173	0	18	143	source_plane=0
terrain	empty_terrain_no_floor_context	0	empty terrain tile	1203	9174	0	18	143	source_plane=0
terrain	empty_terrain_no_floor_context	0	empty terrain tile	1203	9175	0	18	143	source_plane=0
terrain	empty_terrain_no_floor_context	0	empty terrain tile	1203	9176	0	18	143	source_plane=0
terrain	empty_terrain_no_floor_context	0	empty terrain tile	1203	9177	0	18	143	source_plane=0
terrain	empty_terrain_no_floor_context	0	empty terrain tile	1203	9178	0	18	143	source_plane=0
terrain	empty_terrain_no_floor_context	0	empty terrain tile	1203	9179	0	18	143	source_plane=0
terrain	empty_terrain_no_floor_context	0	empty terrain tile	1203	9180	0	18	143	source_plane=0
terrain	empty_terrain_no_floor_context	0	empty terrain tile	1203	9181	0	18	143	source_plane=0
terrain	empty_terrain_no_floor_context	0	empty terrain tile	1203	9182	0	18	143	source_plane=0
terrain	empty_terrain_no_floor_context	0	empty terrain tile	1203	9183	0	18	143	source_plane=0
terrain	empty_terrain_no_floor_context	0	empty terrain tile	1203	9184	0	18	143	source_plane=0
terrain	empty_terrain_no_floor_context	0	empty terrain tile	1203	9185	0	18	143	source_plane=0
terrain	empty_terrain_no_floor_context	0	empty terrain tile	1203	9186	0	18	143	source_plane=0
terrain	empty_terrain_no_floor_context	0	empty terrain tile	1203	9187	0	18	143	source_plane=0
terrain	empty_terrain_no_floor_context	0	empty terrain tile	1203	9188	0	18	143	source_plane=0
terrain	empty_terrain_no_floor_context	0	empty terrain tile	1203	9189	0	18	143	source_plane=0
terrain	empty_terrain_no_floor_context	0	empty terrain tile	1203	9190	0	18	143	source_plane=0
terrain	empty_terrain_no_floor_context	0	empty terrain tile	1203	9191	0	18	143	source_plane=0
terrain	empty_terrain_no_floor_context	0	empty terrain tile	1203	9192	0	18	143	source_plane=0
terrain	empty_terrain_no_floor_context	0	empty terrain tile	1203	9193	0	18	143	source_plane=0
terrain	empty_terrain_no_floor_context	0	empty terrain tile	1203	9194	0	18	143	source_plane=0
terrain	empty_terrain_no_floor_context	0	empty terrain tile	1203	9195	0	18	143	source_plane=0
terrain	empty_terrain_no_floor_context	0	empty terrain tile	1203	9196	0	18	143	source_plane=0
terrain	empty_terrain_no_floor_context	0	empty terrain tile	1203	9197	0	18	143	source_plane=0
terrain	empty_terrain_no_floor_context	0	empty terrain tile	1203	9198	0	18	143	source_plane=0
terrain	empty_terrain_no_floor_context	0	empty terrain tile	1203	9199	0	18	143	source_plane=0
terrain	empty_terrain_no_floor_context	0	empty terrain tile	1203	9200	0	18	143	source_plane=0
terrain	empty_terrain_no_floor_context	0	empty terrain tile	1203	9201	0	18	143	source_plane=0
terrain	empty_terrain_no_floor_context	0	empty terrain tile	1203	9202	0	18	143	source_plane=0
terrain	empty_terrain_no_floor_context	0	empty terrain tile	1203	9203	0	18	143	source_plane=0
terrain	empty_terrain_no_floor_context	0	empty terrain tile	1203	9204	0	18	143	source_plane=0
terrain	empty_terrain_no_floor_context	0	empty terrain tile	1203	9205	0	18	143	source_plane=0
terrain	empty_terrain_no_floor_context	0	empty terrain tile	1203	9206	0	18	143	source_plane=0
terrain	empty_terrain_no_floor_context	0	empty terrain tile	1203	9207	0	18	143	source_plane=0
terrain	empty_terrain_no_floor_context	0	empty terrain tile	1203	9208	0	18	143	source_plane=0
terrain	empty_terrain_no_floor_context	0	empty terrain tile	1203	9209	0	18	143	source_plane=0
terrain	empty_terrain_no_floor_context	0	empty terrain tile	1203	9210	0	18	143	source_plane=0
terrain	empty_terrain_no_floor_context	0	empty terrain tile	1203	9211	0	18	143	source_plane=0
terrain	empty_terrain_no_floor_context	0	empty terrain tile	1203	9212	0	18	143	source_plane=0
terrain	empty_terrain_no_floor_context	0	empty terrain tile	1203	9213	0	18	143	source_plane=0
terrain	empty_terrain_no_floor_context	0	empty terrain tile	1203	9214	0	18	143	source_plane=0
terrain	empty_terrain_no_floor_context	0	empty terrain tile	1203	9215	0	18	143	source_plane=0
terrain	empty_terrain_no_floor_context	0	empty terrain tile	1204	9152	0	18	143	source_plane=0
terrain	empty_terrain_no_floor_context	0	empty terrain tile	1204	9153	0	18	143	source_plane=0
terrain	empty_terrain_no_floor_context	0	empty terrain tile	1204	9154	0	18	143	source_plane=0
terrain	empty_terrain_no_floor_context	0	empty terrain tile	1204	9155	0	18	143	source_plane=0
terrain	empty_terrain_no_floor_context	0	empty terrain tile	1204	9156	0	18	143	source_plane=0
terrain	empty_terrain_no_floor_context	0	empty terrain tile	1204	9157	0	18	143	source_plane=0
terrain	empty_terrain_no_floor_context	0	empty terrain tile	1204	9158	0	18	143	source_plane=0
terrain	empty_terrain_no_floor_context	0	empty terrain tile	1204	9159	0	18	143	source_plane=0
terrain	empty_terrain_no_floor_context	0	empty terrain tile	1204	9160	0	18	143	source_plane=0
terrain	empty_terrain_no_floor_context	0	empty terrain tile	1204	9161	0	18	143	source_plane=0
terrain	empty_terrain_no_floor_context	0	empty terrain tile	1204	9162	0	18	143	source_plane=0
terrain	empty_terrain_no_floor_context	0	empty terrain tile	1204	9163	0	18	143	source_plane=0
terrain	empty_terrain_no_floor_context	0	empty terrain tile	1204	9164	0	18	143	source_plane=0
terrain	empty_terrain_no_floor_context	0	empty terrain tile	1204	9165	0	18	143	source_plane=0
terrain	empty_terrain_no_floor_context	0	empty terrain tile	1204	9166	0	18	143	source_plane=0
terrain	empty_terrain_no_floor_context	0	empty terrain tile	1204	9167	0	18	143	source_plane=0
terrain	empty_terrain_no_floor_context	0	empty terrain tile	1204	9168	0	18	143	source_plane=0
terrain	empty_terrain_no_floor_context	0	empty terrain tile	1204	9169	0	18	143	source_plane=0
terrain	empty_terrain_no_floor_context	0	empty terrain tile	1204	9170	0	18	143	source_plane=0
terrain	empty_terrain_no_floor_context	0	empty terrain tile	1204	9171	0	18	143	source_plane=0
terrain	empty_terrain_no_floor_context	0	empty terrain tile	1204	9172	0	18	143	source_plane=0
terrain	empty_terrain_no_floor_context	0	empty terrain tile	1204	9173	0	18	143	source_plane=0
terrain	empty_terrain_no_floor_context	0	empty terrain tile	1204	9174	0	18	143	source_plane=0
terrain	empty_terrain_no_floor_context	0	empty terrain tile	1204	9175	0	18	143	source_plane=0
terrain	empty_terrain_no_floor_context	0	empty terrain tile	1204	9176	0	18	143	source_plane=0
terrain	empty_terrain_no_floor_context	0	empty terrain tile	1204	9177	0	18	143	source_plane=0
terrain	empty_terrain_no_floor_context	0	empty terrain tile	1204	9178	0	18	143	source_plane=0
terrain	empty_terrain_no_floor_context	0	empty terrain tile	1204	9179	0	18	143	source_plane=0
terrain	empty_terrain_no_floor_context	0	empty terrain tile	1204	9180	0	18	143	source_plane=0
terrain	empty_terrain_no_floor_context	0	empty terrain tile	1204	9181	0	18	143	source_plane=0
terrain	empty_terrain_no_floor_context	0	empty terrain tile	1204	9182	0	18	143	source_plane=0
terrain	empty_terrain_no_floor_context	0	empty terrain tile	1204	9183	0	18	143	source_plane=0
terrain	empty_terrain_no_floor_context	0	empty terrain tile	1204	9184	0	18	143	source_plane=0
terrain	empty_terrain_no_floor_context	0	empty terrain tile	1204	9185	0	18	143	source_plane=0
terrain	empty_terrain_no_floor_context	0	empty terrain tile	1204	9186	0	18	143	source_plane=0
terrain	empty_terrain_no_floor_context	0	empty terrain tile	1204	9187	0	18	143	source_plane=0
terrain	empty_terrain_no_floor_context	0	empty terrain tile	1204	9188	0	18	143	source_plane=0
terrain	empty_terrain_no_floor_context	0	empty terrain tile	1204	9189	0	18	143	source_plane=0
terrain	empty_terrain_no_floor_context	0	empty terrain tile	1204	9190	0	18	143	source_plane=0
terrain	empty_terrain_no_floor_context	0	empty terrain tile	1204	9191	0	18	143	source_plane=0
terrain	empty_terrain_no_floor_context	0	empty terrain tile	1204	9192	0	18	143	source_plane=0
terrain	empty_terrain_no_floor_context	0	empty terrain tile	1204	9193	0	18	143	source_plane=0
terrain	empty_terrain_no_floor_context	0	empty terrain tile	1204	9194	0	18	143	source_plane=0
terrain	empty_terrain_no_floor_context	0	empty terrain tile	1204	9195	0	18	143	source_plane=0
terrain	empty_terrain_no_floor_context	0	empty terrain tile	1204	9196	0	18	143	source_plane=0
terrain	empty_terrain_no_floor_context	0	empty terrain tile	1204	9197	0	18	143	source_plane=0
terrain	empty_terrain_no_floor_context	0	empty terrain tile	1204	9198	0	18	143	source_plane=0
terrain	empty_terrain_no_floor_context	0	empty terrain tile	1204	9199	0	18	143	source_plane=0
terrain	empty_terrain_no_floor_context	0	empty terrain tile	1204	9200	0	18	143	source_plane=0
terrain	empty_terrain_no_floor_context	0	empty terrain tile	1204	9201	0	18	143	source_plane=0
terrain	empty_terrain_no_floor_context	0	empty terrain tile	1204	9202	0	18	143	source_plane=0
terrain	empty_terrain_no_floor_context	0	empty terrain tile	1204	9203	0	18	143	source_plane=0
terrain	empty_terrain_no_floor_context	0	empty terrain tile	1204	9204	0	18	143	source_plane=0
terrain	empty_terrain_no_floor_context	0	empty terrain tile	1204	9205	0	18	143	source_plane=0
terrain	empty_terrain_no_floor_context	0	empty terrain tile	1204	9206	0	18	143	source_plane=0
terrain	empty_terrain_no_floor_context	0	empty terrain tile	1204	9207	0	18	143	source_plane=0
terrain	empty_terrain_no_floor_context	0	empty terrain tile	1204	9208	0	18	143	source_plane=0
terrain	empty_terrain_no_floor_context	0	empty terrain tile	1204	9209	0	18	143	source_plane=0
terrain	empty_terrain_no_floor_context	0	empty terrain tile	1204	9210	0	18	143	source_plane=0
terrain	empty_terrain_no_floor_context	0	empty terrain tile	1204	9211	0	18	143	source_plane=0
terrain	empty_terrain_no_floor_context	0	empty terrain tile	1204	9212	0	18	143	source_plane=0
terrain	empty_terrain_no_floor_context	0	empty terrain tile	1204	9213	0	18	143	source_plane=0
terrain	empty_terrain_no_floor_context	0	empty terrain tile	1204	9214	0	18	143	source_plane=0
terrain	empty_terrain_no_floor_context	0	empty terrain tile	1204	9215	0	18	143	source_plane=0
terrain	empty_terrain_no_floor_context	0	empty terrain tile	1205	9152	0	18	143	source_plane=0
terrain	empty_terrain_no_floor_context	0	empty terrain tile	1205	9153	0	18	143	source_plane=0
terrain	empty_terrain_no_floor_context	0	empty terrain tile	1205	9154	0	18	143	source_plane=0
terrain	empty_terrain_no_floor_context	0	empty terrain tile	1205	9155	0	18	143	source_plane=0
terrain	empty_terrain_no_floor_context	0	empty terrain tile	1205	9156	0	18	143	source_plane=0
terrain	empty_terrain_no_floor_context	0	empty terrain tile	1205	9157	0	18	143	source_plane=0
terrain	empty_terrain_no_floor_context	0	empty terrain tile	1205	9158	0	18	143	source_plane=0
terrain	empty_terrain_no_floor_context	0	empty terrain tile	1205	9159	0	18	143	source_plane=0
terrain	empty_terrain_no_floor_context	0	empty terrain tile	1205	9160	0	18	143	source_plane=0
terrain	empty_terrain_no_floor_context	0	empty terrain tile	1205	9161	0	18	143	source_plane=0
terrain	empty_terrain_no_floor_context	0	empty terrain tile	1205	9162	0	18	143	source_plane=0
terrain	empty_terrain_no_floor_context	0	empty terrain tile	1205	9163	0	18	143	source_plane=0
terrain	empty_terrain_no_floor_context	0	empty terrain tile	1205	9164	0	18	143	source_plane=0
terrain	empty_terrain_no_floor_context	0	empty terrain tile	1205	9165	0	18	143	source_plane=0
terrain	empty_terrain_no_floor_context	0	empty terrain tile	1205	9166	0	18	143	source_plane=0
terrain	empty_terrain_no_floor_context	0	empty terrain tile	1205	9167	0	18	143	source_plane=0
terrain	empty_terrain_no_floor_context	0	empty terrain tile	1205	9168	0	18	143	source_plane=0
terrain	empty_terrain_no_floor_context	0	empty terrain tile	1205	9169	0	18	143	source_plane=0
terrain	empty_terrain_no_floor_context	0	empty terrain tile	1205	9170	0	18	143	source_plane=0
terrain	empty_terrain_no_floor_context	0	empty terrain tile	1205	9171	0	18	143	source_plane=0
terrain	empty_terrain_no_floor_context	0	empty terrain tile	1205	9172	0	18	143	source_plane=0
terrain	empty_terrain_no_floor_context	0	empty terrain tile	1205	9173	0	18	143	source_plane=0
terrain	empty_terrain_no_floor_context	0	empty terrain tile	1205	9174	0	18	143	source_plane=0
terrain	empty_terrain_no_floor_context	0	empty terrain tile	1205	9175	0	18	143	source_plane=0
terrain	empty_terrain_no_floor_context	0	empty terrain tile	1205	9176	0	18	143	source_plane=0
terrain	empty_terrain_no_floor_context	0	empty terrain tile	1205	9177	0	18	143	source_plane=0
terrain	empty_terrain_no_floor_context	0	empty terrain tile	1205	9178	0	18	143	source_plane=0
terrain	empty_terrain_no_floor_context	0	empty terrain tile	1205	9179	0	18	143	source_plane=0
terrain	empty_terrain_no_floor_context	0	empty terrain tile	1205	9180	0	18	143	source_plane=0
terrain	empty_terrain_no_floor_context	0	empty terrain tile	1205	9181	0	18	143	source_plane=0
terrain	empty_terrain_no_floor_context	0	empty terrain tile	1205	9182	0	18	143	source_plane=0
terrain	empty_terrain_no_floor_context	0	empty terrain tile	1205	9183	0	18	143	source_plane=0
terrain	empty_terrain_no_floor_context	0	empty terrain tile	1205	9184	0	18	143	source_plane=0
terrain	empty_terrain_no_floor_context	0	empty terrain tile	1205	9185	0	18	143	source_plane=0
terrain	empty_terrain_no_floor_context	0	empty terrain tile	1205	9186	0	18	143	source_plane=0
terrain	empty_terrain_no_floor_context	0	empty terrain tile	1205	9187	0	18	143	source_plane=0
terrain	empty_terrain_no_floor_context	0	empty terrain tile	1205	9188	0	18	143	source_plane=0
terrain	empty_terrain_no_floor_context	0	empty terrain tile	1205	9189	0	18	143	source_plane=0
terrain	empty_terrain_no_floor_context	0	empty terrain tile	1205	9190	0	18	143	source_plane=0
terrain	empty_terrain_no_floor_context	0	empty terrain tile	1205	9191	0	18	143	source_plane=0
terrain	empty_terrain_no_floor_context	0	empty terrain tile	1205	9192	0	18	143	source_plane=0
terrain	empty_terrain_no_floor_context	0	empty terrain tile	1205	9193	0	18	143	source_plane=0
terrain	empty_terrain_no_floor_context	0	empty terrain tile	1205	9194	0	18	143	source_plane=0
terrain	empty_terrain_no_floor_context	0	empty terrain tile	1205	9195	0	18	143	source_plane=0
terrain	empty_terrain_no_floor_context	0	empty terrain tile	1205	9196	0	18	143	source_plane=0
terrain	empty_terrain_no_floor_context	0	empty terrain tile	1205	9197	0	18	143	source_plane=0
terrain	empty_terrain_no_floor_context	0	empty terrain tile	1205	9198	0	18	143	source_plane=0
terrain	empty_terrain_no_floor_context	0	empty terrain tile	1205	9199	0	18	143	source_plane=0
terrain	empty_terrain_no_floor_context	0	empty terrain tile	1205	9200	0	18	143	source_plane=0
terrain	empty_terrain_no_floor_context	0	empty terrain tile	1205	9201	0	18	143	source_plane=0
terrain	empty_terrain_no_floor_context	0	empty terrain tile	1205	9202	0	18	143	source_plane=0
terrain	empty_terrain_no_floor_context	0	empty terrain tile	1205	9203	0	18	143	source_plane=0
terrain	empty_terrain_no_floor_context	0	empty terrain tile	1205	9204	0	18	143	source_plane=0
terrain	empty_terrain_no_floor_context	0	empty terrain tile	1205	9205	0	18	143	source_plane=0
terrain	empty_terrain_no_floor_context	0	empty terrain tile	1205	9206	0	18	143	source_plane=0
terrain	empty_terrain_no_floor_context	0	empty terrain tile	1205	9207	0	18	143	source_plane=0
terrain	empty_terrain_no_floor_context	0	empty terrain tile	1205	9208	0	18	143	source_plane=0
terrain	empty_terrain_no_floor_context	0	empty terrain tile	1205	9209	0	18	143	source_plane=0
terrain	empty_terrain_no_floor_context	0	empty terrain tile	1205	9210	0	18	143	source_plane=0
terrain	empty_terrain_no_floor_context	0	empty terrain tile	1205	9211	0	18	143	source_plane=0
terrain	empty_terrain_no_floor_context	0	empty terrain tile	1205	9212	0	18	143	source_plane=0
terrain	empty_terrain_no_floor_context	0	empty terrain tile	1205	9213	0	18	143	source_plane=0
terrain	empty_terrain_no_floor_context	0	empty terrain tile	1205	9214	0	18	143	source_plane=0
terrain	empty_terrain_no_floor_context	0	empty terrain tile	1205	9215	0	18	143	source_plane=0
terrain	empty_terrain_no_floor_context	0	empty terrain tile	1206	9152	0	18	143	source_plane=0
terrain	empty_terrain_no_floor_context	0	empty terrain tile	1206	9153	0	18	143	source_plane=0
terrain	empty_terrain_no_floor_context	0	empty terrain tile	1206	9154	0	18	143	source_plane=0
terrain	empty_terrain_no_floor_context	0	empty terrain tile	1206	9155	0	18	143	source_plane=0
terrain	empty_terrain_no_floor_context	0	empty terrain tile	1206	9156	0	18	143	source_plane=0
terrain	empty_terrain_no_floor_context	0	empty terrain tile	1206	9157	0	18	143	source_plane=0
terrain	empty_terrain_no_floor_context	0	empty terrain tile	1206	9158	0	18	143	source_plane=0
terrain	empty_terrain_no_floor_context	0	empty terrain tile	1206	9159	0	18	143	source_plane=0
terrain	empty_terrain_no_floor_context	0	empty terrain tile	1206	9160	0	18	143	source_plane=0
terrain	empty_terrain_no_floor_context	0	empty terrain tile	1206	9161	0	18	143	source_plane=0
terrain	empty_terrain_no_floor_context	0	empty terrain tile	1206	9162	0	18	143	source_plane=0
terrain	empty_terrain_no_floor_context	0	empty terrain tile	1206	9163	0	18	143	source_plane=0
terrain	empty_terrain_no_floor_context	0	empty terrain tile	1206	9164	0	18	143	source_plane=0
terrain	empty_terrain_no_floor_context	0	empty terrain tile	1206	9165	0	18	143	source_plane=0
terrain	empty_terrain_no_floor_context	0	empty terrain tile	1206	9166	0	18	143	source_plane=0
terrain	empty_terrain_no_floor_context	0	empty terrain tile	1206	9167	0	18	143	source_plane=0
terrain	empty_terrain_no_floor_context	0	empty terrain tile	1206	9168	0	18	143	source_plane=0
terrain	empty_terrain_no_floor_context	0	empty terrain tile	1206	9169	0	18	143	source_plane=0
terrain	empty_terrain_no_floor_context	0	empty terrain tile	1206	9170	0	18	143	source_plane=0
terrain	empty_terrain_no_floor_context	0	empty terrain tile	1206	9171	0	18	143	source_plane=0
terrain	empty_terrain_no_floor_context	0	empty terrain tile	1206	9172	0	18	143	source_plane=0
terrain	empty_terrain_no_floor_context	0	empty terrain tile	1206	9173	0	18	143	source_plane=0
terrain	empty_terrain_no_floor_context	0	empty terrain tile	1206	9174	0	18	143	source_plane=0
terrain	empty_terrain_no_floor_context	0	empty terrain tile	1206	9175	0	18	143	source_plane=0
terrain	empty_terrain_no_floor_context	0	empty terrain tile	1206	9176	0	18	143	source_plane=0
terrain	empty_terrain_no_floor_context	0	empty terrain tile	1206	9177	0	18	143	source_plane=0
terrain	empty_terrain_no_floor_context	0	empty terrain tile	1206	9178	0	18	143	source_plane=0
terrain	empty_terrain_no_floor_context	0	empty terrain tile	1206	9179	0	18	143	source_plane=0
terrain	empty_terrain_no_floor_context	0	empty terrain tile	1206	9180	0	18	143	source_plane=0
terrain	empty_terrain_no_floor_context	0	empty terrain tile	1206	9181	0	18	143	source_plane=0
terrain	empty_terrain_no_floor_context	0	empty terrain tile	1206	9182	0	18	143	source_plane=0
terrain	empty_terrain_no_floor_context	0	empty terrain tile	1206	9183	0	18	143	source_plane=0
terrain	empty_terrain_no_floor_context	0	empty terrain tile	1206	9184	0	18	143	source_plane=0
terrain	empty_terrain_no_floor_context	0	empty terrain tile	1206	9185	0	18	143	source_plane=0
terrain	empty_terrain_no_floor_context	0	empty terrain tile	1206	9186	0	18	143	source_plane=0
terrain	empty_terrain_no_floor_context	0	empty terrain tile	1206	9187	0	18	143	source_plane=0
terrain	empty_terrain_no_floor_context	0	empty terrain tile	1206	9188	0	18	143	source_plane=0
terrain	empty_terrain_no_floor_context	0	empty terrain tile	1206	9189	0	18	143	source_plane=0
terrain	empty_terrain_no_floor_context	0	empty terrain tile	1206	9190	0	18	143	source_plane=0
terrain	empty_terrain_no_floor_context	0	empty terrain tile	1206	9191	0	18	143	source_plane=0
terrain	empty_terrain_no_floor_context	0	empty terrain tile	1206	9192	0	18	143	source_plane=0
terrain	empty_terrain_no_floor_context	0	empty terrain tile	1206	9193	0	18	143	source_plane=0
terrain	empty_terrain_no_floor_context	0	empty terrain tile	1206	9194	0	18	143	source_plane=0
terrain	empty_terrain_no_floor_context	0	empty terrain tile	1206	9195	0	18	143	source_plane=0
terrain	empty_terrain_no_floor_context	0	empty terrain tile	1206	9196	0	18	143	source_plane=0
terrain	empty_terrain_no_floor_context	0	empty terrain tile	1206	9197	0	18	143	source_plane=0
terrain	empty_terrain_no_floor_context	0	empty terrain tile	1206	9198	0	18	143	source_plane=0
terrain	empty_terrain_no_floor_context	0	empty terrain tile	1206	9199	0	18	143	source_plane=0
terrain	empty_terrain_no_floor_context	0	empty terrain tile	1206	9200	0	18	143	source_plane=0
terrain	empty_terrain_no_floor_context	0	empty terrain tile	1206	9201	0	18	143	source_plane=0
terrain	empty_terrain_no_floor_context	0	empty terrain tile	1206	9202	0	18	143	source_plane=0
terrain	empty_terrain_no_floor_context	0	empty terrain tile	1206	9203	0	18	143	source_plane=0
terrain	empty_terrain_no_floor_context	0	empty terrain tile	1206	9204	0	18	143	source_plane=0
terrain	empty_terrain_no_floor_context	0	empty terrain tile	1206	9205	0	18	143	source_plane=0
terrain	empty_terrain_no_floor_context	0	empty terrain tile	1206	9206	0	18	143	source_plane=0
terrain	empty_terrain_no_floor_context	0	empty terrain tile	1206	9207	0	18	143	source_plane=0
terrain	empty_terrain_no_floor_context	0	empty terrain tile	1206	9208	0	18	143	source_plane=0
terrain	empty_terrain_no_floor_context	0	empty terrain tile	1206	9209	0	18	143	source_plane=0
terrain	empty_terrain_no_floor_context	0	empty terrain tile	1206	9210	0	18	143	source_plane=0
terrain	empty_terrain_no_floor_context	0	empty terrain tile	1206	9211	0	18	143	source_plane=0
terrain	empty_terrain_no_floor_context	0	empty terrain tile	1206	9212	0	18	143	source_plane=0
terrain	empty_terrain_no_floor_context	0	empty terrain tile	1206	9213	0	18	143	source_plane=0
terrain	empty_terrain_no_floor_context	0	empty terrain tile	1206	9214	0	18	143	source_plane=0
terrain	empty_terrain_no_floor_context	0	empty terrain tile	1206	9215	0	18	143	source_plane=0
terrain	empty_terrain_no_floor_context	0	empty terrain tile	1207	9152	0	18	143	source_plane=0
terrain	empty_terrain_no_floor_context	0	empty terrain tile	1207	9153	0	18	143	source_plane=0
terrain	empty_terrain_no_floor_context	0	empty terrain tile	1207	9154	0	18	143	source_plane=0
terrain	empty_terrain_no_floor_context	0	empty terrain tile	1207	9155	0	18	143	source_plane=0
terrain	empty_terrain_no_floor_context	0	empty terrain tile	1207	9156	0	18	143	source_plane=0
terrain	empty_terrain_no_floor_context	0	empty terrain tile	1207	9157	0	18	143	source_plane=0
terrain	empty_terrain_no_floor_context	0	empty terrain tile	1207	9158	0	18	143	source_plane=0
terrain	empty_terrain_no_floor_context	0	empty terrain tile	1207	9159	0	18	143	source_plane=0
terrain	empty_terrain_no_floor_context	0	empty terrain tile	1207	9160	0	18	143	source_plane=0
terrain	empty_terrain_no_floor_context	0	empty terrain tile	1207	9161	0	18	143	source_plane=0
terrain	empty_terrain_no_floor_context	0	empty terrain tile	1207	9162	0	18	143	source_plane=0
terrain	empty_terrain_no_floor_context	0	empty terrain tile	1207	9163	0	18	143	source_plane=0
terrain	empty_terrain_no_floor_context	0	empty terrain tile	1207	9164	0	18	143	source_plane=0
terrain	empty_terrain_no_floor_context	0	empty terrain tile	1207	9165	0	18	143	source_plane=0
terrain	empty_terrain_no_floor_context	0	empty terrain tile	1207	9166	0	18	143	source_plane=0
terrain	empty_terrain_no_floor_context	0	empty terrain tile	1207	9167	0	18	143	source_plane=0
terrain	empty_terrain_no_floor_context	0	empty terrain tile	1207	9168	0	18	143	source_plane=0
terrain	empty_terrain_no_floor_context	0	empty terrain tile	1207	9169	0	18	143	source_plane=0
terrain	empty_terrain_no_floor_context	0	empty terrain tile	1207	9170	0	18	143	source_plane=0
terrain	empty_terrain_no_floor_context	0	empty terrain tile	1207	9171	0	18	143	source_plane=0
terrain	empty_terrain_no_floor_context	0	empty terrain tile	1207	9172	0	18	143	source_plane=0
terrain	empty_terrain_no_floor_context	0	empty terrain tile	1207	9173	0	18	143	source_plane=0
terrain	empty_terrain_no_floor_context	0	empty terrain tile	1207	9174	0	18	143	source_plane=0
terrain	empty_terrain_no_floor_context	0	empty terrain tile	1207	9175	0	18	143	source_plane=0
terrain	empty_terrain_no_floor_context	0	empty terrain tile	1207	9176	0	18	143	source_plane=0
terrain	empty_terrain_no_floor_context	0	empty terrain tile	1207	9177	0	18	143	source_plane=0
terrain	empty_terrain_no_floor_context	0	empty terrain tile	1207	9178	0	18	143	source_plane=0
terrain	empty_terrain_no_floor_context	0	empty terrain tile	1207	9179	0	18	143	source_plane=0
terrain	empty_terrain_no_floor_context	0	empty terrain tile	1207	9180	0	18	143	source_plane=0
terrain	empty_terrain_no_floor_context	0	empty terrain tile	1207	9181	0	18	143	source_plane=0
terrain	empty_terrain_no_floor_context	0	empty terrain tile	1207	9182	0	18	143	source_plane=0
terrain	empty_terrain_no_floor_context	0	empty terrain tile	1207	9183	0	18	143	source_plane=0
terrain	empty_terrain_no_floor_context	0	empty terrain tile	1207	9184	0	18	143	source_plane=0
terrain	empty_terrain_no_floor_context	0	empty terrain tile	1207	9185	0	18	143	source_plane=0
terrain	empty_terrain_no_floor_context	0	empty terrain tile	1207	9186	0	18	143	source_plane=0
terrain	empty_terrain_no_floor_context	0	empty terrain tile	1207	9187	0	18	143	source_plane=0
terrain	empty_terrain_no_floor_context	0	empty terrain tile	1207	9188	0	18	143	source_plane=0
terrain	empty_terrain_no_floor_context	0	empty terrain tile	1207	9189	0	18	143	source_plane=0
terrain	empty_terrain_no_floor_context	0	empty terrain tile	1207	9190	0	18	143	source_plane=0
terrain	empty_terrain_no_floor_context	0	empty terrain tile	1207	9191	0	18	143	source_plane=0
terrain	empty_terrain_no_floor_context	0	empty terrain tile	1207	9192	0	18	143	source_plane=0
terrain	empty_terrain_no_floor_context	0	empty terrain tile	1207	9193	0	18	143	source_plane=0
terrain	empty_terrain_no_floor_context	0	empty terrain tile	1207	9194	0	18	143	source_plane=0
terrain	empty_terrain_no_floor_context	0	empty terrain tile	1207	9195	0	18	143	source_plane=0
terrain	empty_terrain_no_floor_context	0	empty terrain tile	1207	9196	0	18	143	source_plane=0
terrain	empty_terrain_no_floor_context	0	empty terrain tile	1207	9197	0	18	143	source_plane=0
terrain	empty_terrain_no_floor_context	0	empty terrain tile	1207	9198	0	18	143	source_plane=0
terrain	empty_terrain_no_floor_context	0	empty terrain tile	1207	9199	0	18	143	source_plane=0
terrain	empty_terrain_no_floor_context	0	empty terrain tile	1207	9200	0	18	143	source_plane=0
terrain	empty_terrain_no_floor_context	0	empty terrain tile	1207	9201	0	18	143	source_plane=0
terrain	empty_terrain_no_floor_context	0	empty terrain tile	1207	9202	0	18	143	source_plane=0
terrain	empty_terrain_no_floor_context	0	empty terrain tile	1207	9203	0	18	143	source_plane=0
terrain	empty_terrain_no_floor_context	0	empty terrain tile	1207	9204	0	18	143	source_plane=0
terrain	empty_terrain_no_floor_context	0	empty terrain tile	1207	9205	0	18	143	source_plane=0
terrain	empty_terrain_no_floor_context	0	empty terrain tile	1207	9206	0	18	143	source_plane=0
terrain	empty_terrain_no_floor_context	0	empty terrain tile	1207	9207	0	18	143	source_plane=0
terrain	empty_terrain_no_floor_context	0	empty terrain tile	1207	9208	0	18	143	source_plane=0
terrain	empty_terrain_no_floor_context	0	empty terrain tile	1207	9209	0	18	143	source_plane=0
terrain	empty_terrain_no_floor_context	0	empty terrain tile	1207	9210	0	18	143	source_plane=0
terrain	empty_terrain_no_floor_context	0	empty terrain tile	1207	9211	0	18	143	source_plane=0
terrain	empty_terrain_no_floor_context	0	empty terrain tile	1207	9212	0	18	143	source_plane=0
terrain	empty_terrain_no_floor_context	0	empty terrain tile	1207	9213	0	18	143	source_plane=0
terrain	empty_terrain_no_floor_context	0	empty terrain tile	1207	9214	0	18	143	source_plane=0
terrain	empty_terrain_no_floor_context	0	empty terrain tile	1207	9215	0	18	143	source_plane=0
terrain	empty_terrain_no_floor_context	0	empty terrain tile	1208	9152	0	18	143	source_plane=0
terrain	empty_terrain_no_floor_context	0	empty terrain tile	1208	9153	0	18	143	source_plane=0
terrain	empty_terrain_no_floor_context	0	empty terrain tile	1208	9154	0	18	143	source_plane=0
terrain	empty_terrain_no_floor_context	0	empty terrain tile	1208	9155	0	18	143	source_plane=0
terrain	empty_terrain_no_floor_context	0	empty terrain tile	1208	9156	0	18	143	source_plane=0
terrain	empty_terrain_no_floor_context	0	empty terrain tile	1208	9157	0	18	143	source_plane=0
terrain	empty_terrain_no_floor_context	0	empty terrain tile	1208	9158	0	18	143	source_plane=0
terrain	empty_terrain_no_floor_context	0	empty terrain tile	1208	9159	0	18	143	source_plane=0
terrain	empty_terrain_no_floor_context	0	empty terrain tile	1208	9160	0	18	143	source_plane=0
terrain	empty_terrain_no_floor_context	0	empty terrain tile	1208	9161	0	18	143	source_plane=0
terrain	empty_terrain_no_floor_context	0	empty terrain tile	1208	9162	0	18	143	source_plane=0
terrain	empty_terrain_no_floor_context	0	empty terrain tile	1208	9163	0	18	143	source_plane=0
terrain	empty_terrain_no_floor_context	0	empty terrain tile	1208	9164	0	18	143	source_plane=0
terrain	empty_terrain_no_floor_context	0	empty terrain tile	1208	9165	0	18	143	source_plane=0
terrain	empty_terrain_no_floor_context	0	empty terrain tile	1208	9166	0	18	143	source_plane=0
terrain	empty_terrain_no_floor_context	0	empty terrain tile	1208	9167	0	18	143	source_plane=0
terrain	empty_terrain_no_floor_context	0	empty terrain tile	1208	9168	0	18	143	source_plane=0
terrain	empty_terrain_no_floor_context	0	empty terrain tile	1208	9169	0	18	143	source_plane=0
terrain	empty_terrain_no_floor_context	0	empty terrain tile	1208	9170	0	18	143	source_plane=0
terrain	empty_terrain_no_floor_context	0	empty terrain tile	1208	9171	0	18	143	source_plane=0
terrain	empty_terrain_no_floor_context	0	empty terrain tile	1208	9172	0	18	143	source_plane=0
terrain	empty_terrain_no_floor_context	0	empty terrain tile	1208	9173	0	18	143	source_plane=0
terrain	empty_terrain_no_floor_context	0	empty terrain tile	1208	9174	0	18	143	source_plane=0
terrain	empty_terrain_no_floor_context	0	empty terrain tile	1208	9175	0	18	143	source_plane=0
terrain	empty_terrain_no_floor_context	0	empty terrain tile	1208	9176	0	18	143	source_plane=0
terrain	empty_terrain_no_floor_context	0	empty terrain tile	1208	9177	0	18	143	source_plane=0
terrain	empty_terrain_no_floor_context	0	empty terrain tile	1208	9178	0	18	143	source_plane=0
terrain	empty_terrain_no_floor_context	0	empty terrain tile	1208	9179	0	18	143	source_plane=0
terrain	empty_terrain_no_floor_context	0	empty terrain tile	1208	9180	0	18	143	source_plane=0
terrain	empty_terrain_no_floor_context	0	empty terrain tile	1208	9181	0	18	143	source_plane=0
terrain	empty_terrain_no_floor_context	0	empty terrain tile	1208	9182	0	18	143	source_plane=0
terrain	empty_terrain_no_floor_context	0	empty terrain tile	1208	9183	0	18	143	source_plane=0
terrain	empty_terrain_no_floor_context	0	empty terrain tile	1208	9184	0	18	143	source_plane=0
terrain	empty_terrain_no_floor_context	0	empty terrain tile	1208	9185	0	18	143	source_plane=0
terrain	empty_terrain_no_floor_context	0	empty terrain tile	1208	9186	0	18	143	source_plane=0
terrain	empty_terrain_no_floor_context	0	empty terrain tile	1208	9187	0	18	143	source_plane=0
terrain	empty_terrain_no_floor_context	0	empty terrain tile	1208	9188	0	18	143	source_plane=0
terrain	empty_terrain_no_floor_context	0	empty terrain tile	1208	9189	0	18	143	source_plane=0
terrain	empty_terrain_no_floor_context	0	empty terrain tile	1208	9190	0	18	143	source_plane=0
terrain	empty_terrain_no_floor_context	0	empty terrain tile	1208	9191	0	18	143	source_plane=0
terrain	empty_terrain_no_floor_context	0	empty terrain tile	1208	9192	0	18	143	source_plane=0
terrain	empty_terrain_no_floor_context	0	empty terrain tile	1208	9193	0	18	143	source_plane=0
terrain	empty_terrain_no_floor_context	0	empty terrain tile	1208	9194	0	18	143	source_plane=0
terrain	empty_terrain_no_floor_context	0	empty terrain tile	1208	9195	0	18	143	source_plane=0
terrain	empty_terrain_no_floor_context	0	empty terrain tile	1208	9196	0	18	143	source_plane=0
terrain	empty_terrain_no_floor_context	0	empty terrain tile	1208	9197	0	18	143	source_plane=0
terrain	empty_terrain_no_floor_context	0	empty terrain tile	1208	9198	0	18	143	source_plane=0
terrain	empty_terrain_no_floor_context	0	empty terrain tile	1208	9199	0	18	143	source_plane=0
terrain	empty_terrain_no_floor_context	0	empty terrain tile	1208	9200	0	18	143	source_plane=0
terrain	empty_terrain_no_floor_context	0	empty terrain tile	1208	9201	0	18	143	source_plane=0
terrain	empty_terrain_no_floor_context	0	empty terrain tile	1208	9202	0	18	143	source_plane=0
terrain	empty_terrain_no_floor_context	0	empty terrain tile	1208	9203	0	18	143	source_plane=0
terrain	empty_terrain_no_floor_context	0	empty terrain tile	1208	9204	0	18	143	source_plane=0
terrain	empty_terrain_no_floor_context	0	empty terrain tile	1208	9205	0	18	143	source_plane=0
terrain	empty_terrain_no_floor_context	0	empty terrain tile	1208	9206	0	18	143	source_plane=0
terrain	empty_terrain_no_floor_context	0	empty terrain tile	1208	9207	0	18	143	source_plane=0
terrain	empty_terrain_no_floor_context	0	empty terrain tile	1208	9208	0	18	143	source_plane=0
terrain	empty_terrain_no_floor_context	0	empty terrain tile	1208	9209	0	18	143	source_plane=0
terrain	empty_terrain_no_floor_context	0	empty terrain tile	1208	9210	0	18	143	source_plane=0
terrain	empty_terrain_no_floor_context	0	empty terrain tile	1208	9211	0	18	143	source_plane=0
terrain	empty_terrain_no_floor_context	0	empty terrain tile	1208	9212	0	18	143	source_plane=0
terrain	empty_terrain_no_floor_context	0	empty terrain tile	1208	9213	0	18	143	source_plane=0
terrain	empty_terrain_no_floor_context	0	empty terrain tile	1208	9214	0	18	143	source_plane=0
terrain	empty_terrain_no_floor_context	0	empty terrain tile	1208	9215	0	18	143	source_plane=0
terrain	empty_terrain_no_floor_context	0	empty terrain tile	1209	9152	0	18	143	source_plane=0
terrain	empty_terrain_no_floor_context	0	empty terrain tile	1209	9153	0	18	143	source_plane=0
terrain	empty_terrain_no_floor_context	0	empty terrain tile	1209	9154	0	18	143	source_plane=0
terrain	empty_terrain_no_floor_context	0	empty terrain tile	1209	9155	0	18	143	source_plane=0
terrain	empty_terrain_no_floor_context	0	empty terrain tile	1209	9156	0	18	143	source_plane=0
terrain	empty_terrain_no_floor_context	0	empty terrain tile	1209	9157	0	18	143	source_plane=0
terrain	empty_terrain_no_floor_context	0	empty terrain tile	1209	9158	0	18	143	source_plane=0
terrain	empty_terrain_no_floor_context	0	empty terrain tile	1209	9159	0	18	143	source_plane=0
terrain	empty_terrain_no_floor_context	0	empty terrain tile	1209	9160	0	18	143	source_plane=0
terrain	empty_terrain_no_floor_context	0	empty terrain tile	1209	9161	0	18	143	source_plane=0
terrain	empty_terrain_no_floor_context	0	empty terrain tile	1209	9162	0	18	143	source_plane=0
terrain	empty_terrain_no_floor_context	0	empty terrain tile	1209	9163	0	18	143	source_plane=0
terrain	empty_terrain_no_floor_context	0	empty terrain tile	1209	9164	0	18	143	source_plane=0
terrain	empty_terrain_no_floor_context	0	empty terrain tile	1209	9165	0	18	143	source_plane=0
terrain	empty_terrain_no_floor_context	0	empty terrain tile	1209	9166	0	18	143	source_plane=0
terrain	empty_terrain_no_floor_context	0	empty terrain tile	1209	9167	0	18	143	source_plane=0
terrain	empty_terrain_no_floor_context	0	empty terrain tile	1209	9168	0	18	143	source_plane=0
terrain	empty_terrain_no_floor_context	0	empty terrain tile	1209	9169	0	18	143	source_plane=0
terrain	empty_terrain_no_floor_context	0	empty terrain tile	1209	9170	0	18	143	source_plane=0
terrain	empty_terrain_no_floor_context	0	empty terrain tile	1209	9171	0	18	143	source_plane=0
terrain	empty_terrain_no_floor_context	0	empty terrain tile	1209	9172	0	18	143	source_plane=0
terrain	empty_terrain_no_floor_context	0	empty terrain tile	1209	9173	0	18	143	source_plane=0
terrain	empty_terrain_no_floor_context	0	empty terrain tile	1209	9174	0	18	143	source_plane=0
terrain	empty_terrain_no_floor_context	0	empty terrain tile	1209	9175	0	18	143	source_plane=0
terrain	empty_terrain_no_floor_context	0	empty terrain tile	1209	9176	0	18	143	source_plane=0
terrain	empty_terrain_no_floor_context	0	empty terrain tile	1209	9177	0	18	143	source_plane=0
terrain	empty_terrain_no_floor_context	0	empty terrain tile	1209	9178	0	18	143	source_plane=0
terrain	empty_terrain_no_floor_context	0	empty terrain tile	1209	9179	0	18	143	source_plane=0
terrain	empty_terrain_no_floor_context	0	empty terrain tile	1209	9180	0	18	143	source_plane=0
terrain	empty_terrain_no_floor_context	0	empty terrain tile	1209	9181	0	18	143	source_plane=0
terrain	empty_terrain_no_floor_context	0	empty terrain tile	1209	9182	0	18	143	source_plane=0
terrain	empty_terrain_no_floor_context	0	empty terrain tile	1209	9183	0	18	143	source_plane=0
terrain	empty_terrain_no_floor_context	0	empty terrain tile	1209	9184	0	18	143	source_plane=0
terrain	empty_terrain_no_floor_context	0	empty terrain tile	1209	9185	0	18	143	source_plane=0
terrain	empty_terrain_no_floor_context	0	empty terrain tile	1209	9186	0	18	143	source_plane=0
terrain	empty_terrain_no_floor_context	0	empty terrain tile	1209	9187	0	18	143	source_plane=0
terrain	empty_terrain_no_floor_context	0	empty terrain tile	1209	9188	0	18	143	source_plane=0
terrain	empty_terrain_no_floor_context	0	empty terrain tile	1209	9189	0	18	143	source_plane=0
terrain	empty_terrain_no_floor_context	0	empty terrain tile	1209	9190	0	18	143	source_plane=0
terrain	empty_terrain_no_floor_context	0	empty terrain tile	1209	9191	0	18	143	source_plane=0
terrain	empty_terrain_no_floor_context	0	empty terrain tile	1209	9192	0	18	143	source_plane=0
terrain	empty_terrain_no_floor_context	0	empty terrain tile	1209	9193	0	18	143	source_plane=0
terrain	empty_terrain_no_floor_context	0	empty terrain tile	1209	9194	0	18	143	source_plane=0
terrain	empty_terrain_no_floor_context	0	empty terrain tile	1209	9195	0	18	143	source_plane=0
terrain	empty_terrain_no_floor_context	0	empty terrain tile	1209	9196	0	18	143	source_plane=0
terrain	empty_terrain_no_floor_context	0	empty terrain tile	1209	9197	0	18	143	source_plane=0
terrain	empty_terrain_no_floor_context	0	empty terrain tile	1209	9198	0	18	143	source_plane=0
terrain	empty_terrain_no_floor_context	0	empty terrain tile	1209	9199	0	18	143	source_plane=0
terrain	empty_terrain_no_floor_context	0	empty terrain tile	1209	9200	0	18	143	source_plane=0
terrain	empty_terrain_no_floor_context	0	empty terrain tile	1209	9201	0	18	143	source_plane=0
terrain	empty_terrain_no_floor_context	0	empty terrain tile	1209	9202	0	18	143	source_plane=0
terrain	empty_terrain_no_floor_context	0	empty terrain tile	1209	9203	0	18	143	source_plane=0
terrain	empty_terrain_no_floor_context	0	empty terrain tile	1209	9204	0	18	143	source_plane=0
terrain	empty_terrain_no_floor_context	0	empty terrain tile	1209	9205	0	18	143	source_plane=0
terrain	empty_terrain_no_floor_context	0	empty terrain tile	1209	9206	0	18	143	source_plane=0
terrain	empty_terrain_no_floor_context	0	empty terrain tile	1209	9207	0	18	143	source_plane=0
terrain	empty_terrain_no_floor_context	0	empty terrain tile	1209	9208	0	18	143	source_plane=0
terrain	empty_terrain_no_floor_context	0	empty terrain tile	1209	9209	0	18	143	source_plane=0
terrain	empty_terrain_no_floor_context	0	empty terrain tile	1209	9210	0	18	143	source_plane=0
terrain	empty_terrain_no_floor_context	0	empty terrain tile	1209	9211	0	18	143	source_plane=0
terrain	empty_terrain_no_floor_context	0	empty terrain tile	1209	9212	0	18	143	source_plane=0
terrain	empty_terrain_no_floor_context	0	empty terrain tile	1209	9213	0	18	143	source_plane=0
terrain	empty_terrain_no_floor_context	0	empty terrain tile	1209	9214	0	18	143	source_plane=0
terrain	empty_terrain_no_floor_context	0	empty terrain tile	1209	9215	0	18	143	source_plane=0
terrain	empty_terrain_no_floor_context	0	empty terrain tile	1210	9152	0	18	143	source_plane=0
terrain	empty_terrain_no_floor_context	0	empty terrain tile	1210	9153	0	18	143	source_plane=0
terrain	empty_terrain_no_floor_context	0	empty terrain tile	1210	9154	0	18	143	source_plane=0
terrain	empty_terrain_no_floor_context	0	empty terrain tile	1210	9155	0	18	143	source_plane=0
terrain	empty_terrain_no_floor_context	0	empty terrain tile	1210	9156	0	18	143	source_plane=0
terrain	empty_terrain_no_floor_context	0	empty terrain tile	1210	9157	0	18	143	source_plane=0
terrain	empty_terrain_no_floor_context	0	empty terrain tile	1210	9158	0	18	143	source_plane=0
terrain	empty_terrain_no_floor_context	0	empty terrain tile	1210	9159	0	18	143	source_plane=0
terrain	empty_terrain_no_floor_context	0	empty terrain tile	1210	9160	0	18	143	source_plane=0
terrain	empty_terrain_no_floor_context	0	empty terrain tile	1210	9161	0	18	143	source_plane=0
terrain	empty_terrain_no_floor_context	0	empty terrain tile	1210	9162	0	18	143	source_plane=0
terrain	empty_terrain_no_floor_context	0	empty terrain tile	1210	9163	0	18	143	source_plane=0
terrain	empty_terrain_no_floor_context	0	empty terrain tile	1210	9164	0	18	143	source_plane=0
terrain	empty_terrain_no_floor_context	0	empty terrain tile	1210	9165	0	18	143	source_plane=0
terrain	empty_terrain_no_floor_context	0	empty terrain tile	1210	9166	0	18	143	source_plane=0
terrain	empty_terrain_no_floor_context	0	empty terrain tile	1210	9167	0	18	143	source_plane=0
terrain	empty_terrain_no_floor_context	0	empty terrain tile	1210	9168	0	18	143	source_plane=0
terrain	empty_terrain_no_floor_context	0	empty terrain tile	1210	9169	0	18	143	source_plane=0
terrain	empty_terrain_no_floor_context	0	empty terrain tile	1210	9170	0	18	143	source_plane=0
terrain	empty_terrain_no_floor_context	0	empty terrain tile	1210	9171	0	18	143	source_plane=0
terrain	empty_terrain_no_floor_context	0	empty terrain tile	1210	9172	0	18	143	source_plane=0
terrain	empty_terrain_no_floor_context	0	empty terrain tile	1210	9173	0	18	143	source_plane=0
terrain	empty_terrain_no_floor_context	0	empty terrain tile	1210	9174	0	18	143	source_plane=0
terrain	empty_terrain_no_floor_context	0	empty terrain tile	1210	9175	0	18	143	source_plane=0
terrain	empty_terrain_no_floor_context	0	empty terrain tile	1210	9176	0	18	143	source_plane=0
terrain	empty_terrain_no_floor_context	0	empty terrain tile	1210	9177	0	18	143	source_plane=0
terrain	empty_terrain_no_floor_context	0	empty terrain tile	1210	9178	0	18	143	source_plane=0
terrain	empty_terrain_no_floor_context	0	empty terrain tile	1210	9179	0	18	143	source_plane=0
terrain	empty_terrain_no_floor_context	0	empty terrain tile	1210	9180	0	18	143	source_plane=0
terrain	empty_terrain_no_floor_context	0	empty terrain tile	1210	9181	0	18	143	source_plane=0
terrain	empty_terrain_no_floor_context	0	empty terrain tile	1210	9182	0	18	143	source_plane=0
terrain	empty_terrain_no_floor_context	0	empty terrain tile	1210	9183	0	18	143	source_plane=0
terrain	empty_terrain_no_floor_context	0	empty terrain tile	1210	9184	0	18	143	source_plane=0
terrain	empty_terrain_no_floor_context	0	empty terrain tile	1210	9185	0	18	143	source_plane=0
terrain	empty_terrain_no_floor_context	0	empty terrain tile	1210	9186	0	18	143	source_plane=0
terrain	empty_terrain_no_floor_context	0	empty terrain tile	1210	9187	0	18	143	source_plane=0
terrain	empty_terrain_no_floor_context	0	empty terrain tile	1210	9188	0	18	143	source_plane=0
terrain	empty_terrain_no_floor_context	0	empty terrain tile	1210	9189	0	18	143	source_plane=0
terrain	empty_terrain_no_floor_context	0	empty terrain tile	1210	9190	0	18	143	source_plane=0
terrain	empty_terrain_no_floor_context	0	empty terrain tile	1210	9191	0	18	143	source_plane=0
terrain	empty_terrain_no_floor_context	0	empty terrain tile	1210	9192	0	18	143	source_plane=0
terrain	empty_terrain_no_floor_context	0	empty terrain tile	1210	9193	0	18	143	source_plane=0
terrain	empty_terrain_no_floor_context	0	empty terrain tile	1210	9194	0	18	143	source_plane=0
terrain	empty_terrain_no_floor_context	0	empty terrain tile	1210	9195	0	18	143	source_plane=0
terrain	empty_terrain_no_floor_context	0	empty terrain tile	1210	9196	0	18	143	source_plane=0
terrain	empty_terrain_no_floor_context	0	empty terrain tile	1210	9197	0	18	143	source_plane=0
terrain	empty_terrain_no_floor_context	0	empty terrain tile	1210	9198	0	18	143	source_plane=0
terrain	empty_terrain_no_floor_context	0	empty terrain tile	1210	9199	0	18	143	source_plane=0
terrain	empty_terrain_no_floor_context	0	empty terrain tile	1210	9200	0	18	143	source_plane=0
terrain	empty_terrain_no_floor_context	0	empty terrain tile	1210	9201	0	18	143	source_plane=0
terrain	empty_terrain_no_floor_context	0	empty terrain tile	1210	9202	0	18	143	source_plane=0
terrain	empty_terrain_no_floor_context	0	empty terrain tile	1210	9203	0	18	143	source_plane=0
terrain	empty_terrain_no_floor_context	0	empty terrain tile	1210	9204	0	18	143	source_plane=0
terrain	empty_terrain_no_floor_context	0	empty terrain tile	1210	9205	0	18	143	source_plane=0
terrain	empty_terrain_no_floor_context	0	empty terrain tile	1210	9206	0	18	143	source_plane=0
terrain	empty_terrain_no_floor_context	0	empty terrain tile	1210	9207	0	18	143	source_plane=0
terrain	empty_terrain_no_floor_context	0	empty terrain tile	1210	9208	0	18	143	source_plane=0
terrain	empty_terrain_no_floor_context	0	empty terrain tile	1210	9209	0	18	143	source_plane=0
terrain	empty_terrain_no_floor_context	0	empty terrain tile	1210	9210	0	18	143	source_plane=0
terrain	empty_terrain_no_floor_context	0	empty terrain tile	1210	9211	0	18	143	source_plane=0
terrain	empty_terrain_no_floor_context	0	empty terrain tile	1210	9212	0	18	143	source_plane=0
terrain	empty_terrain_no_floor_context	0	empty terrain tile	1210	9213	0	18	143	source_plane=0
terrain	empty_terrain_no_floor_context	0	empty terrain tile	1210	9214	0	18	143	source_plane=0
terrain	empty_terrain_no_floor_context	0	empty terrain tile	1210	9215	0	18	143	source_plane=0
terrain	empty_terrain_no_floor_context	0	empty terrain tile	1211	9152	0	18	143	source_plane=0
terrain	empty_terrain_no_floor_context	0	empty terrain tile	1211	9153	0	18	143	source_plane=0
terrain	empty_terrain_no_floor_context	0	empty terrain tile	1211	9154	0	18	143	source_plane=0
terrain	empty_terrain_no_floor_context	0	empty terrain tile	1211	9155	0	18	143	source_plane=0
terrain	empty_terrain_no_floor_context	0	empty terrain tile	1211	9156	0	18	143	source_plane=0
terrain	empty_terrain_no_floor_context	0	empty terrain tile	1211	9157	0	18	143	source_plane=0
terrain	empty_terrain_no_floor_context	0	empty terrain tile	1211	9158	0	18	143	source_plane=0
terrain	empty_terrain_no_floor_context	0	empty terrain tile	1211	9159	0	18	143	source_plane=0
terrain	empty_terrain_no_floor_context	0	empty terrain tile	1211	9160	0	18	143	source_plane=0
terrain	empty_terrain_no_floor_context	0	empty terrain tile	1211	9161	0	18	143	source_plane=0
terrain	empty_terrain_no_floor_context	0	empty terrain tile	1211	9162	0	18	143	source_plane=0
terrain	empty_terrain_no_floor_context	0	empty terrain tile	1211	9163	0	18	143	source_plane=0
terrain	empty_terrain_no_floor_context	0	empty terrain tile	1211	9164	0	18	143	source_plane=0
terrain	empty_terrain_no_floor_context	0	empty terrain tile	1211	9165	0	18	143	source_plane=0
terrain	empty_terrain_no_floor_context	0	empty terrain tile	1211	9166	0	18	143	source_plane=0
terrain	empty_terrain_no_floor_context	0	empty terrain tile	1211	9167	0	18	143	source_plane=0
terrain	empty_terrain_no_floor_context	0	empty terrain tile	1211	9168	0	18	143	source_plane=0
terrain	empty_terrain_no_floor_context	0	empty terrain tile	1211	9169	0	18	143	source_plane=0
terrain	empty_terrain_no_floor_context	0	empty terrain tile	1211	9170	0	18	143	source_plane=0
terrain	empty_terrain_no_floor_context	0	empty terrain tile	1211	9171	0	18	143	source_plane=0
terrain	empty_terrain_no_floor_context	0	empty terrain tile	1211	9172	0	18	143	source_plane=0
terrain	empty_terrain_no_floor_context	0	empty terrain tile	1211	9173	0	18	143	source_plane=0
terrain	empty_terrain_no_floor_context	0	empty terrain tile	1211	9174	0	18	143	source_plane=0
terrain	empty_terrain_no_floor_context	0	empty terrain tile	1211	9175	0	18	143	source_plane=0
terrain	empty_terrain_no_floor_context	0	empty terrain tile	1211	9176	0	18	143	source_plane=0
terrain	empty_terrain_no_floor_context	0	empty terrain tile	1211	9177	0	18	143	source_plane=0
terrain	empty_terrain_no_floor_context	0	empty terrain tile	1211	9178	0	18	143	source_plane=0
terrain	empty_terrain_no_floor_context	0	empty terrain tile	1211	9179	0	18	143	source_plane=0
terrain	empty_terrain_no_floor_context	0	empty terrain tile	1211	9180	0	18	143	source_plane=0
terrain	empty_terrain_no_floor_context	0	empty terrain tile	1211	9181	0	18	143	source_plane=0
terrain	empty_terrain_no_floor_context	0	empty terrain tile	1211	9182	0	18	143	source_plane=0
terrain	empty_terrain_no_floor_context	0	empty terrain tile	1211	9183	0	18	143	source_plane=0
terrain	empty_terrain_no_floor_context	0	empty terrain tile	1211	9184	0	18	143	source_plane=0
terrain	empty_terrain_no_floor_context	0	empty terrain tile	1211	9185	0	18	143	source_plane=0
terrain	empty_terrain_no_floor_context	0	empty terrain tile	1211	9186	0	18	143	source_plane=0
terrain	empty_terrain_no_floor_context	0	empty terrain tile	1211	9187	0	18	143	source_plane=0
terrain	empty_terrain_no_floor_context	0	empty terrain tile	1211	9188	0	18	143	source_plane=0
terrain	empty_terrain_no_floor_context	0	empty terrain tile	1211	9189	0	18	143	source_plane=0
terrain	empty_terrain_no_floor_context	0	empty terrain tile	1211	9190	0	18	143	source_plane=0
terrain	empty_terrain_no_floor_context	0	empty terrain tile	1211	9191	0	18	143	source_plane=0
terrain	empty_terrain_no_floor_context	0	empty terrain tile	1211	9192	0	18	143	source_plane=0
terrain	empty_terrain_no_floor_context	0	empty terrain tile	1211	9193	0	18	143	source_plane=0
terrain	empty_terrain_no_floor_context	0	empty terrain tile	1211	9194	0	18	143	source_plane=0
terrain	empty_terrain_no_floor_context	0	empty terrain tile	1211	9195	0	18	143	source_plane=0
terrain	empty_terrain_no_floor_context	0	empty terrain tile	1211	9196	0	18	143	source_plane=0
terrain	empty_terrain_no_floor_context	0	empty terrain tile	1211	9197	0	18	143	source_plane=0
terrain	empty_terrain_no_floor_context	0	empty terrain tile	1211	9198	0	18	143	source_plane=0
terrain	empty_terrain_no_floor_context	0	empty terrain tile	1211	9199	0	18	143	source_plane=0
terrain	empty_terrain_no_floor_context	0	empty terrain tile	1211	9200	0	18	143	source_plane=0
terrain	empty_terrain_no_floor_context	0	empty terrain tile	1211	9201	0	18	143	source_plane=0
terrain	empty_terrain_no_floor_context	0	empty terrain tile	1211	9202	0	18	143	source_plane=0
terrain	empty_terrain_no_floor_context	0	empty terrain tile	1211	9203	0	18	143	source_plane=0
terrain	empty_terrain_no_floor_context	0	empty terrain tile	1211	9204	0	18	143	source_plane=0
terrain	empty_terrain_no_floor_context	0	empty terrain tile	1211	9205	0	18	143	source_plane=0
terrain	empty_terrain_no_floor_context	0	empty terrain tile	1211	9206	0	18	143	source_plane=0
terrain	empty_terrain_no_floor_context	0	empty terrain tile	1211	9207	0	18	143	source_plane=0
terrain	empty_terrain_no_floor_context	0	empty terrain tile	1211	9208	0	18	143	source_plane=0
terrain	empty_terrain_no_floor_context	0	empty terrain tile	1211	9209	0	18	143	source_plane=0
terrain	empty_terrain_no_floor_context	0	empty terrain tile	1211	9210	0	18	143	source_plane=0
terrain	empty_terrain_no_floor_context	0	empty terrain tile	1211	9211	0	18	143	source_plane=0
terrain	empty_terrain_no_floor_context	0	empty terrain tile	1211	9212	0	18	143	source_plane=0
terrain	empty_terrain_no_floor_context	0	empty terrain tile	1211	9213	0	18	143	source_plane=0
terrain	empty_terrain_no_floor_context	0	empty terrain tile	1211	9214	0	18	143	source_plane=0
terrain	empty_terrain_no_floor_context	0	empty terrain tile	1211	9215	0	18	143	source_plane=0
terrain	empty_terrain_no_floor_context	0	empty terrain tile	1212	9152	0	18	143	source_plane=0
terrain	empty_terrain_no_floor_context	0	empty terrain tile	1212	9153	0	18	143	source_plane=0
terrain	empty_terrain_no_floor_context	0	empty terrain tile	1212	9154	0	18	143	source_plane=0
terrain	empty_terrain_no_floor_context	0	empty terrain tile	1212	9155	0	18	143	source_plane=0
terrain	empty_terrain_no_floor_context	0	empty terrain tile	1212	9156	0	18	143	source_plane=0
terrain	empty_terrain_no_floor_context	0	empty terrain tile	1212	9157	0	18	143	source_plane=0
terrain	empty_terrain_no_floor_context	0	empty terrain tile	1212	9158	0	18	143	source_plane=0
terrain	empty_terrain_no_floor_context	0	empty terrain tile	1212	9159	0	18	143	source_plane=0
terrain	empty_terrain_no_floor_context	0	empty terrain tile	1212	9160	0	18	143	source_plane=0
terrain	empty_terrain_no_floor_context	0	empty terrain tile	1212	9161	0	18	143	source_plane=0
terrain	empty_terrain_no_floor_context	0	empty terrain tile	1212	9162	0	18	143	source_plane=0
terrain	empty_terrain_no_floor_context	0	empty terrain tile	1212	9163	0	18	143	source_plane=0
terrain	empty_terrain_no_floor_context	0	empty terrain tile	1212	9164	0	18	143	source_plane=0
terrain	empty_terrain_no_floor_context	0	empty terrain tile	1212	9165	0	18	143	source_plane=0
terrain	empty_terrain_no_floor_context	0	empty terrain tile	1212	9166	0	18	143	source_plane=0
terrain	empty_terrain_no_floor_context	0	empty terrain tile	1212	9167	0	18	143	source_plane=0
terrain	empty_terrain_no_floor_context	0	empty terrain tile	1212	9168	0	18	143	source_plane=0
terrain	empty_terrain_no_floor_context	0	empty terrain tile	1212	9169	0	18	143	source_plane=0
terrain	empty_terrain_no_floor_context	0	empty terrain tile	1212	9170	0	18	143	source_plane=0
terrain	empty_terrain_no_floor_context	0	empty terrain tile	1212	9171	0	18	143	source_plane=0
terrain	empty_terrain_no_floor_context	0	empty terrain tile	1212	9172	0	18	143	source_plane=0
terrain	empty_terrain_no_floor_context	0	empty terrain tile	1212	9173	0	18	143	source_plane=0
terrain	empty_terrain_no_floor_context	0	empty terrain tile	1212	9174	0	18	143	source_plane=0
terrain	empty_terrain_no_floor_context	0	empty terrain tile	1212	9175	0	18	143	source_plane=0
terrain	empty_terrain_no_floor_context	0	empty terrain tile	1212	9176	0	18	143	source_plane=0
terrain	empty_terrain_no_floor_context	0	empty terrain tile	1212	9177	0	18	143	source_plane=0
terrain	empty_terrain_no_floor_context	0	empty terrain tile	1212	9178	0	18	143	source_plane=0
terrain	empty_terrain_no_floor_context	0	empty terrain tile	1212	9179	0	18	143	source_plane=0
terrain	empty_terrain_no_floor_context	0	empty terrain tile	1212	9180	0	18	143	source_plane=0
terrain	empty_terrain_no_floor_context	0	empty terrain tile	1212	9181	0	18	143	source_plane=0
terrain	empty_terrain_no_floor_context	0	empty terrain tile	1212	9182	0	18	143	source_plane=0
terrain	empty_terrain_no_floor_context	0	empty terrain tile	1212	9183	0	18	143	source_plane=0
terrain	empty_terrain_no_floor_context	0	empty terrain tile	1212	9184	0	18	143	source_plane=0
terrain	empty_terrain_no_floor_context	0	empty terrain tile	1212	9185	0	18	143	source_plane=0
terrain	empty_terrain_no_floor_context	0	empty terrain tile	1212	9186	0	18	143	source_plane=0
terrain	empty_terrain_no_floor_context	0	empty terrain tile	1212	9187	0	18	143	source_plane=0
terrain	empty_terrain_no_floor_context	0	empty terrain tile	1212	9188	0	18	143	source_plane=0
terrain	empty_terrain_no_floor_context	0	empty terrain tile	1212	9189	0	18	143	source_plane=0
terrain	empty_terrain_no_floor_context	0	empty terrain tile	1212	9190	0	18	143	source_plane=0
terrain	empty_terrain_no_floor_context	0	empty terrain tile	1212	9191	0	18	143	source_plane=0
terrain	empty_terrain_no_floor_context	0	empty terrain tile	1212	9192	0	18	143	source_plane=0
terrain	empty_terrain_no_floor_context	0	empty terrain tile	1212	9193	0	18	143	source_plane=0
terrain	empty_terrain_no_floor_context	0	empty terrain tile	1212	9194	0	18	143	source_plane=0
terrain	empty_terrain_no_floor_context	0	empty terrain tile	1212	9195	0	18	143	source_plane=0
terrain	empty_terrain_no_floor_context	0	empty terrain tile	1212	9196	0	18	143	source_plane=0
terrain	empty_terrain_no_floor_context	0	empty terrain tile	1212	9197	0	18	143	source_plane=0
terrain	empty_terrain_no_floor_context	0	empty terrain tile	1212	9198	0	18	143	source_plane=0
terrain	empty_terrain_no_floor_context	0	empty terrain tile	1212	9199	0	18	143	source_plane=0
terrain	empty_terrain_no_floor_context	0	empty terrain tile	1212	9200	0	18	143	source_plane=0
terrain	empty_terrain_no_floor_context	0	empty terrain tile	1212	9201	0	18	143	source_plane=0
terrain	empty_terrain_no_floor_context	0	empty terrain tile	1212	9202	0	18	143	source_plane=0
terrain	empty_terrain_no_floor_context	0	empty terrain tile	1212	9203	0	18	143	source_plane=0
terrain	empty_terrain_no_floor_context	0	empty terrain tile	1212	9204	0	18	143	source_plane=0
terrain	empty_terrain_no_floor_context	0	empty terrain tile	1212	9205	0	18	143	source_plane=0
terrain	empty_terrain_no_floor_context	0	empty terrain tile	1212	9206	0	18	143	source_plane=0
terrain	empty_terrain_no_floor_context	0	empty terrain tile	1212	9207	0	18	143	source_plane=0
terrain	empty_terrain_no_floor_context	0	empty terrain tile	1212	9208	0	18	143	source_plane=0
terrain	empty_terrain_no_floor_context	0	empty terrain tile	1212	9209	0	18	143	source_plane=0
terrain	empty_terrain_no_floor_context	0	empty terrain tile	1212	9210	0	18	143	source_plane=0
terrain	empty_terrain_no_floor_context	0	empty terrain tile	1212	9211	0	18	143	source_plane=0
terrain	empty_terrain_no_floor_context	0	empty terrain tile	1212	9212	0	18	143	source_plane=0
terrain	empty_terrain_no_floor_context	0	empty terrain tile	1212	9213	0	18	143	source_plane=0
terrain	empty_terrain_no_floor_context	0	empty terrain tile	1212	9214	0	18	143	source_plane=0
terrain	empty_terrain_no_floor_context	0	empty terrain tile	1212	9215	0	18	143	source_plane=0
terrain	empty_terrain_no_floor_context	0	empty terrain tile	1213	9152	0	18	143	source_plane=0
terrain	empty_terrain_no_floor_context	0	empty terrain tile	1213	9153	0	18	143	source_plane=0
terrain	empty_terrain_no_floor_context	0	empty terrain tile	1213	9154	0	18	143	source_plane=0
terrain	empty_terrain_no_floor_context	0	empty terrain tile	1213	9155	0	18	143	source_plane=0
terrain	empty_terrain_no_floor_context	0	empty terrain tile	1213	9156	0	18	143	source_plane=0
terrain	empty_terrain_no_floor_context	0	empty terrain tile	1213	9157	0	18	143	source_plane=0
terrain	empty_terrain_no_floor_context	0	empty terrain tile	1213	9158	0	18	143	source_plane=0
terrain	empty_terrain_no_floor_context	0	empty terrain tile	1213	9159	0	18	143	source_plane=0
terrain	empty_terrain_no_floor_context	0	empty terrain tile	1213	9160	0	18	143	source_plane=0
terrain	empty_terrain_no_floor_context	0	empty terrain tile	1213	9161	0	18	143	source_plane=0
terrain	empty_terrain_no_floor_context	0	empty terrain tile	1213	9162	0	18	143	source_plane=0
terrain	empty_terrain_no_floor_context	0	empty terrain tile	1213	9163	0	18	143	source_plane=0
terrain	empty_terrain_no_floor_context	0	empty terrain tile	1213	9164	0	18	143	source_plane=0
terrain	empty_terrain_no_floor_context	0	empty terrain tile	1213	9165	0	18	143	source_plane=0
terrain	empty_terrain_no_floor_context	0	empty terrain tile	1213	9166	0	18	143	source_plane=0
terrain	empty_terrain_no_floor_context	0	empty terrain tile	1213	9167	0	18	143	source_plane=0
terrain	empty_terrain_no_floor_context	0	empty terrain tile	1213	9168	0	18	143	source_plane=0
terrain	empty_terrain_no_floor_context	0	empty terrain tile	1213	9169	0	18	143	source_plane=0
terrain	empty_terrain_no_floor_context	0	empty terrain tile	1213	9170	0	18	143	source_plane=0
terrain	empty_terrain_no_floor_context	0	empty terrain tile	1213	9171	0	18	143	source_plane=0
terrain	empty_terrain_no_floor_context	0	empty terrain tile	1213	9172	0	18	143	source_plane=0
terrain	empty_terrain_no_floor_context	0	empty terrain tile	1213	9173	0	18	143	source_plane=0
terrain	empty_terrain_no_floor_context	0	empty terrain tile	1213	9174	0	18	143	source_plane=0
terrain	empty_terrain_no_floor_context	0	empty terrain tile	1213	9175	0	18	143	source_plane=0
terrain	empty_terrain_no_floor_context	0	empty terrain tile	1213	9176	0	18	143	source_plane=0
terrain	empty_terrain_no_floor_context	0	empty terrain tile	1213	9177	0	18	143	source_plane=0
terrain	empty_terrain_no_floor_context	0	empty terrain tile	1213	9178	0	18	143	source_plane=0
terrain	empty_terrain_no_floor_context	0	empty terrain tile	1213	9179	0	18	143	source_plane=0
terrain	empty_terrain_no_floor_context	0	empty terrain tile	1213	9180	0	18	143	source_plane=0
terrain	empty_terrain_no_floor_context	0	empty terrain tile	1213	9181	0	18	143	source_plane=0
terrain	empty_terrain_no_floor_context	0	empty terrain tile	1213	9182	0	18	143	source_plane=0
terrain	empty_terrain_no_floor_context	0	empty terrain tile	1213	9183	0	18	143	source_plane=0
terrain	empty_terrain_no_floor_context	0	empty terrain tile	1213	9184	0	18	143	source_plane=0
terrain	empty_terrain_no_floor_context	0	empty terrain tile	1213	9185	0	18	143	source_plane=0
terrain	empty_terrain_no_floor_context	0	empty terrain tile	1213	9186	0	18	143	source_plane=0
terrain	empty_terrain_no_floor_context	0	empty terrain tile	1213	9187	0	18	143	source_plane=0
terrain	empty_terrain_no_floor_context	0	empty terrain tile	1213	9188	0	18	143	source_plane=0
terrain	empty_terrain_no_floor_context	0	empty terrain tile	1213	9189	0	18	143	source_plane=0
terrain	empty_terrain_no_floor_context	0	empty terrain tile	1213	9190	0	18	143	source_plane=0
terrain	empty_terrain_no_floor_context	0	empty terrain tile	1213	9191	0	18	143	source_plane=0
terrain	empty_terrain_no_floor_context	0	empty terrain tile	1213	9192	0	18	143	source_plane=0
terrain	empty_terrain_no_floor_context	0	empty terrain tile	1213	9193	0	18	143	source_plane=0
terrain	empty_terrain_no_floor_context	0	empty terrain tile	1213	9194	0	18	143	source_plane=0
terrain	empty_terrain_no_floor_context	0	empty terrain tile	1213	9195	0	18	143	source_plane=0
terrain	empty_terrain_no_floor_context	0	empty terrain tile	1213	9196	0	18	143	source_plane=0
terrain	empty_terrain_no_floor_context	0	empty terrain tile	1213	9197	0	18	143	source_plane=0
terrain	empty_terrain_no_floor_context	0	empty terrain tile	1213	9198	0	18	143	source_plane=0
terrain	empty_terrain_no_floor_context	0	empty terrain tile	1213	9199	0	18	143	source_plane=0
terrain	empty_terrain_no_floor_context	0	empty terrain tile	1213	9200	0	18	143	source_plane=0
terrain	empty_terrain_no_floor_context	0	empty terrain tile	1213	9201	0	18	143	source_plane=0
terrain	empty_terrain_no_floor_context	0	empty terrain tile	1213	9202	0	18	143	source_plane=0
terrain	empty_terrain_no_floor_context	0	empty terrain tile	1213	9203	0	18	143	source_plane=0
terrain	empty_terrain_no_floor_context	0	empty terrain tile	1213	9204	0	18	143	source_plane=0
terrain	empty_terrain_no_floor_context	0	empty terrain tile	1213	9205	0	18	143	source_plane=0
terrain	empty_terrain_no_floor_context	0	empty terrain tile	1213	9206	0	18	143	source_plane=0
terrain	empty_terrain_no_floor_context	0	empty terrain tile	1213	9207	0	18	143	source_plane=0
terrain	empty_terrain_no_floor_context	0	empty terrain tile	1213	9208	0	18	143	source_plane=0
terrain	empty_terrain_no_floor_context	0	empty terrain tile	1213	9209	0	18	143	source_plane=0
terrain	empty_terrain_no_floor_context	0	empty terrain tile	1213	9210	0	18	143	source_plane=0
terrain	empty_terrain_no_floor_context	0	empty terrain tile	1213	9211	0	18	143	source_plane=0
terrain	empty_terrain_no_floor_context	0	empty terrain tile	1213	9212	0	18	143	source_plane=0
terrain	empty_terrain_no_floor_context	0	empty terrain tile	1213	9213	0	18	143	source_plane=0
terrain	empty_terrain_no_floor_context	0	empty terrain tile	1213	9214	0	18	143	source_plane=0
terrain	empty_terrain_no_floor_context	0	empty terrain tile	1213	9215	0	18	143	source_plane=0
terrain	empty_terrain_no_floor_context	0	empty terrain tile	1214	9152	0	18	143	source_plane=0
terrain	empty_terrain_no_floor_context	0	empty terrain tile	1214	9153	0	18	143	source_plane=0
terrain	empty_terrain_no_floor_context	0	empty terrain tile	1214	9154	0	18	143	source_plane=0
terrain	empty_terrain_no_floor_context	0	empty terrain tile	1214	9155	0	18	143	source_plane=0
terrain	empty_terrain_no_floor_context	0	empty terrain tile	1214	9156	0	18	143	source_plane=0
terrain	empty_terrain_no_floor_context	0	empty terrain tile	1214	9157	0	18	143	source_plane=0
terrain	empty_terrain_no_floor_context	0	empty terrain tile	1214	9158	0	18	143	source_plane=0
terrain	empty_terrain_no_floor_context	0	empty terrain tile	1214	9159	0	18	143	source_plane=0
terrain	empty_terrain_no_floor_context	0	empty terrain tile	1214	9160	0	18	143	source_plane=0
terrain	empty_terrain_no_floor_context	0	empty terrain tile	1214	9161	0	18	143	source_plane=0
terrain	empty_terrain_no_floor_context	0	empty terrain tile	1214	9162	0	18	143	source_plane=0
terrain	empty_terrain_no_floor_context	0	empty terrain tile	1214	9163	0	18	143	source_plane=0
terrain	empty_terrain_no_floor_context	0	empty terrain tile	1214	9164	0	18	143	source_plane=0
terrain	empty_terrain_no_floor_context	0	empty terrain tile	1214	9165	0	18	143	source_plane=0
terrain	empty_terrain_no_floor_context	0	empty terrain tile	1214	9166	0	18	143	source_plane=0
terrain	empty_terrain_no_floor_context	0	empty terrain tile	1214	9167	0	18	143	source_plane=0
terrain	empty_terrain_no_floor_context	0	empty terrain tile	1214	9168	0	18	143	source_plane=0
terrain	empty_terrain_no_floor_context	0	empty terrain tile	1214	9169	0	18	143	source_plane=0
terrain	empty_terrain_no_floor_context	0	empty terrain tile	1214	9170	0	18	143	source_plane=0
terrain	empty_terrain_no_floor_context	0	empty terrain tile	1214	9171	0	18	143	source_plane=0
terrain	empty_terrain_no_floor_context	0	empty terrain tile	1214	9172	0	18	143	source_plane=0
terrain	empty_terrain_no_floor_context	0	empty terrain tile	1214	9173	0	18	143	source_plane=0
terrain	empty_terrain_no_floor_context	0	empty terrain tile	1214	9174	0	18	143	source_plane=0
terrain	empty_terrain_no_floor_context	0	empty terrain tile	1214	9175	0	18	143	source_plane=0
terrain	empty_terrain_no_floor_context	0	empty terrain tile	1214	9176	0	18	143	source_plane=0
terrain	empty_terrain_no_floor_context	0	empty terrain tile	1214	9177	0	18	143	source_plane=0
terrain	empty_terrain_no_floor_context	0	empty terrain tile	1214	9178	0	18	143	source_plane=0
terrain	empty_terrain_no_floor_context	0	empty terrain tile	1214	9179	0	18	143	source_plane=0
terrain	empty_terrain_no_floor_context	0	empty terrain tile	1214	9180	0	18	143	source_plane=0
terrain	empty_terrain_no_floor_context	0	empty terrain tile	1214	9181	0	18	143	source_plane=0
terrain	empty_terrain_no_floor_context	0	empty terrain tile	1214	9182	0	18	143	source_plane=0
terrain	empty_terrain_no_floor_context	0	empty terrain tile	1214	9183	0	18	143	source_plane=0
terrain	empty_terrain_no_floor_context	0	empty terrain tile	1214	9184	0	18	143	source_plane=0
terrain	empty_terrain_no_floor_context	0	empty terrain tile	1214	9185	0	18	143	source_plane=0
terrain	empty_terrain_no_floor_context	0	empty terrain tile	1214	9186	0	18	143	source_plane=0
terrain	empty_terrain_no_floor_context	0	empty terrain tile	1214	9187	0	18	143	source_plane=0
terrain	empty_terrain_no_floor_context	0	empty terrain tile	1214	9188	0	18	143	source_plane=0
terrain	empty_terrain_no_floor_context	0	empty terrain tile	1214	9189	0	18	143	source_plane=0
terrain	empty_terrain_no_floor_context	0	empty terrain tile	1214	9190	0	18	143	source_plane=0
terrain	empty_terrain_no_floor_context	0	empty terrain tile	1214	9191	0	18	143	source_plane=0
terrain	empty_terrain_no_floor_context	0	empty terrain tile	1214	9192	0	18	143	source_plane=0
terrain	empty_terrain_no_floor_context	0	empty terrain tile	1214	9193	0	18	143	source_plane=0
terrain	empty_terrain_no_floor_context	0	empty terrain tile	1214	9194	0	18	143	source_plane=0
terrain	empty_terrain_no_floor_context	0	empty terrain tile	1214	9195	0	18	143	source_plane=0
terrain	empty_terrain_no_floor_context	0	empty terrain tile	1214	9196	0	18	143	source_plane=0
terrain	empty_terrain_no_floor_context	0	empty terrain tile	1214	9197	0	18	143	source_plane=0
terrain	empty_terrain_no_floor_context	0	empty terrain tile	1214	9198	0	18	143	source_plane=0
terrain	empty_terrain_no_floor_context	0	empty terrain tile	1214	9199	0	18	143	source_plane=0
terrain	empty_terrain_no_floor_context	0	empty terrain tile	1214	9200	0	18	143	source_plane=0
terrain	empty_terrain_no_floor_context	0	empty terrain tile	1214	9201	0	18	143	source_plane=0
terrain	empty_terrain_no_floor_context	0	empty terrain tile	1214	9202	0	18	143	source_plane=0
terrain	empty_terrain_no_floor_context	0	empty terrain tile	1214	9203	0	18	143	source_plane=0
terrain	empty_terrain_no_floor_context	0	empty terrain tile	1214	9204	0	18	143	source_plane=0
terrain	empty_terrain_no_floor_context	0	empty terrain tile	1214	9205	0	18	143	source_plane=0
terrain	empty_terrain_no_floor_context	0	empty terrain tile	1214	9206	0	18	143	source_plane=0
terrain	empty_terrain_no_floor_context	0	empty terrain tile	1214	9207	0	18	143	source_plane=0
terrain	empty_terrain_no_floor_context	0	empty terrain tile	1214	9208	0	18	143	source_plane=0
terrain	empty_terrain_no_floor_context	0	empty terrain tile	1214	9209	0	18	143	source_plane=0
terrain	empty_terrain_no_floor_context	0	empty terrain tile	1214	9210	0	18	143	source_plane=0
terrain	empty_terrain_no_floor_context	0	empty terrain tile	1214	9211	0	18	143	source_plane=0
terrain	empty_terrain_no_floor_context	0	empty terrain tile	1214	9212	0	18	143	source_plane=0
terrain	empty_terrain_no_floor_context	0	empty terrain tile	1214	9213	0	18	143	source_plane=0
terrain	empty_terrain_no_floor_context	0	empty terrain tile	1214	9214	0	18	143	source_plane=0
terrain	empty_terrain_no_floor_context	0	empty terrain tile	1214	9215	0	18	143	source_plane=0
terrain	empty_terrain_no_floor_context	0	empty terrain tile	1215	9152	0	18	143	source_plane=0
terrain	empty_terrain_no_floor_context	0	empty terrain tile	1215	9153	0	18	143	source_plane=0
terrain	empty_terrain_no_floor_context	0	empty terrain tile	1215	9154	0	18	143	source_plane=0
terrain	empty_terrain_no_floor_context	0	empty terrain tile	1215	9155	0	18	143	source_plane=0
terrain	empty_terrain_no_floor_context	0	empty terrain tile	1215	9156	0	18	143	source_plane=0
terrain	empty_terrain_no_floor_context	0	empty terrain tile	1215	9157	0	18	143	source_plane=0
terrain	empty_terrain_no_floor_context	0	empty terrain tile	1215	9158	0	18	143	source_plane=0
terrain	empty_terrain_no_floor_context	0	empty terrain tile	1215	9159	0	18	143	source_plane=0
terrain	empty_terrain_no_floor_context	0	empty terrain tile	1215	9160	0	18	143	source_plane=0
terrain	empty_terrain_no_floor_context	0	empty terrain tile	1215	9161	0	18	143	source_plane=0
terrain	empty_terrain_no_floor_context	0	empty terrain tile	1215	9162	0	18	143	source_plane=0
terrain	empty_terrain_no_floor_context	0	empty terrain tile	1215	9163	0	18	143	source_plane=0
terrain	empty_terrain_no_floor_context	0	empty terrain tile	1215	9164	0	18	143	source_plane=0
terrain	empty_terrain_no_floor_context	0	empty terrain tile	1215	9165	0	18	143	source_plane=0
terrain	empty_terrain_no_floor_context	0	empty terrain tile	1215	9166	0	18	143	source_plane=0
terrain	empty_terrain_no_floor_context	0	empty terrain tile	1215	9167	0	18	143	source_plane=0
terrain	empty_terrain_no_floor_context	0	empty terrain tile	1215	9168	0	18	143	source_plane=0
terrain	empty_terrain_no_floor_context	0	empty terrain tile	1215	9169	0	18	143	source_plane=0
terrain	empty_terrain_no_floor_context	0	empty terrain tile	1215	9170	0	18	143	source_plane=0
terrain	empty_terrain_no_floor_context	0	empty terrain tile	1215	9171	0	18	143	source_plane=0
terrain	empty_terrain_no_floor_context	0	empty terrain tile	1215	9172	0	18	143	source_plane=0
terrain	empty_terrain_no_floor_context	0	empty terrain tile	1215	9173	0	18	143	source_plane=0
terrain	empty_terrain_no_floor_context	0	empty terrain tile	1215	9174	0	18	143	source_plane=0
terrain	empty_terrain_no_floor_context	0	empty terrain tile	1215	9175	0	18	143	source_plane=0
terrain	empty_terrain_no_floor_context	0	empty terrain tile	1215	9176	0	18	143	source_plane=0
terrain	empty_terrain_no_floor_context	0	empty terrain tile	1215	9177	0	18	143	source_plane=0
terrain	empty_terrain_no_floor_context	0	empty terrain tile	1215	9178	0	18	143	source_plane=0
terrain	empty_terrain_no_floor_context	0	empty terrain tile	1215	9179	0	18	143	source_plane=0
terrain	empty_terrain_no_floor_context	0	empty terrain tile	1215	9180	0	18	143	source_plane=0
terrain	empty_terrain_no_floor_context	0	empty terrain tile	1215	9181	0	18	143	source_plane=0
terrain	empty_terrain_no_floor_context	0	empty terrain tile	1215	9182	0	18	143	source_plane=0
terrain	empty_terrain_no_floor_context	0	empty terrain tile	1215	9183	0	18	143	source_plane=0
terrain	empty_terrain_no_floor_context	0	empty terrain tile	1215	9184	0	18	143	source_plane=0
terrain	empty_terrain_no_floor_context	0	empty terrain tile	1215	9185	0	18	143	source_plane=0
terrain	empty_terrain_no_floor_context	0	empty terrain tile	1215	9186	0	18	143	source_plane=0
terrain	empty_terrain_no_floor_context	0	empty terrain tile	1215	9187	0	18	143	source_plane=0
terrain	empty_terrain_no_floor_context	0	empty terrain tile	1215	9188	0	18	143	source_plane=0
terrain	empty_terrain_no_floor_context	0	empty terrain tile	1215	9189	0	18	143	source_plane=0
terrain	empty_terrain_no_floor_context	0	empty terrain tile	1215	9190	0	18	143	source_plane=0
terrain	empty_terrain_no_floor_context	0	empty terrain tile	1215	9191	0	18	143	source_plane=0
terrain	empty_terrain_no_floor_context	0	empty terrain tile	1215	9192	0	18	143	source_plane=0
terrain	empty_terrain_no_floor_context	0	empty terrain tile	1215	9193	0	18	143	source_plane=0
terrain	empty_terrain_no_floor_context	0	empty terrain tile	1215	9194	0	18	143	source_plane=0
terrain	empty_terrain_no_floor_context	0	empty terrain tile	1215	9195	0	18	143	source_plane=0
terrain	empty_terrain_no_floor_context	0	empty terrain tile	1215	9196	0	18	143	source_plane=0
terrain	empty_terrain_no_floor_context	0	empty terrain tile	1215	9197	0	18	143	source_plane=0
terrain	empty_terrain_no_floor_context	0	empty terrain tile	1215	9198	0	18	143	source_plane=0
terrain	empty_terrain_no_floor_context	0	empty terrain tile	1215	9199	0	18	143	source_plane=0
terrain	empty_terrain_no_floor_context	0	empty terrain tile	1215	9200	0	18	143	source_plane=0
terrain	empty_terrain_no_floor_context	0	empty terrain tile	1215	9201	0	18	143	source_plane=0
terrain	empty_terrain_no_floor_context	0	empty terrain tile	1215	9202	0	18	143	source_plane=0
terrain	empty_terrain_no_floor_context	0	empty terrain tile	1215	9203	0	18	143	source_plane=0
terrain	empty_terrain_no_floor_context	0	empty terrain tile	1215	9204	0	18	143	source_plane=0
terrain	empty_terrain_no_floor_context	0	empty terrain tile	1215	9205	0	18	143	source_plane=0
terrain	empty_terrain_no_floor_context	0	empty terrain tile	1215	9206	0	18	143	source_plane=0
terrain	empty_terrain_no_floor_context	0	empty terrain tile	1215	9207	0	18	143	source_plane=0
terrain	empty_terrain_no_floor_context	0	empty terrain tile	1215	9208	0	18	143	source_plane=0
terrain	empty_terrain_no_floor_context	0	empty terrain tile	1215	9209	0	18	143	source_plane=0
terrain	empty_terrain_no_floor_context	0	empty terrain tile	1215	9210	0	18	143	source_plane=0
terrain	empty_terrain_no_floor_context	0	empty terrain tile	1215	9211	0	18	143	source_plane=0
terrain	empty_terrain_no_floor_context	0	empty terrain tile	1215	9212	0	18	143	source_plane=0
terrain	empty_terrain_no_floor_context	0	empty terrain tile	1215	9213	0	18	143	source_plane=0
terrain	empty_terrain_no_floor_context	0	empty terrain tile	1215	9214	0	18	143	source_plane=0
terrain	empty_terrain_no_floor_context	0	empty terrain tile	1215	9215	0	18	143	source_plane=0
terrain	empty_terrain_no_floor_context	0	empty terrain tile	1152	9472	0	18	148	source_plane=0
terrain	empty_terrain_no_floor_context	0	empty terrain tile	1152	9473	0	18	148	source_plane=0
terrain	empty_terrain_no_floor_context	0	empty terrain tile	1152	9474	0	18	148	source_plane=0
terrain	empty_terrain_no_floor_context	0	empty terrain tile	1152	9475	0	18	148	source_plane=0
terrain	empty_terrain_no_floor_context	0	empty terrain tile	1152	9476	0	18	148	source_plane=0
terrain	empty_terrain_no_floor_context	0	empty terrain tile	1152	9477	0	18	148	source_plane=0
terrain	empty_terrain_no_floor_context	0	empty terrain tile	1152	9478	0	18	148	source_plane=0
terrain	empty_terrain_no_floor_context	0	empty terrain tile	1152	9479	0	18	148	source_plane=0
terrain	empty_terrain_no_floor_context	0	empty terrain tile	1152	9480	0	18	148	source_plane=0
terrain	empty_terrain_no_floor_context	0	empty terrain tile	1152	9481	0	18	148	source_plane=0
terrain	empty_terrain_no_floor_context	0	empty terrain tile	1152	9482	0	18	148	source_plane=0
terrain	empty_terrain_no_floor_context	0	empty terrain tile	1152	9483	0	18	148	source_plane=0
terrain	empty_terrain_no_floor_context	0	empty terrain tile	1152	9484	0	18	148	source_plane=0
terrain	empty_terrain_no_floor_context	0	empty terrain tile	1152	9485	0	18	148	source_plane=0
terrain	empty_terrain_no_floor_context	0	empty terrain tile	1152	9486	0	18	148	source_plane=0
terrain	empty_terrain_no_floor_context	0	empty terrain tile	1152	9487	0	18	148	source_plane=0
terrain	empty_terrain_no_floor_context	0	empty terrain tile	1152	9488	0	18	148	source_plane=0
terrain	empty_terrain_no_floor_context	0	empty terrain tile	1152	9489	0	18	148	source_plane=0
terrain	empty_terrain_no_floor_context	0	empty terrain tile	1152	9490	0	18	148	source_plane=0
terrain	empty_terrain_no_floor_context	0	empty terrain tile	1152	9491	0	18	148	source_plane=0
terrain	empty_terrain_no_floor_context	0	empty terrain tile	1152	9492	0	18	148	source_plane=0
terrain	empty_terrain_no_floor_context	0	empty terrain tile	1152	9493	0	18	148	source_plane=0
terrain	empty_terrain_no_floor_context	0	empty terrain tile	1152	9494	0	18	148	source_plane=0
terrain	empty_terrain_no_floor_context	0	empty terrain tile	1152	9495	0	18	148	source_plane=0
terrain	empty_terrain_no_floor_context	0	empty terrain tile	1152	9496	0	18	148	source_plane=0
terrain	empty_terrain_no_floor_context	0	empty terrain tile	1152	9497	0	18	148	source_plane=0
terrain	empty_terrain_no_floor_context	0	empty terrain tile	1152	9498	0	18	148	source_plane=0
terrain	empty_terrain_no_floor_context	0	empty terrain tile	1152	9499	0	18	148	source_plane=0
terrain	empty_terrain_no_floor_context	0	empty terrain tile	1152	9500	0	18	148	source_plane=0
terrain	empty_terrain_no_floor_context	0	empty terrain tile	1152	9501	0	18	148	source_plane=0
terrain	empty_terrain_no_floor_context	0	empty terrain tile	1152	9502	0	18	148	source_plane=0
terrain	empty_terrain_no_floor_context	0	empty terrain tile	1152	9503	0	18	148	source_plane=0
terrain	empty_terrain_no_floor_context	0	empty terrain tile	1152	9504	0	18	148	source_plane=0
terrain	empty_terrain_no_floor_context	0	empty terrain tile	1152	9505	0	18	148	source_plane=0
terrain	empty_terrain_no_floor_context	0	empty terrain tile	1152	9506	0	18	148	source_plane=0
terrain	empty_terrain_no_floor_context	0	empty terrain tile	1152	9507	0	18	148	source_plane=0
terrain	empty_terrain_no_floor_context	0	empty terrain tile	1152	9508	0	18	148	source_plane=0
terrain	empty_terrain_no_floor_context	0	empty terrain tile	1152	9509	0	18	148	source_plane=0
terrain	empty_terrain_no_floor_context	0	empty terrain tile	1152	9510	0	18	148	source_plane=0
terrain	empty_terrain_no_floor_context	0	empty terrain tile	1152	9511	0	18	148	source_plane=0
terrain	empty_terrain_no_floor_context	0	empty terrain tile	1152	9512	0	18	148	source_plane=0
terrain	empty_terrain_no_floor_context	0	empty terrain tile	1152	9513	0	18	148	source_plane=0
terrain	empty_terrain_no_floor_context	0	empty terrain tile	1152	9514	0	18	148	source_plane=0
terrain	empty_terrain_no_floor_context	0	empty terrain tile	1152	9515	0	18	148	source_plane=0
terrain	empty_terrain_no_floor_context	0	empty terrain tile	1152	9516	0	18	148	source_plane=0
terrain	empty_terrain_no_floor_context	0	empty terrain tile	1152	9517	0	18	148	source_plane=0
terrain	empty_terrain_no_floor_context	0	empty terrain tile	1152	9518	0	18	148	source_plane=0
terrain	empty_terrain_no_floor_context	0	empty terrain tile	1152	9519	0	18	148	source_plane=0
terrain	empty_terrain_no_floor_context	0	empty terrain tile	1152	9520	0	18	148	source_plane=0
terrain	empty_terrain_no_floor_context	0	empty terrain tile	1152	9521	0	18	148	source_plane=0
terrain	empty_terrain_no_floor_context	0	empty terrain tile	1152	9522	0	18	148	source_plane=0
terrain	empty_terrain_no_floor_context	0	empty terrain tile	1152	9523	0	18	148	source_plane=0
terrain	empty_terrain_no_floor_context	0	empty terrain tile	1152	9524	0	18	148	source_plane=0
terrain	empty_terrain_no_floor_context	0	empty terrain tile	1152	9525	0	18	148	source_plane=0
terrain	empty_terrain_no_floor_context	0	empty terrain tile	1152	9526	0	18	148	source_plane=0
terrain	empty_terrain_no_floor_context	0	empty terrain tile	1152	9527	0	18	148	source_plane=0
terrain	empty_terrain_no_floor_context	0	empty terrain tile	1152	9528	0	18	148	source_plane=0
terrain	empty_terrain_no_floor_context	0	empty terrain tile	1152	9529	0	18	148	source_plane=0
terrain	empty_terrain_no_floor_context	0	empty terrain tile	1152	9530	0	18	148	source_plane=0
terrain	empty_terrain_no_floor_context	0	empty terrain tile	1152	9531	0	18	148	source_plane=0
terrain	empty_terrain_no_floor_context	0	empty terrain tile	1152	9532	0	18	148	source_plane=0
terrain	empty_terrain_no_floor_context	0	empty terrain tile	1152	9533	0	18	148	source_plane=0
terrain	empty_terrain_no_floor_context	0	empty terrain tile	1152	9534	0	18	148	source_plane=0
terrain	empty_terrain_no_floor_context	0	empty terrain tile	1152	9535	0	18	148	source_plane=0
terrain	empty_terrain_no_floor_context	0	empty terrain tile	1153	9472	0	18	148	source_plane=0
terrain	empty_terrain_no_floor_context	0	empty terrain tile	1153	9473	0	18	148	source_plane=0
terrain	empty_terrain_no_floor_context	0	empty terrain tile	1153	9474	0	18	148	source_plane=0
terrain	empty_terrain_no_floor_context	0	empty terrain tile	1153	9475	0	18	148	source_plane=0
terrain	empty_terrain_no_floor_context	0	empty terrain tile	1153	9476	0	18	148	source_plane=0
terrain	empty_terrain_no_floor_context	0	empty terrain tile	1153	9477	0	18	148	source_plane=0
terrain	empty_terrain_no_floor_context	0	empty terrain tile	1153	9478	0	18	148	source_plane=0
terrain	empty_terrain_no_floor_context	0	empty terrain tile	1153	9479	0	18	148	source_plane=0
terrain	empty_terrain_no_floor_context	0	empty terrain tile	1153	9480	0	18	148	source_plane=0
terrain	empty_terrain_no_floor_context	0	empty terrain tile	1153	9481	0	18	148	source_plane=0
terrain	empty_terrain_no_floor_context	0	empty terrain tile	1153	9482	0	18	148	source_plane=0
terrain	empty_terrain_no_floor_context	0	empty terrain tile	1153	9483	0	18	148	source_plane=0
terrain	empty_terrain_no_floor_context	0	empty terrain tile	1153	9484	0	18	148	source_plane=0
terrain	empty_terrain_no_floor_context	0	empty terrain tile	1153	9485	0	18	148	source_plane=0
terrain	empty_terrain_no_floor_context	0	empty terrain tile	1153	9486	0	18	148	source_plane=0
terrain	empty_terrain_no_floor_context	0	empty terrain tile	1153	9487	0	18	148	source_plane=0
terrain	empty_terrain_no_floor_context	0	empty terrain tile	1153	9488	0	18	148	source_plane=0
terrain	empty_terrain_no_floor_context	0	empty terrain tile	1153	9489	0	18	148	source_plane=0
terrain	empty_terrain_no_floor_context	0	empty terrain tile	1153	9490	0	18	148	source_plane=0
terrain	empty_terrain_no_floor_context	0	empty terrain tile	1153	9491	0	18	148	source_plane=0
terrain	empty_terrain_no_floor_context	0	empty terrain tile	1153	9492	0	18	148	source_plane=0
terrain	empty_terrain_no_floor_context	0	empty terrain tile	1153	9493	0	18	148	source_plane=0
terrain	empty_terrain_no_floor_context	0	empty terrain tile	1153	9494	0	18	148	source_plane=0
terrain	empty_terrain_no_floor_context	0	empty terrain tile	1153	9495	0	18	148	source_plane=0
terrain	empty_terrain_no_floor_context	0	empty terrain tile	1153	9496	0	18	148	source_plane=0
terrain	empty_terrain_no_floor_context	0	empty terrain tile	1153	9497	0	18	148	source_plane=0
terrain	empty_terrain_no_floor_context	0	empty terrain tile	1153	9498	0	18	148	source_plane=0
terrain	empty_terrain_no_floor_context	0	empty terrain tile	1153	9499	0	18	148	source_plane=0
terrain	empty_terrain_no_floor_context	0	empty terrain tile	1153	9500	0	18	148	source_plane=0
terrain	empty_terrain_no_floor_context	0	empty terrain tile	1153	9501	0	18	148	source_plane=0
terrain	empty_terrain_no_floor_context	0	empty terrain tile	1153	9502	0	18	148	source_plane=0
terrain	empty_terrain_no_floor_context	0	empty terrain tile	1153	9503	0	18	148	source_plane=0
terrain	empty_terrain_no_floor_context	0	empty terrain tile	1153	9504	0	18	148	source_plane=0
terrain	empty_terrain_no_floor_context	0	empty terrain tile	1153	9505	0	18	148	source_plane=0
terrain	empty_terrain_no_floor_context	0	empty terrain tile	1153	9506	0	18	148	source_plane=0
terrain	empty_terrain_no_floor_context	0	empty terrain tile	1153	9507	0	18	148	source_plane=0
terrain	empty_terrain_no_floor_context	0	empty terrain tile	1153	9508	0	18	148	source_plane=0
terrain	empty_terrain_no_floor_context	0	empty terrain tile	1153	9509	0	18	148	source_plane=0
terrain	empty_terrain_no_floor_context	0	empty terrain tile	1153	9510	0	18	148	source_plane=0
terrain	empty_terrain_no_floor_context	0	empty terrain tile	1153	9511	0	18	148	source_plane=0
terrain	empty_terrain_no_floor_context	0	empty terrain tile	1153	9512	0	18	148	source_plane=0
terrain	empty_terrain_no_floor_context	0	empty terrain tile	1153	9513	0	18	148	source_plane=0
terrain	empty_terrain_no_floor_context	0	empty terrain tile	1153	9514	0	18	148	source_plane=0
terrain	empty_terrain_no_floor_context	0	empty terrain tile	1153	9515	0	18	148	source_plane=0
terrain	empty_terrain_no_floor_context	0	empty terrain tile	1153	9516	0	18	148	source_plane=0
terrain	empty_terrain_no_floor_context	0	empty terrain tile	1153	9517	0	18	148	source_plane=0
terrain	empty_terrain_no_floor_context	0	empty terrain tile	1153	9518	0	18	148	source_plane=0
terrain	empty_terrain_no_floor_context	0	empty terrain tile	1153	9519	0	18	148	source_plane=0
terrain	empty_terrain_no_floor_context	0	empty terrain tile	1153	9520	0	18	148	source_plane=0
terrain	empty_terrain_no_floor_context	0	empty terrain tile	1153	9521	0	18	148	source_plane=0
terrain	empty_terrain_no_floor_context	0	empty terrain tile	1153	9522	0	18	148	source_plane=0
terrain	empty_terrain_no_floor_context	0	empty terrain tile	1153	9523	0	18	148	source_plane=0
terrain	empty_terrain_no_floor_context	0	empty terrain tile	1153	9524	0	18	148	source_plane=0
terrain	empty_terrain_no_floor_context	0	empty terrain tile	1153	9525	0	18	148	source_plane=0
terrain	empty_terrain_no_floor_context	0	empty terrain tile	1153	9526	0	18	148	source_plane=0
terrain	empty_terrain_no_floor_context	0	empty terrain tile	1153	9527	0	18	148	source_plane=0
terrain	empty_terrain_no_floor_context	0	empty terrain tile	1153	9528	0	18	148	source_plane=0
terrain	empty_terrain_no_floor_context	0	empty terrain tile	1153	9529	0	18	148	source_plane=0
terrain	empty_terrain_no_floor_context	0	empty terrain tile	1153	9530	0	18	148	source_plane=0
terrain	empty_terrain_no_floor_context	0	empty terrain tile	1153	9531	0	18	148	source_plane=0
terrain	empty_terrain_no_floor_context	0	empty terrain tile	1153	9532	0	18	148	source_plane=0
terrain	empty_terrain_no_floor_context	0	empty terrain tile	1153	9533	0	18	148	source_plane=0
terrain	empty_terrain_no_floor_context	0	empty terrain tile	1153	9534	0	18	148	source_plane=0
terrain	empty_terrain_no_floor_context	0	empty terrain tile	1153	9535	0	18	148	source_plane=0
terrain	empty_terrain_no_floor_context	0	empty terrain tile	1154	9472	0	18	148	source_plane=0
terrain	empty_terrain_no_floor_context	0	empty terrain tile	1154	9473	0	18	148	source_plane=0
terrain	empty_terrain_no_floor_context	0	empty terrain tile	1154	9474	0	18	148	source_plane=0
terrain	empty_terrain_no_floor_context	0	empty terrain tile	1154	9475	0	18	148	source_plane=0
terrain	empty_terrain_no_floor_context	0	empty terrain tile	1154	9476	0	18	148	source_plane=0
terrain	empty_terrain_no_floor_context	0	empty terrain tile	1154	9477	0	18	148	source_plane=0
terrain	empty_terrain_no_floor_context	0	empty terrain tile	1154	9478	0	18	148	source_plane=0
terrain	empty_terrain_no_floor_context	0	empty terrain tile	1154	9479	0	18	148	source_plane=0
terrain	empty_terrain_no_floor_context	0	empty terrain tile	1154	9480	0	18	148	source_plane=0
terrain	empty_terrain_no_floor_context	0	empty terrain tile	1154	9481	0	18	148	source_plane=0
terrain	empty_terrain_no_floor_context	0	empty terrain tile	1154	9482	0	18	148	source_plane=0
terrain	empty_terrain_no_floor_context	0	empty terrain tile	1154	9483	0	18	148	source_plane=0
terrain	empty_terrain_no_floor_context	0	empty terrain tile	1154	9484	0	18	148	source_plane=0
terrain	empty_terrain_no_floor_context	0	empty terrain tile	1154	9485	0	18	148	source_plane=0
terrain	empty_terrain_no_floor_context	0	empty terrain tile	1154	9486	0	18	148	source_plane=0
terrain	empty_terrain_no_floor_context	0	empty terrain tile	1154	9487	0	18	148	source_plane=0
terrain	empty_terrain_no_floor_context	0	empty terrain tile	1154	9488	0	18	148	source_plane=0
terrain	empty_terrain_no_floor_context	0	empty terrain tile	1154	9489	0	18	148	source_plane=0
terrain	empty_terrain_no_floor_context	0	empty terrain tile	1154	9490	0	18	148	source_plane=0
terrain	empty_terrain_no_floor_context	0	empty terrain tile	1154	9491	0	18	148	source_plane=0
terrain	empty_terrain_no_floor_context	0	empty terrain tile	1154	9492	0	18	148	source_plane=0
terrain	empty_terrain_no_floor_context	0	empty terrain tile	1154	9493	0	18	148	source_plane=0
terrain	empty_terrain_no_floor_context	0	empty terrain tile	1154	9494	0	18	148	source_plane=0
terrain	empty_terrain_no_floor_context	0	empty terrain tile	1154	9495	0	18	148	source_plane=0
terrain	empty_terrain_no_floor_context	0	empty terrain tile	1154	9496	0	18	148	source_plane=0
terrain	empty_terrain_no_floor_context	0	empty terrain tile	1154	9497	0	18	148	source_plane=0
terrain	empty_terrain_no_floor_context	0	empty terrain tile	1154	9498	0	18	148	source_plane=0
terrain	empty_terrain_no_floor_context	0	empty terrain tile	1154	9499	0	18	148	source_plane=0
terrain	empty_terrain_no_floor_context	0	empty terrain tile	1154	9500	0	18	148	source_plane=0
terrain	empty_terrain_no_floor_context	0	empty terrain tile	1154	9501	0	18	148	source_plane=0
terrain	empty_terrain_no_floor_context	0	empty terrain tile	1154	9502	0	18	148	source_plane=0
terrain	empty_terrain_no_floor_context	0	empty terrain tile	1154	9503	0	18	148	source_plane=0
terrain	empty_terrain_no_floor_context	0	empty terrain tile	1154	9504	0	18	148	source_plane=0
terrain	empty_terrain_no_floor_context	0	empty terrain tile	1154	9505	0	18	148	source_plane=0
terrain	empty_terrain_no_floor_context	0	empty terrain tile	1154	9506	0	18	148	source_plane=0
terrain	empty_terrain_no_floor_context	0	empty terrain tile	1154	9507	0	18	148	source_plane=0
terrain	empty_terrain_no_floor_context	0	empty terrain tile	1154	9508	0	18	148	source_plane=0
terrain	empty_terrain_no_floor_context	0	empty terrain tile	1154	9509	0	18	148	source_plane=0
terrain	empty_terrain_no_floor_context	0	empty terrain tile	1154	9510	0	18	148	source_plane=0
terrain	empty_terrain_no_floor_context	0	empty terrain tile	1154	9511	0	18	148	source_plane=0
terrain	empty_terrain_no_floor_context	0	empty terrain tile	1154	9512	0	18	148	source_plane=0
terrain	empty_terrain_no_floor_context	0	empty terrain tile	1154	9513	0	18	148	source_plane=0
terrain	empty_terrain_no_floor_context	0	empty terrain tile	1154	9514	0	18	148	source_plane=0
terrain	empty_terrain_no_floor_context	0	empty terrain tile	1154	9515	0	18	148	source_plane=0
terrain	empty_terrain_no_floor_context	0	empty terrain tile	1154	9516	0	18	148	source_plane=0
terrain	empty_terrain_no_floor_context	0	empty terrain tile	1154	9517	0	18	148	source_plane=0
terrain	empty_terrain_no_floor_context	0	empty terrain tile	1154	9518	0	18	148	source_plane=0
terrain	empty_terrain_no_floor_context	0	empty terrain tile	1154	9519	0	18	148	source_plane=0
terrain	empty_terrain_no_floor_context	0	empty terrain tile	1154	9520	0	18	148	source_plane=0
terrain	empty_terrain_no_floor_context	0	empty terrain tile	1154	9521	0	18	148	source_plane=0
terrain	empty_terrain_no_floor_context	0	empty terrain tile	1154	9522	0	18	148	source_plane=0
terrain	empty_terrain_no_floor_context	0	empty terrain tile	1154	9523	0	18	148	source_plane=0
terrain	empty_terrain_no_floor_context	0	empty terrain tile	1154	9524	0	18	148	source_plane=0
terrain	empty_terrain_no_floor_context	0	empty terrain tile	1154	9525	0	18	148	source_plane=0
terrain	empty_terrain_no_floor_context	0	empty terrain tile	1154	9526	0	18	148	source_plane=0
terrain	empty_terrain_no_floor_context	0	empty terrain tile	1154	9527	0	18	148	source_plane=0
terrain	empty_terrain_no_floor_context	0	empty terrain tile	1154	9528	0	18	148	source_plane=0
terrain	empty_terrain_no_floor_context	0	empty terrain tile	1154	9529	0	18	148	source_plane=0
terrain	empty_terrain_no_floor_context	0	empty terrain tile	1154	9530	0	18	148	source_plane=0
terrain	empty_terrain_no_floor_context	0	empty terrain tile	1154	9531	0	18	148	source_plane=0
terrain	empty_terrain_no_floor_context	0	empty terrain tile	1154	9532	0	18	148	source_plane=0
terrain	empty_terrain_no_floor_context	0	empty terrain tile	1154	9533	0	18	148	source_plane=0
terrain	empty_terrain_no_floor_context	0	empty terrain tile	1154	9534	0	18	148	source_plane=0
terrain	empty_terrain_no_floor_context	0	empty terrain tile	1154	9535	0	18	148	source_plane=0
terrain	empty_terrain_no_floor_context	0	empty terrain tile	1155	9472	0	18	148	source_plane=0
terrain	empty_terrain_no_floor_context	0	empty terrain tile	1155	9473	0	18	148	source_plane=0
terrain	empty_terrain_no_floor_context	0	empty terrain tile	1155	9474	0	18	148	source_plane=0
terrain	empty_terrain_no_floor_context	0	empty terrain tile	1155	9475	0	18	148	source_plane=0
terrain	empty_terrain_no_floor_context	0	empty terrain tile	1155	9476	0	18	148	source_plane=0
terrain	empty_terrain_no_floor_context	0	empty terrain tile	1155	9477	0	18	148	source_plane=0
terrain	empty_terrain_no_floor_context	0	empty terrain tile	1155	9478	0	18	148	source_plane=0
terrain	empty_terrain_no_floor_context	0	empty terrain tile	1155	9479	0	18	148	source_plane=0
terrain	empty_terrain_no_floor_context	0	empty terrain tile	1155	9480	0	18	148	source_plane=0
terrain	empty_terrain_no_floor_context	0	empty terrain tile	1155	9481	0	18	148	source_plane=0
terrain	empty_terrain_no_floor_context	0	empty terrain tile	1155	9482	0	18	148	source_plane=0
terrain	empty_terrain_no_floor_context	0	empty terrain tile	1155	9483	0	18	148	source_plane=0
terrain	empty_terrain_no_floor_context	0	empty terrain tile	1155	9484	0	18	148	source_plane=0
terrain	empty_terrain_no_floor_context	0	empty terrain tile	1155	9485	0	18	148	source_plane=0
terrain	empty_terrain_no_floor_context	0	empty terrain tile	1155	9486	0	18	148	source_plane=0
terrain	empty_terrain_no_floor_context	0	empty terrain tile	1155	9487	0	18	148	source_plane=0
terrain	empty_terrain_no_floor_context	0	empty terrain tile	1155	9488	0	18	148	source_plane=0
terrain	empty_terrain_no_floor_context	0	empty terrain tile	1155	9489	0	18	148	source_plane=0
terrain	empty_terrain_no_floor_context	0	empty terrain tile	1155	9490	0	18	148	source_plane=0
terrain	empty_terrain_no_floor_context	0	empty terrain tile	1155	9491	0	18	148	source_plane=0
terrain	empty_terrain_no_floor_context	0	empty terrain tile	1155	9492	0	18	148	source_plane=0
terrain	empty_terrain_no_floor_context	0	empty terrain tile	1155	9493	0	18	148	source_plane=0
terrain	empty_terrain_no_floor_context	0	empty terrain tile	1155	9494	0	18	148	source_plane=0
terrain	empty_terrain_no_floor_context	0	empty terrain tile	1155	9495	0	18	148	source_plane=0
terrain	empty_terrain_no_floor_context	0	empty terrain tile	1155	9496	0	18	148	source_plane=0
terrain	empty_terrain_no_floor_context	0	empty terrain tile	1155	9497	0	18	148	source_plane=0
terrain	empty_terrain_no_floor_context	0	empty terrain tile	1155	9498	0	18	148	source_plane=0
terrain	empty_terrain_no_floor_context	0	empty terrain tile	1155	9499	0	18	148	source_plane=0
terrain	empty_terrain_no_floor_context	0	empty terrain tile	1155	9500	0	18	148	source_plane=0
terrain	empty_terrain_no_floor_context	0	empty terrain tile	1155	9501	0	18	148	source_plane=0
terrain	empty_terrain_no_floor_context	0	empty terrain tile	1155	9502	0	18	148	source_plane=0
terrain	empty_terrain_no_floor_context	0	empty terrain tile	1155	9503	0	18	148	source_plane=0
terrain	empty_terrain_no_floor_context	0	empty terrain tile	1155	9504	0	18	148	source_plane=0
terrain	empty_terrain_no_floor_context	0	empty terrain tile	1155	9505	0	18	148	source_plane=0
terrain	empty_terrain_no_floor_context	0	empty terrain tile	1155	9506	0	18	148	source_plane=0
terrain	empty_terrain_no_floor_context	0	empty terrain tile	1155	9507	0	18	148	source_plane=0
terrain	empty_terrain_no_floor_context	0	empty terrain tile	1155	9508	0	18	148	source_plane=0
terrain	empty_terrain_no_floor_context	0	empty terrain tile	1155	9509	0	18	148	source_plane=0
terrain	empty_terrain_no_floor_context	0	empty terrain tile	1155	9510	0	18	148	source_plane=0
terrain	empty_terrain_no_floor_context	0	empty terrain tile	1155	9511	0	18	148	source_plane=0
terrain	empty_terrain_no_floor_context	0	empty terrain tile	1155	9512	0	18	148	source_plane=0
terrain	empty_terrain_no_floor_context	0	empty terrain tile	1155	9513	0	18	148	source_plane=0
terrain	empty_terrain_no_floor_context	0	empty terrain tile	1155	9514	0	18	148	source_plane=0
terrain	empty_terrain_no_floor_context	0	empty terrain tile	1155	9515	0	18	148	source_plane=0
terrain	empty_terrain_no_floor_context	0	empty terrain tile	1155	9516	0	18	148	source_plane=0
terrain	empty_terrain_no_floor_context	0	empty terrain tile	1155	9517	0	18	148	source_plane=0
terrain	empty_terrain_no_floor_context	0	empty terrain tile	1155	9518	0	18	148	source_plane=0
terrain	empty_terrain_no_floor_context	0	empty terrain tile	1155	9519	0	18	148	source_plane=0
terrain	empty_terrain_no_floor_context	0	empty terrain tile	1155	9520	0	18	148	source_plane=0
terrain	empty_terrain_no_floor_context	0	empty terrain tile	1155	9521	0	18	148	source_plane=0
terrain	empty_terrain_no_floor_context	0	empty terrain tile	1155	9522	0	18	148	source_plane=0
terrain	empty_terrain_no_floor_context	0	empty terrain tile	1155	9523	0	18	148	source_plane=0
terrain	empty_terrain_no_floor_context	0	empty terrain tile	1155	9524	0	18	148	source_plane=0
terrain	empty_terrain_no_floor_context	0	empty terrain tile	1155	9525	0	18	148	source_plane=0
terrain	empty_terrain_no_floor_context	0	empty terrain tile	1155	9526	0	18	148	source_plane=0
terrain	empty_terrain_no_floor_context	0	empty terrain tile	1155	9527	0	18	148	source_plane=0
terrain	empty_terrain_no_floor_context	0	empty terrain tile	1155	9528	0	18	148	source_plane=0
terrain	empty_terrain_no_floor_context	0	empty terrain tile	1155	9529	0	18	148	source_plane=0
terrain	empty_terrain_no_floor_context	0	empty terrain tile	1155	9530	0	18	148	source_plane=0
terrain	empty_terrain_no_floor_context	0	empty terrain tile	1155	9531	0	18	148	source_plane=0
terrain	empty_terrain_no_floor_context	0	empty terrain tile	1155	9532	0	18	148	source_plane=0
terrain	empty_terrain_no_floor_context	0	empty terrain tile	1155	9533	0	18	148	source_plane=0
terrain	empty_terrain_no_floor_context	0	empty terrain tile	1155	9534	0	18	148	source_plane=0
terrain	empty_terrain_no_floor_context	0	empty terrain tile	1155	9535	0	18	148	source_plane=0
terrain	empty_terrain_no_floor_context	0	empty terrain tile	1156	9472	0	18	148	source_plane=0
terrain	empty_terrain_no_floor_context	0	empty terrain tile	1156	9473	0	18	148	source_plane=0
terrain	empty_terrain_no_floor_context	0	empty terrain tile	1156	9474	0	18	148	source_plane=0
terrain	empty_terrain_no_floor_context	0	empty terrain tile	1156	9475	0	18	148	source_plane=0
terrain	empty_terrain_no_floor_context	0	empty terrain tile	1156	9476	0	18	148	source_plane=0
terrain	empty_terrain_no_floor_context	0	empty terrain tile	1156	9477	0	18	148	source_plane=0
terrain	empty_terrain_no_floor_context	0	empty terrain tile	1156	9478	0	18	148	source_plane=0
terrain	empty_terrain_no_floor_context	0	empty terrain tile	1156	9479	0	18	148	source_plane=0
terrain	empty_terrain_no_floor_context	0	empty terrain tile	1156	9480	0	18	148	source_plane=0
terrain	empty_terrain_no_floor_context	0	empty terrain tile	1156	9481	0	18	148	source_plane=0
terrain	empty_terrain_no_floor_context	0	empty terrain tile	1156	9482	0	18	148	source_plane=0
terrain	empty_terrain_no_floor_context	0	empty terrain tile	1156	9483	0	18	148	source_plane=0
terrain	empty_terrain_no_floor_context	0	empty terrain tile	1156	9484	0	18	148	source_plane=0
terrain	empty_terrain_no_floor_context	0	empty terrain tile	1156	9485	0	18	148	source_plane=0
terrain	empty_terrain_no_floor_context	0	empty terrain tile	1156	9486	0	18	148	source_plane=0
terrain	empty_terrain_no_floor_context	0	empty terrain tile	1156	9487	0	18	148	source_plane=0
terrain	empty_terrain_no_floor_context	0	empty terrain tile	1156	9488	0	18	148	source_plane=0
terrain	empty_terrain_no_floor_context	0	empty terrain tile	1156	9489	0	18	148	source_plane=0
terrain	empty_terrain_no_floor_context	0	empty terrain tile	1156	9490	0	18	148	source_plane=0
terrain	empty_terrain_no_floor_context	0	empty terrain tile	1156	9491	0	18	148	source_plane=0
terrain	empty_terrain_no_floor_context	0	empty terrain tile	1156	9492	0	18	148	source_plane=0
terrain	empty_terrain_no_floor_context	0	empty terrain tile	1156	9493	0	18	148	source_plane=0
terrain	empty_terrain_no_floor_context	0	empty terrain tile	1156	9494	0	18	148	source_plane=0
terrain	empty_terrain_no_floor_context	0	empty terrain tile	1156	9495	0	18	148	source_plane=0
terrain	empty_terrain_no_floor_context	0	empty terrain tile	1156	9496	0	18	148	source_plane=0
terrain	empty_terrain_no_floor_context	0	empty terrain tile	1156	9497	0	18	148	source_plane=0
terrain	empty_terrain_no_floor_context	0	empty terrain tile	1156	9498	0	18	148	source_plane=0
terrain	empty_terrain_no_floor_context	0	empty terrain tile	1156	9499	0	18	148	source_plane=0
terrain	empty_terrain_no_floor_context	0	empty terrain tile	1156	9500	0	18	148	source_plane=0
terrain	empty_terrain_no_floor_context	0	empty terrain tile	1156	9501	0	18	148	source_plane=0
terrain	empty_terrain_no_floor_context	0	empty terrain tile	1156	9502	0	18	148	source_plane=0
terrain	empty_terrain_no_floor_context	0	empty terrain tile	1156	9503	0	18	148	source_plane=0
terrain	empty_terrain_no_floor_context	0	empty terrain tile	1156	9504	0	18	148	source_plane=0
terrain	empty_terrain_no_floor_context	0	empty terrain tile	1156	9505	0	18	148	source_plane=0
terrain	empty_terrain_no_floor_context	0	empty terrain tile	1156	9506	0	18	148	source_plane=0
terrain	empty_terrain_no_floor_context	0	empty terrain tile	1156	9507	0	18	148	source_plane=0
terrain	empty_terrain_no_floor_context	0	empty terrain tile	1156	9508	0	18	148	source_plane=0
terrain	empty_terrain_no_floor_context	0	empty terrain tile	1156	9509	0	18	148	source_plane=0
terrain	empty_terrain_no_floor_context	0	empty terrain tile	1156	9510	0	18	148	source_plane=0
terrain	empty_terrain_no_floor_context	0	empty terrain tile	1156	9511	0	18	148	source_plane=0
terrain	empty_terrain_no_floor_context	0	empty terrain tile	1156	9512	0	18	148	source_plane=0
terrain	empty_terrain_no_floor_context	0	empty terrain tile	1156	9513	0	18	148	source_plane=0
terrain	empty_terrain_no_floor_context	0	empty terrain tile	1156	9514	0	18	148	source_plane=0
terrain	empty_terrain_no_floor_context	0	empty terrain tile	1156	9515	0	18	148	source_plane=0
terrain	empty_terrain_no_floor_context	0	empty terrain tile	1156	9516	0	18	148	source_plane=0
terrain	empty_terrain_no_floor_context	0	empty terrain tile	1156	9517	0	18	148	source_plane=0
terrain	empty_terrain_no_floor_context	0	empty terrain tile	1156	9518	0	18	148	source_plane=0
terrain	empty_terrain_no_floor_context	0	empty terrain tile	1156	9519	0	18	148	source_plane=0
terrain	empty_terrain_no_floor_context	0	empty terrain tile	1156	9520	0	18	148	source_plane=0
terrain	empty_terrain_no_floor_context	0	empty terrain tile	1156	9521	0	18	148	source_plane=0
terrain	empty_terrain_no_floor_context	0	empty terrain tile	1156	9522	0	18	148	source_plane=0
terrain	empty_terrain_no_floor_context	0	empty terrain tile	1156	9523	0	18	148	source_plane=0
terrain	empty_terrain_no_floor_context	0	empty terrain tile	1156	9524	0	18	148	source_plane=0
terrain	empty_terrain_no_floor_context	0	empty terrain tile	1156	9525	0	18	148	source_plane=0
terrain	empty_terrain_no_floor_context	0	empty terrain tile	1156	9526	0	18	148	source_plane=0
terrain	empty_terrain_no_floor_context	0	empty terrain tile	1156	9527	0	18	148	source_plane=0
terrain	empty_terrain_no_floor_context	0	empty terrain tile	1156	9528	0	18	148	source_plane=0
terrain	empty_terrain_no_floor_context	0	empty terrain tile	1156	9529	0	18	148	source_plane=0
terrain	empty_terrain_no_floor_context	0	empty terrain tile	1156	9530	0	18	148	source_plane=0
terrain	empty_terrain_no_floor_context	0	empty terrain tile	1156	9531	0	18	148	source_plane=0
terrain	empty_terrain_no_floor_context	0	empty terrain tile	1156	9532	0	18	148	source_plane=0
terrain	empty_terrain_no_floor_context	0	empty terrain tile	1156	9533	0	18	148	source_plane=0
terrain	empty_terrain_no_floor_context	0	empty terrain tile	1156	9534	0	18	148	source_plane=0
terrain	empty_terrain_no_floor_context	0	empty terrain tile	1156	9535	0	18	148	source_plane=0
terrain	empty_terrain_no_floor_context	0	empty terrain tile	1157	9472	0	18	148	source_plane=0
terrain	empty_terrain_no_floor_context	0	empty terrain tile	1157	9473	0	18	148	source_plane=0
terrain	empty_terrain_no_floor_context	0	empty terrain tile	1157	9474	0	18	148	source_plane=0
terrain	empty_terrain_no_floor_context	0	empty terrain tile	1157	9475	0	18	148	source_plane=0
terrain	empty_terrain_no_floor_context	0	empty terrain tile	1157	9476	0	18	148	source_plane=0
terrain	empty_terrain_no_floor_context	0	empty terrain tile	1157	9477	0	18	148	source_plane=0
terrain	empty_terrain_no_floor_context	0	empty terrain tile	1157	9478	0	18	148	source_plane=0
terrain	empty_terrain_no_floor_context	0	empty terrain tile	1157	9479	0	18	148	source_plane=0
terrain	empty_terrain_no_floor_context	0	empty terrain tile	1157	9480	0	18	148	source_plane=0
terrain	empty_terrain_no_floor_context	0	empty terrain tile	1157	9481	0	18	148	source_plane=0
terrain	empty_terrain_no_floor_context	0	empty terrain tile	1157	9482	0	18	148	source_plane=0
terrain	empty_terrain_no_floor_context	0	empty terrain tile	1157	9483	0	18	148	source_plane=0
terrain	empty_terrain_no_floor_context	0	empty terrain tile	1157	9484	0	18	148	source_plane=0
terrain	empty_terrain_no_floor_context	0	empty terrain tile	1157	9485	0	18	148	source_plane=0
terrain	empty_terrain_no_floor_context	0	empty terrain tile	1157	9486	0	18	148	source_plane=0
terrain	empty_terrain_no_floor_context	0	empty terrain tile	1157	9487	0	18	148	source_plane=0
terrain	empty_terrain_no_floor_context	0	empty terrain tile	1157	9488	0	18	148	source_plane=0
terrain	empty_terrain_no_floor_context	0	empty terrain tile	1157	9489	0	18	148	source_plane=0
terrain	empty_terrain_no_floor_context	0	empty terrain tile	1157	9490	0	18	148	source_plane=0
terrain	empty_terrain_no_floor_context	0	empty terrain tile	1157	9491	0	18	148	source_plane=0
terrain	empty_terrain_no_floor_context	0	empty terrain tile	1157	9492	0	18	148	source_plane=0
terrain	empty_terrain_no_floor_context	0	empty terrain tile	1157	9493	0	18	148	source_plane=0
terrain	empty_terrain_no_floor_context	0	empty terrain tile	1157	9494	0	18	148	source_plane=0
terrain	empty_terrain_no_floor_context	0	empty terrain tile	1157	9495	0	18	148	source_plane=0
terrain	empty_terrain_no_floor_context	0	empty terrain tile	1157	9496	0	18	148	source_plane=0
terrain	empty_terrain_no_floor_context	0	empty terrain tile	1157	9497	0	18	148	source_plane=0
terrain	empty_terrain_no_floor_context	0	empty terrain tile	1157	9498	0	18	148	source_plane=0
terrain	empty_terrain_no_floor_context	0	empty terrain tile	1157	9499	0	18	148	source_plane=0
terrain	empty_terrain_no_floor_context	0	empty terrain tile	1157	9500	0	18	148	source_plane=0
terrain	empty_terrain_no_floor_context	0	empty terrain tile	1157	9501	0	18	148	source_plane=0
terrain	empty_terrain_no_floor_context	0	empty terrain tile	1157	9502	0	18	148	source_plane=0
terrain	empty_terrain_no_floor_context	0	empty terrain tile	1157	9503	0	18	148	source_plane=0
terrain	empty_terrain_no_floor_context	0	empty terrain tile	1157	9504	0	18	148	source_plane=0
terrain	empty_terrain_no_floor_context	0	empty terrain tile	1157	9505	0	18	148	source_plane=0
terrain	empty_terrain_no_floor_context	0	empty terrain tile	1157	9506	0	18	148	source_plane=0
terrain	empty_terrain_no_floor_context	0	empty terrain tile	1157	9507	0	18	148	source_plane=0
terrain	empty_terrain_no_floor_context	0	empty terrain tile	1157	9508	0	18	148	source_plane=0
terrain	empty_terrain_no_floor_context	0	empty terrain tile	1157	9509	0	18	148	source_plane=0
terrain	empty_terrain_no_floor_context	0	empty terrain tile	1157	9510	0	18	148	source_plane=0
terrain	empty_terrain_no_floor_context	0	empty terrain tile	1157	9511	0	18	148	source_plane=0
terrain	empty_terrain_no_floor_context	0	empty terrain tile	1157	9512	0	18	148	source_plane=0
terrain	empty_terrain_no_floor_context	0	empty terrain tile	1157	9513	0	18	148	source_plane=0
terrain	empty_terrain_no_floor_context	0	empty terrain tile	1157	9514	0	18	148	source_plane=0
terrain	empty_terrain_no_floor_context	0	empty terrain tile	1157	9515	0	18	148	source_plane=0
terrain	empty_terrain_no_floor_context	0	empty terrain tile	1157	9516	0	18	148	source_plane=0
terrain	empty_terrain_no_floor_context	0	empty terrain tile	1157	9517	0	18	148	source_plane=0
terrain	empty_terrain_no_floor_context	0	empty terrain tile	1157	9518	0	18	148	source_plane=0
terrain	empty_terrain_no_floor_context	0	empty terrain tile	1157	9519	0	18	148	source_plane=0
terrain	empty_terrain_no_floor_context	0	empty terrain tile	1157	9520	0	18	148	source_plane=0
terrain	empty_terrain_no_floor_context	0	empty terrain tile	1157	9521	0	18	148	source_plane=0
terrain	empty_terrain_no_floor_context	0	empty terrain tile	1157	9522	0	18	148	source_plane=0
terrain	empty_terrain_no_floor_context	0	empty terrain tile	1157	9523	0	18	148	source_plane=0
terrain	empty_terrain_no_floor_context	0	empty terrain tile	1157	9524	0	18	148	source_plane=0
terrain	empty_terrain_no_floor_context	0	empty terrain tile	1157	9525	0	18	148	source_plane=0
terrain	empty_terrain_no_floor_context	0	empty terrain tile	1157	9526	0	18	148	source_plane=0
terrain	empty_terrain_no_floor_context	0	empty terrain tile	1157	9527	0	18	148	source_plane=0
terrain	empty_terrain_no_floor_context	0	empty terrain tile	1157	9528	0	18	148	source_plane=0
terrain	empty_terrain_no_floor_context	0	empty terrain tile	1157	9529	0	18	148	source_plane=0
terrain	empty_terrain_no_floor_context	0	empty terrain tile	1157	9530	0	18	148	source_plane=0
terrain	empty_terrain_no_floor_context	0	empty terrain tile	1157	9531	0	18	148	source_plane=0
terrain	empty_terrain_no_floor_context	0	empty terrain tile	1157	9532	0	18	148	source_plane=0
terrain	empty_terrain_no_floor_context	0	empty terrain tile	1157	9533	0	18	148	source_plane=0
terrain	empty_terrain_no_floor_context	0	empty terrain tile	1157	9534	0	18	148	source_plane=0
terrain	empty_terrain_no_floor_context	0	empty terrain tile	1157	9535	0	18	148	source_plane=0
terrain	empty_terrain_no_floor_context	0	empty terrain tile	1158	9472	0	18	148	source_plane=0
terrain	empty_terrain_no_floor_context	0	empty terrain tile	1158	9473	0	18	148	source_plane=0
terrain	empty_terrain_no_floor_context	0	empty terrain tile	1158	9474	0	18	148	source_plane=0
terrain	empty_terrain_no_floor_context	0	empty terrain tile	1158	9475	0	18	148	source_plane=0
terrain	empty_terrain_no_floor_context	0	empty terrain tile	1158	9476	0	18	148	source_plane=0
terrain	empty_terrain_no_floor_context	0	empty terrain tile	1158	9477	0	18	148	source_plane=0
terrain	empty_terrain_no_floor_context	0	empty terrain tile	1158	9478	0	18	148	source_plane=0
terrain	empty_terrain_no_floor_context	0	empty terrain tile	1158	9479	0	18	148	source_plane=0
terrain	empty_terrain_no_floor_context	0	empty terrain tile	1158	9480	0	18	148	source_plane=0
terrain	empty_terrain_no_floor_context	0	empty terrain tile	1158	9481	0	18	148	source_plane=0
terrain	empty_terrain_no_floor_context	0	empty terrain tile	1158	9482	0	18	148	source_plane=0
terrain	empty_terrain_no_floor_context	0	empty terrain tile	1158	9483	0	18	148	source_plane=0
terrain	empty_terrain_no_floor_context	0	empty terrain tile	1158	9484	0	18	148	source_plane=0
terrain	empty_terrain_no_floor_context	0	empty terrain tile	1158	9485	0	18	148	source_plane=0
terrain	empty_terrain_no_floor_context	0	empty terrain tile	1158	9486	0	18	148	source_plane=0
terrain	empty_terrain_no_floor_context	0	empty terrain tile	1158	9487	0	18	148	source_plane=0
terrain	empty_terrain_no_floor_context	0	empty terrain tile	1158	9488	0	18	148	source_plane=0
terrain	empty_terrain_no_floor_context	0	empty terrain tile	1158	9489	0	18	148	source_plane=0
terrain	empty_terrain_no_floor_context	0	empty terrain tile	1158	9490	0	18	148	source_plane=0
terrain	empty_terrain_no_floor_context	0	empty terrain tile	1158	9491	0	18	148	source_plane=0
terrain	empty_terrain_no_floor_context	0	empty terrain tile	1158	9492	0	18	148	source_plane=0
terrain	empty_terrain_no_floor_context	0	empty terrain tile	1158	9493	0	18	148	source_plane=0
terrain	empty_terrain_no_floor_context	0	empty terrain tile	1158	9494	0	18	148	source_plane=0
terrain	empty_terrain_no_floor_context	0	empty terrain tile	1158	9495	0	18	148	source_plane=0
terrain	empty_terrain_no_floor_context	0	empty terrain tile	1158	9496	0	18	148	source_plane=0
terrain	empty_terrain_no_floor_context	0	empty terrain tile	1158	9497	0	18	148	source_plane=0
terrain	empty_terrain_no_floor_context	0	empty terrain tile	1158	9498	0	18	148	source_plane=0
terrain	empty_terrain_no_floor_context	0	empty terrain tile	1158	9499	0	18	148	source_plane=0
terrain	empty_terrain_no_floor_context	0	empty terrain tile	1158	9500	0	18	148	source_plane=0
terrain	empty_terrain_no_floor_context	0	empty terrain tile	1158	9501	0	18	148	source_plane=0
terrain	empty_terrain_no_floor_context	0	empty terrain tile	1158	9502	0	18	148	source_plane=0
terrain	empty_terrain_no_floor_context	0	empty terrain tile	1158	9503	0	18	148	source_plane=0
terrain	empty_terrain_no_floor_context	0	empty terrain tile	1158	9504	0	18	148	source_plane=0
terrain	empty_terrain_no_floor_context	0	empty terrain tile	1158	9505	0	18	148	source_plane=0
terrain	empty_terrain_no_floor_context	0	empty terrain tile	1158	9506	0	18	148	source_plane=0
terrain	empty_terrain_no_floor_context	0	empty terrain tile	1158	9507	0	18	148	source_plane=0
terrain	empty_terrain_no_floor_context	0	empty terrain tile	1158	9508	0	18	148	source_plane=0
terrain	empty_terrain_no_floor_context	0	empty terrain tile	1158	9509	0	18	148	source_plane=0
terrain	empty_terrain_no_floor_context	0	empty terrain tile	1158	9510	0	18	148	source_plane=0
terrain	empty_terrain_no_floor_context	0	empty terrain tile	1158	9511	0	18	148	source_plane=0
terrain	empty_terrain_no_floor_context	0	empty terrain tile	1158	9512	0	18	148	source_plane=0
terrain	empty_terrain_no_floor_context	0	empty terrain tile	1158	9513	0	18	148	source_plane=0
terrain	empty_terrain_no_floor_context	0	empty terrain tile	1158	9514	0	18	148	source_plane=0
terrain	empty_terrain_no_floor_context	0	empty terrain tile	1158	9515	0	18	148	source_plane=0
terrain	empty_terrain_no_floor_context	0	empty terrain tile	1158	9516	0	18	148	source_plane=0
terrain	empty_terrain_no_floor_context	0	empty terrain tile	1158	9517	0	18	148	source_plane=0
terrain	empty_terrain_no_floor_context	0	empty terrain tile	1158	9518	0	18	148	source_plane=0
terrain	empty_terrain_no_floor_context	0	empty terrain tile	1158	9519	0	18	148	source_plane=0
terrain	empty_terrain_no_floor_context	0	empty terrain tile	1158	9520	0	18	148	source_plane=0
terrain	empty_terrain_no_floor_context	0	empty terrain tile	1158	9521	0	18	148	source_plane=0
terrain	empty_terrain_no_floor_context	0	empty terrain tile	1158	9522	0	18	148	source_plane=0
terrain	empty_terrain_no_floor_context	0	empty terrain tile	1158	9523	0	18	148	source_plane=0
terrain	empty_terrain_no_floor_context	0	empty terrain tile	1158	9524	0	18	148	source_plane=0
terrain	empty_terrain_no_floor_context	0	empty terrain tile	1158	9525	0	18	148	source_plane=0
terrain	empty_terrain_no_floor_context	0	empty terrain tile	1158	9526	0	18	148	source_plane=0
terrain	empty_terrain_no_floor_context	0	empty terrain tile	1158	9527	0	18	148	source_plane=0
terrain	empty_terrain_no_floor_context	0	empty terrain tile	1158	9528	0	18	148	source_plane=0
terrain	empty_terrain_no_floor_context	0	empty terrain tile	1158	9529	0	18	148	source_plane=0
terrain	empty_terrain_no_floor_context	0	empty terrain tile	1158	9530	0	18	148	source_plane=0
terrain	empty_terrain_no_floor_context	0	empty terrain tile	1158	9531	0	18	148	source_plane=0
terrain	empty_terrain_no_floor_context	0	empty terrain tile	1158	9532	0	18	148	source_plane=0
terrain	empty_terrain_no_floor_context	0	empty terrain tile	1158	9533	0	18	148	source_plane=0
terrain	empty_terrain_no_floor_context	0	empty terrain tile	1158	9534	0	18	148	source_plane=0
terrain	empty_terrain_no_floor_context	0	empty terrain tile	1158	9535	0	18	148	source_plane=0
terrain	empty_terrain_no_floor_context	0	empty terrain tile	1159	9472	0	18	148	source_plane=0
terrain	empty_terrain_no_floor_context	0	empty terrain tile	1159	9473	0	18	148	source_plane=0
terrain	empty_terrain_no_floor_context	0	empty terrain tile	1159	9474	0	18	148	source_plane=0
terrain	empty_terrain_no_floor_context	0	empty terrain tile	1159	9475	0	18	148	source_plane=0
terrain	empty_terrain_no_floor_context	0	empty terrain tile	1159	9476	0	18	148	source_plane=0
terrain	empty_terrain_no_floor_context	0	empty terrain tile	1159	9477	0	18	148	source_plane=0
terrain	empty_terrain_no_floor_context	0	empty terrain tile	1159	9478	0	18	148	source_plane=0
terrain	empty_terrain_no_floor_context	0	empty terrain tile	1159	9479	0	18	148	source_plane=0
terrain	empty_terrain_no_floor_context	0	empty terrain tile	1159	9480	0	18	148	source_plane=0
terrain	empty_terrain_no_floor_context	0	empty terrain tile	1159	9481	0	18	148	source_plane=0
terrain	empty_terrain_no_floor_context	0	empty terrain tile	1159	9482	0	18	148	source_plane=0
terrain	empty_terrain_no_floor_context	0	empty terrain tile	1159	9483	0	18	148	source_plane=0
terrain	empty_terrain_no_floor_context	0	empty terrain tile	1159	9484	0	18	148	source_plane=0
terrain	empty_terrain_no_floor_context	0	empty terrain tile	1159	9485	0	18	148	source_plane=0
terrain	empty_terrain_no_floor_context	0	empty terrain tile	1159	9486	0	18	148	source_plane=0
terrain	empty_terrain_no_floor_context	0	empty terrain tile	1159	9487	0	18	148	source_plane=0
terrain	empty_terrain_no_floor_context	0	empty terrain tile	1159	9488	0	18	148	source_plane=0
terrain	empty_terrain_no_floor_context	0	empty terrain tile	1159	9489	0	18	148	source_plane=0
terrain	empty_terrain_no_floor_context	0	empty terrain tile	1159	9490	0	18	148	source_plane=0
terrain	empty_terrain_no_floor_context	0	empty terrain tile	1159	9491	0	18	148	source_plane=0
terrain	empty_terrain_no_floor_context	0	empty terrain tile	1159	9492	0	18	148	source_plane=0
terrain	empty_terrain_no_floor_context	0	empty terrain tile	1159	9493	0	18	148	source_plane=0
terrain	empty_terrain_no_floor_context	0	empty terrain tile	1159	9494	0	18	148	source_plane=0
terrain	empty_terrain_no_floor_context	0	empty terrain tile	1159	9495	0	18	148	source_plane=0
terrain	empty_terrain_no_floor_context	0	empty terrain tile	1159	9496	0	18	148	source_plane=0
terrain	empty_terrain_no_floor_context	0	empty terrain tile	1159	9497	0	18	148	source_plane=0
terrain	empty_terrain_no_floor_context	0	empty terrain tile	1159	9498	0	18	148	source_plane=0
terrain	empty_terrain_no_floor_context	0	empty terrain tile	1159	9499	0	18	148	source_plane=0
terrain	empty_terrain_no_floor_context	0	empty terrain tile	1159	9500	0	18	148	source_plane=0
terrain	empty_terrain_no_floor_context	0	empty terrain tile	1159	9501	0	18	148	source_plane=0
terrain	empty_terrain_no_floor_context	0	empty terrain tile	1159	9502	0	18	148	source_plane=0
terrain	empty_terrain_no_floor_context	0	empty terrain tile	1159	9503	0	18	148	source_plane=0
terrain	empty_terrain_no_floor_context	0	empty terrain tile	1159	9504	0	18	148	source_plane=0
terrain	empty_terrain_no_floor_context	0	empty terrain tile	1159	9505	0	18	148	source_plane=0
terrain	empty_terrain_no_floor_context	0	empty terrain tile	1159	9506	0	18	148	source_plane=0
terrain	empty_terrain_no_floor_context	0	empty terrain tile	1159	9507	0	18	148	source_plane=0
terrain	empty_terrain_no_floor_context	0	empty terrain tile	1159	9508	0	18	148	source_plane=0
terrain	empty_terrain_no_floor_context	0	empty terrain tile	1159	9509	0	18	148	source_plane=0
terrain	empty_terrain_no_floor_context	0	empty terrain tile	1159	9510	0	18	148	source_plane=0
terrain	empty_terrain_no_floor_context	0	empty terrain tile	1159	9511	0	18	148	source_plane=0
terrain	empty_terrain_no_floor_context	0	empty terrain tile	1159	9512	0	18	148	source_plane=0
terrain	empty_terrain_no_floor_context	0	empty terrain tile	1159	9513	0	18	148	source_plane=0
terrain	empty_terrain_no_floor_context	0	empty terrain tile	1159	9514	0	18	148	source_plane=0
terrain	empty_terrain_no_floor_context	0	empty terrain tile	1159	9515	0	18	148	source_plane=0
terrain	empty_terrain_no_floor_context	0	empty terrain tile	1159	9516	0	18	148	source_plane=0
terrain	empty_terrain_no_floor_context	0	empty terrain tile	1159	9517	0	18	148	source_plane=0
terrain	empty_terrain_no_floor_context	0	empty terrain tile	1159	9518	0	18	148	source_plane=0
terrain	empty_terrain_no_floor_context	0	empty terrain tile	1159	9519	0	18	148	source_plane=0
terrain	empty_terrain_no_floor_context	0	empty terrain tile	1159	9520	0	18	148	source_plane=0
terrain	empty_terrain_no_floor_context	0	empty terrain tile	1159	9521	0	18	148	source_plane=0
terrain	empty_terrain_no_floor_context	0	empty terrain tile	1159	9522	0	18	148	source_plane=0
terrain	empty_terrain_no_floor_context	0	empty terrain tile	1159	9523	0	18	148	source_plane=0
terrain	empty_terrain_no_floor_context	0	empty terrain tile	1159	9524	0	18	148	source_plane=0
terrain	empty_terrain_no_floor_context	0	empty terrain tile	1159	9525	0	18	148	source_plane=0
terrain	empty_terrain_no_floor_context	0	empty terrain tile	1159	9526	0	18	148	source_plane=0
terrain	empty_terrain_no_floor_context	0	empty terrain tile	1159	9527	0	18	148	source_plane=0
terrain	empty_terrain_no_floor_context	0	empty terrain tile	1159	9528	0	18	148	source_plane=0
terrain	empty_terrain_no_floor_context	0	empty terrain tile	1159	9529	0	18	148	source_plane=0
terrain	empty_terrain_no_floor_context	0	empty terrain tile	1159	9530	0	18	148	source_plane=0
terrain	empty_terrain_no_floor_context	0	empty terrain tile	1159	9531	0	18	148	source_plane=0
terrain	empty_terrain_no_floor_context	0	empty terrain tile	1159	9532	0	18	148	source_plane=0
terrain	empty_terrain_no_floor_context	0	empty terrain tile	1159	9533	0	18	148	source_plane=0
terrain	empty_terrain_no_floor_context	0	empty terrain tile	1159	9534	0	18	148	source_plane=0
terrain	empty_terrain_no_floor_context	0	empty terrain tile	1159	9535	0	18	148	source_plane=0
terrain	empty_terrain_no_floor_context	0	empty terrain tile	1160	9472	0	18	148	source_plane=0
terrain	empty_terrain_no_floor_context	0	empty terrain tile	1160	9473	0	18	148	source_plane=0
terrain	empty_terrain_no_floor_context	0	empty terrain tile	1160	9474	0	18	148	source_plane=0
terrain	empty_terrain_no_floor_context	0	empty terrain tile	1160	9475	0	18	148	source_plane=0
terrain	empty_terrain_no_floor_context	0	empty terrain tile	1160	9476	0	18	148	source_plane=0
terrain	empty_terrain_no_floor_context	0	empty terrain tile	1160	9477	0	18	148	source_plane=0
terrain	empty_terrain_no_floor_context	0	empty terrain tile	1160	9478	0	18	148	source_plane=0
terrain	empty_terrain_no_floor_context	0	empty terrain tile	1160	9479	0	18	148	source_plane=0
terrain	empty_terrain_no_floor_context	0	empty terrain tile	1160	9480	0	18	148	source_plane=0
terrain	empty_terrain_no_floor_context	0	empty terrain tile	1160	9481	0	18	148	source_plane=0
terrain	empty_terrain_no_floor_context	0	empty terrain tile	1160	9482	0	18	148	source_plane=0
terrain	empty_terrain_no_floor_context	0	empty terrain tile	1160	9483	0	18	148	source_plane=0
terrain	empty_terrain_no_floor_context	0	empty terrain tile	1160	9484	0	18	148	source_plane=0
terrain	empty_terrain_no_floor_context	0	empty terrain tile	1160	9485	0	18	148	source_plane=0
terrain	empty_terrain_no_floor_context	0	empty terrain tile	1160	9486	0	18	148	source_plane=0
terrain	empty_terrain_no_floor_context	0	empty terrain tile	1160	9487	0	18	148	source_plane=0
terrain	empty_terrain_no_floor_context	0	empty terrain tile	1160	9488	0	18	148	source_plane=0
terrain	empty_terrain_no_floor_context	0	empty terrain tile	1160	9489	0	18	148	source_plane=0
terrain	empty_terrain_no_floor_context	0	empty terrain tile	1160	9490	0	18	148	source_plane=0
terrain	empty_terrain_no_floor_context	0	empty terrain tile	1160	9491	0	18	148	source_plane=0
terrain	empty_terrain_no_floor_context	0	empty terrain tile	1160	9492	0	18	148	source_plane=0
terrain	empty_terrain_no_floor_context	0	empty terrain tile	1160	9493	0	18	148	source_plane=0
terrain	empty_terrain_no_floor_context	0	empty terrain tile	1160	9494	0	18	148	source_plane=0
terrain	empty_terrain_no_floor_context	0	empty terrain tile	1160	9495	0	18	148	source_plane=0
terrain	empty_terrain_no_floor_context	0	empty terrain tile	1160	9496	0	18	148	source_plane=0
terrain	empty_terrain_no_floor_context	0	empty terrain tile	1160	9497	0	18	148	source_plane=0
terrain	empty_terrain_no_floor_context	0	empty terrain tile	1160	9498	0	18	148	source_plane=0
terrain	empty_terrain_no_floor_context	0	empty terrain tile	1160	9499	0	18	148	source_plane=0
terrain	empty_terrain_no_floor_context	0	empty terrain tile	1160	9500	0	18	148	source_plane=0
terrain	empty_terrain_no_floor_context	0	empty terrain tile	1160	9501	0	18	148	source_plane=0
terrain	empty_terrain_no_floor_context	0	empty terrain tile	1160	9502	0	18	148	source_plane=0
terrain	empty_terrain_no_floor_context	0	empty terrain tile	1160	9503	0	18	148	source_plane=0
terrain	empty_terrain_no_floor_context	0	empty terrain tile	1160	9504	0	18	148	source_plane=0
terrain	empty_terrain_no_floor_context	0	empty terrain tile	1160	9505	0	18	148	source_plane=0
terrain	empty_terrain_no_floor_context	0	empty terrain tile	1160	9506	0	18	148	source_plane=0
terrain	empty_terrain_no_floor_context	0	empty terrain tile	1160	9507	0	18	148	source_plane=0
terrain	empty_terrain_no_floor_context	0	empty terrain tile	1160	9508	0	18	148	source_plane=0
terrain	empty_terrain_no_floor_context	0	empty terrain tile	1160	9509	0	18	148	source_plane=0
terrain	empty_terrain_no_floor_context	0	empty terrain tile	1160	9510	0	18	148	source_plane=0
terrain	empty_terrain_no_floor_context	0	empty terrain tile	1160	9511	0	18	148	source_plane=0
terrain	empty_terrain_no_floor_context	0	empty terrain tile	1160	9512	0	18	148	source_plane=0
terrain	empty_terrain_no_floor_context	0	empty terrain tile	1160	9513	0	18	148	source_plane=0
terrain	empty_terrain_no_floor_context	0	empty terrain tile	1160	9514	0	18	148	source_plane=0
terrain	empty_terrain_no_floor_context	0	empty terrain tile	1160	9515	0	18	148	source_plane=0
terrain	empty_terrain_no_floor_context	0	empty terrain tile	1160	9516	0	18	148	source_plane=0
terrain	empty_terrain_no_floor_context	0	empty terrain tile	1160	9517	0	18	148	source_plane=0
terrain	empty_terrain_no_floor_context	0	empty terrain tile	1160	9518	0	18	148	source_plane=0
terrain	empty_terrain_no_floor_context	0	empty terrain tile	1160	9519	0	18	148	source_plane=0
terrain	empty_terrain_no_floor_context	0	empty terrain tile	1160	9520	0	18	148	source_plane=0
terrain	empty_terrain_no_floor_context	0	empty terrain tile	1160	9521	0	18	148	source_plane=0
terrain	empty_terrain_no_floor_context	0	empty terrain tile	1160	9522	0	18	148	source_plane=0
terrain	empty_terrain_no_floor_context	0	empty terrain tile	1160	9523	0	18	148	source_plane=0
terrain	empty_terrain_no_floor_context	0	empty terrain tile	1160	9524	0	18	148	source_plane=0
terrain	empty_terrain_no_floor_context	0	empty terrain tile	1160	9525	0	18	148	source_plane=0
terrain	empty_terrain_no_floor_context	0	empty terrain tile	1160	9526	0	18	148	source_plane=0
terrain	empty_terrain_no_floor_context	0	empty terrain tile	1160	9527	0	18	148	source_plane=0
terrain	empty_terrain_no_floor_context	0	empty terrain tile	1160	9528	0	18	148	source_plane=0
terrain	empty_terrain_no_floor_context	0	empty terrain tile	1160	9529	0	18	148	source_plane=0
terrain	empty_terrain_no_floor_context	0	empty terrain tile	1160	9530	0	18	148	source_plane=0
terrain	empty_terrain_no_floor_context	0	empty terrain tile	1160	9531	0	18	148	source_plane=0
terrain	empty_terrain_no_floor_context	0	empty terrain tile	1160	9532	0	18	148	source_plane=0
terrain	empty_terrain_no_floor_context	0	empty terrain tile	1160	9533	0	18	148	source_plane=0
terrain	empty_terrain_no_floor_context	0	empty terrain tile	1160	9534	0	18	148	source_plane=0
terrain	empty_terrain_no_floor_context	0	empty terrain tile	1160	9535	0	18	148	source_plane=0
terrain	empty_terrain_no_floor_context	0	empty terrain tile	1161	9472	0	18	148	source_plane=0
terrain	empty_terrain_no_floor_context	0	empty terrain tile	1161	9473	0	18	148	source_plane=0
terrain	empty_terrain_no_floor_context	0	empty terrain tile	1161	9474	0	18	148	source_plane=0
terrain	empty_terrain_no_floor_context	0	empty terrain tile	1161	9475	0	18	148	source_plane=0
terrain	empty_terrain_no_floor_context	0	empty terrain tile	1161	9476	0	18	148	source_plane=0
terrain	empty_terrain_no_floor_context	0	empty terrain tile	1161	9477	0	18	148	source_plane=0
terrain	empty_terrain_no_floor_context	0	empty terrain tile	1161	9478	0	18	148	source_plane=0
terrain	empty_terrain_no_floor_context	0	empty terrain tile	1161	9479	0	18	148	source_plane=0
terrain	empty_terrain_no_floor_context	0	empty terrain tile	1161	9480	0	18	148	source_plane=0
terrain	empty_terrain_no_floor_context	0	empty terrain tile	1161	9481	0	18	148	source_plane=0
terrain	empty_terrain_no_floor_context	0	empty terrain tile	1161	9482	0	18	148	source_plane=0
terrain	empty_terrain_no_floor_context	0	empty terrain tile	1161	9483	0	18	148	source_plane=0
terrain	empty_terrain_no_floor_context	0	empty terrain tile	1161	9484	0	18	148	source_plane=0
terrain	empty_terrain_no_floor_context	0	empty terrain tile	1161	9485	0	18	148	source_plane=0
terrain	empty_terrain_no_floor_context	0	empty terrain tile	1161	9486	0	18	148	source_plane=0
terrain	empty_terrain_no_floor_context	0	empty terrain tile	1161	9487	0	18	148	source_plane=0
terrain	empty_terrain_no_floor_context	0	empty terrain tile	1161	9488	0	18	148	source_plane=0
terrain	empty_terrain_no_floor_context	0	empty terrain tile	1161	9489	0	18	148	source_plane=0
terrain	empty_terrain_no_floor_context	0	empty terrain tile	1161	9490	0	18	148	source_plane=0
terrain	empty_terrain_no_floor_context	0	empty terrain tile	1161	9491	0	18	148	source_plane=0
terrain	empty_terrain_no_floor_context	0	empty terrain tile	1161	9492	0	18	148	source_plane=0
terrain	empty_terrain_no_floor_context	0	empty terrain tile	1161	9493	0	18	148	source_plane=0
terrain	empty_terrain_no_floor_context	0	empty terrain tile	1161	9494	0	18	148	source_plane=0
terrain	empty_terrain_no_floor_context	0	empty terrain tile	1161	9495	0	18	148	source_plane=0
terrain	empty_terrain_no_floor_context	0	empty terrain tile	1161	9496	0	18	148	source_plane=0
terrain	empty_terrain_no_floor_context	0	empty terrain tile	1161	9497	0	18	148	source_plane=0
terrain	empty_terrain_no_floor_context	0	empty terrain tile	1161	9498	0	18	148	source_plane=0
terrain	empty_terrain_no_floor_context	0	empty terrain tile	1161	9499	0	18	148	source_plane=0
terrain	empty_terrain_no_floor_context	0	empty terrain tile	1161	9500	0	18	148	source_plane=0
terrain	empty_terrain_no_floor_context	0	empty terrain tile	1161	9501	0	18	148	source_plane=0
terrain	empty_terrain_no_floor_context	0	empty terrain tile	1161	9502	0	18	148	source_plane=0
terrain	empty_terrain_no_floor_context	0	empty terrain tile	1161	9503	0	18	148	source_plane=0
terrain	empty_terrain_no_floor_context	0	empty terrain tile	1161	9504	0	18	148	source_plane=0
terrain	empty_terrain_no_floor_context	0	empty terrain tile	1161	9505	0	18	148	source_plane=0
terrain	empty_terrain_no_floor_context	0	empty terrain tile	1161	9506	0	18	148	source_plane=0
terrain	empty_terrain_no_floor_context	0	empty terrain tile	1161	9507	0	18	148	source_plane=0
terrain	empty_terrain_no_floor_context	0	empty terrain tile	1161	9508	0	18	148	source_plane=0
terrain	empty_terrain_no_floor_context	0	empty terrain tile	1161	9509	0	18	148	source_plane=0
terrain	empty_terrain_no_floor_context	0	empty terrain tile	1161	9510	0	18	148	source_plane=0
terrain	empty_terrain_no_floor_context	0	empty terrain tile	1161	9511	0	18	148	source_plane=0
terrain	empty_terrain_no_floor_context	0	empty terrain tile	1161	9512	0	18	148	source_plane=0
terrain	empty_terrain_no_floor_context	0	empty terrain tile	1161	9513	0	18	148	source_plane=0
terrain	empty_terrain_no_floor_context	0	empty terrain tile	1161	9514	0	18	148	source_plane=0
terrain	empty_terrain_no_floor_context	0	empty terrain tile	1161	9515	0	18	148	source_plane=0
terrain	empty_terrain_no_floor_context	0	empty terrain tile	1161	9516	0	18	148	source_plane=0
terrain	empty_terrain_no_floor_context	0	empty terrain tile	1161	9517	0	18	148	source_plane=0
terrain	empty_terrain_no_floor_context	0	empty terrain tile	1161	9518	0	18	148	source_plane=0
terrain	empty_terrain_no_floor_context	0	empty terrain tile	1161	9519	0	18	148	source_plane=0
terrain	empty_terrain_no_floor_context	0	empty terrain tile	1161	9520	0	18	148	source_plane=0
terrain	empty_terrain_no_floor_context	0	empty terrain tile	1161	9521	0	18	148	source_plane=0
terrain	empty_terrain_no_floor_context	0	empty terrain tile	1161	9522	0	18	148	source_plane=0
terrain	empty_terrain_no_floor_context	0	empty terrain tile	1161	9523	0	18	148	source_plane=0
terrain	empty_terrain_no_floor_context	0	empty terrain tile	1161	9524	0	18	148	source_plane=0
terrain	empty_terrain_no_floor_context	0	empty terrain tile	1161	9525	0	18	148	source_plane=0
terrain	empty_terrain_no_floor_context	0	empty terrain tile	1161	9526	0	18	148	source_plane=0
terrain	empty_terrain_no_floor_context	0	empty terrain tile	1161	9527	0	18	148	source_plane=0
terrain	empty_terrain_no_floor_context	0	empty terrain tile	1161	9528	0	18	148	source_plane=0
terrain	empty_terrain_no_floor_context	0	empty terrain tile	1161	9529	0	18	148	source_plane=0
terrain	empty_terrain_no_floor_context	0	empty terrain tile	1161	9530	0	18	148	source_plane=0
terrain	empty_terrain_no_floor_context	0	empty terrain tile	1161	9531	0	18	148	source_plane=0
terrain	empty_terrain_no_floor_context	0	empty terrain tile	1161	9532	0	18	148	source_plane=0
terrain	empty_terrain_no_floor_context	0	empty terrain tile	1161	9533	0	18	148	source_plane=0
terrain	empty_terrain_no_floor_context	0	empty terrain tile	1161	9534	0	18	148	source_plane=0
terrain	empty_terrain_no_floor_context	0	empty terrain tile	1161	9535	0	18	148	source_plane=0
terrain	empty_terrain_no_floor_context	0	empty terrain tile	1162	9472	0	18	148	source_plane=0
terrain	empty_terrain_no_floor_context	0	empty terrain tile	1162	9473	0	18	148	source_plane=0
terrain	empty_terrain_no_floor_context	0	empty terrain tile	1162	9474	0	18	148	source_plane=0
terrain	empty_terrain_no_floor_context	0	empty terrain tile	1162	9475	0	18	148	source_plane=0
terrain	empty_terrain_no_floor_context	0	empty terrain tile	1162	9476	0	18	148	source_plane=0
terrain	empty_terrain_no_floor_context	0	empty terrain tile	1162	9477	0	18	148	source_plane=0
terrain	empty_terrain_no_floor_context	0	empty terrain tile	1162	9478	0	18	148	source_plane=0
terrain	empty_terrain_no_floor_context	0	empty terrain tile	1162	9479	0	18	148	source_plane=0
terrain	empty_terrain_no_floor_context	0	empty terrain tile	1162	9480	0	18	148	source_plane=0
terrain	empty_terrain_no_floor_context	0	empty terrain tile	1162	9481	0	18	148	source_plane=0
terrain	empty_terrain_no_floor_context	0	empty terrain tile	1162	9482	0	18	148	source_plane=0
terrain	empty_terrain_no_floor_context	0	empty terrain tile	1162	9483	0	18	148	source_plane=0
terrain	empty_terrain_no_floor_context	0	empty terrain tile	1162	9484	0	18	148	source_plane=0
terrain	empty_terrain_no_floor_context	0	empty terrain tile	1162	9485	0	18	148	source_plane=0
terrain	empty_terrain_no_floor_context	0	empty terrain tile	1162	9486	0	18	148	source_plane=0
terrain	empty_terrain_no_floor_context	0	empty terrain tile	1162	9487	0	18	148	source_plane=0
terrain	empty_terrain_no_floor_context	0	empty terrain tile	1162	9488	0	18	148	source_plane=0
terrain	empty_terrain_no_floor_context	0	empty terrain tile	1162	9489	0	18	148	source_plane=0
terrain	empty_terrain_no_floor_context	0	empty terrain tile	1162	9490	0	18	148	source_plane=0
terrain	empty_terrain_no_floor_context	0	empty terrain tile	1162	9491	0	18	148	source_plane=0
terrain	empty_terrain_no_floor_context	0	empty terrain tile	1162	9492	0	18	148	source_plane=0
terrain	empty_terrain_no_floor_context	0	empty terrain tile	1162	9493	0	18	148	source_plane=0
terrain	empty_terrain_no_floor_context	0	empty terrain tile	1162	9494	0	18	148	source_plane=0
terrain	empty_terrain_no_floor_context	0	empty terrain tile	1162	9495	0	18	148	source_plane=0
terrain	empty_terrain_no_floor_context	0	empty terrain tile	1162	9496	0	18	148	source_plane=0
terrain	empty_terrain_no_floor_context	0	empty terrain tile	1162	9497	0	18	148	source_plane=0
terrain	empty_terrain_no_floor_context	0	empty terrain tile	1162	9498	0	18	148	source_plane=0
terrain	empty_terrain_no_floor_context	0	empty terrain tile	1162	9499	0	18	148	source_plane=0
terrain	empty_terrain_no_floor_context	0	empty terrain tile	1162	9500	0	18	148	source_plane=0
terrain	empty_terrain_no_floor_context	0	empty terrain tile	1162	9501	0	18	148	source_plane=0
terrain	empty_terrain_no_floor_context	0	empty terrain tile	1162	9502	0	18	148	source_plane=0
terrain	empty_terrain_no_floor_context	0	empty terrain tile	1162	9503	0	18	148	source_plane=0
terrain	empty_terrain_no_floor_context	0	empty terrain tile	1162	9504	0	18	148	source_plane=0
terrain	empty_terrain_no_floor_context	0	empty terrain tile	1162	9505	0	18	148	source_plane=0
terrain	empty_terrain_no_floor_context	0	empty terrain tile	1162	9506	0	18	148	source_plane=0
terrain	empty_terrain_no_floor_context	0	empty terrain tile	1162	9507	0	18	148	source_plane=0
terrain	empty_terrain_no_floor_context	0	empty terrain tile	1162	9508	0	18	148	source_plane=0
terrain	empty_terrain_no_floor_context	0	empty terrain tile	1162	9509	0	18	148	source_plane=0
terrain	empty_terrain_no_floor_context	0	empty terrain tile	1162	9510	0	18	148	source_plane=0
terrain	empty_terrain_no_floor_context	0	empty terrain tile	1162	9511	0	18	148	source_plane=0
terrain	empty_terrain_no_floor_context	0	empty terrain tile	1162	9512	0	18	148	source_plane=0
terrain	empty_terrain_no_floor_context	0	empty terrain tile	1162	9513	0	18	148	source_plane=0
terrain	empty_terrain_no_floor_context	0	empty terrain tile	1162	9514	0	18	148	source_plane=0
terrain	empty_terrain_no_floor_context	0	empty terrain tile	1162	9515	0	18	148	source_plane=0
terrain	empty_terrain_no_floor_context	0	empty terrain tile	1162	9516	0	18	148	source_plane=0
terrain	empty_terrain_no_floor_context	0	empty terrain tile	1162	9517	0	18	148	source_plane=0
terrain	empty_terrain_no_floor_context	0	empty terrain tile	1162	9518	0	18	148	source_plane=0
terrain	empty_terrain_no_floor_context	0	empty terrain tile	1162	9519	0	18	148	source_plane=0
terrain	empty_terrain_no_floor_context	0	empty terrain tile	1162	9520	0	18	148	source_plane=0
terrain	empty_terrain_no_floor_context	0	empty terrain tile	1162	9521	0	18	148	source_plane=0
terrain	empty_terrain_no_floor_context	0	empty terrain tile	1162	9522	0	18	148	source_plane=0
terrain	empty_terrain_no_floor_context	0	empty terrain tile	1162	9523	0	18	148	source_plane=0
terrain	empty_terrain_no_floor_context	0	empty terrain tile	1162	9524	0	18	148	source_plane=0
terrain	empty_terrain_no_floor_context	0	empty terrain tile	1162	9525	0	18	148	source_plane=0
terrain	empty_terrain_no_floor_context	0	empty terrain tile	1162	9526	0	18	148	source_plane=0
terrain	empty_terrain_no_floor_context	0	empty terrain tile	1162	9527	0	18	148	source_plane=0
terrain	empty_terrain_no_floor_context	0	empty terrain tile	1162	9528	0	18	148	source_plane=0
terrain	empty_terrain_no_floor_context	0	empty terrain tile	1162	9529	0	18	148	source_plane=0
terrain	empty_terrain_no_floor_context	0	empty terrain tile	1162	9530	0	18	148	source_plane=0
terrain	empty_terrain_no_floor_context	0	empty terrain tile	1162	9531	0	18	148	source_plane=0
terrain	empty_terrain_no_floor_context	0	empty terrain tile	1162	9532	0	18	148	source_plane=0
terrain	empty_terrain_no_floor_context	0	empty terrain tile	1162	9533	0	18	148	source_plane=0
terrain	empty_terrain_no_floor_context	0	empty terrain tile	1162	9534	0	18	148	source_plane=0
terrain	empty_terrain_no_floor_context	0	empty terrain tile	1162	9535	0	18	148	source_plane=0
terrain	empty_terrain_no_floor_context	0	empty terrain tile	1163	9472	0	18	148	source_plane=0
terrain	empty_terrain_no_floor_context	0	empty terrain tile	1163	9473	0	18	148	source_plane=0
terrain	empty_terrain_no_floor_context	0	empty terrain tile	1163	9474	0	18	148	source_plane=0
terrain	empty_terrain_no_floor_context	0	empty terrain tile	1163	9475	0	18	148	source_plane=0
terrain	empty_terrain_no_floor_context	0	empty terrain tile	1163	9476	0	18	148	source_plane=0
terrain	empty_terrain_no_floor_context	0	empty terrain tile	1163	9477	0	18	148	source_plane=0
terrain	empty_terrain_no_floor_context	0	empty terrain tile	1163	9478	0	18	148	source_plane=0
terrain	empty_terrain_no_floor_context	0	empty terrain tile	1163	9479	0	18	148	source_plane=0
terrain	empty_terrain_no_floor_context	0	empty terrain tile	1163	9480	0	18	148	source_plane=0
terrain	empty_terrain_no_floor_context	0	empty terrain tile	1163	9481	0	18	148	source_plane=0
terrain	empty_terrain_no_floor_context	0	empty terrain tile	1163	9482	0	18	148	source_plane=0
terrain	empty_terrain_no_floor_context	0	empty terrain tile	1163	9483	0	18	148	source_plane=0
terrain	empty_terrain_no_floor_context	0	empty terrain tile	1163	9484	0	18	148	source_plane=0
terrain	empty_terrain_no_floor_context	0	empty terrain tile	1163	9485	0	18	148	source_plane=0
terrain	empty_terrain_no_floor_context	0	empty terrain tile	1163	9486	0	18	148	source_plane=0
terrain	empty_terrain_no_floor_context	0	empty terrain tile	1163	9487	0	18	148	source_plane=0
terrain	empty_terrain_no_floor_context	0	empty terrain tile	1163	9488	0	18	148	source_plane=0
terrain	empty_terrain_no_floor_context	0	empty terrain tile	1163	9489	0	18	148	source_plane=0
terrain	empty_terrain_no_floor_context	0	empty terrain tile	1163	9490	0	18	148	source_plane=0
terrain	empty_terrain_no_floor_context	0	empty terrain tile	1163	9491	0	18	148	source_plane=0
terrain	empty_terrain_no_floor_context	0	empty terrain tile	1163	9492	0	18	148	source_plane=0
terrain	empty_terrain_no_floor_context	0	empty terrain tile	1163	9493	0	18	148	source_plane=0
terrain	empty_terrain_no_floor_context	0	empty terrain tile	1163	9494	0	18	148	source_plane=0
terrain	empty_terrain_no_floor_context	0	empty terrain tile	1163	9495	0	18	148	source_plane=0
terrain	empty_terrain_no_floor_context	0	empty terrain tile	1163	9496	0	18	148	source_plane=0
terrain	empty_terrain_no_floor_context	0	empty terrain tile	1163	9497	0	18	148	source_plane=0
terrain	empty_terrain_no_floor_context	0	empty terrain tile	1163	9498	0	18	148	source_plane=0
terrain	empty_terrain_no_floor_context	0	empty terrain tile	1163	9499	0	18	148	source_plane=0
terrain	empty_terrain_no_floor_context	0	empty terrain tile	1163	9500	0	18	148	source_plane=0
terrain	empty_terrain_no_floor_context	0	empty terrain tile	1163	9501	0	18	148	source_plane=0
terrain	empty_terrain_no_floor_context	0	empty terrain tile	1163	9502	0	18	148	source_plane=0
terrain	empty_terrain_no_floor_context	0	empty terrain tile	1163	9503	0	18	148	source_plane=0
terrain	empty_terrain_no_floor_context	0	empty terrain tile	1163	9504	0	18	148	source_plane=0
terrain	empty_terrain_no_floor_context	0	empty terrain tile	1163	9505	0	18	148	source_plane=0
terrain	empty_terrain_no_floor_context	0	empty terrain tile	1163	9506	0	18	148	source_plane=0
terrain	empty_terrain_no_floor_context	0	empty terrain tile	1163	9507	0	18	148	source_plane=0
terrain	empty_terrain_no_floor_context	0	empty terrain tile	1163	9508	0	18	148	source_plane=0
terrain	empty_terrain_no_floor_context	0	empty terrain tile	1163	9509	0	18	148	source_plane=0
terrain	empty_terrain_no_floor_context	0	empty terrain tile	1163	9510	0	18	148	source_plane=0
terrain	empty_terrain_no_floor_context	0	empty terrain tile	1163	9511	0	18	148	source_plane=0
terrain	empty_terrain_no_floor_context	0	empty terrain tile	1163	9512	0	18	148	source_plane=0
terrain	empty_terrain_no_floor_context	0	empty terrain tile	1163	9513	0	18	148	source_plane=0
terrain	empty_terrain_no_floor_context	0	empty terrain tile	1163	9514	0	18	148	source_plane=0
terrain	empty_terrain_no_floor_context	0	empty terrain tile	1163	9515	0	18	148	source_plane=0
terrain	empty_terrain_no_floor_context	0	empty terrain tile	1163	9516	0	18	148	source_plane=0
terrain	empty_terrain_no_floor_context	0	empty terrain tile	1163	9517	0	18	148	source_plane=0
terrain	empty_terrain_no_floor_context	0	empty terrain tile	1163	9518	0	18	148	source_plane=0
terrain	empty_terrain_no_floor_context	0	empty terrain tile	1163	9519	0	18	148	source_plane=0
terrain	empty_terrain_no_floor_context	0	empty terrain tile	1163	9520	0	18	148	source_plane=0
terrain	empty_terrain_no_floor_context	0	empty terrain tile	1163	9521	0	18	148	source_plane=0
terrain	empty_terrain_no_floor_context	0	empty terrain tile	1163	9522	0	18	148	source_plane=0
terrain	empty_terrain_no_floor_context	0	empty terrain tile	1163	9523	0	18	148	source_plane=0
terrain	empty_terrain_no_floor_context	0	empty terrain tile	1163	9524	0	18	148	source_plane=0
terrain	empty_terrain_no_floor_context	0	empty terrain tile	1163	9525	0	18	148	source_plane=0
terrain	empty_terrain_no_floor_context	0	empty terrain tile	1163	9526	0	18	148	source_plane=0
terrain	empty_terrain_no_floor_context	0	empty terrain tile	1163	9527	0	18	148	source_plane=0
terrain	empty_terrain_no_floor_context	0	empty terrain tile	1163	9528	0	18	148	source_plane=0
terrain	empty_terrain_no_floor_context	0	empty terrain tile	1163	9529	0	18	148	source_plane=0
terrain	empty_terrain_no_floor_context	0	empty terrain tile	1163	9530	0	18	148	source_plane=0
terrain	empty_terrain_no_floor_context	0	empty terrain tile	1163	9531	0	18	148	source_plane=0
terrain	empty_terrain_no_floor_context	0	empty terrain tile	1163	9532	0	18	148	source_plane=0
terrain	empty_terrain_no_floor_context	0	empty terrain tile	1163	9533	0	18	148	source_plane=0
terrain	empty_terrain_no_floor_context	0	empty terrain tile	1163	9534	0	18	148	source_plane=0
terrain	empty_terrain_no_floor_context	0	empty terrain tile	1163	9535	0	18	148	source_plane=0
terrain	empty_terrain_no_floor_context	0	empty terrain tile	1164	9472	0	18	148	source_plane=0
terrain	empty_terrain_no_floor_context	0	empty terrain tile	1164	9473	0	18	148	source_plane=0
terrain	empty_terrain_no_floor_context	0	empty terrain tile	1164	9474	0	18	148	source_plane=0
terrain	empty_terrain_no_floor_context	0	empty terrain tile	1164	9475	0	18	148	source_plane=0
terrain	empty_terrain_no_floor_context	0	empty terrain tile	1164	9476	0	18	148	source_plane=0
terrain	empty_terrain_no_floor_context	0	empty terrain tile	1164	9477	0	18	148	source_plane=0
terrain	empty_terrain_no_floor_context	0	empty terrain tile	1164	9478	0	18	148	source_plane=0
terrain	empty_terrain_no_floor_context	0	empty terrain tile	1164	9479	0	18	148	source_plane=0
terrain	empty_terrain_no_floor_context	0	empty terrain tile	1164	9480	0	18	148	source_plane=0
terrain	empty_terrain_no_floor_context	0	empty terrain tile	1164	9481	0	18	148	source_plane=0
terrain	empty_terrain_no_floor_context	0	empty terrain tile	1164	9482	0	18	148	source_plane=0
terrain	empty_terrain_no_floor_context	0	empty terrain tile	1164	9483	0	18	148	source_plane=0
terrain	empty_terrain_no_floor_context	0	empty terrain tile	1164	9484	0	18	148	source_plane=0
terrain	empty_terrain_no_floor_context	0	empty terrain tile	1164	9485	0	18	148	source_plane=0
terrain	empty_terrain_no_floor_context	0	empty terrain tile	1164	9486	0	18	148	source_plane=0
terrain	empty_terrain_no_floor_context	0	empty terrain tile	1164	9487	0	18	148	source_plane=0
terrain	empty_terrain_no_floor_context	0	empty terrain tile	1164	9488	0	18	148	source_plane=0
terrain	empty_terrain_no_floor_context	0	empty terrain tile	1164	9489	0	18	148	source_plane=0
terrain	empty_terrain_no_floor_context	0	empty terrain tile	1164	9490	0	18	148	source_plane=0
terrain	empty_terrain_no_floor_context	0	empty terrain tile	1164	9491	0	18	148	source_plane=0
terrain	empty_terrain_no_floor_context	0	empty terrain tile	1164	9492	0	18	148	source_plane=0
terrain	empty_terrain_no_floor_context	0	empty terrain tile	1164	9493	0	18	148	source_plane=0
terrain	empty_terrain_no_floor_context	0	empty terrain tile	1164	9494	0	18	148	source_plane=0
terrain	empty_terrain_no_floor_context	0	empty terrain tile	1164	9495	0	18	148	source_plane=0
terrain	empty_terrain_no_floor_context	0	empty terrain tile	1164	9496	0	18	148	source_plane=0
terrain	empty_terrain_no_floor_context	0	empty terrain tile	1164	9497	0	18	148	source_plane=0
terrain	empty_terrain_no_floor_context	0	empty terrain tile	1164	9498	0	18	148	source_plane=0
terrain	empty_terrain_no_floor_context	0	empty terrain tile	1164	9499	0	18	148	source_plane=0
terrain	empty_terrain_no_floor_context	0	empty terrain tile	1164	9500	0	18	148	source_plane=0
terrain	empty_terrain_no_floor_context	0	empty terrain tile	1164	9501	0	18	148	source_plane=0
terrain	empty_terrain_no_floor_context	0	empty terrain tile	1164	9502	0	18	148	source_plane=0
terrain	empty_terrain_no_floor_context	0	empty terrain tile	1164	9503	0	18	148	source_plane=0
terrain	empty_terrain_no_floor_context	0	empty terrain tile	1164	9504	0	18	148	source_plane=0
terrain	empty_terrain_no_floor_context	0	empty terrain tile	1164	9505	0	18	148	source_plane=0
terrain	empty_terrain_no_floor_context	0	empty terrain tile	1164	9506	0	18	148	source_plane=0
terrain	empty_terrain_no_floor_context	0	empty terrain tile	1164	9507	0	18	148	source_plane=0
terrain	empty_terrain_no_floor_context	0	empty terrain tile	1164	9508	0	18	148	source_plane=0
terrain	empty_terrain_no_floor_context	0	empty terrain tile	1164	9509	0	18	148	source_plane=0
terrain	empty_terrain_no_floor_context	0	empty terrain tile	1164	9510	0	18	148	source_plane=0
terrain	empty_terrain_no_floor_context	0	empty terrain tile	1164	9511	0	18	148	source_plane=0
terrain	empty_terrain_no_floor_context	0	empty terrain tile	1164	9512	0	18	148	source_plane=0
terrain	empty_terrain_no_floor_context	0	empty terrain tile	1164	9513	0	18	148	source_plane=0
terrain	empty_terrain_no_floor_context	0	empty terrain tile	1164	9514	0	18	148	source_plane=0
terrain	empty_terrain_no_floor_context	0	empty terrain tile	1164	9515	0	18	148	source_plane=0
terrain	empty_terrain_no_floor_context	0	empty terrain tile	1164	9516	0	18	148	source_plane=0
terrain	empty_terrain_no_floor_context	0	empty terrain tile	1164	9517	0	18	148	source_plane=0
terrain	empty_terrain_no_floor_context	0	empty terrain tile	1164	9518	0	18	148	source_plane=0
terrain	empty_terrain_no_floor_context	0	empty terrain tile	1164	9519	0	18	148	source_plane=0
terrain	empty_terrain_no_floor_context	0	empty terrain tile	1164	9520	0	18	148	source_plane=0
terrain	empty_terrain_no_floor_context	0	empty terrain tile	1164	9521	0	18	148	source_plane=0
terrain	empty_terrain_no_floor_context	0	empty terrain tile	1164	9522	0	18	148	source_plane=0
terrain	empty_terrain_no_floor_context	0	empty terrain tile	1164	9523	0	18	148	source_plane=0
terrain	empty_terrain_no_floor_context	0	empty terrain tile	1164	9524	0	18	148	source_plane=0
terrain	empty_terrain_no_floor_context	0	empty terrain tile	1164	9525	0	18	148	source_plane=0
terrain	empty_terrain_no_floor_context	0	empty terrain tile	1164	9526	0	18	148	source_plane=0
terrain	empty_terrain_no_floor_context	0	empty terrain tile	1164	9527	0	18	148	source_plane=0
terrain	empty_terrain_no_floor_context	0	empty terrain tile	1164	9528	0	18	148	source_plane=0
terrain	empty_terrain_no_floor_context	0	empty terrain tile	1164	9529	0	18	148	source_plane=0
terrain	empty_terrain_no_floor_context	0	empty terrain tile	1164	9530	0	18	148	source_plane=0
terrain	empty_terrain_no_floor_context	0	empty terrain tile	1164	9531	0	18	148	source_plane=0
terrain	empty_terrain_no_floor_context	0	empty terrain tile	1164	9532	0	18	148	source_plane=0
terrain	empty_terrain_no_floor_context	0	empty terrain tile	1164	9533	0	18	148	source_plane=0
terrain	empty_terrain_no_floor_context	0	empty terrain tile	1164	9534	0	18	148	source_plane=0
terrain	empty_terrain_no_floor_context	0	empty terrain tile	1164	9535	0	18	148	source_plane=0
terrain	empty_terrain_no_floor_context	0	empty terrain tile	1165	9472	0	18	148	source_plane=0
terrain	empty_terrain_no_floor_context	0	empty terrain tile	1165	9473	0	18	148	source_plane=0
terrain	empty_terrain_no_floor_context	0	empty terrain tile	1165	9474	0	18	148	source_plane=0
terrain	empty_terrain_no_floor_context	0	empty terrain tile	1165	9475	0	18	148	source_plane=0
terrain	empty_terrain_no_floor_context	0	empty terrain tile	1165	9476	0	18	148	source_plane=0
terrain	empty_terrain_no_floor_context	0	empty terrain tile	1165	9477	0	18	148	source_plane=0
terrain	empty_terrain_no_floor_context	0	empty terrain tile	1165	9478	0	18	148	source_plane=0
terrain	empty_terrain_no_floor_context	0	empty terrain tile	1165	9479	0	18	148	source_plane=0
terrain	empty_terrain_no_floor_context	0	empty terrain tile	1165	9480	0	18	148	source_plane=0
terrain	empty_terrain_no_floor_context	0	empty terrain tile	1165	9481	0	18	148	source_plane=0
terrain	empty_terrain_no_floor_context	0	empty terrain tile	1165	9482	0	18	148	source_plane=0
terrain	empty_terrain_no_floor_context	0	empty terrain tile	1165	9483	0	18	148	source_plane=0
terrain	empty_terrain_no_floor_context	0	empty terrain tile	1165	9484	0	18	148	source_plane=0
terrain	empty_terrain_no_floor_context	0	empty terrain tile	1165	9485	0	18	148	source_plane=0
terrain	empty_terrain_no_floor_context	0	empty terrain tile	1165	9486	0	18	148	source_plane=0
terrain	empty_terrain_no_floor_context	0	empty terrain tile	1165	9487	0	18	148	source_plane=0
terrain	empty_terrain_no_floor_context	0	empty terrain tile	1165	9488	0	18	148	source_plane=0
terrain	empty_terrain_no_floor_context	0	empty terrain tile	1165	9489	0	18	148	source_plane=0
terrain	empty_terrain_no_floor_context	0	empty terrain tile	1165	9490	0	18	148	source_plane=0
terrain	empty_terrain_no_floor_context	0	empty terrain tile	1165	9491	0	18	148	source_plane=0
terrain	empty_terrain_no_floor_context	0	empty terrain tile	1165	9492	0	18	148	source_plane=0
terrain	empty_terrain_no_floor_context	0	empty terrain tile	1165	9493	0	18	148	source_plane=0
terrain	empty_terrain_no_floor_context	0	empty terrain tile	1165	9494	0	18	148	source_plane=0
terrain	empty_terrain_no_floor_context	0	empty terrain tile	1165	9495	0	18	148	source_plane=0
terrain	empty_terrain_no_floor_context	0	empty terrain tile	1165	9496	0	18	148	source_plane=0
terrain	empty_terrain_no_floor_context	0	empty terrain tile	1165	9497	0	18	148	source_plane=0
terrain	empty_terrain_no_floor_context	0	empty terrain tile	1165	9498	0	18	148	source_plane=0
terrain	empty_terrain_no_floor_context	0	empty terrain tile	1165	9499	0	18	148	source_plane=0
terrain	empty_terrain_no_floor_context	0	empty terrain tile	1165	9500	0	18	148	source_plane=0
terrain	empty_terrain_no_floor_context	0	empty terrain tile	1165	9501	0	18	148	source_plane=0
terrain	empty_terrain_no_floor_context	0	empty terrain tile	1165	9502	0	18	148	source_plane=0
terrain	empty_terrain_no_floor_context	0	empty terrain tile	1165	9503	0	18	148	source_plane=0
terrain	empty_terrain_no_floor_context	0	empty terrain tile	1165	9504	0	18	148	source_plane=0
terrain	empty_terrain_no_floor_context	0	empty terrain tile	1165	9505	0	18	148	source_plane=0
terrain	empty_terrain_no_floor_context	0	empty terrain tile	1165	9506	0	18	148	source_plane=0
terrain	empty_terrain_no_floor_context	0	empty terrain tile	1165	9507	0	18	148	source_plane=0
terrain	empty_terrain_no_floor_context	0	empty terrain tile	1165	9508	0	18	148	source_plane=0
terrain	empty_terrain_no_floor_context	0	empty terrain tile	1165	9509	0	18	148	source_plane=0
terrain	empty_terrain_no_floor_context	0	empty terrain tile	1165	9510	0	18	148	source_plane=0
terrain	empty_terrain_no_floor_context	0	empty terrain tile	1165	9511	0	18	148	source_plane=0
terrain	empty_terrain_no_floor_context	0	empty terrain tile	1165	9512	0	18	148	source_plane=0
terrain	empty_terrain_no_floor_context	0	empty terrain tile	1165	9513	0	18	148	source_plane=0
terrain	empty_terrain_no_floor_context	0	empty terrain tile	1165	9514	0	18	148	source_plane=0
terrain	empty_terrain_no_floor_context	0	empty terrain tile	1165	9515	0	18	148	source_plane=0
terrain	empty_terrain_no_floor_context	0	empty terrain tile	1165	9516	0	18	148	source_plane=0
terrain	empty_terrain_no_floor_context	0	empty terrain tile	1165	9517	0	18	148	source_plane=0
terrain	empty_terrain_no_floor_context	0	empty terrain tile	1165	9518	0	18	148	source_plane=0
terrain	empty_terrain_no_floor_context	0	empty terrain tile	1165	9519	0	18	148	source_plane=0
terrain	empty_terrain_no_floor_context	0	empty terrain tile	1165	9520	0	18	148	source_plane=0
terrain	empty_terrain_no_floor_context	0	empty terrain tile	1165	9521	0	18	148	source_plane=0
terrain	empty_terrain_no_floor_context	0	empty terrain tile	1165	9522	0	18	148	source_plane=0
terrain	empty_terrain_no_floor_context	0	empty terrain tile	1165	9523	0	18	148	source_plane=0
terrain	empty_terrain_no_floor_context	0	empty terrain tile	1165	9524	0	18	148	source_plane=0
terrain	empty_terrain_no_floor_context	0	empty terrain tile	1165	9525	0	18	148	source_plane=0
terrain	empty_terrain_no_floor_context	0	empty terrain tile	1165	9526	0	18	148	source_plane=0
terrain	empty_terrain_no_floor_context	0	empty terrain tile	1165	9527	0	18	148	source_plane=0
terrain	empty_terrain_no_floor_context	0	empty terrain tile	1165	9528	0	18	148	source_plane=0
terrain	empty_terrain_no_floor_context	0	empty terrain tile	1165	9529	0	18	148	source_plane=0
terrain	empty_terrain_no_floor_context	0	empty terrain tile	1165	9530	0	18	148	source_plane=0
terrain	empty_terrain_no_floor_context	0	empty terrain tile	1165	9531	0	18	148	source_plane=0
terrain	empty_terrain_no_floor_context	0	empty terrain tile	1165	9532	0	18	148	source_plane=0
terrain	empty_terrain_no_floor_context	0	empty terrain tile	1165	9533	0	18	148	source_plane=0
terrain	empty_terrain_no_floor_context	0	empty terrain tile	1165	9534	0	18	148	source_plane=0
terrain	empty_terrain_no_floor_context	0	empty terrain tile	1165	9535	0	18	148	source_plane=0
terrain	empty_terrain_no_floor_context	0	empty terrain tile	1166	9472	0	18	148	source_plane=0
terrain	empty_terrain_no_floor_context	0	empty terrain tile	1166	9473	0	18	148	source_plane=0
terrain	empty_terrain_no_floor_context	0	empty terrain tile	1166	9474	0	18	148	source_plane=0
terrain	empty_terrain_no_floor_context	0	empty terrain tile	1166	9475	0	18	148	source_plane=0
terrain	empty_terrain_no_floor_context	0	empty terrain tile	1166	9476	0	18	148	source_plane=0
terrain	empty_terrain_no_floor_context	0	empty terrain tile	1166	9477	0	18	148	source_plane=0
terrain	empty_terrain_no_floor_context	0	empty terrain tile	1166	9478	0	18	148	source_plane=0
terrain	empty_terrain_no_floor_context	0	empty terrain tile	1166	9479	0	18	148	source_plane=0
terrain	empty_terrain_no_floor_context	0	empty terrain tile	1166	9480	0	18	148	source_plane=0
terrain	empty_terrain_no_floor_context	0	empty terrain tile	1166	9481	0	18	148	source_plane=0
terrain	empty_terrain_no_floor_context	0	empty terrain tile	1166	9482	0	18	148	source_plane=0
terrain	empty_terrain_no_floor_context	0	empty terrain tile	1166	9483	0	18	148	source_plane=0
terrain	empty_terrain_no_floor_context	0	empty terrain tile	1166	9484	0	18	148	source_plane=0
terrain	empty_terrain_no_floor_context	0	empty terrain tile	1166	9485	0	18	148	source_plane=0
terrain	empty_terrain_no_floor_context	0	empty terrain tile	1166	9486	0	18	148	source_plane=0
terrain	empty_terrain_no_floor_context	0	empty terrain tile	1166	9487	0	18	148	source_plane=0
terrain	empty_terrain_no_floor_context	0	empty terrain tile	1166	9488	0	18	148	source_plane=0
terrain	empty_terrain_no_floor_context	0	empty terrain tile	1166	9489	0	18	148	source_plane=0
terrain	empty_terrain_no_floor_context	0	empty terrain tile	1166	9490	0	18	148	source_plane=0
terrain	empty_terrain_no_floor_context	0	empty terrain tile	1166	9491	0	18	148	source_plane=0
terrain	empty_terrain_no_floor_context	0	empty terrain tile	1166	9492	0	18	148	source_plane=0
terrain	empty_terrain_no_floor_context	0	empty terrain tile	1166	9493	0	18	148	source_plane=0
terrain	empty_terrain_no_floor_context	0	empty terrain tile	1166	9494	0	18	148	source_plane=0
terrain	empty_terrain_no_floor_context	0	empty terrain tile	1166	9495	0	18	148	source_plane=0
terrain	empty_terrain_no_floor_context	0	empty terrain tile	1166	9496	0	18	148	source_plane=0
terrain	empty_terrain_no_floor_context	0	empty terrain tile	1166	9497	0	18	148	source_plane=0
terrain	empty_terrain_no_floor_context	0	empty terrain tile	1166	9498	0	18	148	source_plane=0
terrain	empty_terrain_no_floor_context	0	empty terrain tile	1166	9499	0	18	148	source_plane=0
terrain	empty_terrain_no_floor_context	0	empty terrain tile	1166	9500	0	18	148	source_plane=0
terrain	empty_terrain_no_floor_context	0	empty terrain tile	1166	9501	0	18	148	source_plane=0
terrain	empty_terrain_no_floor_context	0	empty terrain tile	1166	9502	0	18	148	source_plane=0
terrain	empty_terrain_no_floor_context	0	empty terrain tile	1166	9503	0	18	148	source_plane=0
terrain	empty_terrain_no_floor_context	0	empty terrain tile	1166	9504	0	18	148	source_plane=0
terrain	empty_terrain_no_floor_context	0	empty terrain tile	1166	9505	0	18	148	source_plane=0
terrain	empty_terrain_no_floor_context	0	empty terrain tile	1166	9506	0	18	148	source_plane=0
terrain	empty_terrain_no_floor_context	0	empty terrain tile	1166	9507	0	18	148	source_plane=0
terrain	empty_terrain_no_floor_context	0	empty terrain tile	1166	9508	0	18	148	source_plane=0
terrain	empty_terrain_no_floor_context	0	empty terrain tile	1166	9509	0	18	148	source_plane=0
terrain	empty_terrain_no_floor_context	0	empty terrain tile	1166	9510	0	18	148	source_plane=0
terrain	empty_terrain_no_floor_context	0	empty terrain tile	1166	9511	0	18	148	source_plane=0
terrain	empty_terrain_no_floor_context	0	empty terrain tile	1166	9512	0	18	148	source_plane=0
terrain	empty_terrain_no_floor_context	0	empty terrain tile	1166	9513	0	18	148	source_plane=0
terrain	empty_terrain_no_floor_context	0	empty terrain tile	1166	9514	0	18	148	source_plane=0
terrain	empty_terrain_no_floor_context	0	empty terrain tile	1166	9515	0	18	148	source_plane=0
terrain	empty_terrain_no_floor_context	0	empty terrain tile	1166	9516	0	18	148	source_plane=0
terrain	empty_terrain_no_floor_context	0	empty terrain tile	1166	9517	0	18	148	source_plane=0
terrain	empty_terrain_no_floor_context	0	empty terrain tile	1166	9518	0	18	148	source_plane=0
terrain	empty_terrain_no_floor_context	0	empty terrain tile	1166	9519	0	18	148	source_plane=0
terrain	empty_terrain_no_floor_context	0	empty terrain tile	1166	9520	0	18	148	source_plane=0
terrain	empty_terrain_no_floor_context	0	empty terrain tile	1166	9521	0	18	148	source_plane=0
terrain	empty_terrain_no_floor_context	0	empty terrain tile	1166	9522	0	18	148	source_plane=0
terrain	empty_terrain_no_floor_context	0	empty terrain tile	1166	9523	0	18	148	source_plane=0
terrain	empty_terrain_no_floor_context	0	empty terrain tile	1166	9524	0	18	148	source_plane=0
terrain	empty_terrain_no_floor_context	0	empty terrain tile	1166	9525	0	18	148	source_plane=0
terrain	empty_terrain_no_floor_context	0	empty terrain tile	1166	9526	0	18	148	source_plane=0
terrain	empty_terrain_no_floor_context	0	empty terrain tile	1166	9527	0	18	148	source_plane=0
terrain	empty_terrain_no_floor_context	0	empty terrain tile	1166	9528	0	18	148	source_plane=0
terrain	empty_terrain_no_floor_context	0	empty terrain tile	1166	9529	0	18	148	source_plane=0
terrain	empty_terrain_no_floor_context	0	empty terrain tile	1166	9530	0	18	148	source_plane=0
terrain	empty_terrain_no_floor_context	0	empty terrain tile	1166	9531	0	18	148	source_plane=0
terrain	empty_terrain_no_floor_context	0	empty terrain tile	1166	9532	0	18	148	source_plane=0
terrain	empty_terrain_no_floor_context	0	empty terrain tile	1166	9533	0	18	148	source_plane=0
terrain	empty_terrain_no_floor_context	0	empty terrain tile	1166	9534	0	18	148	source_plane=0
terrain	empty_terrain_no_floor_context	0	empty terrain tile	1166	9535	0	18	148	source_plane=0
terrain	empty_terrain_no_floor_context	0	empty terrain tile	1167	9472	0	18	148	source_plane=0
terrain	empty_terrain_no_floor_context	0	empty terrain tile	1167	9473	0	18	148	source_plane=0
terrain	empty_terrain_no_floor_context	0	empty terrain tile	1167	9474	0	18	148	source_plane=0
terrain	empty_terrain_no_floor_context	0	empty terrain tile	1167	9475	0	18	148	source_plane=0
terrain	empty_terrain_no_floor_context	0	empty terrain tile	1167	9476	0	18	148	source_plane=0
terrain	empty_terrain_no_floor_context	0	empty terrain tile	1167	9477	0	18	148	source_plane=0
terrain	empty_terrain_no_floor_context	0	empty terrain tile	1167	9478	0	18	148	source_plane=0
terrain	empty_terrain_no_floor_context	0	empty terrain tile	1167	9479	0	18	148	source_plane=0
terrain	empty_terrain_no_floor_context	0	empty terrain tile	1167	9480	0	18	148	source_plane=0
terrain	empty_terrain_no_floor_context	0	empty terrain tile	1167	9481	0	18	148	source_plane=0
terrain	empty_terrain_no_floor_context	0	empty terrain tile	1167	9482	0	18	148	source_plane=0
terrain	empty_terrain_no_floor_context	0	empty terrain tile	1167	9483	0	18	148	source_plane=0
terrain	empty_terrain_no_floor_context	0	empty terrain tile	1167	9484	0	18	148	source_plane=0
terrain	empty_terrain_no_floor_context	0	empty terrain tile	1167	9485	0	18	148	source_plane=0
terrain	empty_terrain_no_floor_context	0	empty terrain tile	1167	9486	0	18	148	source_plane=0
terrain	empty_terrain_no_floor_context	0	empty terrain tile	1167	9487	0	18	148	source_plane=0
terrain	empty_terrain_no_floor_context	0	empty terrain tile	1167	9488	0	18	148	source_plane=0
terrain	empty_terrain_no_floor_context	0	empty terrain tile	1167	9489	0	18	148	source_plane=0
terrain	empty_terrain_no_floor_context	0	empty terrain tile	1167	9490	0	18	148	source_plane=0
terrain	empty_terrain_no_floor_context	0	empty terrain tile	1167	9491	0	18	148	source_plane=0
terrain	empty_terrain_no_floor_context	0	empty terrain tile	1167	9492	0	18	148	source_plane=0
terrain	empty_terrain_no_floor_context	0	empty terrain tile	1167	9493	0	18	148	source_plane=0
terrain	empty_terrain_no_floor_context	0	empty terrain tile	1167	9494	0	18	148	source_plane=0
terrain	empty_terrain_no_floor_context	0	empty terrain tile	1167	9495	0	18	148	source_plane=0
terrain	empty_terrain_no_floor_context	0	empty terrain tile	1167	9496	0	18	148	source_plane=0
terrain	empty_terrain_no_floor_context	0	empty terrain tile	1167	9497	0	18	148	source_plane=0
terrain	empty_terrain_no_floor_context	0	empty terrain tile	1167	9498	0	18	148	source_plane=0
terrain	empty_terrain_no_floor_context	0	empty terrain tile	1167	9499	0	18	148	source_plane=0
terrain	empty_terrain_no_floor_context	0	empty terrain tile	1167	9500	0	18	148	source_plane=0
terrain	empty_terrain_no_floor_context	0	empty terrain tile	1167	9501	0	18	148	source_plane=0
terrain	empty_terrain_no_floor_context	0	empty terrain tile	1167	9502	0	18	148	source_plane=0
terrain	empty_terrain_no_floor_context	0	empty terrain tile	1167	9503	0	18	148	source_plane=0
terrain	empty_terrain_no_floor_context	0	empty terrain tile	1167	9504	0	18	148	source_plane=0
terrain	empty_terrain_no_floor_context	0	empty terrain tile	1167	9505	0	18	148	source_plane=0
terrain	empty_terrain_no_floor_context	0	empty terrain tile	1167	9506	0	18	148	source_plane=0
terrain	empty_terrain_no_floor_context	0	empty terrain tile	1167	9507	0	18	148	source_plane=0
terrain	empty_terrain_no_floor_context	0	empty terrain tile	1167	9508	0	18	148	source_plane=0
terrain	empty_terrain_no_floor_context	0	empty terrain tile	1167	9509	0	18	148	source_plane=0
terrain	empty_terrain_no_floor_context	0	empty terrain tile	1167	9510	0	18	148	source_plane=0
terrain	empty_terrain_no_floor_context	0	empty terrain tile	1167	9511	0	18	148	source_plane=0
terrain	empty_terrain_no_floor_context	0	empty terrain tile	1167	9512	0	18	148	source_plane=0
terrain	empty_terrain_no_floor_context	0	empty terrain tile	1167	9513	0	18	148	source_plane=0
terrain	empty_terrain_no_floor_context	0	empty terrain tile	1167	9514	0	18	148	source_plane=0
terrain	empty_terrain_no_floor_context	0	empty terrain tile	1167	9515	0	18	148	source_plane=0
terrain	empty_terrain_no_floor_context	0	empty terrain tile	1167	9516	0	18	148	source_plane=0
terrain	empty_terrain_no_floor_context	0	empty terrain tile	1167	9517	0	18	148	source_plane=0
terrain	empty_terrain_no_floor_context	0	empty terrain tile	1167	9518	0	18	148	source_plane=0
terrain	empty_terrain_no_floor_context	0	empty terrain tile	1167	9519	0	18	148	source_plane=0
terrain	empty_terrain_no_floor_context	0	empty terrain tile	1167	9520	0	18	148	source_plane=0
terrain	empty_terrain_no_floor_context	0	empty terrain tile	1167	9521	0	18	148	source_plane=0
terrain	empty_terrain_no_floor_context	0	empty terrain tile	1167	9522	0	18	148	source_plane=0
terrain	empty_terrain_no_floor_context	0	empty terrain tile	1167	9523	0	18	148	source_plane=0
terrain	empty_terrain_no_floor_context	0	empty terrain tile	1167	9524	0	18	148	source_plane=0
terrain	empty_terrain_no_floor_context	0	empty terrain tile	1167	9525	0	18	148	source_plane=0
terrain	empty_terrain_no_floor_context	0	empty terrain tile	1167	9526	0	18	148	source_plane=0
terrain	empty_terrain_no_floor_context	0	empty terrain tile	1167	9527	0	18	148	source_plane=0
terrain	empty_terrain_no_floor_context	0	empty terrain tile	1167	9528	0	18	148	source_plane=0
terrain	empty_terrain_no_floor_context	0	empty terrain tile	1167	9529	0	18	148	source_plane=0
terrain	empty_terrain_no_floor_context	0	empty terrain tile	1167	9530	0	18	148	source_plane=0
terrain	empty_terrain_no_floor_context	0	empty terrain tile	1167	9531	0	18	148	source_plane=0
terrain	empty_terrain_no_floor_context	0	empty terrain tile	1167	9532	0	18	148	source_plane=0
terrain	empty_terrain_no_floor_context	0	empty terrain tile	1167	9533	0	18	148	source_plane=0
terrain	empty_terrain_no_floor_context	0	empty terrain tile	1167	9534	0	18	148	source_plane=0
terrain	empty_terrain_no_floor_context	0	empty terrain tile	1167	9535	0	18	148	source_plane=0
terrain	empty_terrain_no_floor_context	0	empty terrain tile	1168	9472	0	18	148	source_plane=0
terrain	empty_terrain_no_floor_context	0	empty terrain tile	1168	9473	0	18	148	source_plane=0
terrain	empty_terrain_no_floor_context	0	empty terrain tile	1168	9474	0	18	148	source_plane=0
terrain	empty_terrain_no_floor_context	0	empty terrain tile	1168	9475	0	18	148	source_plane=0
terrain	empty_terrain_no_floor_context	0	empty terrain tile	1168	9476	0	18	148	source_plane=0
terrain	empty_terrain_no_floor_context	0	empty terrain tile	1168	9477	0	18	148	source_plane=0
terrain	empty_terrain_no_floor_context	0	empty terrain tile	1168	9478	0	18	148	source_plane=0
terrain	empty_terrain_no_floor_context	0	empty terrain tile	1168	9479	0	18	148	source_plane=0
terrain	empty_terrain_no_floor_context	0	empty terrain tile	1168	9480	0	18	148	source_plane=0
terrain	empty_terrain_no_floor_context	0	empty terrain tile	1168	9481	0	18	148	source_plane=0
terrain	empty_terrain_no_floor_context	0	empty terrain tile	1168	9482	0	18	148	source_plane=0
terrain	empty_terrain_no_floor_context	0	empty terrain tile	1168	9483	0	18	148	source_plane=0
terrain	empty_terrain_no_floor_context	0	empty terrain tile	1168	9484	0	18	148	source_plane=0
terrain	empty_terrain_no_floor_context	0	empty terrain tile	1168	9485	0	18	148	source_plane=0
terrain	empty_terrain_no_floor_context	0	empty terrain tile	1168	9486	0	18	148	source_plane=0
terrain	empty_terrain_no_floor_context	0	empty terrain tile	1168	9487	0	18	148	source_plane=0
terrain	empty_terrain_no_floor_context	0	empty terrain tile	1168	9488	0	18	148	source_plane=0
terrain	empty_terrain_no_floor_context	0	empty terrain tile	1168	9489	0	18	148	source_plane=0
terrain	empty_terrain_no_floor_context	0	empty terrain tile	1168	9490	0	18	148	source_plane=0
terrain	empty_terrain_no_floor_context	0	empty terrain tile	1168	9491	0	18	148	source_plane=0
terrain	empty_terrain_no_floor_context	0	empty terrain tile	1168	9492	0	18	148	source_plane=0
terrain	empty_terrain_no_floor_context	0	empty terrain tile	1168	9493	0	18	148	source_plane=0
terrain	empty_terrain_no_floor_context	0	empty terrain tile	1168	9494	0	18	148	source_plane=0
terrain	empty_terrain_no_floor_context	0	empty terrain tile	1168	9495	0	18	148	source_plane=0
terrain	empty_terrain_no_floor_context	0	empty terrain tile	1168	9496	0	18	148	source_plane=0
terrain	empty_terrain_no_floor_context	0	empty terrain tile	1168	9497	0	18	148	source_plane=0
terrain	empty_terrain_no_floor_context	0	empty terrain tile	1168	9498	0	18	148	source_plane=0
terrain	empty_terrain_no_floor_context	0	empty terrain tile	1168	9499	0	18	148	source_plane=0
terrain	empty_terrain_no_floor_context	0	empty terrain tile	1168	9500	0	18	148	source_plane=0
terrain	empty_terrain_no_floor_context	0	empty terrain tile	1168	9501	0	18	148	source_plane=0
terrain	empty_terrain_no_floor_context	0	empty terrain tile	1168	9502	0	18	148	source_plane=0
terrain	empty_terrain_no_floor_context	0	empty terrain tile	1168	9503	0	18	148	source_plane=0
terrain	empty_terrain_no_floor_context	0	empty terrain tile	1168	9504	0	18	148	source_plane=0
terrain	empty_terrain_no_floor_context	0	empty terrain tile	1168	9505	0	18	148	source_plane=0
terrain	empty_terrain_no_floor_context	0	empty terrain tile	1168	9506	0	18	148	source_plane=0
terrain	empty_terrain_no_floor_context	0	empty terrain tile	1168	9507	0	18	148	source_plane=0
terrain	empty_terrain_no_floor_context	0	empty terrain tile	1168	9508	0	18	148	source_plane=0
terrain	empty_terrain_no_floor_context	0	empty terrain tile	1168	9509	0	18	148	source_plane=0
terrain	empty_terrain_no_floor_context	0	empty terrain tile	1168	9510	0	18	148	source_plane=0
terrain	empty_terrain_no_floor_context	0	empty terrain tile	1168	9511	0	18	148	source_plane=0
terrain	empty_terrain_no_floor_context	0	empty terrain tile	1168	9512	0	18	148	source_plane=0
terrain	empty_terrain_no_floor_context	0	empty terrain tile	1168	9513	0	18	148	source_plane=0
terrain	empty_terrain_no_floor_context	0	empty terrain tile	1168	9514	0	18	148	source_plane=0
terrain	empty_terrain_no_floor_context	0	empty terrain tile	1168	9515	0	18	148	source_plane=0
terrain	empty_terrain_no_floor_context	0	empty terrain tile	1168	9516	0	18	148	source_plane=0
terrain	empty_terrain_no_floor_context	0	empty terrain tile	1168	9517	0	18	148	source_plane=0
terrain	empty_terrain_no_floor_context	0	empty terrain tile	1168	9518	0	18	148	source_plane=0
terrain	empty_terrain_no_floor_context	0	empty terrain tile	1168	9519	0	18	148	source_plane=0
terrain	empty_terrain_no_floor_context	0	empty terrain tile	1168	9520	0	18	148	source_plane=0
terrain	empty_terrain_no_floor_context	0	empty terrain tile	1168	9521	0	18	148	source_plane=0
terrain	empty_terrain_no_floor_context	0	empty terrain tile	1168	9522	0	18	148	source_plane=0
terrain	empty_terrain_no_floor_context	0	empty terrain tile	1168	9523	0	18	148	source_plane=0
terrain	empty_terrain_no_floor_context	0	empty terrain tile	1168	9524	0	18	148	source_plane=0
terrain	empty_terrain_no_floor_context	0	empty terrain tile	1168	9525	0	18	148	source_plane=0
terrain	empty_terrain_no_floor_context	0	empty terrain tile	1168	9526	0	18	148	source_plane=0
terrain	empty_terrain_no_floor_context	0	empty terrain tile	1168	9527	0	18	148	source_plane=0
terrain	empty_terrain_no_floor_context	0	empty terrain tile	1168	9528	0	18	148	source_plane=0
terrain	empty_terrain_no_floor_context	0	empty terrain tile	1168	9529	0	18	148	source_plane=0
terrain	empty_terrain_no_floor_context	0	empty terrain tile	1168	9530	0	18	148	source_plane=0
terrain	empty_terrain_no_floor_context	0	empty terrain tile	1168	9531	0	18	148	source_plane=0
terrain	empty_terrain_no_floor_context	0	empty terrain tile	1168	9532	0	18	148	source_plane=0
terrain	empty_terrain_no_floor_context	0	empty terrain tile	1168	9533	0	18	148	source_plane=0
terrain	empty_terrain_no_floor_context	0	empty terrain tile	1168	9534	0	18	148	source_plane=0
terrain	empty_terrain_no_floor_context	0	empty terrain tile	1168	9535	0	18	148	source_plane=0
terrain	empty_terrain_no_floor_context	0	empty terrain tile	1169	9472	0	18	148	source_plane=0
terrain	empty_terrain_no_floor_context	0	empty terrain tile	1169	9473	0	18	148	source_plane=0
terrain	empty_terrain_no_floor_context	0	empty terrain tile	1169	9474	0	18	148	source_plane=0
terrain	empty_terrain_no_floor_context	0	empty terrain tile	1169	9475	0	18	148	source_plane=0
terrain	empty_terrain_no_floor_context	0	empty terrain tile	1169	9476	0	18	148	source_plane=0
terrain	empty_terrain_no_floor_context	0	empty terrain tile	1169	9477	0	18	148	source_plane=0
terrain	empty_terrain_no_floor_context	0	empty terrain tile	1169	9478	0	18	148	source_plane=0
terrain	empty_terrain_no_floor_context	0	empty terrain tile	1169	9479	0	18	148	source_plane=0
terrain	empty_terrain_no_floor_context	0	empty terrain tile	1169	9480	0	18	148	source_plane=0
terrain	empty_terrain_no_floor_context	0	empty terrain tile	1169	9481	0	18	148	source_plane=0
terrain	empty_terrain_no_floor_context	0	empty terrain tile	1169	9482	0	18	148	source_plane=0
terrain	empty_terrain_no_floor_context	0	empty terrain tile	1169	9483	0	18	148	source_plane=0
terrain	empty_terrain_no_floor_context	0	empty terrain tile	1169	9484	0	18	148	source_plane=0
terrain	empty_terrain_no_floor_context	0	empty terrain tile	1169	9485	0	18	148	source_plane=0
terrain	empty_terrain_no_floor_context	0	empty terrain tile	1169	9486	0	18	148	source_plane=0
terrain	empty_terrain_no_floor_context	0	empty terrain tile	1169	9487	0	18	148	source_plane=0
terrain	empty_terrain_no_floor_context	0	empty terrain tile	1169	9488	0	18	148	source_plane=0
terrain	empty_terrain_no_floor_context	0	empty terrain tile	1169	9489	0	18	148	source_plane=0
terrain	empty_terrain_no_floor_context	0	empty terrain tile	1169	9490	0	18	148	source_plane=0
terrain	empty_terrain_no_floor_context	0	empty terrain tile	1169	9491	0	18	148	source_plane=0
terrain	empty_terrain_no_floor_context	0	empty terrain tile	1169	9492	0	18	148	source_plane=0
terrain	empty_terrain_no_floor_context	0	empty terrain tile	1169	9493	0	18	148	source_plane=0
terrain	empty_terrain_no_floor_context	0	empty terrain tile	1169	9494	0	18	148	source_plane=0
terrain	empty_terrain_no_floor_context	0	empty terrain tile	1169	9495	0	18	148	source_plane=0
terrain	empty_terrain_no_floor_context	0	empty terrain tile	1169	9496	0	18	148	source_plane=0
terrain	empty_terrain_no_floor_context	0	empty terrain tile	1169	9497	0	18	148	source_plane=0
terrain	empty_terrain_no_floor_context	0	empty terrain tile	1169	9498	0	18	148	source_plane=0
terrain	empty_terrain_no_floor_context	0	empty terrain tile	1169	9499	0	18	148	source_plane=0
terrain	empty_terrain_no_floor_context	0	empty terrain tile	1169	9500	0	18	148	source_plane=0
terrain	empty_terrain_no_floor_context	0	empty terrain tile	1169	9501	0	18	148	source_plane=0
terrain	empty_terrain_no_floor_context	0	empty terrain tile	1169	9502	0	18	148	source_plane=0
terrain	empty_terrain_no_floor_context	0	empty terrain tile	1169	9503	0	18	148	source_plane=0
terrain	empty_terrain_no_floor_context	0	empty terrain tile	1169	9504	0	18	148	source_plane=0
terrain	empty_terrain_no_floor_context	0	empty terrain tile	1169	9505	0	18	148	source_plane=0
terrain	empty_terrain_no_floor_context	0	empty terrain tile	1169	9506	0	18	148	source_plane=0
terrain	empty_terrain_no_floor_context	0	empty terrain tile	1169	9507	0	18	148	source_plane=0
terrain	empty_terrain_no_floor_context	0	empty terrain tile	1169	9508	0	18	148	source_plane=0
terrain	empty_terrain_no_floor_context	0	empty terrain tile	1169	9509	0	18	148	source_plane=0
terrain	empty_terrain_no_floor_context	0	empty terrain tile	1169	9510	0	18	148	source_plane=0
terrain	empty_terrain_no_floor_context	0	empty terrain tile	1169	9511	0	18	148	source_plane=0
terrain	empty_terrain_no_floor_context	0	empty terrain tile	1169	9512	0	18	148	source_plane=0
terrain	empty_terrain_no_floor_context	0	empty terrain tile	1169	9513	0	18	148	source_plane=0
terrain	empty_terrain_no_floor_context	0	empty terrain tile	1169	9514	0	18	148	source_plane=0
terrain	empty_terrain_no_floor_context	0	empty terrain tile	1169	9515	0	18	148	source_plane=0
terrain	empty_terrain_no_floor_context	0	empty terrain tile	1169	9516	0	18	148	source_plane=0
terrain	empty_terrain_no_floor_context	0	empty terrain tile	1169	9517	0	18	148	source_plane=0
terrain	empty_terrain_no_floor_context	0	empty terrain tile	1169	9518	0	18	148	source_plane=0
terrain	empty_terrain_no_floor_context	0	empty terrain tile	1169	9519	0	18	148	source_plane=0
terrain	empty_terrain_no_floor_context	0	empty terrain tile	1169	9520	0	18	148	source_plane=0
terrain	empty_terrain_no_floor_context	0	empty terrain tile	1169	9521	0	18	148	source_plane=0
terrain	empty_terrain_no_floor_context	0	empty terrain tile	1169	9522	0	18	148	source_plane=0
terrain	empty_terrain_no_floor_context	0	empty terrain tile	1169	9523	0	18	148	source_plane=0
terrain	empty_terrain_no_floor_context	0	empty terrain tile	1169	9524	0	18	148	source_plane=0
terrain	empty_terrain_no_floor_context	0	empty terrain tile	1169	9525	0	18	148	source_plane=0
terrain	empty_terrain_no_floor_context	0	empty terrain tile	1169	9526	0	18	148	source_plane=0
terrain	empty_terrain_no_floor_context	0	empty terrain tile	1169	9527	0	18	148	source_plane=0
terrain	empty_terrain_no_floor_context	0	empty terrain tile	1169	9528	0	18	148	source_plane=0
terrain	empty_terrain_no_floor_context	0	empty terrain tile	1169	9529	0	18	148	source_plane=0
terrain	empty_terrain_no_floor_context	0	empty terrain tile	1169	9530	0	18	148	source_plane=0
terrain	empty_terrain_no_floor_context	0	empty terrain tile	1169	9531	0	18	148	source_plane=0
terrain	empty_terrain_no_floor_context	0	empty terrain tile	1169	9532	0	18	148	source_plane=0
terrain	empty_terrain_no_floor_context	0	empty terrain tile	1169	9533	0	18	148	source_plane=0
terrain	empty_terrain_no_floor_context	0	empty terrain tile	1169	9534	0	18	148	source_plane=0
terrain	empty_terrain_no_floor_context	0	empty terrain tile	1169	9535	0	18	148	source_plane=0
terrain	empty_terrain_no_floor_context	0	empty terrain tile	1170	9472	0	18	148	source_plane=0
terrain	empty_terrain_no_floor_context	0	empty terrain tile	1170	9473	0	18	148	source_plane=0
terrain	empty_terrain_no_floor_context	0	empty terrain tile	1170	9474	0	18	148	source_plane=0
terrain	empty_terrain_no_floor_context	0	empty terrain tile	1170	9475	0	18	148	source_plane=0
terrain	empty_terrain_no_floor_context	0	empty terrain tile	1170	9476	0	18	148	source_plane=0
terrain	empty_terrain_no_floor_context	0	empty terrain tile	1170	9477	0	18	148	source_plane=0
terrain	empty_terrain_no_floor_context	0	empty terrain tile	1170	9478	0	18	148	source_plane=0
terrain	empty_terrain_no_floor_context	0	empty terrain tile	1170	9479	0	18	148	source_plane=0
terrain	empty_terrain_no_floor_context	0	empty terrain tile	1170	9480	0	18	148	source_plane=0
terrain	empty_terrain_no_floor_context	0	empty terrain tile	1170	9481	0	18	148	source_plane=0
terrain	empty_terrain_no_floor_context	0	empty terrain tile	1170	9482	0	18	148	source_plane=0
terrain	empty_terrain_no_floor_context	0	empty terrain tile	1170	9483	0	18	148	source_plane=0
terrain	empty_terrain_no_floor_context	0	empty terrain tile	1170	9484	0	18	148	source_plane=0
terrain	empty_terrain_no_floor_context	0	empty terrain tile	1170	9485	0	18	148	source_plane=0
terrain	empty_terrain_no_floor_context	0	empty terrain tile	1170	9486	0	18	148	source_plane=0
terrain	empty_terrain_no_floor_context	0	empty terrain tile	1170	9487	0	18	148	source_plane=0
terrain	empty_terrain_no_floor_context	0	empty terrain tile	1170	9488	0	18	148	source_plane=0
terrain	empty_terrain_no_floor_context	0	empty terrain tile	1170	9489	0	18	148	source_plane=0
terrain	empty_terrain_no_floor_context	0	empty terrain tile	1170	9490	0	18	148	source_plane=0
terrain	empty_terrain_no_floor_context	0	empty terrain tile	1170	9491	0	18	148	source_plane=0
terrain	empty_terrain_no_floor_context	0	empty terrain tile	1170	9492	0	18	148	source_plane=0
terrain	empty_terrain_no_floor_context	0	empty terrain tile	1170	9493	0	18	148	source_plane=0
terrain	empty_terrain_no_floor_context	0	empty terrain tile	1170	9494	0	18	148	source_plane=0
terrain	empty_terrain_no_floor_context	0	empty terrain tile	1170	9495	0	18	148	source_plane=0
terrain	empty_terrain_no_floor_context	0	empty terrain tile	1170	9496	0	18	148	source_plane=0
terrain	empty_terrain_no_floor_context	0	empty terrain tile	1170	9497	0	18	148	source_plane=0
terrain	empty_terrain_no_floor_context	0	empty terrain tile	1170	9498	0	18	148	source_plane=0
terrain	empty_terrain_no_floor_context	0	empty terrain tile	1170	9499	0	18	148	source_plane=0
terrain	empty_terrain_no_floor_context	0	empty terrain tile	1170	9500	0	18	148	source_plane=0
terrain	empty_terrain_no_floor_context	0	empty terrain tile	1170	9501	0	18	148	source_plane=0
terrain	empty_terrain_no_floor_context	0	empty terrain tile	1170	9502	0	18	148	source_plane=0
terrain	empty_terrain_no_floor_context	0	empty terrain tile	1170	9503	0	18	148	source_plane=0
terrain	empty_terrain_no_floor_context	0	empty terrain tile	1170	9504	0	18	148	source_plane=0
terrain	empty_terrain_no_floor_context	0	empty terrain tile	1170	9505	0	18	148	source_plane=0
terrain	empty_terrain_no_floor_context	0	empty terrain tile	1170	9506	0	18	148	source_plane=0
terrain	empty_terrain_no_floor_context	0	empty terrain tile	1170	9507	0	18	148	source_plane=0
terrain	empty_terrain_no_floor_context	0	empty terrain tile	1170	9508	0	18	148	source_plane=0
terrain	empty_terrain_no_floor_context	0	empty terrain tile	1170	9509	0	18	148	source_plane=0
terrain	empty_terrain_no_floor_context	0	empty terrain tile	1170	9510	0	18	148	source_plane=0
terrain	empty_terrain_no_floor_context	0	empty terrain tile	1170	9511	0	18	148	source_plane=0
terrain	empty_terrain_no_floor_context	0	empty terrain tile	1170	9512	0	18	148	source_plane=0
terrain	empty_terrain_no_floor_context	0	empty terrain tile	1170	9513	0	18	148	source_plane=0
terrain	empty_terrain_no_floor_context	0	empty terrain tile	1170	9514	0	18	148	source_plane=0
terrain	empty_terrain_no_floor_context	0	empty terrain tile	1170	9515	0	18	148	source_plane=0
terrain	empty_terrain_no_floor_context	0	empty terrain tile	1170	9516	0	18	148	source_plane=0
terrain	empty_terrain_no_floor_context	0	empty terrain tile	1170	9517	0	18	148	source_plane=0
terrain	empty_terrain_no_floor_context	0	empty terrain tile	1170	9518	0	18	148	source_plane=0
terrain	empty_terrain_no_floor_context	0	empty terrain tile	1170	9519	0	18	148	source_plane=0
terrain	empty_terrain_no_floor_context	0	empty terrain tile	1170	9520	0	18	148	source_plane=0
terrain	empty_terrain_no_floor_context	0	empty terrain tile	1170	9521	0	18	148	source_plane=0
terrain	empty_terrain_no_floor_context	0	empty terrain tile	1170	9522	0	18	148	source_plane=0
terrain	empty_terrain_no_floor_context	0	empty terrain tile	1170	9523	0	18	148	source_plane=0
terrain	empty_terrain_no_floor_context	0	empty terrain tile	1170	9524	0	18	148	source_plane=0
terrain	empty_terrain_no_floor_context	0	empty terrain tile	1170	9525	0	18	148	source_plane=0
terrain	empty_terrain_no_floor_context	0	empty terrain tile	1170	9526	0	18	148	source_plane=0
terrain	empty_terrain_no_floor_context	0	empty terrain tile	1170	9527	0	18	148	source_plane=0
terrain	empty_terrain_no_floor_context	0	empty terrain tile	1170	9528	0	18	148	source_plane=0
terrain	empty_terrain_no_floor_context	0	empty terrain tile	1170	9529	0	18	148	source_plane=0
terrain	empty_terrain_no_floor_context	0	empty terrain tile	1170	9530	0	18	148	source_plane=0
terrain	empty_terrain_no_floor_context	0	empty terrain tile	1170	9531	0	18	148	source_plane=0
terrain	empty_terrain_no_floor_context	0	empty terrain tile	1170	9532	0	18	148	source_plane=0
terrain	empty_terrain_no_floor_context	0	empty terrain tile	1170	9533	0	18	148	source_plane=0
terrain	empty_terrain_no_floor_context	0	empty terrain tile	1170	9534	0	18	148	source_plane=0
terrain	empty_terrain_no_floor_context	0	empty terrain tile	1170	9535	0	18	148	source_plane=0
terrain	empty_terrain_no_floor_context	0	empty terrain tile	1171	9472	0	18	148	source_plane=0
terrain	empty_terrain_no_floor_context	0	empty terrain tile	1171	9473	0	18	148	source_plane=0
terrain	empty_terrain_no_floor_context	0	empty terrain tile	1171	9474	0	18	148	source_plane=0
terrain	empty_terrain_no_floor_context	0	empty terrain tile	1171	9475	0	18	148	source_plane=0
terrain	empty_terrain_no_floor_context	0	empty terrain tile	1171	9476	0	18	148	source_plane=0
terrain	empty_terrain_no_floor_context	0	empty terrain tile	1171	9477	0	18	148	source_plane=0
terrain	empty_terrain_no_floor_context	0	empty terrain tile	1171	9478	0	18	148	source_plane=0
terrain	empty_terrain_no_floor_context	0	empty terrain tile	1171	9479	0	18	148	source_plane=0
terrain	empty_terrain_no_floor_context	0	empty terrain tile	1171	9480	0	18	148	source_plane=0
terrain	empty_terrain_no_floor_context	0	empty terrain tile	1171	9481	0	18	148	source_plane=0
terrain	empty_terrain_no_floor_context	0	empty terrain tile	1171	9482	0	18	148	source_plane=0
terrain	empty_terrain_no_floor_context	0	empty terrain tile	1171	9483	0	18	148	source_plane=0
terrain	empty_terrain_no_floor_context	0	empty terrain tile	1171	9484	0	18	148	source_plane=0
terrain	empty_terrain_no_floor_context	0	empty terrain tile	1171	9485	0	18	148	source_plane=0
terrain	empty_terrain_no_floor_context	0	empty terrain tile	1171	9486	0	18	148	source_plane=0
terrain	empty_terrain_no_floor_context	0	empty terrain tile	1171	9487	0	18	148	source_plane=0
terrain	empty_terrain_no_floor_context	0	empty terrain tile	1171	9488	0	18	148	source_plane=0
terrain	empty_terrain_no_floor_context	0	empty terrain tile	1171	9489	0	18	148	source_plane=0
terrain	empty_terrain_no_floor_context	0	empty terrain tile	1171	9490	0	18	148	source_plane=0
terrain	empty_terrain_no_floor_context	0	empty terrain tile	1171	9491	0	18	148	source_plane=0
terrain	empty_terrain_no_floor_context	0	empty terrain tile	1171	9492	0	18	148	source_plane=0
terrain	empty_terrain_no_floor_context	0	empty terrain tile	1171	9493	0	18	148	source_plane=0
terrain	empty_terrain_no_floor_context	0	empty terrain tile	1171	9494	0	18	148	source_plane=0
terrain	empty_terrain_no_floor_context	0	empty terrain tile	1171	9495	0	18	148	source_plane=0
terrain	empty_terrain_no_floor_context	0	empty terrain tile	1171	9496	0	18	148	source_plane=0
terrain	empty_terrain_no_floor_context	0	empty terrain tile	1171	9497	0	18	148	source_plane=0
terrain	empty_terrain_no_floor_context	0	empty terrain tile	1171	9498	0	18	148	source_plane=0
terrain	empty_terrain_no_floor_context	0	empty terrain tile	1171	9499	0	18	148	source_plane=0
terrain	empty_terrain_no_floor_context	0	empty terrain tile	1171	9500	0	18	148	source_plane=0
terrain	empty_terrain_no_floor_context	0	empty terrain tile	1171	9501	0	18	148	source_plane=0
terrain	empty_terrain_no_floor_context	0	empty terrain tile	1171	9502	0	18	148	source_plane=0
terrain	empty_terrain_no_floor_context	0	empty terrain tile	1171	9503	0	18	148	source_plane=0
terrain	empty_terrain_no_floor_context	0	empty terrain tile	1171	9504	0	18	148	source_plane=0
terrain	empty_terrain_no_floor_context	0	empty terrain tile	1171	9505	0	18	148	source_plane=0
terrain	empty_terrain_no_floor_context	0	empty terrain tile	1171	9506	0	18	148	source_plane=0
terrain	empty_terrain_no_floor_context	0	empty terrain tile	1171	9507	0	18	148	source_plane=0
terrain	empty_terrain_no_floor_context	0	empty terrain tile	1171	9508	0	18	148	source_plane=0
terrain	empty_terrain_no_floor_context	0	empty terrain tile	1171	9509	0	18	148	source_plane=0
terrain	empty_terrain_no_floor_context	0	empty terrain tile	1171	9510	0	18	148	source_plane=0
terrain	empty_terrain_no_floor_context	0	empty terrain tile	1171	9511	0	18	148	source_plane=0
terrain	empty_terrain_no_floor_context	0	empty terrain tile	1171	9512	0	18	148	source_plane=0
terrain	empty_terrain_no_floor_context	0	empty terrain tile	1171	9513	0	18	148	source_plane=0
terrain	empty_terrain_no_floor_context	0	empty terrain tile	1171	9514	0	18	148	source_plane=0
terrain	empty_terrain_no_floor_context	0	empty terrain tile	1171	9515	0	18	148	source_plane=0
terrain	empty_terrain_no_floor_context	0	empty terrain tile	1171	9516	0	18	148	source_plane=0
terrain	empty_terrain_no_floor_context	0	empty terrain tile	1171	9517	0	18	148	source_plane=0
terrain	empty_terrain_no_floor_context	0	empty terrain tile	1171	9518	0	18	148	source_plane=0
terrain	empty_terrain_no_floor_context	0	empty terrain tile	1171	9519	0	18	148	source_plane=0
terrain	empty_terrain_no_floor_context	0	empty terrain tile	1171	9520	0	18	148	source_plane=0
terrain	empty_terrain_no_floor_context	0	empty terrain tile	1171	9521	0	18	148	source_plane=0
terrain	empty_terrain_no_floor_context	0	empty terrain tile	1171	9522	0	18	148	source_plane=0
terrain	empty_terrain_no_floor_context	0	empty terrain tile	1171	9523	0	18	148	source_plane=0
terrain	empty_terrain_no_floor_context	0	empty terrain tile	1171	9524	0	18	148	source_plane=0
terrain	empty_terrain_no_floor_context	0	empty terrain tile	1171	9525	0	18	148	source_plane=0
terrain	empty_terrain_no_floor_context	0	empty terrain tile	1171	9526	0	18	148	source_plane=0
terrain	empty_terrain_no_floor_context	0	empty terrain tile	1171	9527	0	18	148	source_plane=0
terrain	empty_terrain_no_floor_context	0	empty terrain tile	1171	9528	0	18	148	source_plane=0
terrain	empty_terrain_no_floor_context	0	empty terrain tile	1171	9529	0	18	148	source_plane=0
terrain	empty_terrain_no_floor_context	0	empty terrain tile	1171	9530	0	18	148	source_plane=0
terrain	empty_terrain_no_floor_context	0	empty terrain tile	1171	9531	0	18	148	source_plane=0
terrain	empty_terrain_no_floor_context	0	empty terrain tile	1171	9532	0	18	148	source_plane=0
terrain	empty_terrain_no_floor_context	0	empty terrain tile	1171	9533	0	18	148	source_plane=0
terrain	empty_terrain_no_floor_context	0	empty terrain tile	1171	9534	0	18	148	source_plane=0
terrain	empty_terrain_no_floor_context	0	empty terrain tile	1171	9535	0	18	148	source_plane=0
terrain	empty_terrain_no_floor_context	0	empty terrain tile	1172	9472	0	18	148	source_plane=0
terrain	empty_terrain_no_floor_context	0	empty terrain tile	1172	9473	0	18	148	source_plane=0
terrain	empty_terrain_no_floor_context	0	empty terrain tile	1172	9474	0	18	148	source_plane=0
terrain	empty_terrain_no_floor_context	0	empty terrain tile	1172	9475	0	18	148	source_plane=0
terrain	empty_terrain_no_floor_context	0	empty terrain tile	1172	9476	0	18	148	source_plane=0
terrain	empty_terrain_no_floor_context	0	empty terrain tile	1172	9477	0	18	148	source_plane=0
terrain	empty_terrain_no_floor_context	0	empty terrain tile	1172	9478	0	18	148	source_plane=0
terrain	empty_terrain_no_floor_context	0	empty terrain tile	1172	9479	0	18	148	source_plane=0
terrain	empty_terrain_no_floor_context	0	empty terrain tile	1172	9480	0	18	148	source_plane=0
terrain	empty_terrain_no_floor_context	0	empty terrain tile	1172	9481	0	18	148	source_plane=0
terrain	empty_terrain_no_floor_context	0	empty terrain tile	1172	9482	0	18	148	source_plane=0
terrain	empty_terrain_no_floor_context	0	empty terrain tile	1172	9483	0	18	148	source_plane=0
terrain	empty_terrain_no_floor_context	0	empty terrain tile	1172	9484	0	18	148	source_plane=0
terrain	empty_terrain_no_floor_context	0	empty terrain tile	1172	9485	0	18	148	source_plane=0
terrain	empty_terrain_no_floor_context	0	empty terrain tile	1172	9486	0	18	148	source_plane=0
terrain	empty_terrain_no_floor_context	0	empty terrain tile	1172	9487	0	18	148	source_plane=0
terrain	empty_terrain_no_floor_context	0	empty terrain tile	1172	9488	0	18	148	source_plane=0
terrain	empty_terrain_no_floor_context	0	empty terrain tile	1172	9489	0	18	148	source_plane=0
terrain	empty_terrain_no_floor_context	0	empty terrain tile	1172	9490	0	18	148	source_plane=0
terrain	empty_terrain_no_floor_context	0	empty terrain tile	1172	9491	0	18	148	source_plane=0
terrain	empty_terrain_no_floor_context	0	empty terrain tile	1172	9492	0	18	148	source_plane=0
terrain	empty_terrain_no_floor_context	0	empty terrain tile	1172	9493	0	18	148	source_plane=0
terrain	empty_terrain_no_floor_context	0	empty terrain tile	1172	9494	0	18	148	source_plane=0
terrain	empty_terrain_no_floor_context	0	empty terrain tile	1172	9495	0	18	148	source_plane=0
terrain	empty_terrain_no_floor_context	0	empty terrain tile	1172	9496	0	18	148	source_plane=0
terrain	empty_terrain_no_floor_context	0	empty terrain tile	1172	9497	0	18	148	source_plane=0
terrain	empty_terrain_no_floor_context	0	empty terrain tile	1172	9498	0	18	148	source_plane=0
terrain	empty_terrain_no_floor_context	0	empty terrain tile	1172	9499	0	18	148	source_plane=0
terrain	empty_terrain_no_floor_context	0	empty terrain tile	1172	9500	0	18	148	source_plane=0
terrain	empty_terrain_no_floor_context	0	empty terrain tile	1172	9501	0	18	148	source_plane=0
terrain	empty_terrain_no_floor_context	0	empty terrain tile	1172	9502	0	18	148	source_plane=0
terrain	empty_terrain_no_floor_context	0	empty terrain tile	1172	9503	0	18	148	source_plane=0
terrain	empty_terrain_no_floor_context	0	empty terrain tile	1172	9504	0	18	148	source_plane=0
terrain	empty_terrain_no_floor_context	0	empty terrain tile	1172	9505	0	18	148	source_plane=0
terrain	empty_terrain_no_floor_context	0	empty terrain tile	1172	9506	0	18	148	source_plane=0
terrain	empty_terrain_no_floor_context	0	empty terrain tile	1172	9507	0	18	148	source_plane=0
terrain	empty_terrain_no_floor_context	0	empty terrain tile	1172	9508	0	18	148	source_plane=0
terrain	empty_terrain_no_floor_context	0	empty terrain tile	1172	9509	0	18	148	source_plane=0
terrain	empty_terrain_no_floor_context	0	empty terrain tile	1172	9510	0	18	148	source_plane=0
terrain	empty_terrain_no_floor_context	0	empty terrain tile	1172	9511	0	18	148	source_plane=0
terrain	empty_terrain_no_floor_context	0	empty terrain tile	1172	9512	0	18	148	source_plane=0
terrain	empty_terrain_no_floor_context	0	empty terrain tile	1172	9513	0	18	148	source_plane=0
terrain	empty_terrain_no_floor_context	0	empty terrain tile	1172	9514	0	18	148	source_plane=0
terrain	empty_terrain_no_floor_context	0	empty terrain tile	1172	9515	0	18	148	source_plane=0
terrain	empty_terrain_no_floor_context	0	empty terrain tile	1172	9516	0	18	148	source_plane=0
terrain	empty_terrain_no_floor_context	0	empty terrain tile	1172	9517	0	18	148	source_plane=0
terrain	empty_terrain_no_floor_context	0	empty terrain tile	1172	9518	0	18	148	source_plane=0
terrain	empty_terrain_no_floor_context	0	empty terrain tile	1172	9519	0	18	148	source_plane=0
terrain	empty_terrain_no_floor_context	0	empty terrain tile	1172	9520	0	18	148	source_plane=0
terrain	empty_terrain_no_floor_context	0	empty terrain tile	1172	9521	0	18	148	source_plane=0
terrain	empty_terrain_no_floor_context	0	empty terrain tile	1172	9522	0	18	148	source_plane=0
terrain	empty_terrain_no_floor_context	0	empty terrain tile	1172	9523	0	18	148	source_plane=0
terrain	empty_terrain_no_floor_context	0	empty terrain tile	1172	9524	0	18	148	source_plane=0
terrain	empty_terrain_no_floor_context	0	empty terrain tile	1172	9525	0	18	148	source_plane=0
terrain	empty_terrain_no_floor_context	0	empty terrain tile	1172	9526	0	18	148	source_plane=0
terrain	empty_terrain_no_floor_context	0	empty terrain tile	1172	9527	0	18	148	source_plane=0
terrain	empty_terrain_no_floor_context	0	empty terrain tile	1172	9528	0	18	148	source_plane=0
terrain	empty_terrain_no_floor_context	0	empty terrain tile	1172	9529	0	18	148	source_plane=0
terrain	empty_terrain_no_floor_context	0	empty terrain tile	1172	9530	0	18	148	source_plane=0
terrain	empty_terrain_no_floor_context	0	empty terrain tile	1172	9531	0	18	148	source_plane=0
terrain	empty_terrain_no_floor_context	0	empty terrain tile	1172	9532	0	18	148	source_plane=0
terrain	empty_terrain_no_floor_context	0	empty terrain tile	1172	9533	0	18	148	source_plane=0
terrain	empty_terrain_no_floor_context	0	empty terrain tile	1172	9534	0	18	148	source_plane=0
terrain	empty_terrain_no_floor_context	0	empty terrain tile	1172	9535	0	18	148	source_plane=0
terrain	empty_terrain_no_floor_context	0	empty terrain tile	1173	9472	0	18	148	source_plane=0
terrain	empty_terrain_no_floor_context	0	empty terrain tile	1173	9473	0	18	148	source_plane=0
terrain	empty_terrain_no_floor_context	0	empty terrain tile	1173	9474	0	18	148	source_plane=0
terrain	empty_terrain_no_floor_context	0	empty terrain tile	1173	9475	0	18	148	source_plane=0
terrain	empty_terrain_no_floor_context	0	empty terrain tile	1173	9476	0	18	148	source_plane=0
terrain	empty_terrain_no_floor_context	0	empty terrain tile	1173	9477	0	18	148	source_plane=0
terrain	empty_terrain_no_floor_context	0	empty terrain tile	1173	9478	0	18	148	source_plane=0
terrain	empty_terrain_no_floor_context	0	empty terrain tile	1173	9479	0	18	148	source_plane=0
terrain	empty_terrain_no_floor_context	0	empty terrain tile	1173	9480	0	18	148	source_plane=0
terrain	empty_terrain_no_floor_context	0	empty terrain tile	1173	9481	0	18	148	source_plane=0
terrain	empty_terrain_no_floor_context	0	empty terrain tile	1173	9482	0	18	148	source_plane=0
terrain	empty_terrain_no_floor_context	0	empty terrain tile	1173	9483	0	18	148	source_plane=0
terrain	empty_terrain_no_floor_context	0	empty terrain tile	1173	9484	0	18	148	source_plane=0
terrain	empty_terrain_no_floor_context	0	empty terrain tile	1173	9485	0	18	148	source_plane=0
terrain	empty_terrain_no_floor_context	0	empty terrain tile	1173	9486	0	18	148	source_plane=0
terrain	empty_terrain_no_floor_context	0	empty terrain tile	1173	9487	0	18	148	source_plane=0
terrain	empty_terrain_no_floor_context	0	empty terrain tile	1173	9488	0	18	148	source_plane=0
terrain	empty_terrain_no_floor_context	0	empty terrain tile	1173	9489	0	18	148	source_plane=0
terrain	empty_terrain_no_floor_context	0	empty terrain tile	1173	9490	0	18	148	source_plane=0
terrain	empty_terrain_no_floor_context	0	empty terrain tile	1173	9491	0	18	148	source_plane=0
terrain	empty_terrain_no_floor_context	0	empty terrain tile	1173	9492	0	18	148	source_plane=0
terrain	empty_terrain_no_floor_context	0	empty terrain tile	1173	9493	0	18	148	source_plane=0
terrain	empty_terrain_no_floor_context	0	empty terrain tile	1173	9494	0	18	148	source_plane=0
terrain	empty_terrain_no_floor_context	0	empty terrain tile	1173	9495	0	18	148	source_plane=0
terrain	empty_terrain_no_floor_context	0	empty terrain tile	1173	9496	0	18	148	source_plane=0
terrain	empty_terrain_no_floor_context	0	empty terrain tile	1173	9497	0	18	148	source_plane=0
terrain	empty_terrain_no_floor_context	0	empty terrain tile	1173	9498	0	18	148	source_plane=0
terrain	empty_terrain_no_floor_context	0	empty terrain tile	1173	9499	0	18	148	source_plane=0
terrain	empty_terrain_no_floor_context	0	empty terrain tile	1173	9500	0	18	148	source_plane=0
terrain	empty_terrain_no_floor_context	0	empty terrain tile	1173	9501	0	18	148	source_plane=0
terrain	empty_terrain_no_floor_context	0	empty terrain tile	1173	9502	0	18	148	source_plane=0
terrain	empty_terrain_no_floor_context	0	empty terrain tile	1173	9503	0	18	148	source_plane=0
terrain	empty_terrain_no_floor_context	0	empty terrain tile	1173	9504	0	18	148	source_plane=0
terrain	empty_terrain_no_floor_context	0	empty terrain tile	1173	9505	0	18	148	source_plane=0
terrain	empty_terrain_no_floor_context	0	empty terrain tile	1173	9506	0	18	148	source_plane=0
terrain	empty_terrain_no_floor_context	0	empty terrain tile	1173	9507	0	18	148	source_plane=0
terrain	empty_terrain_no_floor_context	0	empty terrain tile	1173	9508	0	18	148	source_plane=0
terrain	empty_terrain_no_floor_context	0	empty terrain tile	1173	9509	0	18	148	source_plane=0
terrain	empty_terrain_no_floor_context	0	empty terrain tile	1173	9510	0	18	148	source_plane=0
terrain	empty_terrain_no_floor_context	0	empty terrain tile	1173	9511	0	18	148	source_plane=0
terrain	empty_terrain_no_floor_context	0	empty terrain tile	1173	9512	0	18	148	source_plane=0
terrain	empty_terrain_no_floor_context	0	empty terrain tile	1173	9513	0	18	148	source_plane=0
terrain	empty_terrain_no_floor_context	0	empty terrain tile	1173	9514	0	18	148	source_plane=0
terrain	empty_terrain_no_floor_context	0	empty terrain tile	1173	9515	0	18	148	source_plane=0
terrain	empty_terrain_no_floor_context	0	empty terrain tile	1173	9516	0	18	148	source_plane=0
terrain	empty_terrain_no_floor_context	0	empty terrain tile	1173	9517	0	18	148	source_plane=0
terrain	empty_terrain_no_floor_context	0	empty terrain tile	1173	9518	0	18	148	source_plane=0
terrain	empty_terrain_no_floor_context	0	empty terrain tile	1173	9519	0	18	148	source_plane=0
terrain	empty_terrain_no_floor_context	0	empty terrain tile	1173	9520	0	18	148	source_plane=0
terrain	empty_terrain_no_floor_context	0	empty terrain tile	1173	9521	0	18	148	source_plane=0
terrain	empty_terrain_no_floor_context	0	empty terrain tile	1173	9522	0	18	148	source_plane=0
terrain	empty_terrain_no_floor_context	0	empty terrain tile	1173	9523	0	18	148	source_plane=0
terrain	empty_terrain_no_floor_context	0	empty terrain tile	1173	9524	0	18	148	source_plane=0
terrain	empty_terrain_no_floor_context	0	empty terrain tile	1173	9525	0	18	148	source_plane=0
terrain	empty_terrain_no_floor_context	0	empty terrain tile	1173	9526	0	18	148	source_plane=0
terrain	empty_terrain_no_floor_context	0	empty terrain tile	1173	9527	0	18	148	source_plane=0
terrain	empty_terrain_no_floor_context	0	empty terrain tile	1173	9528	0	18	148	source_plane=0
terrain	empty_terrain_no_floor_context	0	empty terrain tile	1173	9529	0	18	148	source_plane=0
terrain	empty_terrain_no_floor_context	0	empty terrain tile	1173	9530	0	18	148	source_plane=0
terrain	empty_terrain_no_floor_context	0	empty terrain tile	1173	9531	0	18	148	source_plane=0
terrain	empty_terrain_no_floor_context	0	empty terrain tile	1173	9532	0	18	148	source_plane=0
terrain	empty_terrain_no_floor_context	0	empty terrain tile	1173	9533	0	18	148	source_plane=0
terrain	empty_terrain_no_floor_context	0	empty terrain tile	1173	9534	0	18	148	source_plane=0
terrain	empty_terrain_no_floor_context	0	empty terrain tile	1173	9535	0	18	148	source_plane=0
terrain	empty_terrain_no_floor_context	0	empty terrain tile	1174	9472	0	18	148	source_plane=0
terrain	empty_terrain_no_floor_context	0	empty terrain tile	1174	9473	0	18	148	source_plane=0
terrain	empty_terrain_no_floor_context	0	empty terrain tile	1174	9474	0	18	148	source_plane=0
terrain	empty_terrain_no_floor_context	0	empty terrain tile	1174	9475	0	18	148	source_plane=0
terrain	empty_terrain_no_floor_context	0	empty terrain tile	1174	9476	0	18	148	source_plane=0
terrain	empty_terrain_no_floor_context	0	empty terrain tile	1174	9477	0	18	148	source_plane=0
terrain	empty_terrain_no_floor_context	0	empty terrain tile	1174	9478	0	18	148	source_plane=0
terrain	empty_terrain_no_floor_context	0	empty terrain tile	1174	9479	0	18	148	source_plane=0
terrain	empty_terrain_no_floor_context	0	empty terrain tile	1174	9480	0	18	148	source_plane=0
terrain	empty_terrain_no_floor_context	0	empty terrain tile	1174	9481	0	18	148	source_plane=0
terrain	empty_terrain_no_floor_context	0	empty terrain tile	1174	9482	0	18	148	source_plane=0
terrain	empty_terrain_no_floor_context	0	empty terrain tile	1174	9483	0	18	148	source_plane=0
terrain	empty_terrain_no_floor_context	0	empty terrain tile	1174	9484	0	18	148	source_plane=0
terrain	empty_terrain_no_floor_context	0	empty terrain tile	1174	9485	0	18	148	source_plane=0
terrain	empty_terrain_no_floor_context	0	empty terrain tile	1174	9486	0	18	148	source_plane=0
terrain	empty_terrain_no_floor_context	0	empty terrain tile	1174	9487	0	18	148	source_plane=0
terrain	empty_terrain_no_floor_context	0	empty terrain tile	1174	9488	0	18	148	source_plane=0
terrain	empty_terrain_no_floor_context	0	empty terrain tile	1174	9489	0	18	148	source_plane=0
terrain	empty_terrain_no_floor_context	0	empty terrain tile	1174	9490	0	18	148	source_plane=0
terrain	empty_terrain_no_floor_context	0	empty terrain tile	1174	9491	0	18	148	source_plane=0
terrain	empty_terrain_no_floor_context	0	empty terrain tile	1174	9492	0	18	148	source_plane=0
terrain	empty_terrain_no_floor_context	0	empty terrain tile	1174	9493	0	18	148	source_plane=0
terrain	empty_terrain_no_floor_context	0	empty terrain tile	1174	9494	0	18	148	source_plane=0
terrain	empty_terrain_no_floor_context	0	empty terrain tile	1174	9495	0	18	148	source_plane=0
terrain	empty_terrain_no_floor_context	0	empty terrain tile	1174	9496	0	18	148	source_plane=0
terrain	empty_terrain_no_floor_context	0	empty terrain tile	1174	9497	0	18	148	source_plane=0
terrain	empty_terrain_no_floor_context	0	empty terrain tile	1174	9498	0	18	148	source_plane=0
terrain	empty_terrain_no_floor_context	0	empty terrain tile	1174	9499	0	18	148	source_plane=0
terrain	empty_terrain_no_floor_context	0	empty terrain tile	1174	9500	0	18	148	source_plane=0
terrain	empty_terrain_no_floor_context	0	empty terrain tile	1174	9501	0	18	148	source_plane=0
terrain	empty_terrain_no_floor_context	0	empty terrain tile	1174	9502	0	18	148	source_plane=0
terrain	empty_terrain_no_floor_context	0	empty terrain tile	1174	9503	0	18	148	source_plane=0
terrain	empty_terrain_no_floor_context	0	empty terrain tile	1174	9504	0	18	148	source_plane=0
terrain	empty_terrain_no_floor_context	0	empty terrain tile	1174	9505	0	18	148	source_plane=0
terrain	empty_terrain_no_floor_context	0	empty terrain tile	1174	9506	0	18	148	source_plane=0
terrain	empty_terrain_no_floor_context	0	empty terrain tile	1174	9507	0	18	148	source_plane=0
terrain	empty_terrain_no_floor_context	0	empty terrain tile	1174	9508	0	18	148	source_plane=0
terrain	empty_terrain_no_floor_context	0	empty terrain tile	1174	9509	0	18	148	source_plane=0
terrain	empty_terrain_no_floor_context	0	empty terrain tile	1174	9510	0	18	148	source_plane=0
terrain	empty_terrain_no_floor_context	0	empty terrain tile	1174	9511	0	18	148	source_plane=0
terrain	empty_terrain_no_floor_context	0	empty terrain tile	1174	9512	0	18	148	source_plane=0
terrain	empty_terrain_no_floor_context	0	empty terrain tile	1174	9513	0	18	148	source_plane=0
terrain	empty_terrain_no_floor_context	0	empty terrain tile	1174	9514	0	18	148	source_plane=0
terrain	empty_terrain_no_floor_context	0	empty terrain tile	1174	9515	0	18	148	source_plane=0
terrain	empty_terrain_no_floor_context	0	empty terrain tile	1174	9516	0	18	148	source_plane=0
terrain	empty_terrain_no_floor_context	0	empty terrain tile	1174	9517	0	18	148	source_plane=0
terrain	empty_terrain_no_floor_context	0	empty terrain tile	1174	9518	0	18	148	source_plane=0
terrain	empty_terrain_no_floor_context	0	empty terrain tile	1174	9519	0	18	148	source_plane=0
terrain	empty_terrain_no_floor_context	0	empty terrain tile	1174	9520	0	18	148	source_plane=0
terrain	empty_terrain_no_floor_context	0	empty terrain tile	1174	9521	0	18	148	source_plane=0
terrain	empty_terrain_no_floor_context	0	empty terrain tile	1174	9522	0	18	148	source_plane=0
terrain	empty_terrain_no_floor_context	0	empty terrain tile	1174	9523	0	18	148	source_plane=0
terrain	empty_terrain_no_floor_context	0	empty terrain tile	1174	9524	0	18	148	source_plane=0
terrain	empty_terrain_no_floor_context	0	empty terrain tile	1174	9525	0	18	148	source_plane=0
terrain	empty_terrain_no_floor_context	0	empty terrain tile	1174	9526	0	18	148	source_plane=0
terrain	empty_terrain_no_floor_context	0	empty terrain tile	1174	9527	0	18	148	source_plane=0
terrain	empty_terrain_no_floor_context	0	empty terrain tile	1174	9528	0	18	148	source_plane=0
terrain	empty_terrain_no_floor_context	0	empty terrain tile	1174	9529	0	18	148	source_plane=0
terrain	empty_terrain_no_floor_context	0	empty terrain tile	1174	9530	0	18	148	source_plane=0
terrain	empty_terrain_no_floor_context	0	empty terrain tile	1174	9531	0	18	148	source_plane=0
terrain	empty_terrain_no_floor_context	0	empty terrain tile	1174	9532	0	18	148	source_plane=0
terrain	empty_terrain_no_floor_context	0	empty terrain tile	1174	9533	0	18	148	source_plane=0
terrain	empty_terrain_no_floor_context	0	empty terrain tile	1174	9534	0	18	148	source_plane=0
terrain	empty_terrain_no_floor_context	0	empty terrain tile	1174	9535	0	18	148	source_plane=0
terrain	empty_terrain_no_floor_context	0	empty terrain tile	1175	9472	0	18	148	source_plane=0
terrain	empty_terrain_no_floor_context	0	empty terrain tile	1175	9473	0	18	148	source_plane=0
terrain	empty_terrain_no_floor_context	0	empty terrain tile	1175	9474	0	18	148	source_plane=0
terrain	empty_terrain_no_floor_context	0	empty terrain tile	1175	9475	0	18	148	source_plane=0
terrain	empty_terrain_no_floor_context	0	empty terrain tile	1175	9476	0	18	148	source_plane=0
terrain	empty_terrain_no_floor_context	0	empty terrain tile	1175	9477	0	18	148	source_plane=0
terrain	empty_terrain_no_floor_context	0	empty terrain tile	1175	9478	0	18	148	source_plane=0
terrain	empty_terrain_no_floor_context	0	empty terrain tile	1175	9479	0	18	148	source_plane=0
terrain	empty_terrain_no_floor_context	0	empty terrain tile	1175	9480	0	18	148	source_plane=0
terrain	empty_terrain_no_floor_context	0	empty terrain tile	1175	9481	0	18	148	source_plane=0
terrain	empty_terrain_no_floor_context	0	empty terrain tile	1175	9482	0	18	148	source_plane=0
terrain	empty_terrain_no_floor_context	0	empty terrain tile	1175	9483	0	18	148	source_plane=0
terrain	empty_terrain_no_floor_context	0	empty terrain tile	1175	9484	0	18	148	source_plane=0
terrain	empty_terrain_no_floor_context	0	empty terrain tile	1175	9485	0	18	148	source_plane=0
terrain	empty_terrain_no_floor_context	0	empty terrain tile	1175	9486	0	18	148	source_plane=0
terrain	empty_terrain_no_floor_context	0	empty terrain tile	1175	9487	0	18	148	source_plane=0
terrain	empty_terrain_no_floor_context	0	empty terrain tile	1175	9488	0	18	148	source_plane=0
terrain	empty_terrain_no_floor_context	0	empty terrain tile	1175	9489	0	18	148	source_plane=0
terrain	empty_terrain_no_floor_context	0	empty terrain tile	1175	9490	0	18	148	source_plane=0
terrain	empty_terrain_no_floor_context	0	empty terrain tile	1175	9491	0	18	148	source_plane=0
terrain	empty_terrain_no_floor_context	0	empty terrain tile	1175	9492	0	18	148	source_plane=0
terrain	empty_terrain_no_floor_context	0	empty terrain tile	1175	9493	0	18	148	source_plane=0
terrain	empty_terrain_no_floor_context	0	empty terrain tile	1175	9494	0	18	148	source_plane=0
terrain	empty_terrain_no_floor_context	0	empty terrain tile	1175	9495	0	18	148	source_plane=0
terrain	empty_terrain_no_floor_context	0	empty terrain tile	1175	9496	0	18	148	source_plane=0
terrain	empty_terrain_no_floor_context	0	empty terrain tile	1175	9497	0	18	148	source_plane=0
terrain	empty_terrain_no_floor_context	0	empty terrain tile	1175	9498	0	18	148	source_plane=0
terrain	empty_terrain_no_floor_context	0	empty terrain tile	1175	9499	0	18	148	source_plane=0
terrain	empty_terrain_no_floor_context	0	empty terrain tile	1175	9500	0	18	148	source_plane=0
terrain	empty_terrain_no_floor_context	0	empty terrain tile	1175	9501	0	18	148	source_plane=0
terrain	empty_terrain_no_floor_context	0	empty terrain tile	1175	9502	0	18	148	source_plane=0
terrain	empty_terrain_no_floor_context	0	empty terrain tile	1175	9503	0	18	148	source_plane=0
terrain	empty_terrain_no_floor_context	0	empty terrain tile	1175	9504	0	18	148	source_plane=0
terrain	empty_terrain_no_floor_context	0	empty terrain tile	1175	9505	0	18	148	source_plane=0
terrain	empty_terrain_no_floor_context	0	empty terrain tile	1175	9506	0	18	148	source_plane=0
terrain	empty_terrain_no_floor_context	0	empty terrain tile	1175	9507	0	18	148	source_plane=0
terrain	empty_terrain_no_floor_context	0	empty terrain tile	1175	9508	0	18	148	source_plane=0
terrain	empty_terrain_no_floor_context	0	empty terrain tile	1175	9509	0	18	148	source_plane=0
terrain	empty_terrain_no_floor_context	0	empty terrain tile	1175	9510	0	18	148	source_plane=0
terrain	empty_terrain_no_floor_context	0	empty terrain tile	1175	9511	0	18	148	source_plane=0
terrain	empty_terrain_no_floor_context	0	empty terrain tile	1175	9512	0	18	148	source_plane=0
terrain	empty_terrain_no_floor_context	0	empty terrain tile	1175	9513	0	18	148	source_plane=0
terrain	empty_terrain_no_floor_context	0	empty terrain tile	1175	9514	0	18	148	source_plane=0
terrain	empty_terrain_no_floor_context	0	empty terrain tile	1175	9515	0	18	148	source_plane=0
terrain	empty_terrain_no_floor_context	0	empty terrain tile	1175	9516	0	18	148	source_plane=0
terrain	empty_terrain_no_floor_context	0	empty terrain tile	1175	9517	0	18	148	source_plane=0
terrain	empty_terrain_no_floor_context	0	empty terrain tile	1175	9518	0	18	148	source_plane=0
terrain	empty_terrain_no_floor_context	0	empty terrain tile	1175	9519	0	18	148	source_plane=0
terrain	empty_terrain_no_floor_context	0	empty terrain tile	1175	9520	0	18	148	source_plane=0
terrain	empty_terrain_no_floor_context	0	empty terrain tile	1175	9521	0	18	148	source_plane=0
terrain	empty_terrain_no_floor_context	0	empty terrain tile	1175	9522	0	18	148	source_plane=0
terrain	empty_terrain_no_floor_context	0	empty terrain tile	1175	9523	0	18	148	source_plane=0
terrain	empty_terrain_no_floor_context	0	empty terrain tile	1175	9524	0	18	148	source_plane=0
terrain	empty_terrain_no_floor_context	0	empty terrain tile	1175	9525	0	18	148	source_plane=0
terrain	empty_terrain_no_floor_context	0	empty terrain tile	1175	9526	0	18	148	source_plane=0
terrain	empty_terrain_no_floor_context	0	empty terrain tile	1175	9527	0	18	148	source_plane=0
terrain	empty_terrain_no_floor_context	0	empty terrain tile	1175	9528	0	18	148	source_plane=0
terrain	empty_terrain_no_floor_context	0	empty terrain tile	1175	9529	0	18	148	source_plane=0
terrain	empty_terrain_no_floor_context	0	empty terrain tile	1175	9530	0	18	148	source_plane=0
terrain	empty_terrain_no_floor_context	0	empty terrain tile	1175	9531	0	18	148	source_plane=0
terrain	empty_terrain_no_floor_context	0	empty terrain tile	1175	9532	0	18	148	source_plane=0
terrain	empty_terrain_no_floor_context	0	empty terrain tile	1175	9533	0	18	148	source_plane=0
terrain	empty_terrain_no_floor_context	0	empty terrain tile	1175	9534	0	18	148	source_plane=0
terrain	empty_terrain_no_floor_context	0	empty terrain tile	1175	9535	0	18	148	source_plane=0
terrain	empty_terrain_no_floor_context	0	empty terrain tile	1176	9472	0	18	148	source_plane=0
terrain	empty_terrain_no_floor_context	0	empty terrain tile	1176	9473	0	18	148	source_plane=0
terrain	empty_terrain_no_floor_context	0	empty terrain tile	1176	9474	0	18	148	source_plane=0
terrain	empty_terrain_no_floor_context	0	empty terrain tile	1176	9475	0	18	148	source_plane=0
terrain	empty_terrain_no_floor_context	0	empty terrain tile	1176	9476	0	18	148	source_plane=0
terrain	empty_terrain_no_floor_context	0	empty terrain tile	1176	9477	0	18	148	source_plane=0
terrain	empty_terrain_no_floor_context	0	empty terrain tile	1176	9478	0	18	148	source_plane=0
terrain	empty_terrain_no_floor_context	0	empty terrain tile	1176	9479	0	18	148	source_plane=0
terrain	empty_terrain_no_floor_context	0	empty terrain tile	1176	9480	0	18	148	source_plane=0
terrain	empty_terrain_no_floor_context	0	empty terrain tile	1176	9481	0	18	148	source_plane=0
terrain	empty_terrain_no_floor_context	0	empty terrain tile	1176	9482	0	18	148	source_plane=0
terrain	empty_terrain_no_floor_context	0	empty terrain tile	1176	9483	0	18	148	source_plane=0
terrain	empty_terrain_no_floor_context	0	empty terrain tile	1176	9484	0	18	148	source_plane=0
terrain	empty_terrain_no_floor_context	0	empty terrain tile	1176	9485	0	18	148	source_plane=0
terrain	empty_terrain_no_floor_context	0	empty terrain tile	1176	9486	0	18	148	source_plane=0
terrain	empty_terrain_no_floor_context	0	empty terrain tile	1176	9487	0	18	148	source_plane=0
terrain	empty_terrain_no_floor_context	0	empty terrain tile	1176	9488	0	18	148	source_plane=0
terrain	empty_terrain_no_floor_context	0	empty terrain tile	1176	9489	0	18	148	source_plane=0
terrain	empty_terrain_no_floor_context	0	empty terrain tile	1176	9490	0	18	148	source_plane=0
terrain	empty_terrain_no_floor_context	0	empty terrain tile	1176	9491	0	18	148	source_plane=0
terrain	empty_terrain_no_floor_context	0	empty terrain tile	1176	9492	0	18	148	source_plane=0
terrain	empty_terrain_no_floor_context	0	empty terrain tile	1176	9493	0	18	148	source_plane=0
terrain	empty_terrain_no_floor_context	0	empty terrain tile	1176	9494	0	18	148	source_plane=0
terrain	empty_terrain_no_floor_context	0	empty terrain tile	1176	9495	0	18	148	source_plane=0
terrain	empty_terrain_no_floor_context	0	empty terrain tile	1176	9496	0	18	148	source_plane=0
terrain	empty_terrain_no_floor_context	0	empty terrain tile	1176	9497	0	18	148	source_plane=0
terrain	empty_terrain_no_floor_context	0	empty terrain tile	1176	9498	0	18	148	source_plane=0
terrain	empty_terrain_no_floor_context	0	empty terrain tile	1176	9499	0	18	148	source_plane=0
terrain	empty_terrain_no_floor_context	0	empty terrain tile	1176	9500	0	18	148	source_plane=0
terrain	empty_terrain_no_floor_context	0	empty terrain tile	1176	9501	0	18	148	source_plane=0
terrain	empty_terrain_no_floor_context	0	empty terrain tile	1176	9502	0	18	148	source_plane=0
terrain	empty_terrain_no_floor_context	0	empty terrain tile	1176	9503	0	18	148	source_plane=0
terrain	empty_terrain_no_floor_context	0	empty terrain tile	1176	9504	0	18	148	source_plane=0
terrain	empty_terrain_no_floor_context	0	empty terrain tile	1176	9505	0	18	148	source_plane=0
terrain	empty_terrain_no_floor_context	0	empty terrain tile	1176	9506	0	18	148	source_plane=0
terrain	empty_terrain_no_floor_context	0	empty terrain tile	1176	9507	0	18	148	source_plane=0
terrain	empty_terrain_no_floor_context	0	empty terrain tile	1176	9508	0	18	148	source_plane=0
terrain	empty_terrain_no_floor_context	0	empty terrain tile	1176	9509	0	18	148	source_plane=0
terrain	empty_terrain_no_floor_context	0	empty terrain tile	1176	9510	0	18	148	source_plane=0
terrain	empty_terrain_no_floor_context	0	empty terrain tile	1176	9511	0	18	148	source_plane=0
terrain	empty_terrain_no_floor_context	0	empty terrain tile	1176	9512	0	18	148	source_plane=0
terrain	empty_terrain_no_floor_context	0	empty terrain tile	1176	9513	0	18	148	source_plane=0
terrain	empty_terrain_no_floor_context	0	empty terrain tile	1176	9514	0	18	148	source_plane=0
terrain	empty_terrain_no_floor_context	0	empty terrain tile	1176	9515	0	18	148	source_plane=0
terrain	empty_terrain_no_floor_context	0	empty terrain tile	1176	9516	0	18	148	source_plane=0
terrain	empty_terrain_no_floor_context	0	empty terrain tile	1176	9517	0	18	148	source_plane=0
terrain	empty_terrain_no_floor_context	0	empty terrain tile	1176	9518	0	18	148	source_plane=0
terrain	empty_terrain_no_floor_context	0	empty terrain tile	1176	9519	0	18	148	source_plane=0
terrain	empty_terrain_no_floor_context	0	empty terrain tile	1176	9520	0	18	148	source_plane=0
terrain	empty_terrain_no_floor_context	0	empty terrain tile	1176	9521	0	18	148	source_plane=0
terrain	empty_terrain_no_floor_context	0	empty terrain tile	1176	9522	0	18	148	source_plane=0
terrain	empty_terrain_no_floor_context	0	empty terrain tile	1176	9523	0	18	148	source_plane=0
terrain	empty_terrain_no_floor_context	0	empty terrain tile	1176	9524	0	18	148	source_plane=0
terrain	empty_terrain_no_floor_context	0	empty terrain tile	1176	9525	0	18	148	source_plane=0
terrain	empty_terrain_no_floor_context	0	empty terrain tile	1176	9526	0	18	148	source_plane=0
terrain	empty_terrain_no_floor_context	0	empty terrain tile	1176	9527	0	18	148	source_plane=0
terrain	empty_terrain_no_floor_context	0	empty terrain tile	1176	9528	0	18	148	source_plane=0
terrain	empty_terrain_no_floor_context	0	empty terrain tile	1176	9529	0	18	148	source_plane=0
terrain	empty_terrain_no_floor_context	0	empty terrain tile	1176	9530	0	18	148	source_plane=0
terrain	empty_terrain_no_floor_context	0	empty terrain tile	1176	9531	0	18	148	source_plane=0
terrain	empty_terrain_no_floor_context	0	empty terrain tile	1176	9532	0	18	148	source_plane=0
terrain	empty_terrain_no_floor_context	0	empty terrain tile	1176	9533	0	18	148	source_plane=0
terrain	empty_terrain_no_floor_context	0	empty terrain tile	1176	9534	0	18	148	source_plane=0
terrain	empty_terrain_no_floor_context	0	empty terrain tile	1176	9535	0	18	148	source_plane=0
terrain	empty_terrain_no_floor_context	0	empty terrain tile	1177	9472	0	18	148	source_plane=0
terrain	empty_terrain_no_floor_context	0	empty terrain tile	1177	9473	0	18	148	source_plane=0
terrain	empty_terrain_no_floor_context	0	empty terrain tile	1177	9474	0	18	148	source_plane=0
terrain	empty_terrain_no_floor_context	0	empty terrain tile	1177	9475	0	18	148	source_plane=0
terrain	empty_terrain_no_floor_context	0	empty terrain tile	1177	9476	0	18	148	source_plane=0
terrain	empty_terrain_no_floor_context	0	empty terrain tile	1177	9477	0	18	148	source_plane=0
terrain	empty_terrain_no_floor_context	0	empty terrain tile	1177	9478	0	18	148	source_plane=0
terrain	empty_terrain_no_floor_context	0	empty terrain tile	1177	9479	0	18	148	source_plane=0
terrain	empty_terrain_no_floor_context	0	empty terrain tile	1177	9480	0	18	148	source_plane=0
terrain	empty_terrain_no_floor_context	0	empty terrain tile	1177	9481	0	18	148	source_plane=0
terrain	empty_terrain_no_floor_context	0	empty terrain tile	1177	9482	0	18	148	source_plane=0
terrain	empty_terrain_no_floor_context	0	empty terrain tile	1177	9483	0	18	148	source_plane=0
terrain	empty_terrain_no_floor_context	0	empty terrain tile	1177	9484	0	18	148	source_plane=0
terrain	empty_terrain_no_floor_context	0	empty terrain tile	1177	9485	0	18	148	source_plane=0
terrain	empty_terrain_no_floor_context	0	empty terrain tile	1177	9486	0	18	148	source_plane=0
terrain	empty_terrain_no_floor_context	0	empty terrain tile	1177	9487	0	18	148	source_plane=0
terrain	empty_terrain_no_floor_context	0	empty terrain tile	1177	9488	0	18	148	source_plane=0
terrain	empty_terrain_no_floor_context	0	empty terrain tile	1177	9489	0	18	148	source_plane=0
terrain	empty_terrain_no_floor_context	0	empty terrain tile	1177	9490	0	18	148	source_plane=0
terrain	empty_terrain_no_floor_context	0	empty terrain tile	1177	9491	0	18	148	source_plane=0
terrain	empty_terrain_no_floor_context	0	empty terrain tile	1177	9492	0	18	148	source_plane=0
terrain	empty_terrain_no_floor_context	0	empty terrain tile	1177	9493	0	18	148	source_plane=0
terrain	empty_terrain_no_floor_context	0	empty terrain tile	1177	9494	0	18	148	source_plane=0
terrain	empty_terrain_no_floor_context	0	empty terrain tile	1177	9495	0	18	148	source_plane=0
terrain	empty_terrain_no_floor_context	0	empty terrain tile	1177	9496	0	18	148	source_plane=0
terrain	empty_terrain_no_floor_context	0	empty terrain tile	1177	9497	0	18	148	source_plane=0
terrain	empty_terrain_no_floor_context	0	empty terrain tile	1177	9498	0	18	148	source_plane=0
terrain	empty_terrain_no_floor_context	0	empty terrain tile	1177	9499	0	18	148	source_plane=0
terrain	empty_terrain_no_floor_context	0	empty terrain tile	1177	9500	0	18	148	source_plane=0
terrain	empty_terrain_no_floor_context	0	empty terrain tile	1177	9501	0	18	148	source_plane=0
terrain	empty_terrain_no_floor_context	0	empty terrain tile	1177	9502	0	18	148	source_plane=0
terrain	empty_terrain_no_floor_context	0	empty terrain tile	1177	9503	0	18	148	source_plane=0
terrain	empty_terrain_no_floor_context	0	empty terrain tile	1177	9504	0	18	148	source_plane=0
terrain	empty_terrain_no_floor_context	0	empty terrain tile	1177	9505	0	18	148	source_plane=0
terrain	empty_terrain_no_floor_context	0	empty terrain tile	1177	9506	0	18	148	source_plane=0
terrain	empty_terrain_no_floor_context	0	empty terrain tile	1177	9507	0	18	148	source_plane=0
terrain	empty_terrain_no_floor_context	0	empty terrain tile	1177	9508	0	18	148	source_plane=0
terrain	empty_terrain_no_floor_context	0	empty terrain tile	1177	9509	0	18	148	source_plane=0
terrain	empty_terrain_no_floor_context	0	empty terrain tile	1177	9510	0	18	148	source_plane=0
terrain	empty_terrain_no_floor_context	0	empty terrain tile	1177	9511	0	18	148	source_plane=0
terrain	empty_terrain_no_floor_context	0	empty terrain tile	1177	9512	0	18	148	source_plane=0
terrain	empty_terrain_no_floor_context	0	empty terrain tile	1177	9513	0	18	148	source_plane=0
terrain	empty_terrain_no_floor_context	0	empty terrain tile	1177	9514	0	18	148	source_plane=0
terrain	empty_terrain_no_floor_context	0	empty terrain tile	1177	9515	0	18	148	source_plane=0
terrain	empty_terrain_no_floor_context	0	empty terrain tile	1177	9516	0	18	148	source_plane=0
terrain	empty_terrain_no_floor_context	0	empty terrain tile	1177	9517	0	18	148	source_plane=0
terrain	empty_terrain_no_floor_context	0	empty terrain tile	1177	9518	0	18	148	source_plane=0
terrain	empty_terrain_no_floor_context	0	empty terrain tile	1177	9519	0	18	148	source_plane=0
terrain	empty_terrain_no_floor_context	0	empty terrain tile	1177	9520	0	18	148	source_plane=0
terrain	empty_terrain_no_floor_context	0	empty terrain tile	1177	9521	0	18	148	source_plane=0
terrain	empty_terrain_no_floor_context	0	empty terrain tile	1177	9522	0	18	148	source_plane=0
terrain	empty_terrain_no_floor_context	0	empty terrain tile	1177	9523	0	18	148	source_plane=0
terrain	empty_terrain_no_floor_context	0	empty terrain tile	1177	9524	0	18	148	source_plane=0
terrain	empty_terrain_no_floor_context	0	empty terrain tile	1177	9525	0	18	148	source_plane=0
terrain	empty_terrain_no_floor_context	0	empty terrain tile	1177	9526	0	18	148	source_plane=0
terrain	empty_terrain_no_floor_context	0	empty terrain tile	1177	9527	0	18	148	source_plane=0
terrain	empty_terrain_no_floor_context	0	empty terrain tile	1177	9528	0	18	148	source_plane=0
terrain	empty_terrain_no_floor_context	0	empty terrain tile	1177	9529	0	18	148	source_plane=0
terrain	empty_terrain_no_floor_context	0	empty terrain tile	1177	9530	0	18	148	source_plane=0
terrain	empty_terrain_no_floor_context	0	empty terrain tile	1177	9531	0	18	148	source_plane=0
terrain	empty_terrain_no_floor_context	0	empty terrain tile	1177	9532	0	18	148	source_plane=0
terrain	empty_terrain_no_floor_context	0	empty terrain tile	1177	9533	0	18	148	source_plane=0
terrain	empty_terrain_no_floor_context	0	empty terrain tile	1177	9534	0	18	148	source_plane=0
terrain	empty_terrain_no_floor_context	0	empty terrain tile	1177	9535	0	18	148	source_plane=0
terrain	empty_terrain_no_floor_context	0	empty terrain tile	1178	9472	0	18	148	source_plane=0
terrain	empty_terrain_no_floor_context	0	empty terrain tile	1178	9473	0	18	148	source_plane=0
terrain	empty_terrain_no_floor_context	0	empty terrain tile	1178	9474	0	18	148	source_plane=0
terrain	empty_terrain_no_floor_context	0	empty terrain tile	1178	9475	0	18	148	source_plane=0
terrain	empty_terrain_no_floor_context	0	empty terrain tile	1178	9476	0	18	148	source_plane=0
terrain	empty_terrain_no_floor_context	0	empty terrain tile	1178	9477	0	18	148	source_plane=0
terrain	empty_terrain_no_floor_context	0	empty terrain tile	1178	9478	0	18	148	source_plane=0
terrain	empty_terrain_no_floor_context	0	empty terrain tile	1178	9479	0	18	148	source_plane=0
terrain	empty_terrain_no_floor_context	0	empty terrain tile	1178	9480	0	18	148	source_plane=0
terrain	empty_terrain_no_floor_context	0	empty terrain tile	1178	9481	0	18	148	source_plane=0
terrain	empty_terrain_no_floor_context	0	empty terrain tile	1178	9482	0	18	148	source_plane=0
terrain	empty_terrain_no_floor_context	0	empty terrain tile	1178	9483	0	18	148	source_plane=0
terrain	empty_terrain_no_floor_context	0	empty terrain tile	1178	9484	0	18	148	source_plane=0
terrain	empty_terrain_no_floor_context	0	empty terrain tile	1178	9485	0	18	148	source_plane=0
terrain	empty_terrain_no_floor_context	0	empty terrain tile	1178	9486	0	18	148	source_plane=0
terrain	empty_terrain_no_floor_context	0	empty terrain tile	1178	9487	0	18	148	source_plane=0
terrain	empty_terrain_no_floor_context	0	empty terrain tile	1178	9488	0	18	148	source_plane=0
terrain	empty_terrain_no_floor_context	0	empty terrain tile	1178	9489	0	18	148	source_plane=0
terrain	empty_terrain_no_floor_context	0	empty terrain tile	1178	9490	0	18	148	source_plane=0
terrain	empty_terrain_no_floor_context	0	empty terrain tile	1178	9491	0	18	148	source_plane=0
terrain	empty_terrain_no_floor_context	0	empty terrain tile	1178	9492	0	18	148	source_plane=0
terrain	empty_terrain_no_floor_context	0	empty terrain tile	1178	9493	0	18	148	source_plane=0
terrain	empty_terrain_no_floor_context	0	empty terrain tile	1178	9494	0	18	148	source_plane=0
terrain	empty_terrain_no_floor_context	0	empty terrain tile	1178	9513	0	18	148	source_plane=0
terrain	empty_terrain_no_floor_context	0	empty terrain tile	1178	9514	0	18	148	source_plane=0
terrain	empty_terrain_no_floor_context	0	empty terrain tile	1178	9515	0	18	148	source_plane=0
terrain	empty_terrain_no_floor_context	0	empty terrain tile	1178	9516	0	18	148	source_plane=0
terrain	empty_terrain_no_floor_context	0	empty terrain tile	1178	9517	0	18	148	source_plane=0
terrain	empty_terrain_no_floor_context	0	empty terrain tile	1178	9518	0	18	148	source_plane=0
terrain	empty_terrain_no_floor_context	0	empty terrain tile	1178	9519	0	18	148	source_plane=0
terrain	empty_terrain_no_floor_context	0	empty terrain tile	1178	9520	0	18	148	source_plane=0
terrain	empty_terrain_no_floor_context	0	empty terrain tile	1178	9521	0	18	148	source_plane=0
terrain	empty_terrain_no_floor_context	0	empty terrain tile	1178	9522	0	18	148	source_plane=0
terrain	empty_terrain_no_floor_context	0	empty terrain tile	1178	9523	0	18	148	source_plane=0
terrain	empty_terrain_no_floor_context	0	empty terrain tile	1178	9524	0	18	148	source_plane=0
terrain	empty_terrain_no_floor_context	0	empty terrain tile	1178	9525	0	18	148	source_plane=0
terrain	empty_terrain_no_floor_context	0	empty terrain tile	1178	9526	0	18	148	source_plane=0
terrain	empty_terrain_no_floor_context	0	empty terrain tile	1178	9527	0	18	148	source_plane=0
terrain	empty_terrain_no_floor_context	0	empty terrain tile	1178	9528	0	18	148	source_plane=0
terrain	empty_terrain_no_floor_context	0	empty terrain tile	1178	9529	0	18	148	source_plane=0
terrain	empty_terrain_no_floor_context	0	empty terrain tile	1178	9530	0	18	148	source_plane=0
terrain	empty_terrain_no_floor_context	0	empty terrain tile	1178	9531	0	18	148	source_plane=0
terrain	empty_terrain_no_floor_context	0	empty terrain tile	1178	9532	0	18	148	source_plane=0
terrain	empty_terrain_no_floor_context	0	empty terrain tile	1178	9533	0	18	148	source_plane=0
terrain	empty_terrain_no_floor_context	0	empty terrain tile	1178	9534	0	18	148	source_plane=0
terrain	empty_terrain_no_floor_context	0	empty terrain tile	1178	9535	0	18	148	source_plane=0
terrain	empty_terrain_no_floor_context	0	empty terrain tile	1179	9472	0	18	148	source_plane=0
terrain	empty_terrain_no_floor_context	0	empty terrain tile	1179	9473	0	18	148	source_plane=0
terrain	empty_terrain_no_floor_context	0	empty terrain tile	1179	9474	0	18	148	source_plane=0
terrain	empty_terrain_no_floor_context	0	empty terrain tile	1179	9475	0	18	148	source_plane=0
terrain	empty_terrain_no_floor_context	0	empty terrain tile	1179	9476	0	18	148	source_plane=0
terrain	empty_terrain_no_floor_context	0	empty terrain tile	1179	9477	0	18	148	source_plane=0
terrain	empty_terrain_no_floor_context	0	empty terrain tile	1179	9478	0	18	148	source_plane=0
terrain	empty_terrain_no_floor_context	0	empty terrain tile	1179	9479	0	18	148	source_plane=0
terrain	empty_terrain_no_floor_context	0	empty terrain tile	1179	9480	0	18	148	source_plane=0
terrain	empty_terrain_no_floor_context	0	empty terrain tile	1179	9481	0	18	148	source_plane=0
terrain	empty_terrain_no_floor_context	0	empty terrain tile	1179	9482	0	18	148	source_plane=0
terrain	empty_terrain_no_floor_context	0	empty terrain tile	1179	9483	0	18	148	source_plane=0
terrain	empty_terrain_no_floor_context	0	empty terrain tile	1179	9484	0	18	148	source_plane=0
terrain	empty_terrain_no_floor_context	0	empty terrain tile	1179	9485	0	18	148	source_plane=0
terrain	empty_terrain_no_floor_context	0	empty terrain tile	1179	9486	0	18	148	source_plane=0
terrain	empty_terrain_no_floor_context	0	empty terrain tile	1179	9487	0	18	148	source_plane=0
terrain	empty_terrain_no_floor_context	0	empty terrain tile	1179	9488	0	18	148	source_plane=0
terrain	empty_terrain_no_floor_context	0	empty terrain tile	1179	9489	0	18	148	source_plane=0
terrain	empty_terrain_no_floor_context	0	empty terrain tile	1179	9490	0	18	148	source_plane=0
terrain	empty_terrain_no_floor_context	0	empty terrain tile	1179	9491	0	18	148	source_plane=0
terrain	empty_terrain_no_floor_context	0	empty terrain tile	1179	9492	0	18	148	source_plane=0
terrain	empty_terrain_no_floor_context	0	empty terrain tile	1179	9493	0	18	148	source_plane=0
terrain	empty_terrain_no_floor_context	0	empty terrain tile	1179	9494	0	18	148	source_plane=0
terrain	empty_terrain_no_floor_context	0	empty terrain tile	1179	9513	0	18	148	source_plane=0
terrain	empty_terrain_no_floor_context	0	empty terrain tile	1179	9514	0	18	148	source_plane=0
terrain	empty_terrain_no_floor_context	0	empty terrain tile	1179	9515	0	18	148	source_plane=0
terrain	empty_terrain_no_floor_context	0	empty terrain tile	1179	9516	0	18	148	source_plane=0
terrain	empty_terrain_no_floor_context	0	empty terrain tile	1179	9517	0	18	148	source_plane=0
terrain	empty_terrain_no_floor_context	0	empty terrain tile	1179	9518	0	18	148	source_plane=0
terrain	empty_terrain_no_floor_context	0	empty terrain tile	1179	9519	0	18	148	source_plane=0
terrain	empty_terrain_no_floor_context	0	empty terrain tile	1179	9520	0	18	148	source_plane=0
terrain	empty_terrain_no_floor_context	0	empty terrain tile	1179	9521	0	18	148	source_plane=0
terrain	empty_terrain_no_floor_context	0	empty terrain tile	1179	9522	0	18	148	source_plane=0
terrain	empty_terrain_no_floor_context	0	empty terrain tile	1179	9523	0	18	148	source_plane=0
terrain	empty_terrain_no_floor_context	0	empty terrain tile	1179	9524	0	18	148	source_plane=0
terrain	empty_terrain_no_floor_context	0	empty terrain tile	1179	9525	0	18	148	source_plane=0
terrain	empty_terrain_no_floor_context	0	empty terrain tile	1179	9526	0	18	148	source_plane=0
terrain	empty_terrain_no_floor_context	0	empty terrain tile	1179	9527	0	18	148	source_plane=0
terrain	empty_terrain_no_floor_context	0	empty terrain tile	1179	9528	0	18	148	source_plane=0
terrain	empty_terrain_no_floor_context	0	empty terrain tile	1179	9529	0	18	148	source_plane=0
terrain	empty_terrain_no_floor_context	0	empty terrain tile	1179	9530	0	18	148	source_plane=0
terrain	empty_terrain_no_floor_context	0	empty terrain tile	1179	9531	0	18	148	source_plane=0
terrain	empty_terrain_no_floor_context	0	empty terrain tile	1179	9532	0	18	148	source_plane=0
terrain	empty_terrain_no_floor_context	0	empty terrain tile	1179	9533	0	18	148	source_plane=0
terrain	empty_terrain_no_floor_context	0	empty terrain tile	1179	9534	0	18	148	source_plane=0
terrain	empty_terrain_no_floor_context	0	empty terrain tile	1179	9535	0	18	148	source_plane=0
terrain	empty_terrain_no_floor_context	0	empty terrain tile	1180	9472	0	18	148	source_plane=0
terrain	empty_terrain_no_floor_context	0	empty terrain tile	1180	9473	0	18	148	source_plane=0
terrain	empty_terrain_no_floor_context	0	empty terrain tile	1180	9474	0	18	148	source_plane=0
terrain	empty_terrain_no_floor_context	0	empty terrain tile	1180	9475	0	18	148	source_plane=0
terrain	empty_terrain_no_floor_context	0	empty terrain tile	1180	9476	0	18	148	source_plane=0
terrain	empty_terrain_no_floor_context	0	empty terrain tile	1180	9477	0	18	148	source_plane=0
terrain	empty_terrain_no_floor_context	0	empty terrain tile	1180	9478	0	18	148	source_plane=0
terrain	empty_terrain_no_floor_context	0	empty terrain tile	1180	9479	0	18	148	source_plane=0
terrain	empty_terrain_no_floor_context	0	empty terrain tile	1180	9480	0	18	148	source_plane=0
terrain	empty_terrain_no_floor_context	0	empty terrain tile	1180	9481	0	18	148	source_plane=0
terrain	empty_terrain_no_floor_context	0	empty terrain tile	1180	9482	0	18	148	source_plane=0
terrain	empty_terrain_no_floor_context	0	empty terrain tile	1180	9483	0	18	148	source_plane=0
terrain	empty_terrain_no_floor_context	0	empty terrain tile	1180	9484	0	18	148	source_plane=0
terrain	empty_terrain_no_floor_context	0	empty terrain tile	1180	9485	0	18	148	source_plane=0
terrain	empty_terrain_no_floor_context	0	empty terrain tile	1180	9486	0	18	148	source_plane=0
terrain	empty_terrain_no_floor_context	0	empty terrain tile	1180	9487	0	18	148	source_plane=0
terrain	empty_terrain_no_floor_context	0	empty terrain tile	1180	9488	0	18	148	source_plane=0
terrain	empty_terrain_no_floor_context	0	empty terrain tile	1180	9489	0	18	148	source_plane=0
terrain	empty_terrain_no_floor_context	0	empty terrain tile	1180	9490	0	18	148	source_plane=0
terrain	empty_terrain_no_floor_context	0	empty terrain tile	1180	9491	0	18	148	source_plane=0
terrain	empty_terrain_no_floor_context	0	empty terrain tile	1180	9492	0	18	148	source_plane=0
terrain	empty_terrain_no_floor_context	0	empty terrain tile	1180	9493	0	18	148	source_plane=0
terrain	empty_terrain_no_floor_context	0	empty terrain tile	1180	9494	0	18	148	source_plane=0
terrain	empty_terrain_no_floor_context	0	empty terrain tile	1180	9513	0	18	148	source_plane=0
terrain	empty_terrain_no_floor_context	0	empty terrain tile	1180	9514	0	18	148	source_plane=0
terrain	empty_terrain_no_floor_context	0	empty terrain tile	1180	9515	0	18	148	source_plane=0
terrain	empty_terrain_no_floor_context	0	empty terrain tile	1180	9516	0	18	148	source_plane=0
terrain	empty_terrain_no_floor_context	0	empty terrain tile	1180	9517	0	18	148	source_plane=0
terrain	empty_terrain_no_floor_context	0	empty terrain tile	1180	9518	0	18	148	source_plane=0
terrain	empty_terrain_no_floor_context	0	empty terrain tile	1180	9519	0	18	148	source_plane=0
terrain	empty_terrain_no_floor_context	0	empty terrain tile	1180	9520	0	18	148	source_plane=0
terrain	empty_terrain_no_floor_context	0	empty terrain tile	1180	9521	0	18	148	source_plane=0
terrain	empty_terrain_no_floor_context	0	empty terrain tile	1180	9522	0	18	148	source_plane=0
terrain	empty_terrain_no_floor_context	0	empty terrain tile	1180	9523	0	18	148	source_plane=0
terrain	empty_terrain_no_floor_context	0	empty terrain tile	1180	9524	0	18	148	source_plane=0
terrain	empty_terrain_no_floor_context	0	empty terrain tile	1180	9525	0	18	148	source_plane=0
terrain	empty_terrain_no_floor_context	0	empty terrain tile	1180	9526	0	18	148	source_plane=0
terrain	empty_terrain_no_floor_context	0	empty terrain tile	1180	9527	0	18	148	source_plane=0
terrain	empty_terrain_no_floor_context	0	empty terrain tile	1180	9528	0	18	148	source_plane=0
terrain	empty_terrain_no_floor_context	0	empty terrain tile	1180	9529	0	18	148	source_plane=0
terrain	empty_terrain_no_floor_context	0	empty terrain tile	1180	9530	0	18	148	source_plane=0
terrain	empty_terrain_no_floor_context	0	empty terrain tile	1180	9531	0	18	148	source_plane=0
terrain	empty_terrain_no_floor_context	0	empty terrain tile	1180	9532	0	18	148	source_plane=0
terrain	empty_terrain_no_floor_context	0	empty terrain tile	1180	9533	0	18	148	source_plane=0
terrain	empty_terrain_no_floor_context	0	empty terrain tile	1180	9534	0	18	148	source_plane=0
terrain	empty_terrain_no_floor_context	0	empty terrain tile	1180	9535	0	18	148	source_plane=0
terrain	empty_terrain_no_floor_context	0	empty terrain tile	1181	9472	0	18	148	source_plane=0
terrain	empty_terrain_no_floor_context	0	empty terrain tile	1181	9473	0	18	148	source_plane=0
terrain	empty_terrain_no_floor_context	0	empty terrain tile	1181	9474	0	18	148	source_plane=0
terrain	empty_terrain_no_floor_context	0	empty terrain tile	1181	9475	0	18	148	source_plane=0
terrain	empty_terrain_no_floor_context	0	empty terrain tile	1181	9476	0	18	148	source_plane=0
terrain	empty_terrain_no_floor_context	0	empty terrain tile	1181	9477	0	18	148	source_plane=0
terrain	empty_terrain_no_floor_context	0	empty terrain tile	1181	9478	0	18	148	source_plane=0
terrain	empty_terrain_no_floor_context	0	empty terrain tile	1181	9479	0	18	148	source_plane=0
terrain	empty_terrain_no_floor_context	0	empty terrain tile	1181	9480	0	18	148	source_plane=0
terrain	empty_terrain_no_floor_context	0	empty terrain tile	1181	9481	0	18	148	source_plane=0
terrain	empty_terrain_no_floor_context	0	empty terrain tile	1181	9482	0	18	148	source_plane=0
terrain	empty_terrain_no_floor_context	0	empty terrain tile	1181	9483	0	18	148	source_plane=0
terrain	empty_terrain_no_floor_context	0	empty terrain tile	1181	9484	0	18	148	source_plane=0
terrain	empty_terrain_no_floor_context	0	empty terrain tile	1181	9485	0	18	148	source_plane=0
terrain	empty_terrain_no_floor_context	0	empty terrain tile	1181	9486	0	18	148	source_plane=0
terrain	empty_terrain_no_floor_context	0	empty terrain tile	1181	9487	0	18	148	source_plane=0
terrain	empty_terrain_no_floor_context	0	empty terrain tile	1181	9488	0	18	148	source_plane=0
terrain	empty_terrain_no_floor_context	0	empty terrain tile	1181	9489	0	18	148	source_plane=0
terrain	empty_terrain_no_floor_context	0	empty terrain tile	1181	9490	0	18	148	source_plane=0
terrain	empty_terrain_no_floor_context	0	empty terrain tile	1181	9491	0	18	148	source_plane=0
terrain	empty_terrain_no_floor_context	0	empty terrain tile	1181	9492	0	18	148	source_plane=0
terrain	empty_terrain_no_floor_context	0	empty terrain tile	1181	9493	0	18	148	source_plane=0
terrain	empty_terrain_no_floor_context	0	empty terrain tile	1181	9494	0	18	148	source_plane=0
terrain	empty_terrain_no_floor_context	0	empty terrain tile	1181	9513	0	18	148	source_plane=0
terrain	empty_terrain_no_floor_context	0	empty terrain tile	1181	9514	0	18	148	source_plane=0
terrain	empty_terrain_no_floor_context	0	empty terrain tile	1181	9515	0	18	148	source_plane=0
terrain	empty_terrain_no_floor_context	0	empty terrain tile	1181	9516	0	18	148	source_plane=0
terrain	empty_terrain_no_floor_context	0	empty terrain tile	1181	9517	0	18	148	source_plane=0
terrain	empty_terrain_no_floor_context	0	empty terrain tile	1181	9518	0	18	148	source_plane=0
terrain	empty_terrain_no_floor_context	0	empty terrain tile	1181	9519	0	18	148	source_plane=0
terrain	empty_terrain_no_floor_context	0	empty terrain tile	1181	9520	0	18	148	source_plane=0
terrain	empty_terrain_no_floor_context	0	empty terrain tile	1181	9521	0	18	148	source_plane=0
terrain	empty_terrain_no_floor_context	0	empty terrain tile	1181	9522	0	18	148	source_plane=0
terrain	empty_terrain_no_floor_context	0	empty terrain tile	1181	9523	0	18	148	source_plane=0
terrain	empty_terrain_no_floor_context	0	empty terrain tile	1181	9524	0	18	148	source_plane=0
terrain	empty_terrain_no_floor_context	0	empty terrain tile	1181	9525	0	18	148	source_plane=0
terrain	empty_terrain_no_floor_context	0	empty terrain tile	1181	9526	0	18	148	source_plane=0
terrain	empty_terrain_no_floor_context	0	empty terrain tile	1181	9527	0	18	148	source_plane=0
terrain	empty_terrain_no_floor_context	0	empty terrain tile	1181	9528	0	18	148	source_plane=0
terrain	empty_terrain_no_floor_context	0	empty terrain tile	1181	9529	0	18	148	source_plane=0
terrain	empty_terrain_no_floor_context	0	empty terrain tile	1181	9530	0	18	148	source_plane=0
terrain	empty_terrain_no_floor_context	0	empty terrain tile	1181	9531	0	18	148	source_plane=0
terrain	empty_terrain_no_floor_context	0	empty terrain tile	1181	9532	0	18	148	source_plane=0
terrain	empty_terrain_no_floor_context	0	empty terrain tile	1181	9533	0	18	148	source_plane=0
terrain	empty_terrain_no_floor_context	0	empty terrain tile	1181	9534	0	18	148	source_plane=0
terrain	empty_terrain_no_floor_context	0	empty terrain tile	1181	9535	0	18	148	source_plane=0
terrain	empty_terrain_no_floor_context	0	empty terrain tile	1182	9472	0	18	148	source_plane=0
terrain	empty_terrain_no_floor_context	0	empty terrain tile	1182	9473	0	18	148	source_plane=0
terrain	empty_terrain_no_floor_context	0	empty terrain tile	1182	9474	0	18	148	source_plane=0
terrain	empty_terrain_no_floor_context	0	empty terrain tile	1182	9475	0	18	148	source_plane=0
terrain	empty_terrain_no_floor_context	0	empty terrain tile	1182	9476	0	18	148	source_plane=0
terrain	empty_terrain_no_floor_context	0	empty terrain tile	1182	9477	0	18	148	source_plane=0
terrain	empty_terrain_no_floor_context	0	empty terrain tile	1182	9478	0	18	148	source_plane=0
terrain	empty_terrain_no_floor_context	0	empty terrain tile	1182	9479	0	18	148	source_plane=0
terrain	empty_terrain_no_floor_context	0	empty terrain tile	1182	9480	0	18	148	source_plane=0
terrain	empty_terrain_no_floor_context	0	empty terrain tile	1182	9481	0	18	148	source_plane=0
terrain	empty_terrain_no_floor_context	0	empty terrain tile	1182	9482	0	18	148	source_plane=0
terrain	empty_terrain_no_floor_context	0	empty terrain tile	1182	9483	0	18	148	source_plane=0
terrain	empty_terrain_no_floor_context	0	empty terrain tile	1182	9484	0	18	148	source_plane=0
terrain	empty_terrain_no_floor_context	0	empty terrain tile	1182	9485	0	18	148	source_plane=0
terrain	empty_terrain_no_floor_context	0	empty terrain tile	1182	9486	0	18	148	source_plane=0
terrain	empty_terrain_no_floor_context	0	empty terrain tile	1182	9487	0	18	148	source_plane=0
terrain	empty_terrain_no_floor_context	0	empty terrain tile	1182	9488	0	18	148	source_plane=0
terrain	empty_terrain_no_floor_context	0	empty terrain tile	1182	9489	0	18	148	source_plane=0
terrain	empty_terrain_no_floor_context	0	empty terrain tile	1182	9490	0	18	148	source_plane=0
terrain	empty_terrain_no_floor_context	0	empty terrain tile	1182	9491	0	18	148	source_plane=0
terrain	empty_terrain_no_floor_context	0	empty terrain tile	1182	9492	0	18	148	source_plane=0
terrain	empty_terrain_no_floor_context	0	empty terrain tile	1182	9493	0	18	148	source_plane=0
terrain	empty_terrain_no_floor_context	0	empty terrain tile	1182	9494	0	18	148	source_plane=0
terrain	empty_terrain_no_floor_context	0	empty terrain tile	1182	9513	0	18	148	source_plane=0
terrain	empty_terrain_no_floor_context	0	empty terrain tile	1182	9514	0	18	148	source_plane=0
terrain	empty_terrain_no_floor_context	0	empty terrain tile	1182	9515	0	18	148	source_plane=0
terrain	empty_terrain_no_floor_context	0	empty terrain tile	1182	9516	0	18	148	source_plane=0
terrain	empty_terrain_no_floor_context	0	empty terrain tile	1182	9517	0	18	148	source_plane=0
terrain	empty_terrain_no_floor_context	0	empty terrain tile	1182	9518	0	18	148	source_plane=0
terrain	empty_terrain_no_floor_context	0	empty terrain tile	1182	9519	0	18	148	source_plane=0
terrain	empty_terrain_no_floor_context	0	empty terrain tile	1182	9520	0	18	148	source_plane=0
terrain	empty_terrain_no_floor_context	0	empty terrain tile	1182	9521	0	18	148	source_plane=0
terrain	empty_terrain_no_floor_context	0	empty terrain tile	1182	9522	0	18	148	source_plane=0
terrain	empty_terrain_no_floor_context	0	empty terrain tile	1182	9523	0	18	148	source_plane=0
terrain	empty_terrain_no_floor_context	0	empty terrain tile	1182	9524	0	18	148	source_plane=0
terrain	empty_terrain_no_floor_context	0	empty terrain tile	1182	9525	0	18	148	source_plane=0
terrain	empty_terrain_no_floor_context	0	empty terrain tile	1182	9526	0	18	148	source_plane=0
terrain	empty_terrain_no_floor_context	0	empty terrain tile	1182	9527	0	18	148	source_plane=0
terrain	empty_terrain_no_floor_context	0	empty terrain tile	1182	9528	0	18	148	source_plane=0
terrain	empty_terrain_no_floor_context	0	empty terrain tile	1182	9529	0	18	148	source_plane=0
terrain	empty_terrain_no_floor_context	0	empty terrain tile	1182	9530	0	18	148	source_plane=0
terrain	empty_terrain_no_floor_context	0	empty terrain tile	1182	9531	0	18	148	source_plane=0
terrain	empty_terrain_no_floor_context	0	empty terrain tile	1182	9532	0	18	148	source_plane=0
terrain	empty_terrain_no_floor_context	0	empty terrain tile	1182	9533	0	18	148	source_plane=0
terrain	empty_terrain_no_floor_context	0	empty terrain tile	1182	9534	0	18	148	source_plane=0
terrain	empty_terrain_no_floor_context	0	empty terrain tile	1182	9535	0	18	148	source_plane=0
terrain	empty_terrain_no_floor_context	0	empty terrain tile	1183	9472	0	18	148	source_plane=0
terrain	empty_terrain_no_floor_context	0	empty terrain tile	1183	9473	0	18	148	source_plane=0
terrain	empty_terrain_no_floor_context	0	empty terrain tile	1183	9474	0	18	148	source_plane=0
terrain	empty_terrain_no_floor_context	0	empty terrain tile	1183	9475	0	18	148	source_plane=0
terrain	empty_terrain_no_floor_context	0	empty terrain tile	1183	9476	0	18	148	source_plane=0
terrain	empty_terrain_no_floor_context	0	empty terrain tile	1183	9477	0	18	148	source_plane=0
terrain	empty_terrain_no_floor_context	0	empty terrain tile	1183	9478	0	18	148	source_plane=0
terrain	empty_terrain_no_floor_context	0	empty terrain tile	1183	9479	0	18	148	source_plane=0
terrain	empty_terrain_no_floor_context	0	empty terrain tile	1183	9480	0	18	148	source_plane=0
terrain	empty_terrain_no_floor_context	0	empty terrain tile	1183	9481	0	18	148	source_plane=0
terrain	empty_terrain_no_floor_context	0	empty terrain tile	1183	9482	0	18	148	source_plane=0
terrain	empty_terrain_no_floor_context	0	empty terrain tile	1183	9483	0	18	148	source_plane=0
terrain	empty_terrain_no_floor_context	0	empty terrain tile	1183	9484	0	18	148	source_plane=0
terrain	empty_terrain_no_floor_context	0	empty terrain tile	1183	9485	0	18	148	source_plane=0
terrain	empty_terrain_no_floor_context	0	empty terrain tile	1183	9486	0	18	148	source_plane=0
terrain	empty_terrain_no_floor_context	0	empty terrain tile	1183	9487	0	18	148	source_plane=0
terrain	empty_terrain_no_floor_context	0	empty terrain tile	1183	9488	0	18	148	source_plane=0
terrain	empty_terrain_no_floor_context	0	empty terrain tile	1183	9489	0	18	148	source_plane=0
terrain	empty_terrain_no_floor_context	0	empty terrain tile	1183	9490	0	18	148	source_plane=0
terrain	empty_terrain_no_floor_context	0	empty terrain tile	1183	9491	0	18	148	source_plane=0
terrain	empty_terrain_no_floor_context	0	empty terrain tile	1183	9492	0	18	148	source_plane=0
terrain	empty_terrain_no_floor_context	0	empty terrain tile	1183	9493	0	18	148	source_plane=0
terrain	empty_terrain_no_floor_context	0	empty terrain tile	1183	9494	0	18	148	source_plane=0
terrain	empty_terrain_no_floor_context	0	empty terrain tile	1183	9513	0	18	148	source_plane=0
terrain	empty_terrain_no_floor_context	0	empty terrain tile	1183	9514	0	18	148	source_plane=0
terrain	empty_terrain_no_floor_context	0	empty terrain tile	1183	9515	0	18	148	source_plane=0
terrain	empty_terrain_no_floor_context	0	empty terrain tile	1183	9516	0	18	148	source_plane=0
terrain	empty_terrain_no_floor_context	0	empty terrain tile	1183	9517	0	18	148	source_plane=0
terrain	empty_terrain_no_floor_context	0	empty terrain tile	1183	9518	0	18	148	source_plane=0
terrain	empty_terrain_no_floor_context	0	empty terrain tile	1183	9519	0	18	148	source_plane=0
terrain	empty_terrain_no_floor_context	0	empty terrain tile	1183	9520	0	18	148	source_plane=0
terrain	empty_terrain_no_floor_context	0	empty terrain tile	1183	9521	0	18	148	source_plane=0
terrain	empty_terrain_no_floor_context	0	empty terrain tile	1183	9522	0	18	148	source_plane=0
terrain	empty_terrain_no_floor_context	0	empty terrain tile	1183	9523	0	18	148	source_plane=0
terrain	empty_terrain_no_floor_context	0	empty terrain tile	1183	9524	0	18	148	source_plane=0
terrain	empty_terrain_no_floor_context	0	empty terrain tile	1183	9525	0	18	148	source_plane=0
terrain	empty_terrain_no_floor_context	0	empty terrain tile	1183	9526	0	18	148	source_plane=0
terrain	empty_terrain_no_floor_context	0	empty terrain tile	1183	9527	0	18	148	source_plane=0
terrain	empty_terrain_no_floor_context	0	empty terrain tile	1183	9528	0	18	148	source_plane=0
terrain	empty_terrain_no_floor_context	0	empty terrain tile	1183	9529	0	18	148	source_plane=0
terrain	empty_terrain_no_floor_context	0	empty terrain tile	1183	9530	0	18	148	source_plane=0
terrain	empty_terrain_no_floor_context	0	empty terrain tile	1183	9531	0	18	148	source_plane=0
terrain	empty_terrain_no_floor_context	0	empty terrain tile	1183	9532	0	18	148	source_plane=0
terrain	empty_terrain_no_floor_context	0	empty terrain tile	1183	9533	0	18	148	source_plane=0
terrain	empty_terrain_no_floor_context	0	empty terrain tile	1183	9534	0	18	148	source_plane=0
terrain	empty_terrain_no_floor_context	0	empty terrain tile	1183	9535	0	18	148	source_plane=0
terrain	empty_terrain_no_floor_context	0	empty terrain tile	1184	9472	0	18	148	source_plane=0
terrain	empty_terrain_no_floor_context	0	empty terrain tile	1184	9473	0	18	148	source_plane=0
terrain	empty_terrain_no_floor_context	0	empty terrain tile	1184	9474	0	18	148	source_plane=0
terrain	empty_terrain_no_floor_context	0	empty terrain tile	1184	9475	0	18	148	source_plane=0
terrain	empty_terrain_no_floor_context	0	empty terrain tile	1184	9476	0	18	148	source_plane=0
terrain	empty_terrain_no_floor_context	0	empty terrain tile	1184	9477	0	18	148	source_plane=0
terrain	empty_terrain_no_floor_context	0	empty terrain tile	1184	9478	0	18	148	source_plane=0
terrain	empty_terrain_no_floor_context	0	empty terrain tile	1184	9479	0	18	148	source_plane=0
terrain	empty_terrain_no_floor_context	0	empty terrain tile	1184	9480	0	18	148	source_plane=0
terrain	empty_terrain_no_floor_context	0	empty terrain tile	1184	9481	0	18	148	source_plane=0
terrain	empty_terrain_no_floor_context	0	empty terrain tile	1184	9482	0	18	148	source_plane=0
terrain	empty_terrain_no_floor_context	0	empty terrain tile	1184	9483	0	18	148	source_plane=0
terrain	empty_terrain_no_floor_context	0	empty terrain tile	1184	9484	0	18	148	source_plane=0
terrain	empty_terrain_no_floor_context	0	empty terrain tile	1184	9485	0	18	148	source_plane=0
terrain	empty_terrain_no_floor_context	0	empty terrain tile	1184	9486	0	18	148	source_plane=0
terrain	empty_terrain_no_floor_context	0	empty terrain tile	1184	9487	0	18	148	source_plane=0
terrain	empty_terrain_no_floor_context	0	empty terrain tile	1184	9488	0	18	148	source_plane=0
terrain	empty_terrain_no_floor_context	0	empty terrain tile	1184	9489	0	18	148	source_plane=0
terrain	empty_terrain_no_floor_context	0	empty terrain tile	1184	9490	0	18	148	source_plane=0
terrain	empty_terrain_no_floor_context	0	empty terrain tile	1184	9491	0	18	148	source_plane=0
terrain	empty_terrain_no_floor_context	0	empty terrain tile	1184	9492	0	18	148	source_plane=0
terrain	empty_terrain_no_floor_context	0	empty terrain tile	1184	9493	0	18	148	source_plane=0
terrain	empty_terrain_no_floor_context	0	empty terrain tile	1184	9494	0	18	148	source_plane=0
terrain	empty_terrain_no_floor_context	0	empty terrain tile	1184	9513	0	18	148	source_plane=0
terrain	empty_terrain_no_floor_context	0	empty terrain tile	1184	9514	0	18	148	source_plane=0
terrain	empty_terrain_no_floor_context	0	empty terrain tile	1184	9515	0	18	148	source_plane=0
terrain	empty_terrain_no_floor_context	0	empty terrain tile	1184	9516	0	18	148	source_plane=0
terrain	empty_terrain_no_floor_context	0	empty terrain tile	1184	9517	0	18	148	source_plane=0
terrain	empty_terrain_no_floor_context	0	empty terrain tile	1184	9518	0	18	148	source_plane=0
terrain	empty_terrain_no_floor_context	0	empty terrain tile	1184	9519	0	18	148	source_plane=0
terrain	empty_terrain_no_floor_context	0	empty terrain tile	1184	9520	0	18	148	source_plane=0
terrain	empty_terrain_no_floor_context	0	empty terrain tile	1184	9521	0	18	148	source_plane=0
terrain	empty_terrain_no_floor_context	0	empty terrain tile	1184	9522	0	18	148	source_plane=0
terrain	empty_terrain_no_floor_context	0	empty terrain tile	1184	9523	0	18	148	source_plane=0
terrain	empty_terrain_no_floor_context	0	empty terrain tile	1184	9524	0	18	148	source_plane=0
terrain	empty_terrain_no_floor_context	0	empty terrain tile	1184	9525	0	18	148	source_plane=0
terrain	empty_terrain_no_floor_context	0	empty terrain tile	1184	9526	0	18	148	source_plane=0
terrain	empty_terrain_no_floor_context	0	empty terrain tile	1184	9527	0	18	148	source_plane=0
terrain	empty_terrain_no_floor_context	0	empty terrain tile	1184	9528	0	18	148	source_plane=0
terrain	empty_terrain_no_floor_context	0	empty terrain tile	1184	9529	0	18	148	source_plane=0
terrain	empty_terrain_no_floor_context	0	empty terrain tile	1184	9530	0	18	148	source_plane=0
terrain	empty_terrain_no_floor_context	0	empty terrain tile	1184	9531	0	18	148	source_plane=0
terrain	empty_terrain_no_floor_context	0	empty terrain tile	1184	9532	0	18	148	source_plane=0
terrain	empty_terrain_no_floor_context	0	empty terrain tile	1184	9533	0	18	148	source_plane=0
terrain	empty_terrain_no_floor_context	0	empty terrain tile	1184	9534	0	18	148	source_plane=0
terrain	empty_terrain_no_floor_context	0	empty terrain tile	1184	9535	0	18	148	source_plane=0
terrain	empty_terrain_no_floor_context	0	empty terrain tile	1185	9472	0	18	148	source_plane=0
terrain	empty_terrain_no_floor_context	0	empty terrain tile	1185	9473	0	18	148	source_plane=0
terrain	empty_terrain_no_floor_context	0	empty terrain tile	1185	9474	0	18	148	source_plane=0
terrain	empty_terrain_no_floor_context	0	empty terrain tile	1185	9475	0	18	148	source_plane=0
terrain	empty_terrain_no_floor_context	0	empty terrain tile	1185	9476	0	18	148	source_plane=0
terrain	empty_terrain_no_floor_context	0	empty terrain tile	1185	9477	0	18	148	source_plane=0
terrain	empty_terrain_no_floor_context	0	empty terrain tile	1185	9478	0	18	148	source_plane=0
terrain	empty_terrain_no_floor_context	0	empty terrain tile	1185	9479	0	18	148	source_plane=0
terrain	empty_terrain_no_floor_context	0	empty terrain tile	1185	9480	0	18	148	source_plane=0
terrain	empty_terrain_no_floor_context	0	empty terrain tile	1185	9481	0	18	148	source_plane=0
terrain	empty_terrain_no_floor_context	0	empty terrain tile	1185	9482	0	18	148	source_plane=0
terrain	empty_terrain_no_floor_context	0	empty terrain tile	1185	9483	0	18	148	source_plane=0
terrain	empty_terrain_no_floor_context	0	empty terrain tile	1185	9484	0	18	148	source_plane=0
terrain	empty_terrain_no_floor_context	0	empty terrain tile	1185	9485	0	18	148	source_plane=0
terrain	empty_terrain_no_floor_context	0	empty terrain tile	1185	9486	0	18	148	source_plane=0
terrain	empty_terrain_no_floor_context	0	empty terrain tile	1185	9487	0	18	148	source_plane=0
terrain	empty_terrain_no_floor_context	0	empty terrain tile	1185	9488	0	18	148	source_plane=0
terrain	empty_terrain_no_floor_context	0	empty terrain tile	1185	9489	0	18	148	source_plane=0
terrain	empty_terrain_no_floor_context	0	empty terrain tile	1185	9490	0	18	148	source_plane=0
terrain	empty_terrain_no_floor_context	0	empty terrain tile	1185	9491	0	18	148	source_plane=0
terrain	empty_terrain_no_floor_context	0	empty terrain tile	1185	9492	0	18	148	source_plane=0
terrain	empty_terrain_no_floor_context	0	empty terrain tile	1185	9493	0	18	148	source_plane=0
terrain	empty_terrain_no_floor_context	0	empty terrain tile	1185	9494	0	18	148	source_plane=0
terrain	empty_terrain_no_floor_context	0	empty terrain tile	1185	9513	0	18	148	source_plane=0
terrain	empty_terrain_no_floor_context	0	empty terrain tile	1185	9514	0	18	148	source_plane=0
terrain	empty_terrain_no_floor_context	0	empty terrain tile	1185	9515	0	18	148	source_plane=0
terrain	empty_terrain_no_floor_context	0	empty terrain tile	1185	9516	0	18	148	source_plane=0
terrain	empty_terrain_no_floor_context	0	empty terrain tile	1185	9517	0	18	148	source_plane=0
terrain	empty_terrain_no_floor_context	0	empty terrain tile	1185	9518	0	18	148	source_plane=0
terrain	empty_terrain_no_floor_context	0	empty terrain tile	1185	9519	0	18	148	source_plane=0
terrain	empty_terrain_no_floor_context	0	empty terrain tile	1185	9520	0	18	148	source_plane=0
terrain	empty_terrain_no_floor_context	0	empty terrain tile	1185	9521	0	18	148	source_plane=0
terrain	empty_terrain_no_floor_context	0	empty terrain tile	1185	9522	0	18	148	source_plane=0
terrain	empty_terrain_no_floor_context	0	empty terrain tile	1185	9523	0	18	148	source_plane=0
terrain	empty_terrain_no_floor_context	0	empty terrain tile	1185	9524	0	18	148	source_plane=0
terrain	empty_terrain_no_floor_context	0	empty terrain tile	1185	9525	0	18	148	source_plane=0
terrain	empty_terrain_no_floor_context	0	empty terrain tile	1185	9526	0	18	148	source_plane=0
terrain	empty_terrain_no_floor_context	0	empty terrain tile	1185	9527	0	18	148	source_plane=0
terrain	empty_terrain_no_floor_context	0	empty terrain tile	1185	9528	0	18	148	source_plane=0
terrain	empty_terrain_no_floor_context	0	empty terrain tile	1185	9529	0	18	148	source_plane=0
terrain	empty_terrain_no_floor_context	0	empty terrain tile	1185	9530	0	18	148	source_plane=0
terrain	empty_terrain_no_floor_context	0	empty terrain tile	1185	9531	0	18	148	source_plane=0
terrain	empty_terrain_no_floor_context	0	empty terrain tile	1185	9532	0	18	148	source_plane=0
terrain	empty_terrain_no_floor_context	0	empty terrain tile	1185	9533	0	18	148	source_plane=0
terrain	empty_terrain_no_floor_context	0	empty terrain tile	1185	9534	0	18	148	source_plane=0
terrain	empty_terrain_no_floor_context	0	empty terrain tile	1185	9535	0	18	148	source_plane=0
terrain	empty_terrain_no_floor_context	0	empty terrain tile	1186	9472	0	18	148	source_plane=0
terrain	empty_terrain_no_floor_context	0	empty terrain tile	1186	9473	0	18	148	source_plane=0
terrain	empty_terrain_no_floor_context	0	empty terrain tile	1186	9474	0	18	148	source_plane=0
terrain	empty_terrain_no_floor_context	0	empty terrain tile	1186	9475	0	18	148	source_plane=0
terrain	empty_terrain_no_floor_context	0	empty terrain tile	1186	9476	0	18	148	source_plane=0
terrain	empty_terrain_no_floor_context	0	empty terrain tile	1186	9477	0	18	148	source_plane=0
terrain	empty_terrain_no_floor_context	0	empty terrain tile	1186	9478	0	18	148	source_plane=0
terrain	empty_terrain_no_floor_context	0	empty terrain tile	1186	9479	0	18	148	source_plane=0
terrain	empty_terrain_no_floor_context	0	empty terrain tile	1186	9480	0	18	148	source_plane=0
terrain	empty_terrain_no_floor_context	0	empty terrain tile	1186	9481	0	18	148	source_plane=0
terrain	empty_terrain_no_floor_context	0	empty terrain tile	1186	9482	0	18	148	source_plane=0
terrain	empty_terrain_no_floor_context	0	empty terrain tile	1186	9483	0	18	148	source_plane=0
terrain	empty_terrain_no_floor_context	0	empty terrain tile	1186	9484	0	18	148	source_plane=0
terrain	empty_terrain_no_floor_context	0	empty terrain tile	1186	9485	0	18	148	source_plane=0
terrain	empty_terrain_no_floor_context	0	empty terrain tile	1186	9486	0	18	148	source_plane=0
terrain	empty_terrain_no_floor_context	0	empty terrain tile	1186	9487	0	18	148	source_plane=0
terrain	empty_terrain_no_floor_context	0	empty terrain tile	1186	9488	0	18	148	source_plane=0
terrain	empty_terrain_no_floor_context	0	empty terrain tile	1186	9489	0	18	148	source_plane=0
terrain	empty_terrain_no_floor_context	0	empty terrain tile	1186	9490	0	18	148	source_plane=0
terrain	empty_terrain_no_floor_context	0	empty terrain tile	1186	9491	0	18	148	source_plane=0
terrain	empty_terrain_no_floor_context	0	empty terrain tile	1186	9492	0	18	148	source_plane=0
terrain	empty_terrain_no_floor_context	0	empty terrain tile	1186	9493	0	18	148	source_plane=0
terrain	empty_terrain_no_floor_context	0	empty terrain tile	1186	9494	0	18	148	source_plane=0
terrain	empty_terrain_no_floor_context	0	empty terrain tile	1186	9513	0	18	148	source_plane=0
terrain	empty_terrain_no_floor_context	0	empty terrain tile	1186	9514	0	18	148	source_plane=0
terrain	empty_terrain_no_floor_context	0	empty terrain tile	1186	9515	0	18	148	source_plane=0
terrain	empty_terrain_no_floor_context	0	empty terrain tile	1186	9516	0	18	148	source_plane=0
terrain	empty_terrain_no_floor_context	0	empty terrain tile	1186	9517	0	18	148	source_plane=0
terrain	empty_terrain_no_floor_context	0	empty terrain tile	1186	9518	0	18	148	source_plane=0
terrain	empty_terrain_no_floor_context	0	empty terrain tile	1186	9519	0	18	148	source_plane=0
terrain	empty_terrain_no_floor_context	0	empty terrain tile	1186	9520	0	18	148	source_plane=0
terrain	empty_terrain_no_floor_context	0	empty terrain tile	1186	9521	0	18	148	source_plane=0
terrain	empty_terrain_no_floor_context	0	empty terrain tile	1186	9522	0	18	148	source_plane=0
terrain	empty_terrain_no_floor_context	0	empty terrain tile	1186	9523	0	18	148	source_plane=0
terrain	empty_terrain_no_floor_context	0	empty terrain tile	1186	9524	0	18	148	source_plane=0
terrain	empty_terrain_no_floor_context	0	empty terrain tile	1186	9525	0	18	148	source_plane=0
terrain	empty_terrain_no_floor_context	0	empty terrain tile	1186	9526	0	18	148	source_plane=0
terrain	empty_terrain_no_floor_context	0	empty terrain tile	1186	9527	0	18	148	source_plane=0
terrain	empty_terrain_no_floor_context	0	empty terrain tile	1186	9528	0	18	148	source_plane=0
terrain	empty_terrain_no_floor_context	0	empty terrain tile	1186	9529	0	18	148	source_plane=0
terrain	empty_terrain_no_floor_context	0	empty terrain tile	1186	9530	0	18	148	source_plane=0
terrain	empty_terrain_no_floor_context	0	empty terrain tile	1186	9531	0	18	148	source_plane=0
terrain	empty_terrain_no_floor_context	0	empty terrain tile	1186	9532	0	18	148	source_plane=0
terrain	empty_terrain_no_floor_context	0	empty terrain tile	1186	9533	0	18	148	source_plane=0
terrain	empty_terrain_no_floor_context	0	empty terrain tile	1186	9534	0	18	148	source_plane=0
terrain	empty_terrain_no_floor_context	0	empty terrain tile	1186	9535	0	18	148	source_plane=0
terrain	empty_terrain_no_floor_context	0	empty terrain tile	1187	9472	0	18	148	source_plane=0
terrain	empty_terrain_no_floor_context	0	empty terrain tile	1187	9473	0	18	148	source_plane=0
terrain	empty_terrain_no_floor_context	0	empty terrain tile	1187	9474	0	18	148	source_plane=0
terrain	empty_terrain_no_floor_context	0	empty terrain tile	1187	9475	0	18	148	source_plane=0
terrain	empty_terrain_no_floor_context	0	empty terrain tile	1187	9476	0	18	148	source_plane=0
terrain	empty_terrain_no_floor_context	0	empty terrain tile	1187	9477	0	18	148	source_plane=0
terrain	empty_terrain_no_floor_context	0	empty terrain tile	1187	9478	0	18	148	source_plane=0
terrain	empty_terrain_no_floor_context	0	empty terrain tile	1187	9479	0	18	148	source_plane=0
terrain	empty_terrain_no_floor_context	0	empty terrain tile	1187	9480	0	18	148	source_plane=0
terrain	empty_terrain_no_floor_context	0	empty terrain tile	1187	9481	0	18	148	source_plane=0
terrain	empty_terrain_no_floor_context	0	empty terrain tile	1187	9482	0	18	148	source_plane=0
terrain	empty_terrain_no_floor_context	0	empty terrain tile	1187	9483	0	18	148	source_plane=0
terrain	empty_terrain_no_floor_context	0	empty terrain tile	1187	9484	0	18	148	source_plane=0
terrain	empty_terrain_no_floor_context	0	empty terrain tile	1187	9485	0	18	148	source_plane=0
terrain	empty_terrain_no_floor_context	0	empty terrain tile	1187	9486	0	18	148	source_plane=0
terrain	empty_terrain_no_floor_context	0	empty terrain tile	1187	9487	0	18	148	source_plane=0
terrain	empty_terrain_no_floor_context	0	empty terrain tile	1187	9488	0	18	148	source_plane=0
terrain	empty_terrain_no_floor_context	0	empty terrain tile	1187	9489	0	18	148	source_plane=0
terrain	empty_terrain_no_floor_context	0	empty terrain tile	1187	9490	0	18	148	source_plane=0
terrain	empty_terrain_no_floor_context	0	empty terrain tile	1187	9491	0	18	148	source_plane=0
terrain	empty_terrain_no_floor_context	0	empty terrain tile	1187	9492	0	18	148	source_plane=0
terrain	empty_terrain_no_floor_context	0	empty terrain tile	1187	9493	0	18	148	source_plane=0
terrain	empty_terrain_no_floor_context	0	empty terrain tile	1187	9494	0	18	148	source_plane=0
terrain	empty_terrain_no_floor_context	0	empty terrain tile	1187	9513	0	18	148	source_plane=0
terrain	empty_terrain_no_floor_context	0	empty terrain tile	1187	9514	0	18	148	source_plane=0
terrain	empty_terrain_no_floor_context	0	empty terrain tile	1187	9515	0	18	148	source_plane=0
terrain	empty_terrain_no_floor_context	0	empty terrain tile	1187	9516	0	18	148	source_plane=0
terrain	empty_terrain_no_floor_context	0	empty terrain tile	1187	9517	0	18	148	source_plane=0
terrain	empty_terrain_no_floor_context	0	empty terrain tile	1187	9518	0	18	148	source_plane=0
terrain	empty_terrain_no_floor_context	0	empty terrain tile	1187	9519	0	18	148	source_plane=0
terrain	empty_terrain_no_floor_context	0	empty terrain tile	1187	9520	0	18	148	source_plane=0
terrain	empty_terrain_no_floor_context	0	empty terrain tile	1187	9521	0	18	148	source_plane=0
terrain	empty_terrain_no_floor_context	0	empty terrain tile	1187	9522	0	18	148	source_plane=0
terrain	empty_terrain_no_floor_context	0	empty terrain tile	1187	9523	0	18	148	source_plane=0
terrain	empty_terrain_no_floor_context	0	empty terrain tile	1187	9524	0	18	148	source_plane=0
terrain	empty_terrain_no_floor_context	0	empty terrain tile	1187	9525	0	18	148	source_plane=0
terrain	empty_terrain_no_floor_context	0	empty terrain tile	1187	9526	0	18	148	source_plane=0
terrain	empty_terrain_no_floor_context	0	empty terrain tile	1187	9527	0	18	148	source_plane=0
terrain	empty_terrain_no_floor_context	0	empty terrain tile	1187	9528	0	18	148	source_plane=0
terrain	empty_terrain_no_floor_context	0	empty terrain tile	1187	9529	0	18	148	source_plane=0
terrain	empty_terrain_no_floor_context	0	empty terrain tile	1187	9530	0	18	148	source_plane=0
terrain	empty_terrain_no_floor_context	0	empty terrain tile	1187	9531	0	18	148	source_plane=0
terrain	empty_terrain_no_floor_context	0	empty terrain tile	1187	9532	0	18	148	source_plane=0
terrain	empty_terrain_no_floor_context	0	empty terrain tile	1187	9533	0	18	148	source_plane=0
terrain	empty_terrain_no_floor_context	0	empty terrain tile	1187	9534	0	18	148	source_plane=0
terrain	empty_terrain_no_floor_context	0	empty terrain tile	1187	9535	0	18	148	source_plane=0
terrain	empty_terrain_no_floor_context	0	empty terrain tile	1188	9472	0	18	148	source_plane=0
terrain	empty_terrain_no_floor_context	0	empty terrain tile	1188	9473	0	18	148	source_plane=0
terrain	empty_terrain_no_floor_context	0	empty terrain tile	1188	9474	0	18	148	source_plane=0
terrain	empty_terrain_no_floor_context	0	empty terrain tile	1188	9475	0	18	148	source_plane=0
terrain	empty_terrain_no_floor_context	0	empty terrain tile	1188	9476	0	18	148	source_plane=0
terrain	empty_terrain_no_floor_context	0	empty terrain tile	1188	9477	0	18	148	source_plane=0
terrain	empty_terrain_no_floor_context	0	empty terrain tile	1188	9478	0	18	148	source_plane=0
terrain	empty_terrain_no_floor_context	0	empty terrain tile	1188	9479	0	18	148	source_plane=0
terrain	empty_terrain_no_floor_context	0	empty terrain tile	1188	9480	0	18	148	source_plane=0
terrain	empty_terrain_no_floor_context	0	empty terrain tile	1188	9481	0	18	148	source_plane=0
terrain	empty_terrain_no_floor_context	0	empty terrain tile	1188	9482	0	18	148	source_plane=0
terrain	empty_terrain_no_floor_context	0	empty terrain tile	1188	9483	0	18	148	source_plane=0
terrain	empty_terrain_no_floor_context	0	empty terrain tile	1188	9484	0	18	148	source_plane=0
terrain	empty_terrain_no_floor_context	0	empty terrain tile	1188	9485	0	18	148	source_plane=0
terrain	empty_terrain_no_floor_context	0	empty terrain tile	1188	9486	0	18	148	source_plane=0
terrain	empty_terrain_no_floor_context	0	empty terrain tile	1188	9487	0	18	148	source_plane=0
terrain	empty_terrain_no_floor_context	0	empty terrain tile	1188	9488	0	18	148	source_plane=0
terrain	empty_terrain_no_floor_context	0	empty terrain tile	1188	9489	0	18	148	source_plane=0
terrain	empty_terrain_no_floor_context	0	empty terrain tile	1188	9490	0	18	148	source_plane=0
terrain	empty_terrain_no_floor_context	0	empty terrain tile	1188	9491	0	18	148	source_plane=0
terrain	empty_terrain_no_floor_context	0	empty terrain tile	1188	9492	0	18	148	source_plane=0
terrain	empty_terrain_no_floor_context	0	empty terrain tile	1188	9493	0	18	148	source_plane=0
terrain	empty_terrain_no_floor_context	0	empty terrain tile	1188	9514	0	18	148	source_plane=0
terrain	empty_terrain_no_floor_context	0	empty terrain tile	1188	9515	0	18	148	source_plane=0
terrain	empty_terrain_no_floor_context	0	empty terrain tile	1188	9516	0	18	148	source_plane=0
terrain	empty_terrain_no_floor_context	0	empty terrain tile	1188	9517	0	18	148	source_plane=0
terrain	empty_terrain_no_floor_context	0	empty terrain tile	1188	9518	0	18	148	source_plane=0
terrain	empty_terrain_no_floor_context	0	empty terrain tile	1188	9519	0	18	148	source_plane=0
terrain	empty_terrain_no_floor_context	0	empty terrain tile	1188	9520	0	18	148	source_plane=0
terrain	empty_terrain_no_floor_context	0	empty terrain tile	1188	9521	0	18	148	source_plane=0
terrain	empty_terrain_no_floor_context	0	empty terrain tile	1188	9522	0	18	148	source_plane=0
terrain	empty_terrain_no_floor_context	0	empty terrain tile	1188	9523	0	18	148	source_plane=0
terrain	empty_terrain_no_floor_context	0	empty terrain tile	1188	9524	0	18	148	source_plane=0
terrain	empty_terrain_no_floor_context	0	empty terrain tile	1188	9525	0	18	148	source_plane=0
terrain	empty_terrain_no_floor_context	0	empty terrain tile	1188	9526	0	18	148	source_plane=0
terrain	empty_terrain_no_floor_context	0	empty terrain tile	1188	9527	0	18	148	source_plane=0
terrain	empty_terrain_no_floor_context	0	empty terrain tile	1188	9528	0	18	148	source_plane=0
terrain	empty_terrain_no_floor_context	0	empty terrain tile	1188	9529	0	18	148	source_plane=0
terrain	empty_terrain_no_floor_context	0	empty terrain tile	1188	9530	0	18	148	source_plane=0
terrain	empty_terrain_no_floor_context	0	empty terrain tile	1188	9531	0	18	148	source_plane=0
terrain	empty_terrain_no_floor_context	0	empty terrain tile	1188	9532	0	18	148	source_plane=0
terrain	empty_terrain_no_floor_context	0	empty terrain tile	1188	9533	0	18	148	source_plane=0
terrain	empty_terrain_no_floor_context	0	empty terrain tile	1188	9534	0	18	148	source_plane=0
terrain	empty_terrain_no_floor_context	0	empty terrain tile	1188	9535	0	18	148	source_plane=0
terrain	empty_terrain_no_floor_context	0	empty terrain tile	1189	9472	0	18	148	source_plane=0
terrain	empty_terrain_no_floor_context	0	empty terrain tile	1189	9473	0	18	148	source_plane=0
terrain	empty_terrain_no_floor_context	0	empty terrain tile	1189	9474	0	18	148	source_plane=0
terrain	empty_terrain_no_floor_context	0	empty terrain tile	1189	9475	0	18	148	source_plane=0
terrain	empty_terrain_no_floor_context	0	empty terrain tile	1189	9476	0	18	148	source_plane=0
terrain	empty_terrain_no_floor_context	0	empty terrain tile	1189	9477	0	18	148	source_plane=0
terrain	empty_terrain_no_floor_context	0	empty terrain tile	1189	9478	0	18	148	source_plane=0
terrain	empty_terrain_no_floor_context	0	empty terrain tile	1189	9479	0	18	148	source_plane=0
terrain	empty_terrain_no_floor_context	0	empty terrain tile	1189	9480	0	18	148	source_plane=0
terrain	empty_terrain_no_floor_context	0	empty terrain tile	1189	9481	0	18	148	source_plane=0
terrain	empty_terrain_no_floor_context	0	empty terrain tile	1189	9482	0	18	148	source_plane=0
terrain	empty_terrain_no_floor_context	0	empty terrain tile	1189	9483	0	18	148	source_plane=0
terrain	empty_terrain_no_floor_context	0	empty terrain tile	1189	9484	0	18	148	source_plane=0
terrain	empty_terrain_no_floor_context	0	empty terrain tile	1189	9485	0	18	148	source_plane=0
terrain	empty_terrain_no_floor_context	0	empty terrain tile	1189	9486	0	18	148	source_plane=0
terrain	empty_terrain_no_floor_context	0	empty terrain tile	1189	9487	0	18	148	source_plane=0
terrain	empty_terrain_no_floor_context	0	empty terrain tile	1189	9488	0	18	148	source_plane=0
terrain	empty_terrain_no_floor_context	0	empty terrain tile	1189	9489	0	18	148	source_plane=0
terrain	empty_terrain_no_floor_context	0	empty terrain tile	1189	9490	0	18	148	source_plane=0
terrain	empty_terrain_no_floor_context	0	empty terrain tile	1189	9491	0	18	148	source_plane=0
terrain	empty_terrain_no_floor_context	0	empty terrain tile	1189	9492	0	18	148	source_plane=0
terrain	empty_terrain_no_floor_context	0	empty terrain tile	1189	9493	0	18	148	source_plane=0
terrain	empty_terrain_no_floor_context	0	empty terrain tile	1189	9514	0	18	148	source_plane=0
terrain	empty_terrain_no_floor_context	0	empty terrain tile	1189	9515	0	18	148	source_plane=0
terrain	empty_terrain_no_floor_context	0	empty terrain tile	1189	9516	0	18	148	source_plane=0
terrain	empty_terrain_no_floor_context	0	empty terrain tile	1189	9517	0	18	148	source_plane=0
terrain	empty_terrain_no_floor_context	0	empty terrain tile	1189	9518	0	18	148	source_plane=0
terrain	empty_terrain_no_floor_context	0	empty terrain tile	1189	9519	0	18	148	source_plane=0
terrain	empty_terrain_no_floor_context	0	empty terrain tile	1189	9520	0	18	148	source_plane=0
terrain	empty_terrain_no_floor_context	0	empty terrain tile	1189	9521	0	18	148	source_plane=0
terrain	empty_terrain_no_floor_context	0	empty terrain tile	1189	9522	0	18	148	source_plane=0
terrain	empty_terrain_no_floor_context	0	empty terrain tile	1189	9523	0	18	148	source_plane=0
terrain	empty_terrain_no_floor_context	0	empty terrain tile	1189	9524	0	18	148	source_plane=0
terrain	empty_terrain_no_floor_context	0	empty terrain tile	1189	9525	0	18	148	source_plane=0
terrain	empty_terrain_no_floor_context	0	empty terrain tile	1189	9526	0	18	148	source_plane=0
terrain	empty_terrain_no_floor_context	0	empty terrain tile	1189	9527	0	18	148	source_plane=0
terrain	empty_terrain_no_floor_context	0	empty terrain tile	1189	9528	0	18	148	source_plane=0
terrain	empty_terrain_no_floor_context	0	empty terrain tile	1189	9529	0	18	148	source_plane=0
terrain	empty_terrain_no_floor_context	0	empty terrain tile	1189	9530	0	18	148	source_plane=0
terrain	empty_terrain_no_floor_context	0	empty terrain tile	1189	9531	0	18	148	source_plane=0
terrain	empty_terrain_no_floor_context	0	empty terrain tile	1189	9532	0	18	148	source_plane=0
terrain	empty_terrain_no_floor_context	0	empty terrain tile	1189	9533	0	18	148	source_plane=0
terrain	empty_terrain_no_floor_context	0	empty terrain tile	1189	9534	0	18	148	source_plane=0
terrain	empty_terrain_no_floor_context	0	empty terrain tile	1189	9535	0	18	148	source_plane=0
terrain	empty_terrain_no_floor_context	0	empty terrain tile	1190	9472	0	18	148	source_plane=0
terrain	empty_terrain_no_floor_context	0	empty terrain tile	1190	9473	0	18	148	source_plane=0
terrain	empty_terrain_no_floor_context	0	empty terrain tile	1190	9474	0	18	148	source_plane=0
terrain	empty_terrain_no_floor_context	0	empty terrain tile	1190	9475	0	18	148	source_plane=0
terrain	empty_terrain_no_floor_context	0	empty terrain tile	1190	9476	0	18	148	source_plane=0
terrain	empty_terrain_no_floor_context	0	empty terrain tile	1190	9477	0	18	148	source_plane=0
terrain	empty_terrain_no_floor_context	0	empty terrain tile	1190	9478	0	18	148	source_plane=0
terrain	empty_terrain_no_floor_context	0	empty terrain tile	1190	9479	0	18	148	source_plane=0
terrain	empty_terrain_no_floor_context	0	empty terrain tile	1190	9480	0	18	148	source_plane=0
terrain	empty_terrain_no_floor_context	0	empty terrain tile	1190	9481	0	18	148	source_plane=0
terrain	empty_terrain_no_floor_context	0	empty terrain tile	1190	9482	0	18	148	source_plane=0
terrain	empty_terrain_no_floor_context	0	empty terrain tile	1190	9483	0	18	148	source_plane=0
terrain	empty_terrain_no_floor_context	0	empty terrain tile	1190	9484	0	18	148	source_plane=0
terrain	empty_terrain_no_floor_context	0	empty terrain tile	1190	9485	0	18	148	source_plane=0
terrain	empty_terrain_no_floor_context	0	empty terrain tile	1190	9486	0	18	148	source_plane=0
terrain	empty_terrain_no_floor_context	0	empty terrain tile	1190	9487	0	18	148	source_plane=0
terrain	empty_terrain_no_floor_context	0	empty terrain tile	1190	9488	0	18	148	source_plane=0
terrain	empty_terrain_no_floor_context	0	empty terrain tile	1190	9489	0	18	148	source_plane=0
terrain	empty_terrain_no_floor_context	0	empty terrain tile	1190	9490	0	18	148	source_plane=0
terrain	empty_terrain_no_floor_context	0	empty terrain tile	1190	9491	0	18	148	source_plane=0
terrain	empty_terrain_no_floor_context	0	empty terrain tile	1190	9492	0	18	148	source_plane=0
terrain	empty_terrain_no_floor_context	0	empty terrain tile	1190	9493	0	18	148	source_plane=0
terrain	empty_terrain_no_floor_context	0	empty terrain tile	1190	9514	0	18	148	source_plane=0
terrain	empty_terrain_no_floor_context	0	empty terrain tile	1190	9515	0	18	148	source_plane=0
terrain	empty_terrain_no_floor_context	0	empty terrain tile	1190	9516	0	18	148	source_plane=0
terrain	empty_terrain_no_floor_context	0	empty terrain tile	1190	9517	0	18	148	source_plane=0
terrain	empty_terrain_no_floor_context	0	empty terrain tile	1190	9518	0	18	148	source_plane=0
terrain	empty_terrain_no_floor_context	0	empty terrain tile	1190	9519	0	18	148	source_plane=0
terrain	empty_terrain_no_floor_context	0	empty terrain tile	1190	9520	0	18	148	source_plane=0
terrain	empty_terrain_no_floor_context	0	empty terrain tile	1190	9521	0	18	148	source_plane=0
terrain	empty_terrain_no_floor_context	0	empty terrain tile	1190	9522	0	18	148	source_plane=0
terrain	empty_terrain_no_floor_context	0	empty terrain tile	1190	9523	0	18	148	source_plane=0
terrain	empty_terrain_no_floor_context	0	empty terrain tile	1190	9524	0	18	148	source_plane=0
terrain	empty_terrain_no_floor_context	0	empty terrain tile	1190	9525	0	18	148	source_plane=0
terrain	empty_terrain_no_floor_context	0	empty terrain tile	1190	9526	0	18	148	source_plane=0
terrain	empty_terrain_no_floor_context	0	empty terrain tile	1190	9527	0	18	148	source_plane=0
terrain	empty_terrain_no_floor_context	0	empty terrain tile	1190	9528	0	18	148	source_plane=0
terrain	empty_terrain_no_floor_context	0	empty terrain tile	1190	9529	0	18	148	source_plane=0
terrain	empty_terrain_no_floor_context	0	empty terrain tile	1190	9530	0	18	148	source_plane=0
terrain	empty_terrain_no_floor_context	0	empty terrain tile	1190	9531	0	18	148	source_plane=0
terrain	empty_terrain_no_floor_context	0	empty terrain tile	1190	9532	0	18	148	source_plane=0
terrain	empty_terrain_no_floor_context	0	empty terrain tile	1190	9533	0	18	148	source_plane=0
terrain	empty_terrain_no_floor_context	0	empty terrain tile	1190	9534	0	18	148	source_plane=0
terrain	empty_terrain_no_floor_context	0	empty terrain tile	1190	9535	0	18	148	source_plane=0
terrain	empty_terrain_no_floor_context	0	empty terrain tile	1191	9472	0	18	148	source_plane=0
terrain	empty_terrain_no_floor_context	0	empty terrain tile	1191	9473	0	18	148	source_plane=0
terrain	empty_terrain_no_floor_context	0	empty terrain tile	1191	9474	0	18	148	source_plane=0
terrain	empty_terrain_no_floor_context	0	empty terrain tile	1191	9475	0	18	148	source_plane=0
terrain	empty_terrain_no_floor_context	0	empty terrain tile	1191	9476	0	18	148	source_plane=0
terrain	empty_terrain_no_floor_context	0	empty terrain tile	1191	9477	0	18	148	source_plane=0
terrain	empty_terrain_no_floor_context	0	empty terrain tile	1191	9478	0	18	148	source_plane=0
terrain	empty_terrain_no_floor_context	0	empty terrain tile	1191	9479	0	18	148	source_plane=0
terrain	empty_terrain_no_floor_context	0	empty terrain tile	1191	9480	0	18	148	source_plane=0
terrain	empty_terrain_no_floor_context	0	empty terrain tile	1191	9481	0	18	148	source_plane=0
terrain	empty_terrain_no_floor_context	0	empty terrain tile	1191	9482	0	18	148	source_plane=0
terrain	empty_terrain_no_floor_context	0	empty terrain tile	1191	9483	0	18	148	source_plane=0
terrain	empty_terrain_no_floor_context	0	empty terrain tile	1191	9484	0	18	148	source_plane=0
terrain	empty_terrain_no_floor_context	0	empty terrain tile	1191	9485	0	18	148	source_plane=0
terrain	empty_terrain_no_floor_context	0	empty terrain tile	1191	9486	0	18	148	source_plane=0
terrain	empty_terrain_no_floor_context	0	empty terrain tile	1191	9487	0	18	148	source_plane=0
terrain	empty_terrain_no_floor_context	0	empty terrain tile	1191	9488	0	18	148	source_plane=0
terrain	empty_terrain_no_floor_context	0	empty terrain tile	1191	9489	0	18	148	source_plane=0
terrain	empty_terrain_no_floor_context	0	empty terrain tile	1191	9490	0	18	148	source_plane=0
terrain	empty_terrain_no_floor_context	0	empty terrain tile	1191	9491	0	18	148	source_plane=0
terrain	empty_terrain_no_floor_context	0	empty terrain tile	1191	9492	0	18	148	source_plane=0
terrain	empty_terrain_no_floor_context	0	empty terrain tile	1191	9493	0	18	148	source_plane=0
terrain	empty_terrain_no_floor_context	0	empty terrain tile	1191	9514	0	18	148	source_plane=0
terrain	empty_terrain_no_floor_context	0	empty terrain tile	1191	9515	0	18	148	source_plane=0
terrain	empty_terrain_no_floor_context	0	empty terrain tile	1191	9516	0	18	148	source_plane=0
terrain	empty_terrain_no_floor_context	0	empty terrain tile	1191	9517	0	18	148	source_plane=0
terrain	empty_terrain_no_floor_context	0	empty terrain tile	1191	9518	0	18	148	source_plane=0
terrain	empty_terrain_no_floor_context	0	empty terrain tile	1191	9519	0	18	148	source_plane=0
terrain	empty_terrain_no_floor_context	0	empty terrain tile	1191	9520	0	18	148	source_plane=0
terrain	empty_terrain_no_floor_context	0	empty terrain tile	1191	9521	0	18	148	source_plane=0
terrain	empty_terrain_no_floor_context	0	empty terrain tile	1191	9522	0	18	148	source_plane=0
terrain	empty_terrain_no_floor_context	0	empty terrain tile	1191	9523	0	18	148	source_plane=0
terrain	empty_terrain_no_floor_context	0	empty terrain tile	1191	9524	0	18	148	source_plane=0
terrain	empty_terrain_no_floor_context	0	empty terrain tile	1191	9525	0	18	148	source_plane=0
terrain	empty_terrain_no_floor_context	0	empty terrain tile	1191	9526	0	18	148	source_plane=0
terrain	empty_terrain_no_floor_context	0	empty terrain tile	1191	9527	0	18	148	source_plane=0
terrain	empty_terrain_no_floor_context	0	empty terrain tile	1191	9528	0	18	148	source_plane=0
terrain	empty_terrain_no_floor_context	0	empty terrain tile	1191	9529	0	18	148	source_plane=0
terrain	empty_terrain_no_floor_context	0	empty terrain tile	1191	9530	0	18	148	source_plane=0
terrain	empty_terrain_no_floor_context	0	empty terrain tile	1191	9531	0	18	148	source_plane=0
terrain	empty_terrain_no_floor_context	0	empty terrain tile	1191	9532	0	18	148	source_plane=0
terrain	empty_terrain_no_floor_context	0	empty terrain tile	1191	9533	0	18	148	source_plane=0
terrain	empty_terrain_no_floor_context	0	empty terrain tile	1191	9534	0	18	148	source_plane=0
terrain	empty_terrain_no_floor_context	0	empty terrain tile	1191	9535	0	18	148	source_plane=0
terrain	empty_terrain_no_floor_context	0	empty terrain tile	1192	9472	0	18	148	source_plane=0
terrain	empty_terrain_no_floor_context	0	empty terrain tile	1192	9473	0	18	148	source_plane=0
terrain	empty_terrain_no_floor_context	0	empty terrain tile	1192	9474	0	18	148	source_plane=0
terrain	empty_terrain_no_floor_context	0	empty terrain tile	1192	9475	0	18	148	source_plane=0
terrain	empty_terrain_no_floor_context	0	empty terrain tile	1192	9476	0	18	148	source_plane=0
terrain	empty_terrain_no_floor_context	0	empty terrain tile	1192	9477	0	18	148	source_plane=0
terrain	empty_terrain_no_floor_context	0	empty terrain tile	1192	9478	0	18	148	source_plane=0
terrain	empty_terrain_no_floor_context	0	empty terrain tile	1192	9479	0	18	148	source_plane=0
terrain	empty_terrain_no_floor_context	0	empty terrain tile	1192	9480	0	18	148	source_plane=0
terrain	empty_terrain_no_floor_context	0	empty terrain tile	1192	9481	0	18	148	source_plane=0
terrain	empty_terrain_no_floor_context	0	empty terrain tile	1192	9482	0	18	148	source_plane=0
terrain	empty_terrain_no_floor_context	0	empty terrain tile	1192	9483	0	18	148	source_plane=0
terrain	empty_terrain_no_floor_context	0	empty terrain tile	1192	9484	0	18	148	source_plane=0
terrain	empty_terrain_no_floor_context	0	empty terrain tile	1192	9485	0	18	148	source_plane=0
terrain	empty_terrain_no_floor_context	0	empty terrain tile	1192	9486	0	18	148	source_plane=0
terrain	empty_terrain_no_floor_context	0	empty terrain tile	1192	9487	0	18	148	source_plane=0
terrain	empty_terrain_no_floor_context	0	empty terrain tile	1192	9488	0	18	148	source_plane=0
terrain	empty_terrain_no_floor_context	0	empty terrain tile	1192	9489	0	18	148	source_plane=0
terrain	empty_terrain_no_floor_context	0	empty terrain tile	1192	9490	0	18	148	source_plane=0
terrain	empty_terrain_no_floor_context	0	empty terrain tile	1192	9491	0	18	148	source_plane=0
terrain	empty_terrain_no_floor_context	0	empty terrain tile	1192	9492	0	18	148	source_plane=0
terrain	empty_terrain_no_floor_context	0	empty terrain tile	1192	9493	0	18	148	source_plane=0
terrain	empty_terrain_no_floor_context	0	empty terrain tile	1192	9514	0	18	148	source_plane=0
terrain	empty_terrain_no_floor_context	0	empty terrain tile	1192	9515	0	18	148	source_plane=0
terrain	empty_terrain_no_floor_context	0	empty terrain tile	1192	9516	0	18	148	source_plane=0
terrain	empty_terrain_no_floor_context	0	empty terrain tile	1192	9517	0	18	148	source_plane=0
terrain	empty_terrain_no_floor_context	0	empty terrain tile	1192	9518	0	18	148	source_plane=0
terrain	empty_terrain_no_floor_context	0	empty terrain tile	1192	9519	0	18	148	source_plane=0
terrain	empty_terrain_no_floor_context	0	empty terrain tile	1192	9520	0	18	148	source_plane=0
terrain	empty_terrain_no_floor_context	0	empty terrain tile	1192	9521	0	18	148	source_plane=0
terrain	empty_terrain_no_floor_context	0	empty terrain tile	1192	9522	0	18	148	source_plane=0
terrain	empty_terrain_no_floor_context	0	empty terrain tile	1192	9523	0	18	148	source_plane=0
terrain	empty_terrain_no_floor_context	0	empty terrain tile	1192	9524	0	18	148	source_plane=0
terrain	empty_terrain_no_floor_context	0	empty terrain tile	1192	9525	0	18	148	source_plane=0
terrain	empty_terrain_no_floor_context	0	empty terrain tile	1192	9526	0	18	148	source_plane=0
terrain	empty_terrain_no_floor_context	0	empty terrain tile	1192	9527	0	18	148	source_plane=0
terrain	empty_terrain_no_floor_context	0	empty terrain tile	1192	9528	0	18	148	source_plane=0
terrain	empty_terrain_no_floor_context	0	empty terrain tile	1192	9529	0	18	148	source_plane=0
terrain	empty_terrain_no_floor_context	0	empty terrain tile	1192	9530	0	18	148	source_plane=0
terrain	empty_terrain_no_floor_context	0	empty terrain tile	1192	9531	0	18	148	source_plane=0
terrain	empty_terrain_no_floor_context	0	empty terrain tile	1192	9532	0	18	148	source_plane=0
terrain	empty_terrain_no_floor_context	0	empty terrain tile	1192	9533	0	18	148	source_plane=0
terrain	empty_terrain_no_floor_context	0	empty terrain tile	1192	9534	0	18	148	source_plane=0
terrain	empty_terrain_no_floor_context	0	empty terrain tile	1192	9535	0	18	148	source_plane=0
terrain	empty_terrain_no_floor_context	0	empty terrain tile	1193	9472	0	18	148	source_plane=0
terrain	empty_terrain_no_floor_context	0	empty terrain tile	1193	9473	0	18	148	source_plane=0
terrain	empty_terrain_no_floor_context	0	empty terrain tile	1193	9474	0	18	148	source_plane=0
terrain	empty_terrain_no_floor_context	0	empty terrain tile	1193	9475	0	18	148	source_plane=0
terrain	empty_terrain_no_floor_context	0	empty terrain tile	1193	9476	0	18	148	source_plane=0
terrain	empty_terrain_no_floor_context	0	empty terrain tile	1193	9477	0	18	148	source_plane=0
terrain	empty_terrain_no_floor_context	0	empty terrain tile	1193	9478	0	18	148	source_plane=0
terrain	empty_terrain_no_floor_context	0	empty terrain tile	1193	9479	0	18	148	source_plane=0
terrain	empty_terrain_no_floor_context	0	empty terrain tile	1193	9480	0	18	148	source_plane=0
terrain	empty_terrain_no_floor_context	0	empty terrain tile	1193	9481	0	18	148	source_plane=0
terrain	empty_terrain_no_floor_context	0	empty terrain tile	1193	9482	0	18	148	source_plane=0
terrain	empty_terrain_no_floor_context	0	empty terrain tile	1193	9483	0	18	148	source_plane=0
terrain	empty_terrain_no_floor_context	0	empty terrain tile	1193	9484	0	18	148	source_plane=0
terrain	empty_terrain_no_floor_context	0	empty terrain tile	1193	9485	0	18	148	source_plane=0
terrain	empty_terrain_no_floor_context	0	empty terrain tile	1193	9486	0	18	148	source_plane=0
terrain	empty_terrain_no_floor_context	0	empty terrain tile	1193	9487	0	18	148	source_plane=0
terrain	empty_terrain_no_floor_context	0	empty terrain tile	1193	9488	0	18	148	source_plane=0
terrain	empty_terrain_no_floor_context	0	empty terrain tile	1193	9489	0	18	148	source_plane=0
terrain	empty_terrain_no_floor_context	0	empty terrain tile	1193	9490	0	18	148	source_plane=0
terrain	empty_terrain_no_floor_context	0	empty terrain tile	1193	9491	0	18	148	source_plane=0
terrain	empty_terrain_no_floor_context	0	empty terrain tile	1193	9492	0	18	148	source_plane=0
terrain	empty_terrain_no_floor_context	0	empty terrain tile	1193	9493	0	18	148	source_plane=0
terrain	empty_terrain_no_floor_context	0	empty terrain tile	1193	9514	0	18	148	source_plane=0
terrain	empty_terrain_no_floor_context	0	empty terrain tile	1193	9515	0	18	148	source_plane=0
terrain	empty_terrain_no_floor_context	0	empty terrain tile	1193	9516	0	18	148	source_plane=0
terrain	empty_terrain_no_floor_context	0	empty terrain tile	1193	9517	0	18	148	source_plane=0
terrain	empty_terrain_no_floor_context	0	empty terrain tile	1193	9518	0	18	148	source_plane=0
terrain	empty_terrain_no_floor_context	0	empty terrain tile	1193	9519	0	18	148	source_plane=0
terrain	empty_terrain_no_floor_context	0	empty terrain tile	1193	9520	0	18	148	source_plane=0
terrain	empty_terrain_no_floor_context	0	empty terrain tile	1193	9521	0	18	148	source_plane=0
terrain	empty_terrain_no_floor_context	0	empty terrain tile	1193	9522	0	18	148	source_plane=0
terrain	empty_terrain_no_floor_context	0	empty terrain tile	1193	9523	0	18	148	source_plane=0
terrain	empty_terrain_no_floor_context	0	empty terrain tile	1193	9524	0	18	148	source_plane=0
terrain	empty_terrain_no_floor_context	0	empty terrain tile	1193	9525	0	18	148	source_plane=0
terrain	empty_terrain_no_floor_context	0	empty terrain tile	1193	9526	0	18	148	source_plane=0
terrain	empty_terrain_no_floor_context	0	empty terrain tile	1193	9527	0	18	148	source_plane=0
terrain	empty_terrain_no_floor_context	0	empty terrain tile	1193	9528	0	18	148	source_plane=0
terrain	empty_terrain_no_floor_context	0	empty terrain tile	1193	9529	0	18	148	source_plane=0
terrain	empty_terrain_no_floor_context	0	empty terrain tile	1193	9530	0	18	148	source_plane=0
terrain	empty_terrain_no_floor_context	0	empty terrain tile	1193	9531	0	18	148	source_plane=0
terrain	empty_terrain_no_floor_context	0	empty terrain tile	1193	9532	0	18	148	source_plane=0
terrain	empty_terrain_no_floor_context	0	empty terrain tile	1193	9533	0	18	148	source_plane=0
terrain	empty_terrain_no_floor_context	0	empty terrain tile	1193	9534	0	18	148	source_plane=0
terrain	empty_terrain_no_floor_context	0	empty terrain tile	1193	9535	0	18	148	source_plane=0
terrain	empty_terrain_no_floor_context	0	empty terrain tile	1194	9472	0	18	148	source_plane=0
terrain	empty_terrain_no_floor_context	0	empty terrain tile	1194	9473	0	18	148	source_plane=0
terrain	empty_terrain_no_floor_context	0	empty terrain tile	1194	9474	0	18	148	source_plane=0
terrain	empty_terrain_no_floor_context	0	empty terrain tile	1194	9475	0	18	148	source_plane=0
terrain	empty_terrain_no_floor_context	0	empty terrain tile	1194	9476	0	18	148	source_plane=0
terrain	empty_terrain_no_floor_context	0	empty terrain tile	1194	9477	0	18	148	source_plane=0
terrain	empty_terrain_no_floor_context	0	empty terrain tile	1194	9478	0	18	148	source_plane=0
terrain	empty_terrain_no_floor_context	0	empty terrain tile	1194	9479	0	18	148	source_plane=0
terrain	empty_terrain_no_floor_context	0	empty terrain tile	1194	9480	0	18	148	source_plane=0
terrain	empty_terrain_no_floor_context	0	empty terrain tile	1194	9481	0	18	148	source_plane=0
terrain	empty_terrain_no_floor_context	0	empty terrain tile	1194	9482	0	18	148	source_plane=0
terrain	empty_terrain_no_floor_context	0	empty terrain tile	1194	9483	0	18	148	source_plane=0
terrain	empty_terrain_no_floor_context	0	empty terrain tile	1194	9484	0	18	148	source_plane=0
terrain	empty_terrain_no_floor_context	0	empty terrain tile	1194	9485	0	18	148	source_plane=0
terrain	empty_terrain_no_floor_context	0	empty terrain tile	1194	9486	0	18	148	source_plane=0
terrain	empty_terrain_no_floor_context	0	empty terrain tile	1194	9487	0	18	148	source_plane=0
terrain	empty_terrain_no_floor_context	0	empty terrain tile	1194	9488	0	18	148	source_plane=0
terrain	empty_terrain_no_floor_context	0	empty terrain tile	1194	9489	0	18	148	source_plane=0
terrain	empty_terrain_no_floor_context	0	empty terrain tile	1194	9490	0	18	148	source_plane=0
terrain	empty_terrain_no_floor_context	0	empty terrain tile	1194	9491	0	18	148	source_plane=0
terrain	empty_terrain_no_floor_context	0	empty terrain tile	1194	9492	0	18	148	source_plane=0
terrain	empty_terrain_no_floor_context	0	empty terrain tile	1194	9493	0	18	148	source_plane=0
terrain	empty_terrain_no_floor_context	0	empty terrain tile	1194	9514	0	18	148	source_plane=0
terrain	empty_terrain_no_floor_context	0	empty terrain tile	1194	9515	0	18	148	source_plane=0
terrain	empty_terrain_no_floor_context	0	empty terrain tile	1194	9516	0	18	148	source_plane=0
terrain	empty_terrain_no_floor_context	0	empty terrain tile	1194	9517	0	18	148	source_plane=0
terrain	empty_terrain_no_floor_context	0	empty terrain tile	1194	9518	0	18	148	source_plane=0
terrain	empty_terrain_no_floor_context	0	empty terrain tile	1194	9519	0	18	148	source_plane=0
terrain	empty_terrain_no_floor_context	0	empty terrain tile	1194	9520	0	18	148	source_plane=0
terrain	empty_terrain_no_floor_context	0	empty terrain tile	1194	9521	0	18	148	source_plane=0
terrain	empty_terrain_no_floor_context	0	empty terrain tile	1194	9522	0	18	148	source_plane=0
terrain	empty_terrain_no_floor_context	0	empty terrain tile	1194	9523	0	18	148	source_plane=0
terrain	empty_terrain_no_floor_context	0	empty terrain tile	1194	9524	0	18	148	source_plane=0
terrain	empty_terrain_no_floor_context	0	empty terrain tile	1194	9525	0	18	148	source_plane=0
terrain	empty_terrain_no_floor_context	0	empty terrain tile	1194	9526	0	18	148	source_plane=0
terrain	empty_terrain_no_floor_context	0	empty terrain tile	1194	9527	0	18	148	source_plane=0
terrain	empty_terrain_no_floor_context	0	empty terrain tile	1194	9528	0	18	148	source_plane=0
terrain	empty_terrain_no_floor_context	0	empty terrain tile	1194	9529	0	18	148	source_plane=0
terrain	empty_terrain_no_floor_context	0	empty terrain tile	1194	9530	0	18	148	source_plane=0
terrain	empty_terrain_no_floor_context	0	empty terrain tile	1194	9531	0	18	148	source_plane=0
terrain	empty_terrain_no_floor_context	0	empty terrain tile	1194	9532	0	18	148	source_plane=0
terrain	empty_terrain_no_floor_context	0	empty terrain tile	1194	9533	0	18	148	source_plane=0
terrain	empty_terrain_no_floor_context	0	empty terrain tile	1194	9534	0	18	148	source_plane=0
terrain	empty_terrain_no_floor_context	0	empty terrain tile	1194	9535	0	18	148	source_plane=0
terrain	empty_terrain_no_floor_context	0	empty terrain tile	1195	9472	0	18	148	source_plane=0
terrain	empty_terrain_no_floor_context	0	empty terrain tile	1195	9473	0	18	148	source_plane=0
terrain	empty_terrain_no_floor_context	0	empty terrain tile	1195	9474	0	18	148	source_plane=0
terrain	empty_terrain_no_floor_context	0	empty terrain tile	1195	9475	0	18	148	source_plane=0
terrain	empty_terrain_no_floor_context	0	empty terrain tile	1195	9476	0	18	148	source_plane=0
terrain	empty_terrain_no_floor_context	0	empty terrain tile	1195	9477	0	18	148	source_plane=0
terrain	empty_terrain_no_floor_context	0	empty terrain tile	1195	9478	0	18	148	source_plane=0
terrain	empty_terrain_no_floor_context	0	empty terrain tile	1195	9479	0	18	148	source_plane=0
terrain	empty_terrain_no_floor_context	0	empty terrain tile	1195	9480	0	18	148	source_plane=0
terrain	empty_terrain_no_floor_context	0	empty terrain tile	1195	9481	0	18	148	source_plane=0
terrain	empty_terrain_no_floor_context	0	empty terrain tile	1195	9482	0	18	148	source_plane=0
terrain	empty_terrain_no_floor_context	0	empty terrain tile	1195	9483	0	18	148	source_plane=0
terrain	empty_terrain_no_floor_context	0	empty terrain tile	1195	9484	0	18	148	source_plane=0
terrain	empty_terrain_no_floor_context	0	empty terrain tile	1195	9485	0	18	148	source_plane=0
terrain	empty_terrain_no_floor_context	0	empty terrain tile	1195	9486	0	18	148	source_plane=0
terrain	empty_terrain_no_floor_context	0	empty terrain tile	1195	9487	0	18	148	source_plane=0
terrain	empty_terrain_no_floor_context	0	empty terrain tile	1195	9488	0	18	148	source_plane=0
terrain	empty_terrain_no_floor_context	0	empty terrain tile	1195	9489	0	18	148	source_plane=0
terrain	empty_terrain_no_floor_context	0	empty terrain tile	1195	9490	0	18	148	source_plane=0
terrain	empty_terrain_no_floor_context	0	empty terrain tile	1195	9491	0	18	148	source_plane=0
terrain	empty_terrain_no_floor_context	0	empty terrain tile	1195	9492	0	18	148	source_plane=0
terrain	empty_terrain_no_floor_context	0	empty terrain tile	1195	9493	0	18	148	source_plane=0
terrain	empty_terrain_no_floor_context	0	empty terrain tile	1195	9514	0	18	148	source_plane=0
terrain	empty_terrain_no_floor_context	0	empty terrain tile	1195	9515	0	18	148	source_plane=0
terrain	empty_terrain_no_floor_context	0	empty terrain tile	1195	9516	0	18	148	source_plane=0
terrain	empty_terrain_no_floor_context	0	empty terrain tile	1195	9517	0	18	148	source_plane=0
terrain	empty_terrain_no_floor_context	0	empty terrain tile	1195	9518	0	18	148	source_plane=0
terrain	empty_terrain_no_floor_context	0	empty terrain tile	1195	9519	0	18	148	source_plane=0
terrain	empty_terrain_no_floor_context	0	empty terrain tile	1195	9520	0	18	148	source_plane=0
terrain	empty_terrain_no_floor_context	0	empty terrain tile	1195	9521	0	18	148	source_plane=0
terrain	empty_terrain_no_floor_context	0	empty terrain tile	1195	9522	0	18	148	source_plane=0
terrain	empty_terrain_no_floor_context	0	empty terrain tile	1195	9523	0	18	148	source_plane=0
terrain	empty_terrain_no_floor_context	0	empty terrain tile	1195	9524	0	18	148	source_plane=0
terrain	empty_terrain_no_floor_context	0	empty terrain tile	1195	9525	0	18	148	source_plane=0
terrain	empty_terrain_no_floor_context	0	empty terrain tile	1195	9526	0	18	148	source_plane=0
terrain	empty_terrain_no_floor_context	0	empty terrain tile	1195	9527	0	18	148	source_plane=0
terrain	empty_terrain_no_floor_context	0	empty terrain tile	1195	9528	0	18	148	source_plane=0
terrain	empty_terrain_no_floor_context	0	empty terrain tile	1195	9529	0	18	148	source_plane=0
terrain	empty_terrain_no_floor_context	0	empty terrain tile	1195	9530	0	18	148	source_plane=0
terrain	empty_terrain_no_floor_context	0	empty terrain tile	1195	9531	0	18	148	source_plane=0
terrain	empty_terrain_no_floor_context	0	empty terrain tile	1195	9532	0	18	148	source_plane=0
terrain	empty_terrain_no_floor_context	0	empty terrain tile	1195	9533	0	18	148	source_plane=0
terrain	empty_terrain_no_floor_context	0	empty terrain tile	1195	9534	0	18	148	source_plane=0
terrain	empty_terrain_no_floor_context	0	empty terrain tile	1195	9535	0	18	148	source_plane=0
terrain	empty_terrain_no_floor_context	0	empty terrain tile	1196	9472	0	18	148	source_plane=0
terrain	empty_terrain_no_floor_context	0	empty terrain tile	1196	9473	0	18	148	source_plane=0
terrain	empty_terrain_no_floor_context	0	empty terrain tile	1196	9474	0	18	148	source_plane=0
terrain	empty_terrain_no_floor_context	0	empty terrain tile	1196	9475	0	18	148	source_plane=0
terrain	empty_terrain_no_floor_context	0	empty terrain tile	1196	9476	0	18	148	source_plane=0
terrain	empty_terrain_no_floor_context	0	empty terrain tile	1196	9477	0	18	148	source_plane=0
terrain	empty_terrain_no_floor_context	0	empty terrain tile	1196	9478	0	18	148	source_plane=0
terrain	empty_terrain_no_floor_context	0	empty terrain tile	1196	9479	0	18	148	source_plane=0
terrain	empty_terrain_no_floor_context	0	empty terrain tile	1196	9480	0	18	148	source_plane=0
terrain	empty_terrain_no_floor_context	0	empty terrain tile	1196	9481	0	18	148	source_plane=0
terrain	empty_terrain_no_floor_context	0	empty terrain tile	1196	9482	0	18	148	source_plane=0
terrain	empty_terrain_no_floor_context	0	empty terrain tile	1196	9483	0	18	148	source_plane=0
terrain	empty_terrain_no_floor_context	0	empty terrain tile	1196	9484	0	18	148	source_plane=0
terrain	empty_terrain_no_floor_context	0	empty terrain tile	1196	9485	0	18	148	source_plane=0
terrain	empty_terrain_no_floor_context	0	empty terrain tile	1196	9486	0	18	148	source_plane=0
terrain	empty_terrain_no_floor_context	0	empty terrain tile	1196	9487	0	18	148	source_plane=0
terrain	empty_terrain_no_floor_context	0	empty terrain tile	1196	9488	0	18	148	source_plane=0
terrain	empty_terrain_no_floor_context	0	empty terrain tile	1196	9489	0	18	148	source_plane=0
terrain	empty_terrain_no_floor_context	0	empty terrain tile	1196	9490	0	18	148	source_plane=0
terrain	empty_terrain_no_floor_context	0	empty terrain tile	1196	9491	0	18	148	source_plane=0
terrain	empty_terrain_no_floor_context	0	empty terrain tile	1196	9492	0	18	148	source_plane=0
terrain	empty_terrain_no_floor_context	0	empty terrain tile	1196	9493	0	18	148	source_plane=0
terrain	empty_terrain_no_floor_context	0	empty terrain tile	1196	9503	0	18	148	source_plane=0
terrain	empty_terrain_no_floor_context	0	empty terrain tile	1196	9504	0	18	148	source_plane=0
terrain	empty_terrain_no_floor_context	0	empty terrain tile	1196	9514	0	18	148	source_plane=0
terrain	empty_terrain_no_floor_context	0	empty terrain tile	1196	9515	0	18	148	source_plane=0
terrain	empty_terrain_no_floor_context	0	empty terrain tile	1196	9516	0	18	148	source_plane=0
terrain	empty_terrain_no_floor_context	0	empty terrain tile	1196	9517	0	18	148	source_plane=0
terrain	empty_terrain_no_floor_context	0	empty terrain tile	1196	9518	0	18	148	source_plane=0
terrain	empty_terrain_no_floor_context	0	empty terrain tile	1196	9519	0	18	148	source_plane=0
terrain	empty_terrain_no_floor_context	0	empty terrain tile	1196	9520	0	18	148	source_plane=0
terrain	empty_terrain_no_floor_context	0	empty terrain tile	1196	9521	0	18	148	source_plane=0
terrain	empty_terrain_no_floor_context	0	empty terrain tile	1196	9522	0	18	148	source_plane=0
terrain	empty_terrain_no_floor_context	0	empty terrain tile	1196	9523	0	18	148	source_plane=0
terrain	empty_terrain_no_floor_context	0	empty terrain tile	1196	9524	0	18	148	source_plane=0
terrain	empty_terrain_no_floor_context	0	empty terrain tile	1196	9525	0	18	148	source_plane=0
terrain	empty_terrain_no_floor_context	0	empty terrain tile	1196	9526	0	18	148	source_plane=0
terrain	empty_terrain_no_floor_context	0	empty terrain tile	1196	9527	0	18	148	source_plane=0
terrain	empty_terrain_no_floor_context	0	empty terrain tile	1196	9528	0	18	148	source_plane=0
terrain	empty_terrain_no_floor_context	0	empty terrain tile	1196	9529	0	18	148	source_plane=0
terrain	empty_terrain_no_floor_context	0	empty terrain tile	1196	9530	0	18	148	source_plane=0
terrain	empty_terrain_no_floor_context	0	empty terrain tile	1196	9531	0	18	148	source_plane=0
terrain	empty_terrain_no_floor_context	0	empty terrain tile	1196	9532	0	18	148	source_plane=0
terrain	empty_terrain_no_floor_context	0	empty terrain tile	1196	9533	0	18	148	source_plane=0
terrain	empty_terrain_no_floor_context	0	empty terrain tile	1196	9534	0	18	148	source_plane=0
terrain	empty_terrain_no_floor_context	0	empty terrain tile	1196	9535	0	18	148	source_plane=0
terrain	empty_terrain_no_floor_context	0	empty terrain tile	1197	9472	0	18	148	source_plane=0
terrain	empty_terrain_no_floor_context	0	empty terrain tile	1197	9473	0	18	148	source_plane=0
terrain	empty_terrain_no_floor_context	0	empty terrain tile	1197	9474	0	18	148	source_plane=0
terrain	empty_terrain_no_floor_context	0	empty terrain tile	1197	9475	0	18	148	source_plane=0
terrain	empty_terrain_no_floor_context	0	empty terrain tile	1197	9476	0	18	148	source_plane=0
terrain	empty_terrain_no_floor_context	0	empty terrain tile	1197	9477	0	18	148	source_plane=0
terrain	empty_terrain_no_floor_context	0	empty terrain tile	1197	9478	0	18	148	source_plane=0
terrain	empty_terrain_no_floor_context	0	empty terrain tile	1197	9479	0	18	148	source_plane=0
terrain	empty_terrain_no_floor_context	0	empty terrain tile	1197	9480	0	18	148	source_plane=0
terrain	empty_terrain_no_floor_context	0	empty terrain tile	1197	9481	0	18	148	source_plane=0
terrain	empty_terrain_no_floor_context	0	empty terrain tile	1197	9482	0	18	148	source_plane=0
terrain	empty_terrain_no_floor_context	0	empty terrain tile	1197	9483	0	18	148	source_plane=0
terrain	empty_terrain_no_floor_context	0	empty terrain tile	1197	9484	0	18	148	source_plane=0
terrain	empty_terrain_no_floor_context	0	empty terrain tile	1197	9485	0	18	148	source_plane=0
terrain	empty_terrain_no_floor_context	0	empty terrain tile	1197	9486	0	18	148	source_plane=0
terrain	empty_terrain_no_floor_context	0	empty terrain tile	1197	9487	0	18	148	source_plane=0
terrain	underlay_definition_missing	25405	underlay	6272	12736	0	98	199	source_plane=0
terrain	void_overlay_no_floor_context	442	void overlay	1142	2803	0	17	43	source_plane=1 shape=0 rot=0
terrain	void_overlay_no_floor_context	442	void overlay	1150	2804	0	17	43	source_plane=1 shape=0 rot=0
terrain	void_overlay_no_floor_context	442	void overlay	1151	2804	0	17	43	source_plane=1 shape=0 rot=0
terrain	void_overlay_no_floor_context	60	void overlay	1091	3369	0	17	52	source_plane=1 shape=0 rot=0
terrain	void_overlay_no_floor_context	60	void overlay	1091	3370	0	17	52	source_plane=1 shape=0 rot=0
terrain	void_overlay_no_floor_context	60	void overlay	1092	3369	0	17	52	source_plane=1 shape=0 rot=0
terrain	void_overlay_no_floor_context	60	void overlay	1092	3370	0	17	52	source_plane=1 shape=0 rot=0
terrain	void_overlay_no_floor_context	60	void overlay	1093	3369	0	17	52	source_plane=1 shape=0 rot=0
terrain	void_overlay_no_floor_context	60	void overlay	1093	3370	0	17	52	source_plane=1 shape=0 rot=0
terrain	void_overlay_no_floor_context	60	void overlay	1094	3369	0	17	52	source_plane=1 shape=0 rot=0
terrain	void_overlay_no_floor_context	60	void overlay	1094	3370	0	17	52	source_plane=1 shape=0 rot=0
terrain	void_overlay_no_floor_context	60	void overlay	1095	3369	0	17	52	source_plane=1 shape=0 rot=0
terrain	void_overlay_no_floor_context	60	void overlay	1095	3370	0	17	52	source_plane=1 shape=0 rot=0
terrain	void_overlay_no_floor_context	60	void overlay	1096	3369	0	17	52	source_plane=1 shape=0 rot=0
terrain	void_overlay_no_floor_context	60	void overlay	1096	3370	0	17	52	source_plane=1 shape=0 rot=0
terrain	void_overlay_no_floor_context	60	void overlay	1097	3369	0	17	52	source_plane=1 shape=0 rot=0
terrain	void_overlay_no_floor_context	60	void overlay	1097	3370	0	17	52	source_plane=1 shape=0 rot=0
terrain	void_overlay_no_floor_context	60	void overlay	1098	3369	0	17	52	source_plane=1 shape=0 rot=0
terrain	void_overlay_no_floor_context	60	void overlay	1098	3370	0	17	52	source_plane=1 shape=0 rot=0
terrain	void_overlay_no_floor_context	60	void overlay	1109	3379	0	17	52	source_plane=1 shape=0 rot=0
terrain	void_overlay_no_floor_context	60	void overlay	1109	3380	0	17	52	source_plane=1 shape=0 rot=0
terrain	void_overlay_no_floor_context	60	void overlay	1109	3388	0	17	52	source_plane=1 shape=0 rot=0
terrain	void_overlay_no_floor_context	60	void overlay	1109	3389	0	17	52	source_plane=1 shape=0 rot=0
terrain	void_overlay_no_floor_context	60	void overlay	1110	3379	0	17	52	source_plane=1 shape=0 rot=0
terrain	void_overlay_no_floor_context	60	void overlay	1110	3380	0	17	52	source_plane=1 shape=0 rot=0
terrain	void_overlay_no_floor_context	60	void overlay	1110	3388	0	17	52	source_plane=1 shape=0 rot=0
terrain	void_overlay_no_floor_context	60	void overlay	1110	3389	0	17	52	source_plane=1 shape=0 rot=0
terrain	void_overlay_no_floor_context	60	void overlay	1118	3343	0	17	52	source_plane=1 shape=0 rot=0
terrain	void_overlay_no_floor_context	60	void overlay	1118	3344	0	17	52	source_plane=1 shape=0 rot=0
terrain	void_overlay_no_floor_context	60	void overlay	1119	3343	0	17	52	source_plane=1 shape=0 rot=0
terrain	void_overlay_no_floor_context	60	void overlay	1119	3344	0	17	52	source_plane=1 shape=0 rot=0
terrain	void_overlay_no_floor_context	60	void overlay	1127	3343	0	17	52	source_plane=1 shape=0 rot=0
terrain	void_overlay_no_floor_context	60	void overlay	1127	3344	0	17	52	source_plane=1 shape=0 rot=0
terrain	void_overlay_no_floor_context	60	void overlay	1128	3343	0	17	52	source_plane=1 shape=0 rot=0
terrain	void_overlay_no_floor_context	60	void overlay	1128	3344	0	17	52	source_plane=1 shape=0 rot=0
terrain	void_overlay_no_floor_context	60	void overlay	1144	3355	0	17	52	source_plane=1 shape=0 rot=0
terrain	void_overlay_no_floor_context	60	void overlay	1144	3356	0	17	52	source_plane=1 shape=0 rot=0
terrain	void_overlay_no_floor_context	60	void overlay	1144	3357	0	17	52	source_plane=1 shape=0 rot=0
terrain	void_overlay_no_floor_context	60	void overlay	1144	3358	0	17	52	source_plane=1 shape=0 rot=0
terrain	void_overlay_no_floor_context	60	void overlay	1144	3359	0	17	52	source_plane=1 shape=0 rot=0
terrain	void_overlay_no_floor_context	60	void overlay	1144	3360	0	17	52	source_plane=1 shape=0 rot=0
terrain	void_overlay_no_floor_context	60	void overlay	1144	3368	0	17	52	source_plane=1 shape=0 rot=0
terrain	void_overlay_no_floor_context	60	void overlay	1144	3369	0	17	52	source_plane=1 shape=0 rot=0
terrain	void_overlay_no_floor_context	60	void overlay	1144	3370	0	17	52	source_plane=1 shape=0 rot=0
terrain	void_overlay_no_floor_context	60	void overlay	1144	3371	0	17	52	source_plane=1 shape=0 rot=0
terrain	void_overlay_no_floor_context	60	void overlay	1144	3372	0	17	52	source_plane=1 shape=0 rot=0
terrain	void_overlay_no_floor_context	60	void overlay	1145	3355	0	17	52	source_plane=1 shape=0 rot=0
terrain	void_overlay_no_floor_context	60	void overlay	1145	3356	0	17	52	source_plane=1 shape=0 rot=0
terrain	void_overlay_no_floor_context	60	void overlay	1145	3357	0	17	52	source_plane=1 shape=0 rot=0
terrain	void_overlay_no_floor_context	60	void overlay	1145	3358	0	17	52	source_plane=1 shape=0 rot=0
terrain	void_overlay_no_floor_context	60	void overlay	1145	3359	0	17	52	source_plane=1 shape=0 rot=0
terrain	void_overlay_no_floor_context	60	void overlay	1145	3360	0	17	52	source_plane=1 shape=0 rot=0
terrain	void_overlay_no_floor_context	60	void overlay	1145	3368	0	17	52	source_plane=1 shape=0 rot=0
terrain	void_overlay_no_floor_context	60	void overlay	1145	3369	0	17	52	source_plane=1 shape=0 rot=0
terrain	void_overlay_no_floor_context	60	void overlay	1145	3370	0	17	52	source_plane=1 shape=0 rot=0
terrain	void_overlay_no_floor_context	60	void overlay	1145	3371	0	17	52	source_plane=1 shape=0 rot=0
terrain	void_overlay_no_floor_context	60	void overlay	1145	3372	0	17	52	source_plane=1 shape=0 rot=0
terrain	void_overlay_no_floor_context	442	void overlay	1152	2804	0	18	43	source_plane=1 shape=0 rot=0
terrain	void_overlay_no_floor_context	442	void overlay	1153	2804	0	18	43	source_plane=1 shape=0 rot=0
terrain	void_overlay_no_floor_context	442	void overlay	1154	2804	0	18	43	source_plane=1 shape=0 rot=0
terrain	void_overlay_no_floor_context	442	void overlay	1155	2804	0	18	43	source_plane=1 shape=0 rot=0
terrain	void_overlay_no_floor_context	60	void overlay	1183	3112	0	18	48	source_plane=1 shape=0 rot=0
terrain	void_overlay_no_floor_context	60	void overlay	1183	3113	0	18	48	source_plane=1 shape=0 rot=0
terrain	void_overlay_no_floor_context	60	void overlay	1184	3112	0	18	48	source_plane=1 shape=0 rot=0
terrain	void_overlay_no_floor_context	60	void overlay	1184	3113	0	18	48	source_plane=1 shape=0 rot=0
terrain	void_overlay_no_floor_context	60	void overlay	1185	3112	0	18	48	source_plane=1 shape=0 rot=0
terrain	void_overlay_no_floor_context	60	void overlay	1185	3113	0	18	48	source_plane=1 shape=0 rot=0
terrain	void_overlay_no_floor_context	60	void overlay	1186	3112	0	18	48	source_plane=1 shape=0 rot=0
terrain	void_overlay_no_floor_context	60	void overlay	1186	3113	0	18	48	source_plane=1 shape=0 rot=0
terrain	void_overlay_no_floor_context	60	void overlay	1187	3112	0	18	48	source_plane=1 shape=0 rot=0
terrain	void_overlay_no_floor_context	60	void overlay	1187	3113	0	18	48	source_plane=1 shape=0 rot=0
terrain	void_overlay_no_floor_context	60	void overlay	1188	3112	0	18	48	source_plane=1 shape=0 rot=0
terrain	void_overlay_no_floor_context	60	void overlay	1188	3113	0	18	48	source_plane=1 shape=0 rot=0
terrain	void_overlay_no_floor_context	60	void overlay	1189	3112	0	18	48	source_plane=1 shape=0 rot=0
terrain	void_overlay_no_floor_context	60	void overlay	1189	3113	0	18	48	source_plane=1 shape=0 rot=0
terrain	void_overlay_no_floor_context	60	void overlay	1190	3112	0	18	48	source_plane=1 shape=0 rot=0
terrain	void_overlay_no_floor_context	60	void overlay	1190	3113	0	18	48	source_plane=1 shape=0 rot=0
terrain	void_overlay_no_floor_context	41	void overlay	1174	10008	0	18	156	source_plane=0 shape=0 rot=0
terrain	void_overlay_no_floor_context	41	void overlay	1174	10009	0	18	156	source_plane=0 shape=0 rot=0
terrain	void_overlay_no_floor_context	41	void overlay	1174	10010	0	18	156	source_plane=0 shape=0 rot=0
terrain	void_overlay_no_floor_context	41	void overlay	1174	10011	0	18	156	source_plane=0 shape=0 rot=0
terrain	void_overlay_no_floor_context	41	void overlay	1174	10012	0	18	156	source_plane=0 shape=0 rot=0
terrain	void_overlay_no_floor_context	41	void overlay	1174	10013	0	18	156	source_plane=0 shape=0 rot=0
terrain	void_overlay_no_floor_context	41	void overlay	1174	10014	0	18	156	source_plane=0 shape=0 rot=0
terrain	void_overlay_no_floor_context	41	void overlay	1174	10015	0	18	156	source_plane=0 shape=0 rot=0
terrain	void_overlay_no_floor_context	41	void overlay	1174	10016	0	18	156	source_plane=0 shape=0 rot=0
terrain	void_overlay_no_floor_context	41	void overlay	1174	10017	0	18	156	source_plane=0 shape=0 rot=0
terrain	void_overlay_no_floor_context	41	void overlay	1174	10029	0	18	156	source_plane=0 shape=0 rot=0
terrain	void_overlay_no_floor_context	41	void overlay	1174	10030	0	18	156	source_plane=0 shape=0 rot=0
terrain	void_overlay_no_floor_context	41	void overlay	1174	10031	0	18	156	source_plane=0 shape=0 rot=0
terrain	void_overlay_no_floor_context	41	void overlay	1174	10032	0	18	156	source_plane=0 shape=0 rot=0
terrain	void_overlay_no_floor_context	41	void overlay	1175	10008	0	18	156	source_plane=0 shape=0 rot=0
terrain	void_overlay_no_floor_context	41	void overlay	1175	10009	0	18	156	source_plane=0 shape=0 rot=0
terrain	void_overlay_no_floor_context	41	void overlay	1175	10010	0	18	156	source_plane=0 shape=0 rot=0
terrain	void_overlay_no_floor_context	41	void overlay	1175	10011	0	18	156	source_plane=0 shape=0 rot=0
terrain	void_overlay_no_floor_context	41	void overlay	1175	10012	0	18	156	source_plane=0 shape=0 rot=0
terrain	void_overlay_no_floor_context	41	void overlay	1175	10013	0	18	156	source_plane=0 shape=0 rot=0
terrain	void_overlay_no_floor_context	41	void overlay	1175	10014	0	18	156	source_plane=0 shape=0 rot=0
terrain	void_overlay_no_floor_context	41	void overlay	1175	10015	0	18	156	source_plane=0 shape=0 rot=0
terrain	void_overlay_no_floor_context	41	void overlay	1175	10016	0	18	156	source_plane=0 shape=0 rot=0
terrain	void_overlay_no_floor_context	41	void overlay	1175	10017	0	18	156	source_plane=0 shape=0 rot=0
terrain	void_overlay_no_floor_context	41	void overlay	1175	10030	0	18	156	source_plane=0 shape=0 rot=0
terrain	void_overlay_no_floor_context	41	void overlay	1175	10031	0	18	156	source_plane=0 shape=0 rot=0
terrain	void_overlay_no_floor_context	41	void overlay	1175	10032	0	18	156	source_plane=0 shape=0 rot=0
terrain	void_overlay_no_floor_context	41	void overlay	1176	10008	0	18	156	source_plane=0 shape=0 rot=0
terrain	void_overlay_no_floor_context	41	void overlay	1176	10009	0	18	156	source_plane=0 shape=0 rot=0
terrain	void_overlay_no_floor_context	41	void overlay	1176	10010	0	18	156	source_plane=0 shape=0 rot=0
terrain	void_overlay_no_floor_context	41	void overlay	1176	10011	0	18	156	source_plane=0 shape=0 rot=0
terrain	void_overlay_no_floor_context	41	void overlay	1176	10012	0	18	156	source_plane=0 shape=0 rot=0
terrain	void_overlay_no_floor_context	41	void overlay	1176	10013	0	18	156	source_plane=0 shape=0 rot=0
terrain	void_overlay_no_floor_context	41	void overlay	1176	10014	0	18	156	source_plane=0 shape=0 rot=0
terrain	void_overlay_no_floor_context	41	void overlay	1176	10015	0	18	156	source_plane=0 shape=0 rot=0
terrain	void_overlay_no_floor_context	41	void overlay	1176	10031	0	18	156	source_plane=0 shape=0 rot=0
terrain	void_overlay_no_floor_context	41	void overlay	1176	10032	0	18	156	source_plane=0 shape=0 rot=0
terrain	void_overlay_no_floor_context	41	void overlay	1177	10008	0	18	156	source_plane=0 shape=0 rot=0
terrain	void_overlay_no_floor_context	41	void overlay	1177	10009	0	18	156	source_plane=0 shape=0 rot=0
terrain	void_overlay_no_floor_context	41	void overlay	1177	10010	0	18	156	source_plane=0 shape=0 rot=0
terrain	void_overlay_no_floor_context	41	void overlay	1177	10011	0	18	156	source_plane=0 shape=0 rot=0
terrain	void_overlay_no_floor_context	41	void overlay	1177	10012	0	18	156	source_plane=0 shape=0 rot=0
terrain	void_overlay_no_floor_context	41	void overlay	1177	10013	0	18	156	source_plane=0 shape=0 rot=0
terrain	void_overlay_no_floor_context	41	void overlay	1177	10014	0	18	156	source_plane=0 shape=0 rot=0
terrain	void_overlay_no_floor_context	41	void overlay	1177	10015	0	18	156	source_plane=0 shape=0 rot=0
terrain	void_overlay_no_floor_context	41	void overlay	1177	10031	0	18	156	source_plane=0 shape=0 rot=0
terrain	void_overlay_no_floor_context	41	void overlay	1177	10032	0	18	156	source_plane=0 shape=0 rot=0
terrain	void_overlay_no_floor_context	41	void overlay	1178	10008	0	18	156	source_plane=0 shape=0 rot=0
terrain	void_overlay_no_floor_context	41	void overlay	1178	10009	0	18	156	source_plane=0 shape=0 rot=0
terrain	void_overlay_no_floor_context	41	void overlay	1178	10010	0	18	156	source_plane=0 shape=0 rot=0
terrain	void_overlay_no_floor_context	41	void overlay	1178	10011	0	18	156	source_plane=0 shape=0 rot=0
terrain	void_overlay_no_floor_context	41	void overlay	1178	10012	0	18	156	source_plane=0 shape=0 rot=0
terrain	void_overlay_no_floor_context	41	void overlay	1178	10013	0	18	156	source_plane=0 shape=0 rot=0
terrain	void_overlay_no_floor_context	41	void overlay	1178	10014	0	18	156	source_plane=0 shape=0 rot=0
terrain	void_overlay_no_floor_context	41	void overlay	1178	10015	0	18	156	source_plane=0 shape=0 rot=0
terrain	void_overlay_no_floor_context	41	void overlay	1178	10031	0	18	156	source_plane=0 shape=0 rot=0
terrain	void_overlay_no_floor_context	41	void overlay	1178	10032	0	18	156	source_plane=0 shape=0 rot=0
terrain	void_overlay_no_floor_context	41	void overlay	1179	10008	0	18	156	source_plane=0 shape=0 rot=0
terrain	void_overlay_no_floor_context	41	void overlay	1179	10009	0	18	156	source_plane=0 shape=0 rot=0
terrain	void_overlay_no_floor_context	41	void overlay	1179	10010	0	18	156	source_plane=0 shape=0 rot=0
terrain	void_overlay_no_floor_context	41	void overlay	1179	10031	0	18	156	source_plane=0 shape=0 rot=0
terrain	void_overlay_no_floor_context	41	void overlay	1179	10032	0	18	156	source_plane=0 shape=0 rot=0
terrain	void_overlay_no_floor_context	41	void overlay	1180	10008	0	18	156	source_plane=0 shape=0 rot=0
terrain	void_overlay_no_floor_context	41	void overlay	1180	10009	0	18	156	source_plane=0 shape=0 rot=0
terrain	void_overlay_no_floor_context	41	void overlay	1180	10010	0	18	156	source_plane=0 shape=0 rot=0
terrain	void_overlay_no_floor_context	41	void overlay	1181	10008	0	18	156	source_plane=0 shape=0 rot=0
terrain	void_overlay_no_floor_context	41	void overlay	1181	10009	0	18	156	source_plane=0 shape=0 rot=0
terrain	void_overlay_no_floor_context	41	void overlay	1182	10008	0	18	156	source_plane=0 shape=0 rot=0
terrain	void_overlay_no_floor_context	41	void overlay	1182	10009	0	18	156	source_plane=0 shape=0 rot=0
terrain	void_overlay_no_floor_context	41	void overlay	1183	10008	0	18	156	source_plane=0 shape=0 rot=0
terrain	void_overlay_no_floor_context	41	void overlay	1183	10009	0	18	156	source_plane=0 shape=0 rot=0
terrain	void_overlay_no_floor_context	41	void overlay	1184	10008	0	18	156	source_plane=0 shape=0 rot=0
terrain	void_overlay_no_floor_context	41	void overlay	1184	10009	0	18	156	source_plane=0 shape=0 rot=0
terrain	void_overlay_no_floor_context	41	void overlay	1185	10008	0	18	156	source_plane=0 shape=0 rot=0
terrain	void_overlay_no_floor_context	41	void overlay	1185	10009	0	18	156	source_plane=0 shape=0 rot=0
terrain	void_overlay_no_floor_context	41	void overlay	1186	10008	0	18	156	source_plane=0 shape=0 rot=0
terrain	void_overlay_no_floor_context	41	void overlay	1186	10009	0	18	156	source_plane=0 shape=0 rot=0
terrain	void_overlay_no_floor_context	41	void overlay	1187	10008	0	18	156	source_plane=0 shape=0 rot=0
terrain	void_overlay_no_floor_context	41	void overlay	1187	10009	0	18	156	source_plane=0 shape=0 rot=0
terrain	void_overlay_no_floor_context	41	void overlay	1188	10008	0	18	156	source_plane=0 shape=0 rot=0
terrain	void_overlay_no_floor_context	41	void overlay	1189	10008	0	18	156	source_plane=0 shape=0 rot=0
terrain	void_overlay_no_floor_context	41	void overlay	1201	10008	0	18	156	source_plane=0 shape=0 rot=0
terrain	void_overlay_no_floor_context	41	void overlay	1202	10008	0	18	156	source_plane=0 shape=0 rot=0
terrain	void_overlay_no_floor_context	41	void overlay	1202	10026	0	18	156	source_plane=0 shape=0 rot=0
terrain	void_overlay_no_floor_context	41	void overlay	1202	10027	0	18	156	source_plane=0 shape=0 rot=0
terrain	void_overlay_no_floor_context	41	void overlay	1202	10028	0	18	156	source_plane=0 shape=0 rot=0
terrain	void_overlay_no_floor_context	41	void overlay	1202	10029	0	18	156	source_plane=0 shape=0 rot=0
terrain	void_overlay_no_floor_context	41	void overlay	1202	10030	0	18	156	source_plane=0 shape=0 rot=0
terrain	void_overlay_no_floor_context	41	void overlay	1202	10031	0	18	156	source_plane=0 shape=0 rot=0
terrain	void_overlay_no_floor_context	41	void overlay	1202	10032	0	18	156	source_plane=0 shape=0 rot=0
terrain	void_overlay_no_floor_context	41	void overlay	1203	10008	0	18	156	source_plane=0 shape=0 rot=0
terrain	void_overlay_no_floor_context	41	void overlay	1203	10009	0	18	156	source_plane=0 shape=0 rot=0
terrain	void_overlay_no_floor_context	41	void overlay	1203	10010	0	18	156	source_plane=0 shape=0 rot=0
terrain	void_overlay_no_floor_context	41	void overlay	1203	10011	0	18	156	source_plane=0 shape=0 rot=0
terrain	void_overlay_no_floor_context	41	void overlay	1203	10012	0	18	156	source_plane=0 shape=0 rot=0
terrain	void_overlay_no_floor_context	41	void overlay	1203	10024	0	18	156	source_plane=0 shape=0 rot=0
terrain	void_overlay_no_floor_context	41	void overlay	1203	10025	0	18	156	source_plane=0 shape=0 rot=0
terrain	void_overlay_no_floor_context	41	void overlay	1203	10026	0	18	156	source_plane=0 shape=0 rot=0
terrain	void_overlay_no_floor_context	41	void overlay	1203	10027	0	18	156	source_plane=0 shape=0 rot=0
terrain	void_overlay_no_floor_context	41	void overlay	1203	10028	0	18	156	source_plane=0 shape=0 rot=0
terrain	void_overlay_no_floor_context	41	void overlay	1203	10029	0	18	156	source_plane=0 shape=0 rot=0
terrain	void_overlay_no_floor_context	41	void overlay	1203	10030	0	18	156	source_plane=0 shape=0 rot=0
terrain	void_overlay_no_floor_context	41	void overlay	1203	10031	0	18	156	source_plane=0 shape=0 rot=0
terrain	void_overlay_no_floor_context	41	void overlay	1203	10032	0	18	156	source_plane=0 shape=0 rot=0
terrain	void_overlay_no_floor_context	153	void overlay	1222	3134	0	19	48	source_plane=1 shape=0 rot=0
terrain	void_overlay_no_floor_context	153	void overlay	1222	3135	0	19	48	source_plane=1 shape=0 rot=0
terrain	void_overlay_no_floor_context	153	void overlay	1223	3134	0	19	48	source_plane=1 shape=0 rot=0
terrain	void_overlay_no_floor_context	153	void overlay	1223	3135	0	19	48	source_plane=1 shape=0 rot=0
terrain	void_overlay_no_floor_context	153	void overlay	1224	3134	0	19	48	source_plane=1 shape=0 rot=0
terrain	void_overlay_no_floor_context	153	void overlay	1224	3135	0	19	48	source_plane=1 shape=0 rot=0
terrain	void_overlay_no_floor_context	153	void overlay	1225	3134	0	19	48	source_plane=1 shape=0 rot=0
terrain	void_overlay_no_floor_context	153	void overlay	1225	3135	0	19	48	source_plane=1 shape=0 rot=0
terrain	void_overlay_no_floor_context	153	void overlay	1226	3134	0	19	48	source_plane=1 shape=0 rot=0
terrain	void_overlay_no_floor_context	153	void overlay	1226	3135	0	19	48	source_plane=1 shape=0 rot=0
terrain	void_overlay_no_floor_context	153	void overlay	1227	3134	0	19	48	source_plane=1 shape=0 rot=0
terrain	void_overlay_no_floor_context	153	void overlay	1227	3135	0	19	48	source_plane=1 shape=0 rot=0
terrain	void_overlay_no_floor_context	153	void overlay	1228	3134	0	19	48	source_plane=1 shape=0 rot=0
terrain	void_overlay_no_floor_context	153	void overlay	1228	3135	0	19	48	source_plane=1 shape=0 rot=0
terrain	void_overlay_no_floor_context	153	void overlay	1229	3134	0	19	48	source_plane=1 shape=0 rot=0
terrain	void_overlay_no_floor_context	153	void overlay	1229	3135	0	19	48	source_plane=1 shape=0 rot=0
terrain	void_overlay_no_floor_context	41	void overlay	1230	3299	0	19	51	source_plane=1 shape=0 rot=0
terrain	void_overlay_no_floor_context	41	void overlay	1249	3394	0	19	53	source_plane=1 shape=0 rot=0
terrain	void_overlay_no_floor_context	41	void overlay	1249	3395	0	19	53	source_plane=1 shape=0 rot=0
terrain	void_overlay_no_floor_context	41	void overlay	1249	3396	0	19	53	source_plane=1 shape=0 rot=0
terrain	void_overlay_no_floor_context	41	void overlay	1250	3394	0	19	53	source_plane=1 shape=0 rot=0
terrain	void_overlay_no_floor_context	41	void overlay	1250	3395	0	19	53	source_plane=1 shape=0 rot=0
terrain	void_overlay_no_floor_context	41	void overlay	1250	3396	0	19	53	source_plane=1 shape=0 rot=0
terrain	void_overlay_no_floor_context	41	void overlay	1251	3394	0	19	53	source_plane=1 shape=0 rot=0
terrain	void_overlay_no_floor_context	41	void overlay	1251	3395	0	19	53	source_plane=1 shape=0 rot=0
terrain	void_overlay_no_floor_context	41	void overlay	1251	3396	0	19	53	source_plane=1 shape=0 rot=0
terrain	void_overlay_no_floor_context	41	void overlay	1252	3394	0	19	53	source_plane=1 shape=0 rot=0
terrain	void_overlay_no_floor_context	41	void overlay	1252	3395	0	19	53	source_plane=1 shape=0 rot=0
terrain	void_overlay_no_floor_context	41	void overlay	1252	3396	0	19	53	source_plane=1 shape=0 rot=0
terrain	void_overlay_no_floor_context	41	void overlay	1253	3394	0	19	53	source_plane=1 shape=0 rot=0
terrain	void_overlay_no_floor_context	41	void overlay	1253	3395	0	19	53	source_plane=1 shape=0 rot=0
terrain	void_overlay_no_floor_context	41	void overlay	1253	3396	0	19	53	source_plane=1 shape=0 rot=0
terrain	void_overlay_no_floor_context	41	void overlay	1254	3394	0	19	53	source_plane=1 shape=0 rot=0
terrain	void_overlay_no_floor_context	41	void overlay	1254	3395	0	19	53	source_plane=1 shape=0 rot=0
terrain	void_overlay_no_floor_context	41	void overlay	1254	3396	0	19	53	source_plane=1 shape=0 rot=0
terrain	void_overlay_no_floor_context	41	void overlay	1255	3394	0	19	53	source_plane=1 shape=0 rot=0
terrain	void_overlay_no_floor_context	41	void overlay	1255	3395	0	19	53	source_plane=1 shape=0 rot=0
terrain	void_overlay_no_floor_context	41	void overlay	1255	3396	0	19	53	source_plane=1 shape=0 rot=0
terrain	void_overlay_no_floor_context	41	void overlay	1256	3394	0	19	53	source_plane=1 shape=0 rot=0
terrain	void_overlay_no_floor_context	41	void overlay	1256	3395	0	19	53	source_plane=1 shape=0 rot=0
terrain	void_overlay_no_floor_context	41	void overlay	1256	3396	0	19	53	source_plane=1 shape=0 rot=0
terrain	void_overlay_no_floor_context	41	void overlay	1271	3443	0	19	53	source_plane=1 shape=0 rot=0
terrain	void_overlay_no_floor_context	41	void overlay	1271	3444	0	19	53	source_plane=1 shape=0 rot=0
terrain	void_overlay_no_floor_context	41	void overlay	1271	3445	0	19	53	source_plane=1 shape=0 rot=0
terrain	void_overlay_no_floor_context	41	void overlay	1271	3446	0	19	53	source_plane=1 shape=0 rot=0
terrain	void_overlay_no_floor_context	41	void overlay	1271	3447	0	19	53	source_plane=1 shape=0 rot=0
terrain	void_overlay_no_floor_context	41	void overlay	1271	3448	0	19	53	source_plane=1 shape=0 rot=0
terrain	void_overlay_no_floor_context	41	void overlay	1271	3449	0	19	53	source_plane=1 shape=0 rot=0
terrain	void_overlay_no_floor_context	41	void overlay	1271	3450	0	19	53	source_plane=1 shape=0 rot=0
terrain	void_overlay_no_floor_context	41	void overlay	1271	3451	0	19	53	source_plane=1 shape=0 rot=0
terrain	void_overlay_no_floor_context	41	void overlay	1271	3452	0	19	53	source_plane=1 shape=0 rot=0
terrain	void_overlay_no_floor_context	41	void overlay	1271	3453	0	19	53	source_plane=1 shape=0 rot=0
terrain	void_overlay_no_floor_context	41	void overlay	1271	3454	0	19	53	source_plane=1 shape=0 rot=0
terrain	void_overlay_no_floor_context	41	void overlay	1271	3455	0	19	53	source_plane=1 shape=0 rot=0
terrain	void_overlay_no_floor_context	41	void overlay	1272	3443	0	19	53	source_plane=1 shape=0 rot=0
terrain	void_overlay_no_floor_context	41	void overlay	1272	3444	0	19	53	source_plane=1 shape=0 rot=0
terrain	void_overlay_no_floor_context	41	void overlay	1272	3445	0	19	53	source_plane=1 shape=0 rot=0
terrain	void_overlay_no_floor_context	41	void overlay	1272	3446	0	19	53	source_plane=1 shape=0 rot=0
terrain	void_overlay_no_floor_context	41	void overlay	1272	3447	0	19	53	source_plane=1 shape=0 rot=0
terrain	void_overlay_no_floor_context	41	void overlay	1272	3448	0	19	53	source_plane=1 shape=0 rot=0
terrain	void_overlay_no_floor_context	41	void overlay	1272	3449	0	19	53	source_plane=1 shape=0 rot=0
terrain	void_overlay_no_floor_context	41	void overlay	1272	3450	0	19	53	source_plane=1 shape=0 rot=0
terrain	void_overlay_no_floor_context	41	void overlay	1272	3451	0	19	53	source_plane=1 shape=0 rot=0
terrain	void_overlay_no_floor_context	41	void overlay	1272	3452	0	19	53	source_plane=1 shape=0 rot=0
terrain	void_overlay_no_floor_context	41	void overlay	1272	3453	0	19	53	source_plane=1 shape=0 rot=0
terrain	void_overlay_no_floor_context	41	void overlay	1272	3454	0	19	53	source_plane=1 shape=0 rot=0
terrain	void_overlay_no_floor_context	41	void overlay	1272	3455	0	19	53	source_plane=1 shape=0 rot=0
terrain	void_overlay_no_floor_context	41	void overlay	1232	3496	0	19	54	source_plane=1 shape=0 rot=0
terrain	void_overlay_no_floor_context	41	void overlay	1232	3497	0	19	54	source_plane=1 shape=0 rot=0
terrain	void_overlay_no_floor_context	41	void overlay	1233	3496	0	19	54	source_plane=1 shape=0 rot=0
terrain	void_overlay_no_floor_context	41	void overlay	1233	3497	0	19	54	source_plane=1 shape=0 rot=0
terrain	void_overlay_no_floor_context	41	void overlay	1234	3496	0	19	54	source_plane=1 shape=0 rot=0
terrain	void_overlay_no_floor_context	41	void overlay	1234	3497	0	19	54	source_plane=1 shape=0 rot=0
terrain	void_overlay_no_floor_context	41	void overlay	1235	3496	0	19	54	source_plane=1 shape=0 rot=0
terrain	void_overlay_no_floor_context	41	void overlay	1235	3497	0	19	54	source_plane=1 shape=0 rot=0
terrain	void_overlay_no_floor_context	41	void overlay	1236	3496	0	19	54	source_plane=1 shape=0 rot=0
terrain	void_overlay_no_floor_context	41	void overlay	1236	3497	0	19	54	source_plane=1 shape=0 rot=0
terrain	void_overlay_no_floor_context	41	void overlay	1237	3496	0	19	54	source_plane=1 shape=0 rot=0
terrain	void_overlay_no_floor_context	41	void overlay	1237	3497	0	19	54	source_plane=1 shape=0 rot=0
terrain	void_overlay_no_floor_context	41	void overlay	1238	3496	0	19	54	source_plane=1 shape=0 rot=0
terrain	void_overlay_no_floor_context	41	void overlay	1238	3497	0	19	54	source_plane=1 shape=0 rot=0
terrain	void_overlay_no_floor_context	41	void overlay	1239	3496	0	19	54	source_plane=1 shape=0 rot=0
terrain	void_overlay_no_floor_context	41	void overlay	1239	3497	0	19	54	source_plane=1 shape=0 rot=0
terrain	void_overlay_no_floor_context	41	void overlay	1240	3496	0	19	54	source_plane=1 shape=0 rot=0
terrain	void_overlay_no_floor_context	41	void overlay	1240	3497	0	19	54	source_plane=1 shape=0 rot=0
terrain	void_overlay_no_floor_context	41	void overlay	1241	3496	0	19	54	source_plane=1 shape=0 rot=0
terrain	void_overlay_no_floor_context	41	void overlay	1241	3497	0	19	54	source_plane=1 shape=0 rot=0
terrain	void_overlay_no_floor_context	41	void overlay	1271	3456	0	19	54	source_plane=1 shape=0 rot=0
terrain	void_overlay_no_floor_context	41	void overlay	1271	3457	0	19	54	source_plane=1 shape=0 rot=0
terrain	void_overlay_no_floor_context	41	void overlay	1271	3458	0	19	54	source_plane=1 shape=0 rot=0
terrain	void_overlay_no_floor_context	41	void overlay	1271	3459	0	19	54	source_plane=1 shape=0 rot=0
terrain	void_overlay_no_floor_context	41	void overlay	1272	3456	0	19	54	source_plane=1 shape=0 rot=0
terrain	void_overlay_no_floor_context	41	void overlay	1272	3457	0	19	54	source_plane=1 shape=0 rot=0
terrain	void_overlay_no_floor_context	41	void overlay	1272	3458	0	19	54	source_plane=1 shape=0 rot=0
terrain	void_overlay_no_floor_context	41	void overlay	1272	3459	0	19	54	source_plane=1 shape=0 rot=0
terrain	void_overlay_no_floor_context	41	void overlay	1275	3643	0	19	56	source_plane=1 shape=0 rot=0
terrain	void_overlay_no_floor_context	41	void overlay	1275	3644	0	19	56	source_plane=1 shape=0 rot=0
terrain	void_overlay_no_floor_context	41	void overlay	1275	3645	0	19	56	source_plane=1 shape=0 rot=0
terrain	void_overlay_no_floor_context	41	void overlay	1275	3646	0	19	56	source_plane=1 shape=0 rot=0
terrain	void_overlay_no_floor_context	41	void overlay	1275	3647	0	19	56	source_plane=1 shape=0 rot=0
terrain	void_overlay_no_floor_context	41	void overlay	1276	3643	0	19	56	source_plane=1 shape=0 rot=0
terrain	void_overlay_no_floor_context	41	void overlay	1276	3644	0	19	56	source_plane=1 shape=0 rot=0
terrain	void_overlay_no_floor_context	41	void overlay	1276	3645	0	19	56	source_plane=1 shape=0 rot=0
terrain	void_overlay_no_floor_context	41	void overlay	1276	3646	0	19	56	source_plane=1 shape=0 rot=0
terrain	void_overlay_no_floor_context	41	void overlay	1276	3647	0	19	56	source_plane=1 shape=0 rot=0
terrain	void_overlay_no_floor_context	41	void overlay	1277	3645	0	19	56	source_plane=1 shape=0 rot=0
terrain	void_overlay_no_floor_context	41	void overlay	1277	3646	0	19	56	source_plane=1 shape=0 rot=0
terrain	void_overlay_no_floor_context	41	void overlay	1278	3645	0	19	56	source_plane=1 shape=0 rot=0
terrain	void_overlay_no_floor_context	41	void overlay	1278	3646	0	19	56	source_plane=1 shape=0 rot=0
terrain	void_overlay_no_floor_context	41	void overlay	1279	3645	0	19	56	source_plane=1 shape=0 rot=0
terrain	void_overlay_no_floor_context	41	void overlay	1279	3646	0	19	56	source_plane=1 shape=0 rot=0
terrain	void_overlay_no_floor_context	41	void overlay	1255	3666	0	19	57	source_plane=1 shape=0 rot=0
terrain	void_overlay_no_floor_context	41	void overlay	1255	3667	0	19	57	source_plane=1 shape=0 rot=0
terrain	void_overlay_no_floor_context	41	void overlay	1255	3668	0	19	57	source_plane=1 shape=0 rot=0
terrain	void_overlay_no_floor_context	41	void overlay	1255	3669	0	19	57	source_plane=1 shape=0 rot=0
terrain	void_overlay_no_floor_context	41	void overlay	1255	3670	0	19	57	source_plane=1 shape=0 rot=0
terrain	void_overlay_no_floor_context	41	void overlay	1255	3671	0	19	57	source_plane=1 shape=0 rot=0
terrain	void_overlay_no_floor_context	41	void overlay	1255	3672	0	19	57	source_plane=1 shape=0 rot=0
terrain	void_overlay_no_floor_context	41	void overlay	1255	3673	0	19	57	source_plane=1 shape=0 rot=0
terrain	void_overlay_no_floor_context	41	void overlay	1255	3674	0	19	57	source_plane=1 shape=0 rot=0
terrain	void_overlay_no_floor_context	41	void overlay	1255	3675	0	19	57	source_plane=1 shape=0 rot=0
terrain	void_overlay_no_floor_context	41	void overlay	1255	3676	0	19	57	source_plane=1 shape=0 rot=0
terrain	void_overlay_no_floor_context	41	void overlay	1255	3677	0	19	57	source_plane=1 shape=0 rot=0
terrain	void_overlay_no_floor_context	41	void overlay	1256	3666	0	19	57	source_plane=1 shape=0 rot=0
terrain	void_overlay_no_floor_context	41	void overlay	1256	3667	0	19	57	source_plane=1 shape=0 rot=0
terrain	void_overlay_no_floor_context	41	void overlay	1256	3668	0	19	57	source_plane=1 shape=0 rot=0
terrain	void_overlay_no_floor_context	41	void overlay	1256	3669	0	19	57	source_plane=1 shape=0 rot=0
terrain	void_overlay_no_floor_context	41	void overlay	1256	3670	0	19	57	source_plane=1 shape=0 rot=0
terrain	void_overlay_no_floor_context	41	void overlay	1256	3671	0	19	57	source_plane=1 shape=0 rot=0
terrain	void_overlay_no_floor_context	41	void overlay	1256	3672	0	19	57	source_plane=1 shape=0 rot=0
terrain	void_overlay_no_floor_context	41	void overlay	1256	3673	0	19	57	source_plane=1 shape=0 rot=0
terrain	void_overlay_no_floor_context	41	void overlay	1256	3674	0	19	57	source_plane=1 shape=0 rot=0
terrain	void_overlay_no_floor_context	41	void overlay	1256	3675	0	19	57	source_plane=1 shape=0 rot=0
terrain	void_overlay_no_floor_context	41	void overlay	1256	3676	0	19	57	source_plane=1 shape=0 rot=0
terrain	void_overlay_no_floor_context	41	void overlay	1256	3677	0	19	57	source_plane=1 shape=0 rot=0
terrain	void_overlay_no_floor_context	41	void overlay	1275	3648	0	19	57	source_plane=1 shape=0 rot=0
terrain	void_overlay_no_floor_context	41	void overlay	1275	3649	0	19	57	source_plane=1 shape=0 rot=0
terrain	void_overlay_no_floor_context	41	void overlay	1275	3650	0	19	57	source_plane=1 shape=0 rot=0
terrain	void_overlay_no_floor_context	41	void overlay	1275	3651	0	19	57	source_plane=1 shape=0 rot=0
terrain	void_overlay_no_floor_context	41	void overlay	1275	3652	0	19	57	source_plane=1 shape=0 rot=0
terrain	void_overlay_no_floor_context	41	void overlay	1275	3653	0	19	57	source_plane=1 shape=0 rot=0
terrain	void_overlay_no_floor_context	41	void overlay	1275	3654	0	19	57	source_plane=1 shape=0 rot=0
terrain	void_overlay_no_floor_context	41	void overlay	1275	3655	0	19	57	source_plane=1 shape=0 rot=0
terrain	void_overlay_no_floor_context	41	void overlay	1276	3648	0	19	57	source_plane=1 shape=0 rot=0
terrain	void_overlay_no_floor_context	41	void overlay	1276	3649	0	19	57	source_plane=1 shape=0 rot=0
terrain	void_overlay_no_floor_context	41	void overlay	1276	3650	0	19	57	source_plane=1 shape=0 rot=0
terrain	void_overlay_no_floor_context	41	void overlay	1276	3651	0	19	57	source_plane=1 shape=0 rot=0
terrain	void_overlay_no_floor_context	41	void overlay	1276	3652	0	19	57	source_plane=1 shape=0 rot=0
terrain	void_overlay_no_floor_context	41	void overlay	1276	3653	0	19	57	source_plane=1 shape=0 rot=0
terrain	void_overlay_no_floor_context	41	void overlay	1276	3654	0	19	57	source_plane=1 shape=0 rot=0
terrain	void_overlay_no_floor_context	41	void overlay	1276	3655	0	19	57	source_plane=1 shape=0 rot=0
terrain	void_overlay_no_floor_context	152	void overlay	1310	2918	0	20	45	source_plane=1 shape=0 rot=0
terrain	void_overlay_no_floor_context	152	void overlay	1310	2919	0	20	45	source_plane=1 shape=0 rot=0
terrain	void_overlay_no_floor_context	152	void overlay	1312	2906	0	20	45	source_plane=1 shape=0 rot=0
terrain	void_overlay_no_floor_context	160	void overlay	1283	3139	0	20	49	source_plane=1 shape=0 rot=0
terrain	void_overlay_no_floor_context	160	void overlay	1283	3140	0	20	49	source_plane=1 shape=0 rot=0
terrain	void_overlay_no_floor_context	160	void overlay	1283	3141	0	20	49	source_plane=1 shape=0 rot=0
terrain	void_overlay_no_floor_context	160	void overlay	1283	3142	0	20	49	source_plane=1 shape=0 rot=0
terrain	void_overlay_no_floor_context	160	void overlay	1283	3143	0	20	49	source_plane=1 shape=0 rot=0
terrain	void_overlay_no_floor_context	160	void overlay	1283	3144	0	20	49	source_plane=1 shape=0 rot=0
terrain	void_overlay_no_floor_context	160	void overlay	1283	3145	0	20	49	source_plane=1 shape=0 rot=0
terrain	void_overlay_no_floor_context	160	void overlay	1283	3146	0	20	49	source_plane=1 shape=0 rot=0
terrain	void_overlay_no_floor_context	160	void overlay	1315	3148	0	20	49	source_plane=1 shape=0 rot=0
terrain	void_overlay_no_floor_context	160	void overlay	1315	3149	0	20	49	source_plane=1 shape=0 rot=0
terrain	void_overlay_no_floor_context	160	void overlay	1315	3150	0	20	49	source_plane=1 shape=0 rot=0
terrain	void_overlay_no_floor_context	160	void overlay	1315	3151	0	20	49	source_plane=1 shape=0 rot=0
terrain	void_overlay_no_floor_context	160	void overlay	1315	3152	0	20	49	source_plane=1 shape=0 rot=0
terrain	void_overlay_no_floor_context	160	void overlay	1315	3153	0	20	49	source_plane=1 shape=0 rot=0
terrain	void_overlay_no_floor_context	160	void overlay	1315	3154	0	20	49	source_plane=1 shape=0 rot=0
terrain	void_overlay_no_floor_context	160	void overlay	1316	3148	0	20	49	source_plane=1 shape=0 rot=0
terrain	void_overlay_no_floor_context	160	void overlay	1316	3149	0	20	49	source_plane=1 shape=0 rot=0
terrain	void_overlay_no_floor_context	160	void overlay	1316	3150	0	20	49	source_plane=1 shape=0 rot=0
terrain	void_overlay_no_floor_context	160	void overlay	1316	3151	0	20	49	source_plane=1 shape=0 rot=0
terrain	void_overlay_no_floor_context	160	void overlay	1316	3152	0	20	49	source_plane=1 shape=0 rot=0
terrain	void_overlay_no_floor_context	160	void overlay	1316	3153	0	20	49	source_plane=1 shape=0 rot=0
terrain	void_overlay_no_floor_context	160	void overlay	1316	3154	0	20	49	source_plane=1 shape=0 rot=0
terrain	void_overlay_no_floor_context	160	void overlay	1283	3217	0	20	50	source_plane=1 shape=0 rot=0
terrain	void_overlay_no_floor_context	160	void overlay	1284	3216	0	20	50	source_plane=1 shape=0 rot=0
terrain	void_overlay_no_floor_context	160	void overlay	1284	3217	0	20	50	source_plane=1 shape=0 rot=0
terrain	void_overlay_no_floor_context	160	void overlay	1284	3218	0	20	50	source_plane=1 shape=0 rot=0
terrain	void_overlay_no_floor_context	60	void overlay	1281	3380	0	20	52	source_plane=1 shape=0 rot=0
terrain	void_overlay_no_floor_context	60	void overlay	1281	3381	0	20	52	source_plane=1 shape=0 rot=0
terrain	void_overlay_no_floor_context	60	void overlay	1281	3382	0	20	52	source_plane=1 shape=0 rot=0
terrain	void_overlay_no_floor_context	60	void overlay	1281	3383	0	20	52	source_plane=1 shape=0 rot=0
terrain	void_overlay_no_floor_context	60	void overlay	1281	3384	0	20	52	source_plane=1 shape=0 rot=0
terrain	void_overlay_no_floor_context	60	void overlay	1281	3385	0	20	52	source_plane=1 shape=0 rot=0
terrain	void_overlay_no_floor_context	60	void overlay	1282	3380	0	20	52	source_plane=1 shape=0 rot=0
terrain	void_overlay_no_floor_context	60	void overlay	1282	3381	0	20	52	source_plane=1 shape=0 rot=0
terrain	void_overlay_no_floor_context	60	void overlay	1282	3382	0	20	52	source_plane=1 shape=0 rot=0
terrain	void_overlay_no_floor_context	60	void overlay	1282	3383	0	20	52	source_plane=1 shape=0 rot=0
terrain	void_overlay_no_floor_context	60	void overlay	1282	3384	0	20	52	source_plane=1 shape=0 rot=0
terrain	void_overlay_no_floor_context	60	void overlay	1282	3385	0	20	52	source_plane=1 shape=0 rot=0
terrain	void_overlay_no_floor_context	60	void overlay	1283	3380	0	20	52	source_plane=1 shape=0 rot=0
terrain	void_overlay_no_floor_context	60	void overlay	1283	3381	0	20	52	source_plane=1 shape=0 rot=0
terrain	void_overlay_no_floor_context	60	void overlay	1283	3382	0	20	52	source_plane=1 shape=0 rot=0
terrain	void_overlay_no_floor_context	60	void overlay	1283	3383	0	20	52	source_plane=1 shape=0 rot=0
terrain	void_overlay_no_floor_context	60	void overlay	1283	3384	0	20	52	source_plane=1 shape=0 rot=0
terrain	void_overlay_no_floor_context	60	void overlay	1283	3385	0	20	52	source_plane=1 shape=0 rot=0
terrain	void_overlay_no_floor_context	433	void overlay	1324	3345	0	20	52	source_plane=1 shape=0 rot=0
terrain	void_overlay_no_floor_context	433	void overlay	1325	3345	0	20	52	source_plane=1 shape=0 rot=0
terrain	void_overlay_no_floor_context	433	void overlay	1326	3345	0	20	52	source_plane=1 shape=0 rot=0
terrain	void_overlay_no_floor_context	433	void overlay	1327	3345	0	20	52	source_plane=1 shape=0 rot=0
terrain	void_overlay_no_floor_context	433	void overlay	1328	3345	0	20	52	source_plane=1 shape=0 rot=0
terrain	void_overlay_no_floor_context	135	void overlay	1329	3345	0	20	52	source_plane=1 shape=0 rot=0
terrain	void_overlay_no_floor_context	135	void overlay	1330	3345	0	20	52	source_plane=1 shape=0 rot=0
terrain	void_overlay_no_floor_context	135	void overlay	1331	3345	0	20	52	source_plane=1 shape=0 rot=0
terrain	void_overlay_no_floor_context	435	void overlay	1332	3345	0	20	52	source_plane=1 shape=0 rot=0
terrain	void_overlay_no_floor_context	435	void overlay	1333	3345	0	20	52	source_plane=1 shape=0 rot=0
terrain	void_overlay_no_floor_context	435	void overlay	1334	3345	0	20	52	source_plane=1 shape=0 rot=0
terrain	void_overlay_no_floor_context	435	void overlay	1335	3345	0	20	52	source_plane=1 shape=0 rot=0
terrain	void_overlay_no_floor_context	435	void overlay	1336	3345	0	20	52	source_plane=1 shape=0 rot=0
terrain	void_overlay_no_floor_context	41	void overlay	1310	3513	0	20	54	source_plane=1 shape=0 rot=0
terrain	void_overlay_no_floor_context	41	void overlay	1311	3513	0	20	54	source_plane=1 shape=0 rot=0
terrain	void_overlay_no_floor_context	41	void overlay	1311	3514	0	20	54	source_plane=1 shape=0 rot=0
terrain	void_overlay_no_floor_context	41	void overlay	1311	3515	0	20	54	source_plane=1 shape=0 rot=0
terrain	void_overlay_no_floor_context	41	void overlay	1311	3516	0	20	54	source_plane=1 shape=0 rot=0
terrain	void_overlay_no_floor_context	41	void overlay	1311	3517	0	20	54	source_plane=1 shape=0 rot=0
terrain	void_overlay_no_floor_context	41	void overlay	1311	3518	0	20	54	source_plane=1 shape=0 rot=0
terrain	void_overlay_no_floor_context	41	void overlay	1280	3645	0	20	56	source_plane=1 shape=0 rot=0
terrain	void_overlay_no_floor_context	41	void overlay	1280	3646	0	20	56	source_plane=1 shape=0 rot=0
terrain	void_overlay_no_floor_context	41	void overlay	1281	3645	0	20	56	source_plane=1 shape=0 rot=0
terrain	void_overlay_no_floor_context	41	void overlay	1281	3646	0	20	56	source_plane=1 shape=0 rot=0
terrain	void_overlay_no_floor_context	41	void overlay	1282	3645	0	20	56	source_plane=1 shape=0 rot=0
terrain	void_overlay_no_floor_context	41	void overlay	1282	3646	0	20	56	source_plane=1 shape=0 rot=0
terrain	void_overlay_no_floor_context	41	void overlay	1283	3645	0	20	56	source_plane=1 shape=0 rot=0
terrain	void_overlay_no_floor_context	41	void overlay	1283	3646	0	20	56	source_plane=1 shape=0 rot=0
terrain	void_overlay_no_floor_context	41	void overlay	1284	3645	0	20	56	source_plane=1 shape=0 rot=0
terrain	void_overlay_no_floor_context	41	void overlay	1284	3646	0	20	56	source_plane=1 shape=0 rot=0
terrain	void_overlay_no_floor_context	41	void overlay	1285	3600	0	20	56	source_plane=1 shape=0 rot=0
terrain	void_overlay_no_floor_context	41	void overlay	1285	3601	0	20	56	source_plane=1 shape=0 rot=0
terrain	void_overlay_no_floor_context	41	void overlay	1285	3602	0	20	56	source_plane=1 shape=0 rot=0
terrain	void_overlay_no_floor_context	41	void overlay	1285	3603	0	20	56	source_plane=1 shape=0 rot=0
terrain	void_overlay_no_floor_context	41	void overlay	1285	3604	0	20	56	source_plane=1 shape=0 rot=0
terrain	void_overlay_no_floor_context	41	void overlay	1285	3605	0	20	56	source_plane=1 shape=0 rot=0
terrain	void_overlay_no_floor_context	41	void overlay	1285	3606	0	20	56	source_plane=1 shape=0 rot=0
terrain	void_overlay_no_floor_context	41	void overlay	1285	3607	0	20	56	source_plane=1 shape=0 rot=0
terrain	void_overlay_no_floor_context	41	void overlay	1285	3645	0	20	56	source_plane=1 shape=0 rot=0
terrain	void_overlay_no_floor_context	41	void overlay	1285	3646	0	20	56	source_plane=1 shape=0 rot=0
terrain	void_overlay_no_floor_context	41	void overlay	1286	3600	0	20	56	source_plane=1 shape=0 rot=0
terrain	void_overlay_no_floor_context	41	void overlay	1286	3601	0	20	56	source_plane=1 shape=0 rot=0
terrain	void_overlay_no_floor_context	41	void overlay	1286	3602	0	20	56	source_plane=1 shape=0 rot=0
terrain	void_overlay_no_floor_context	41	void overlay	1286	3603	0	20	56	source_plane=1 shape=0 rot=0
terrain	void_overlay_no_floor_context	41	void overlay	1286	3604	0	20	56	source_plane=1 shape=0 rot=0
terrain	void_overlay_no_floor_context	41	void overlay	1286	3605	0	20	56	source_plane=1 shape=0 rot=0
terrain	void_overlay_no_floor_context	41	void overlay	1286	3606	0	20	56	source_plane=1 shape=0 rot=0
terrain	void_overlay_no_floor_context	41	void overlay	1286	3607	0	20	56	source_plane=1 shape=0 rot=0
terrain	void_overlay_no_floor_context	41	void overlay	1287	3606	0	20	56	source_plane=1 shape=0 rot=0
terrain	void_overlay_no_floor_context	41	void overlay	1287	3607	0	20	56	source_plane=1 shape=0 rot=0
terrain	void_overlay_no_floor_context	41	void overlay	1288	3606	0	20	56	source_plane=1 shape=0 rot=0
terrain	void_overlay_no_floor_context	41	void overlay	1288	3607	0	20	56	source_plane=1 shape=0 rot=0
terrain	void_overlay_no_floor_context	41	void overlay	1289	3606	0	20	56	source_plane=1 shape=0 rot=0
terrain	void_overlay_no_floor_context	41	void overlay	1289	3607	0	20	56	source_plane=1 shape=0 rot=0
terrain	void_overlay_no_floor_context	41	void overlay	1290	3606	0	20	56	source_plane=1 shape=0 rot=0
terrain	void_overlay_no_floor_context	41	void overlay	1290	3607	0	20	56	source_plane=1 shape=0 rot=0
terrain	void_overlay_no_floor_context	41	void overlay	1291	3607	0	20	56	source_plane=1 shape=0 rot=0
terrain	void_overlay_no_floor_context	41	void overlay	1292	3607	0	20	56	source_plane=1 shape=0 rot=0
terrain	void_overlay_no_floor_context	41	void overlay	1292	3608	0	20	56	source_plane=1 shape=0 rot=0
terrain	void_overlay_no_floor_context	41	void overlay	1292	3609	0	20	56	source_plane=1 shape=0 rot=0
terrain	void_overlay_no_floor_context	41	void overlay	1292	3610	0	20	56	source_plane=1 shape=0 rot=0
terrain	void_overlay_no_floor_context	41	void overlay	1292	3611	0	20	56	source_plane=1 shape=0 rot=0
terrain	void_overlay_no_floor_context	41	void overlay	1292	3612	0	20	56	source_plane=1 shape=0 rot=0
terrain	void_overlay_no_floor_context	41	void overlay	1292	3613	0	20	56	source_plane=1 shape=0 rot=0
terrain	void_overlay_no_floor_context	41	void overlay	1293	3607	0	20	56	source_plane=1 shape=0 rot=0
terrain	void_overlay_no_floor_context	41	void overlay	1293	3608	0	20	56	source_plane=1 shape=0 rot=0
terrain	void_overlay_no_floor_context	41	void overlay	1293	3609	0	20	56	source_plane=1 shape=0 rot=0
terrain	void_overlay_no_floor_context	41	void overlay	1293	3610	0	20	56	source_plane=1 shape=0 rot=0
terrain	void_overlay_no_floor_context	41	void overlay	1293	3611	0	20	56	source_plane=1 shape=0 rot=0
terrain	void_overlay_no_floor_context	41	void overlay	1293	3612	0	20	56	source_plane=1 shape=0 rot=0
terrain	void_overlay_no_floor_context	41	void overlay	1293	3613	0	20	56	source_plane=1 shape=0 rot=0
terrain	void_overlay_no_floor_context	41	void overlay	1293	3636	0	20	56	source_plane=1 shape=0 rot=0
terrain	void_overlay_no_floor_context	41	void overlay	1293	3637	0	20	56	source_plane=1 shape=0 rot=0
terrain	void_overlay_no_floor_context	41	void overlay	1293	3638	0	20	56	source_plane=1 shape=0 rot=0
terrain	void_overlay_no_floor_context	41	void overlay	1293	3639	0	20	56	source_plane=1 shape=0 rot=0
terrain	void_overlay_no_floor_context	41	void overlay	1293	3640	0	20	56	source_plane=1 shape=0 rot=0
terrain	void_overlay_no_floor_context	41	void overlay	1293	3641	0	20	56	source_plane=1 shape=0 rot=0
terrain	void_overlay_no_floor_context	41	void overlay	1293	3642	0	20	56	source_plane=1 shape=0 rot=0
terrain	void_overlay_no_floor_context	41	void overlay	1293	3643	0	20	56	source_plane=1 shape=0 rot=0
terrain	void_overlay_no_floor_context	41	void overlay	1294	3607	0	20	56	source_plane=1 shape=0 rot=0
terrain	void_overlay_no_floor_context	41	void overlay	1294	3636	0	20	56	source_plane=1 shape=0 rot=0
terrain	void_overlay_no_floor_context	41	void overlay	1294	3637	0	20	56	source_plane=1 shape=0 rot=0
terrain	void_overlay_no_floor_context	41	void overlay	1294	3638	0	20	56	source_plane=1 shape=0 rot=0
terrain	void_overlay_no_floor_context	41	void overlay	1294	3639	0	20	56	source_plane=1 shape=0 rot=0
terrain	void_overlay_no_floor_context	41	void overlay	1294	3640	0	20	56	source_plane=1 shape=0 rot=0
terrain	void_overlay_no_floor_context	41	void overlay	1294	3641	0	20	56	source_plane=1 shape=0 rot=0
terrain	void_overlay_no_floor_context	41	void overlay	1294	3642	0	20	56	source_plane=1 shape=0 rot=0
terrain	void_overlay_no_floor_context	41	void overlay	1294	3643	0	20	56	source_plane=1 shape=0 rot=0
terrain	void_overlay_no_floor_context	41	void overlay	1295	3607	0	20	56	source_plane=1 shape=0 rot=0
terrain	void_overlay_no_floor_context	41	void overlay	1296	3607	0	20	56	source_plane=1 shape=0 rot=0
terrain	void_overlay_no_floor_context	41	void overlay	1297	3607	0	20	56	source_plane=1 shape=0 rot=0
terrain	void_overlay_no_floor_context	41	void overlay	1298	3607	0	20	56	source_plane=1 shape=0 rot=0
terrain	void_overlay_no_floor_context	41	void overlay	1298	3615	0	20	56	source_plane=1 shape=0 rot=0
terrain	void_overlay_no_floor_context	41	void overlay	1298	3616	0	20	56	source_plane=1 shape=0 rot=0
terrain	void_overlay_no_floor_context	41	void overlay	1298	3617	0	20	56	source_plane=1 shape=0 rot=0
terrain	void_overlay_no_floor_context	41	void overlay	1298	3618	0	20	56	source_plane=1 shape=0 rot=0
terrain	void_overlay_no_floor_context	41	void overlay	1298	3619	0	20	56	source_plane=1 shape=0 rot=0
terrain	void_overlay_no_floor_context	41	void overlay	1298	3620	0	20	56	source_plane=1 shape=0 rot=0
terrain	void_overlay_no_floor_context	41	void overlay	1298	3621	0	20	56	source_plane=1 shape=0 rot=0
terrain	void_overlay_no_floor_context	41	void overlay	1298	3622	0	20	56	source_plane=1 shape=0 rot=0
terrain	void_overlay_no_floor_context	41	void overlay	1298	3623	0	20	56	source_plane=1 shape=0 rot=0
terrain	void_overlay_no_floor_context	41	void overlay	1298	3624	0	20	56	source_plane=1 shape=0 rot=0
terrain	void_overlay_no_floor_context	41	void overlay	1298	3625	0	20	56	source_plane=1 shape=0 rot=0
terrain	void_overlay_no_floor_context	41	void overlay	1298	3626	0	20	56	source_plane=1 shape=0 rot=0
terrain	void_overlay_no_floor_context	41	void overlay	1298	3627	0	20	56	source_plane=1 shape=0 rot=0
terrain	void_overlay_no_floor_context	41	void overlay	1299	3615	0	20	56	source_plane=1 shape=0 rot=0
terrain	void_overlay_no_floor_context	41	void overlay	1299	3616	0	20	56	source_plane=1 shape=0 rot=0
terrain	void_overlay_no_floor_context	41	void overlay	1299	3617	0	20	56	source_plane=1 shape=0 rot=0
terrain	void_overlay_no_floor_context	41	void overlay	1299	3618	0	20	56	source_plane=1 shape=0 rot=0
terrain	void_overlay_no_floor_context	41	void overlay	1299	3619	0	20	56	source_plane=1 shape=0 rot=0
terrain	void_overlay_no_floor_context	41	void overlay	1299	3620	0	20	56	source_plane=1 shape=0 rot=0
terrain	void_overlay_no_floor_context	41	void overlay	1299	3621	0	20	56	source_plane=1 shape=0 rot=0
terrain	void_overlay_no_floor_context	41	void overlay	1299	3622	0	20	56	source_plane=1 shape=0 rot=0
terrain	void_overlay_no_floor_context	41	void overlay	1299	3623	0	20	56	source_plane=1 shape=0 rot=0
terrain	void_overlay_no_floor_context	41	void overlay	1299	3624	0	20	56	source_plane=1 shape=0 rot=0
terrain	void_overlay_no_floor_context	41	void overlay	1299	3625	0	20	56	source_plane=1 shape=0 rot=0
terrain	void_overlay_no_floor_context	41	void overlay	1299	3626	0	20	56	source_plane=1 shape=0 rot=0
terrain	void_overlay_no_floor_context	41	void overlay	1299	3627	0	20	56	source_plane=1 shape=0 rot=0
terrain	void_overlay_no_floor_context	41	void overlay	1300	3615	0	20	56	source_plane=1 shape=0 rot=0
terrain	void_overlay_no_floor_context	41	void overlay	1300	3616	0	20	56	source_plane=1 shape=0 rot=0
terrain	void_overlay_no_floor_context	41	void overlay	1300	3643	0	20	56	source_plane=1 shape=0 rot=0
terrain	void_overlay_no_floor_context	41	void overlay	1300	3644	0	20	56	source_plane=1 shape=0 rot=0
terrain	void_overlay_no_floor_context	41	void overlay	1301	3615	0	20	56	source_plane=1 shape=0 rot=0
terrain	void_overlay_no_floor_context	41	void overlay	1301	3616	0	20	56	source_plane=1 shape=0 rot=0
terrain	void_overlay_no_floor_context	41	void overlay	1301	3643	0	20	56	source_plane=1 shape=0 rot=0
terrain	void_overlay_no_floor_context	41	void overlay	1301	3644	0	20	56	source_plane=1 shape=0 rot=0
terrain	void_overlay_no_floor_context	41	void overlay	1302	3615	0	20	56	source_plane=1 shape=0 rot=0
terrain	void_overlay_no_floor_context	41	void overlay	1302	3616	0	20	56	source_plane=1 shape=0 rot=0
terrain	void_overlay_no_floor_context	41	void overlay	1302	3643	0	20	56	source_plane=1 shape=0 rot=0
terrain	void_overlay_no_floor_context	41	void overlay	1302	3644	0	20	56	source_plane=1 shape=0 rot=0
terrain	void_overlay_no_floor_context	41	void overlay	1303	3615	0	20	56	source_plane=1 shape=0 rot=0
terrain	void_overlay_no_floor_context	41	void overlay	1303	3616	0	20	56	source_plane=1 shape=0 rot=0
terrain	void_overlay_no_floor_context	41	void overlay	1303	3643	0	20	56	source_plane=1 shape=0 rot=0
terrain	void_overlay_no_floor_context	41	void overlay	1303	3644	0	20	56	source_plane=1 shape=0 rot=0
terrain	void_overlay_no_floor_context	41	void overlay	1304	3643	0	20	56	source_plane=1 shape=0 rot=0
terrain	void_overlay_no_floor_context	41	void overlay	1304	3644	0	20	56	source_plane=1 shape=0 rot=0
terrain	void_overlay_no_floor_context	41	void overlay	1305	3643	0	20	56	source_plane=1 shape=0 rot=0
terrain	void_overlay_no_floor_context	41	void overlay	1305	3644	0	20	56	source_plane=1 shape=0 rot=0
terrain	void_overlay_no_floor_context	41	void overlay	1306	3643	0	20	56	source_plane=1 shape=0 rot=0
terrain	void_overlay_no_floor_context	41	void overlay	1306	3644	0	20	56	source_plane=1 shape=0 rot=0
terrain	void_overlay_no_floor_context	41	void overlay	1311	3603	0	20	56	source_plane=1 shape=0 rot=0
terrain	void_overlay_no_floor_context	41	void overlay	1311	3604	0	20	56	source_plane=1 shape=0 rot=0
terrain	void_overlay_no_floor_context	41	void overlay	1312	3597	0	20	56	source_plane=1 shape=0 rot=0
terrain	void_overlay_no_floor_context	41	void overlay	1312	3598	0	20	56	source_plane=1 shape=0 rot=0
terrain	void_overlay_no_floor_context	41	void overlay	1312	3599	0	20	56	source_plane=1 shape=0 rot=0
terrain	void_overlay_no_floor_context	41	void overlay	1312	3600	0	20	56	source_plane=1 shape=0 rot=0
terrain	void_overlay_no_floor_context	41	void overlay	1312	3601	0	20	56	source_plane=1 shape=0 rot=0
terrain	void_overlay_no_floor_context	41	void overlay	1312	3602	0	20	56	source_plane=1 shape=0 rot=0
terrain	void_overlay_no_floor_context	41	void overlay	1312	3603	0	20	56	source_plane=1 shape=0 rot=0
terrain	void_overlay_no_floor_context	41	void overlay	1312	3604	0	20	56	source_plane=1 shape=0 rot=0
terrain	void_overlay_no_floor_context	41	void overlay	1312	3605	0	20	56	source_plane=1 shape=0 rot=0
terrain	void_overlay_no_floor_context	41	void overlay	1312	3606	0	20	56	source_plane=1 shape=0 rot=0
terrain	void_overlay_no_floor_context	41	void overlay	1312	3607	0	20	56	source_plane=1 shape=0 rot=0
terrain	void_overlay_no_floor_context	41	void overlay	1312	3608	0	20	56	source_plane=1 shape=0 rot=0
terrain	void_overlay_no_floor_context	41	void overlay	1312	3609	0	20	56	source_plane=1 shape=0 rot=0
terrain	void_overlay_no_floor_context	41	void overlay	1312	3610	0	20	56	source_plane=1 shape=0 rot=0
terrain	void_overlay_no_floor_context	41	void overlay	1312	3611	0	20	56	source_plane=1 shape=0 rot=0
terrain	void_overlay_no_floor_context	41	void overlay	1313	3597	0	20	56	source_plane=1 shape=0 rot=0
terrain	void_overlay_no_floor_context	41	void overlay	1313	3598	0	20	56	source_plane=1 shape=0 rot=0
terrain	void_overlay_no_floor_context	41	void overlay	1313	3599	0	20	56	source_plane=1 shape=0 rot=0
terrain	void_overlay_no_floor_context	41	void overlay	1313	3600	0	20	56	source_plane=1 shape=0 rot=0
terrain	void_overlay_no_floor_context	41	void overlay	1313	3601	0	20	56	source_plane=1 shape=0 rot=0
terrain	void_overlay_no_floor_context	41	void overlay	1313	3602	0	20	56	source_plane=1 shape=0 rot=0
terrain	void_overlay_no_floor_context	41	void overlay	1313	3603	0	20	56	source_plane=1 shape=0 rot=0
terrain	void_overlay_no_floor_context	41	void overlay	1313	3604	0	20	56	source_plane=1 shape=0 rot=0
terrain	void_overlay_no_floor_context	41	void overlay	1313	3605	0	20	56	source_plane=1 shape=0 rot=0
terrain	void_overlay_no_floor_context	41	void overlay	1313	3606	0	20	56	source_plane=1 shape=0 rot=0
terrain	void_overlay_no_floor_context	41	void overlay	1313	3607	0	20	56	source_plane=1 shape=0 rot=0
terrain	void_overlay_no_floor_context	41	void overlay	1313	3608	0	20	56	source_plane=1 shape=0 rot=0
terrain	void_overlay_no_floor_context	41	void overlay	1313	3609	0	20	56	source_plane=1 shape=0 rot=0
terrain	void_overlay_no_floor_context	41	void overlay	1313	3610	0	20	56	source_plane=1 shape=0 rot=0
terrain	void_overlay_no_floor_context	41	void overlay	1313	3611	0	20	56	source_plane=1 shape=0 rot=0
terrain	void_overlay_no_floor_context	41	void overlay	1314	3603	0	20	56	source_plane=1 shape=0 rot=0
terrain	void_overlay_no_floor_context	41	void overlay	1314	3604	0	20	56	source_plane=1 shape=0 rot=0
terrain	void_overlay_no_floor_context	41	void overlay	1315	3603	0	20	56	source_plane=1 shape=0 rot=0
terrain	void_overlay_no_floor_context	41	void overlay	1315	3604	0	20	56	source_plane=1 shape=0 rot=0
terrain	void_overlay_no_floor_context	41	void overlay	1316	3603	0	20	56	source_plane=1 shape=0 rot=0
terrain	void_overlay_no_floor_context	41	void overlay	1316	3604	0	20	56	source_plane=1 shape=0 rot=0
terrain	void_overlay_no_floor_context	41	void overlay	1316	3628	0	20	56	source_plane=1 shape=0 rot=0
terrain	void_overlay_no_floor_context	41	void overlay	1316	3629	0	20	56	source_plane=1 shape=0 rot=0
terrain	void_overlay_no_floor_context	41	void overlay	1316	3630	0	20	56	source_plane=1 shape=0 rot=0
terrain	void_overlay_no_floor_context	41	void overlay	1316	3631	0	20	56	source_plane=1 shape=0 rot=0
terrain	void_overlay_no_floor_context	41	void overlay	1317	3603	0	20	56	source_plane=1 shape=0 rot=0
terrain	void_overlay_no_floor_context	41	void overlay	1317	3604	0	20	56	source_plane=1 shape=0 rot=0
terrain	void_overlay_no_floor_context	41	void overlay	1317	3617	0	20	56	source_plane=1 shape=0 rot=0
terrain	void_overlay_no_floor_context	41	void overlay	1317	3618	0	20	56	source_plane=1 shape=0 rot=0
terrain	void_overlay_no_floor_context	41	void overlay	1317	3627	0	20	56	source_plane=1 shape=0 rot=0
terrain	void_overlay_no_floor_context	41	void overlay	1317	3628	0	20	56	source_plane=1 shape=0 rot=0
terrain	void_overlay_no_floor_context	41	void overlay	1317	3629	0	20	56	source_plane=1 shape=0 rot=0
terrain	void_overlay_no_floor_context	41	void overlay	1317	3630	0	20	56	source_plane=1 shape=0 rot=0
terrain	void_overlay_no_floor_context	41	void overlay	1317	3631	0	20	56	source_plane=1 shape=0 rot=0
terrain	void_overlay_no_floor_context	41	void overlay	1318	3597	0	20	56	source_plane=1 shape=0 rot=0
terrain	void_overlay_no_floor_context	41	void overlay	1318	3598	0	20	56	source_plane=1 shape=0 rot=0
terrain	void_overlay_no_floor_context	41	void overlay	1318	3603	0	20	56	source_plane=1 shape=0 rot=0
terrain	void_overlay_no_floor_context	41	void overlay	1318	3604	0	20	56	source_plane=1 shape=0 rot=0
terrain	void_overlay_no_floor_context	41	void overlay	1318	3617	0	20	56	source_plane=1 shape=0 rot=0
terrain	void_overlay_no_floor_context	41	void overlay	1318	3618	0	20	56	source_plane=1 shape=0 rot=0
terrain	void_overlay_no_floor_context	41	void overlay	1319	3597	0	20	56	source_plane=1 shape=0 rot=0
terrain	void_overlay_no_floor_context	41	void overlay	1319	3598	0	20	56	source_plane=1 shape=0 rot=0
terrain	void_overlay_no_floor_context	41	void overlay	1319	3603	0	20	56	source_plane=1 shape=0 rot=0
terrain	void_overlay_no_floor_context	41	void overlay	1319	3604	0	20	56	source_plane=1 shape=0 rot=0
terrain	void_overlay_no_floor_context	41	void overlay	1319	3617	0	20	56	source_plane=1 shape=0 rot=0
terrain	void_overlay_no_floor_context	41	void overlay	1319	3618	0	20	56	source_plane=1 shape=0 rot=0
terrain	void_overlay_no_floor_context	41	void overlay	1320	3597	0	20	56	source_plane=1 shape=0 rot=0
terrain	void_overlay_no_floor_context	41	void overlay	1320	3598	0	20	56	source_plane=1 shape=0 rot=0
terrain	void_overlay_no_floor_context	41	void overlay	1320	3603	0	20	56	source_plane=1 shape=0 rot=0
terrain	void_overlay_no_floor_context	41	void overlay	1320	3604	0	20	56	source_plane=1 shape=0 rot=0
terrain	void_overlay_no_floor_context	41	void overlay	1320	3617	0	20	56	source_plane=1 shape=0 rot=0
terrain	void_overlay_no_floor_context	41	void overlay	1320	3618	0	20	56	source_plane=1 shape=0 rot=0
terrain	void_overlay_no_floor_context	41	void overlay	1321	3597	0	20	56	source_plane=1 shape=0 rot=0
terrain	void_overlay_no_floor_context	41	void overlay	1321	3598	0	20	56	source_plane=1 shape=0 rot=0
terrain	void_overlay_no_floor_context	41	void overlay	1321	3617	0	20	56	source_plane=1 shape=0 rot=0
terrain	void_overlay_no_floor_context	41	void overlay	1321	3618	0	20	56	source_plane=1 shape=0 rot=0
terrain	void_overlay_no_floor_context	41	void overlay	1322	3597	0	20	56	source_plane=1 shape=0 rot=0
terrain	void_overlay_no_floor_context	41	void overlay	1322	3598	0	20	56	source_plane=1 shape=0 rot=0
terrain	void_overlay_no_floor_context	41	void overlay	1322	3617	0	20	56	source_plane=1 shape=0 rot=0
terrain	void_overlay_no_floor_context	41	void overlay	1322	3618	0	20	56	source_plane=1 shape=0 rot=0
terrain	void_overlay_no_floor_context	41	void overlay	1323	3594	0	20	56	source_plane=1 shape=0 rot=0
terrain	void_overlay_no_floor_context	41	void overlay	1323	3595	0	20	56	source_plane=1 shape=0 rot=0
terrain	void_overlay_no_floor_context	41	void overlay	1323	3596	0	20	56	source_plane=1 shape=0 rot=0
terrain	void_overlay_no_floor_context	41	void overlay	1323	3597	0	20	56	source_plane=1 shape=0 rot=0
terrain	void_overlay_no_floor_context	41	void overlay	1323	3598	0	20	56	source_plane=1 shape=0 rot=0
terrain	void_overlay_no_floor_context	41	void overlay	1323	3599	0	20	56	source_plane=1 shape=0 rot=0
terrain	void_overlay_no_floor_context	41	void overlay	1323	3600	0	20	56	source_plane=1 shape=0 rot=0
terrain	void_overlay_no_floor_context	41	void overlay	1323	3601	0	20	56	source_plane=1 shape=0 rot=0
terrain	void_overlay_no_floor_context	41	void overlay	1323	3617	0	20	56	source_plane=1 shape=0 rot=0
terrain	void_overlay_no_floor_context	41	void overlay	1323	3618	0	20	56	source_plane=1 shape=0 rot=0
terrain	void_overlay_no_floor_context	41	void overlay	1324	3594	0	20	56	source_plane=1 shape=0 rot=0
terrain	void_overlay_no_floor_context	41	void overlay	1324	3595	0	20	56	source_plane=1 shape=0 rot=0
terrain	void_overlay_no_floor_context	41	void overlay	1324	3596	0	20	56	source_plane=1 shape=0 rot=0
terrain	void_overlay_no_floor_context	41	void overlay	1324	3597	0	20	56	source_plane=1 shape=0 rot=0
terrain	void_overlay_no_floor_context	41	void overlay	1324	3598	0	20	56	source_plane=1 shape=0 rot=0
terrain	void_overlay_no_floor_context	41	void overlay	1324	3599	0	20	56	source_plane=1 shape=0 rot=0
terrain	void_overlay_no_floor_context	41	void overlay	1324	3600	0	20	56	source_plane=1 shape=0 rot=0
terrain	void_overlay_no_floor_context	41	void overlay	1324	3601	0	20	56	source_plane=1 shape=0 rot=0
terrain	void_overlay_no_floor_context	41	void overlay	1307	3652	0	20	57	source_plane=1 shape=0 rot=0
terrain	void_overlay_no_floor_context	41	void overlay	1307	3653	0	20	57	source_plane=1 shape=0 rot=0
terrain	void_overlay_no_floor_context	41	void overlay	1307	3654	0	20	57	source_plane=1 shape=0 rot=0
terrain	void_overlay_no_floor_context	41	void overlay	1307	3655	0	20	57	source_plane=1 shape=0 rot=0
terrain	void_overlay_no_floor_context	41	void overlay	1307	3656	0	20	57	source_plane=1 shape=0 rot=0
terrain	void_overlay_no_floor_context	41	void overlay	1307	3657	0	20	57	source_plane=1 shape=0 rot=0
terrain	void_overlay_no_floor_context	41	void overlay	1307	3658	0	20	57	source_plane=1 shape=0 rot=0
terrain	void_overlay_no_floor_context	41	void overlay	1308	3652	0	20	57	source_plane=1 shape=0 rot=0
terrain	void_overlay_no_floor_context	41	void overlay	1308	3653	0	20	57	source_plane=1 shape=0 rot=0
terrain	void_overlay_no_floor_context	41	void overlay	1308	3654	0	20	57	source_plane=1 shape=0 rot=0
terrain	void_overlay_no_floor_context	41	void overlay	1308	3655	0	20	57	source_plane=1 shape=0 rot=0
terrain	void_overlay_no_floor_context	41	void overlay	1308	3656	0	20	57	source_plane=1 shape=0 rot=0
terrain	void_overlay_no_floor_context	41	void overlay	1308	3657	0	20	57	source_plane=1 shape=0 rot=0
terrain	void_overlay_no_floor_context	41	void overlay	1308	3658	0	20	57	source_plane=1 shape=0 rot=0
terrain	void_overlay_no_floor_context	41	void overlay	1280	9344	0	20	146	source_plane=0 shape=0 rot=0
terrain	void_overlay_no_floor_context	41	void overlay	1280	9345	0	20	146	source_plane=0 shape=0 rot=0
terrain	void_overlay_no_floor_context	41	void overlay	1280	9346	0	20	146	source_plane=0 shape=0 rot=0
terrain	void_overlay_no_floor_context	41	void overlay	1280	9347	0	20	146	source_plane=0 shape=0 rot=0
terrain	void_overlay_no_floor_context	41	void overlay	1280	9348	0	20	146	source_plane=0 shape=0 rot=0
terrain	void_overlay_no_floor_context	41	void overlay	1280	9349	0	20	146	source_plane=0 shape=0 rot=0
terrain	void_overlay_no_floor_context	41	void overlay	1280	9350	0	20	146	source_plane=0 shape=0 rot=0
terrain	void_overlay_no_floor_context	41	void overlay	1280	9351	0	20	146	source_plane=0 shape=0 rot=0
terrain	void_overlay_no_floor_context	41	void overlay	1280	9352	0	20	146	source_plane=0 shape=0 rot=0
terrain	void_overlay_no_floor_context	41	void overlay	1280	9353	0	20	146	source_plane=0 shape=0 rot=0
terrain	void_overlay_no_floor_context	41	void overlay	1280	9354	0	20	146	source_plane=0 shape=0 rot=0
terrain	void_overlay_no_floor_context	41	void overlay	1280	9355	0	20	146	source_plane=0 shape=0 rot=0
terrain	void_overlay_no_floor_context	41	void overlay	1280	9356	0	20	146	source_plane=0 shape=0 rot=0
terrain	void_overlay_no_floor_context	41	void overlay	1280	9357	0	20	146	source_plane=0 shape=0 rot=0
terrain	void_overlay_no_floor_context	41	void overlay	1280	9358	0	20	146	source_plane=0 shape=0 rot=0
terrain	void_overlay_no_floor_context	41	void overlay	1280	9359	0	20	146	source_plane=0 shape=0 rot=0
terrain	void_overlay_no_floor_context	41	void overlay	1280	9360	0	20	146	source_plane=0 shape=0 rot=0
terrain	void_overlay_no_floor_context	41	void overlay	1280	9361	0	20	146	source_plane=0 shape=0 rot=0
terrain	void_overlay_no_floor_context	41	void overlay	1280	9362	0	20	146	source_plane=0 shape=0 rot=0
terrain	void_overlay_no_floor_context	41	void overlay	1280	9363	0	20	146	source_plane=0 shape=0 rot=0
terrain	void_overlay_no_floor_context	41	void overlay	1280	9364	0	20	146	source_plane=0 shape=0 rot=0
terrain	void_overlay_no_floor_context	41	void overlay	1280	9365	0	20	146	source_plane=0 shape=0 rot=0
terrain	void_overlay_no_floor_context	41	void overlay	1280	9366	0	20	146	source_plane=0 shape=0 rot=0
terrain	void_overlay_no_floor_context	41	void overlay	1280	9367	0	20	146	source_plane=0 shape=0 rot=0
terrain	void_overlay_no_floor_context	41	void overlay	1280	9368	0	20	146	source_plane=0 shape=0 rot=0
terrain	void_overlay_no_floor_context	41	void overlay	1280	9369	0	20	146	source_plane=0 shape=0 rot=0
terrain	void_overlay_no_floor_context	41	void overlay	1280	9370	0	20	146	source_plane=0 shape=0 rot=0
terrain	void_overlay_no_floor_context	41	void overlay	1280	9371	0	20	146	source_plane=0 shape=0 rot=0
terrain	void_overlay_no_floor_context	41	void overlay	1280	9372	0	20	146	source_plane=0 shape=0 rot=0
terrain	void_overlay_no_floor_context	41	void overlay	1280	9373	0	20	146	source_plane=0 shape=0 rot=0
terrain	void_overlay_no_floor_context	41	void overlay	1280	9374	0	20	146	source_plane=0 shape=0 rot=0
terrain	void_overlay_no_floor_context	41	void overlay	1280	9375	0	20	146	source_plane=0 shape=0 rot=0
terrain	void_overlay_no_floor_context	41	void overlay	1280	9376	0	20	146	source_plane=0 shape=0 rot=0
terrain	void_overlay_no_floor_context	41	void overlay	1280	9377	0	20	146	source_plane=0 shape=0 rot=0
terrain	void_overlay_no_floor_context	41	void overlay	1280	9378	0	20	146	source_plane=0 shape=0 rot=0
terrain	void_overlay_no_floor_context	41	void overlay	1280	9379	0	20	146	source_plane=0 shape=0 rot=0
terrain	void_overlay_no_floor_context	41	void overlay	1280	9380	0	20	146	source_plane=0 shape=0 rot=0
terrain	void_overlay_no_floor_context	41	void overlay	1280	9381	0	20	146	source_plane=0 shape=0 rot=0
terrain	void_overlay_no_floor_context	41	void overlay	1280	9382	0	20	146	source_plane=0 shape=0 rot=0
terrain	void_overlay_no_floor_context	41	void overlay	1280	9383	0	20	146	source_plane=0 shape=0 rot=0
terrain	void_overlay_no_floor_context	41	void overlay	1280	9384	0	20	146	source_plane=0 shape=0 rot=0
terrain	void_overlay_no_floor_context	41	void overlay	1280	9401	0	20	146	source_plane=0 shape=0 rot=0
terrain	void_overlay_no_floor_context	41	void overlay	1280	9402	0	20	146	source_plane=0 shape=0 rot=0
terrain	void_overlay_no_floor_context	41	void overlay	1280	9403	0	20	146	source_plane=0 shape=0 rot=0
terrain	void_overlay_no_floor_context	41	void overlay	1280	9404	0	20	146	source_plane=0 shape=0 rot=0
terrain	void_overlay_no_floor_context	41	void overlay	1280	9405	0	20	146	source_plane=0 shape=0 rot=0
terrain	void_overlay_no_floor_context	41	void overlay	1280	9406	0	20	146	source_plane=0 shape=0 rot=0
terrain	void_overlay_no_floor_context	41	void overlay	1280	9407	0	20	146	source_plane=0 shape=0 rot=0
terrain	void_overlay_no_floor_context	41	void overlay	1281	9344	0	20	146	source_plane=0 shape=0 rot=0
terrain	void_overlay_no_floor_context	41	void overlay	1281	9345	0	20	146	source_plane=0 shape=0 rot=0
terrain	void_overlay_no_floor_context	41	void overlay	1281	9346	0	20	146	source_plane=0 shape=0 rot=0
terrain	void_overlay_no_floor_context	41	void overlay	1281	9347	0	20	146	source_plane=0 shape=0 rot=0
terrain	void_overlay_no_floor_context	41	void overlay	1281	9348	0	20	146	source_plane=0 shape=0 rot=0
terrain	void_overlay_no_floor_context	41	void overlay	1281	9349	0	20	146	source_plane=0 shape=0 rot=0
terrain	void_overlay_no_floor_context	41	void overlay	1281	9350	0	20	146	source_plane=0 shape=0 rot=0
terrain	void_overlay_no_floor_context	41	void overlay	1281	9351	0	20	146	source_plane=0 shape=0 rot=0
terrain	void_overlay_no_floor_context	41	void overlay	1281	9352	0	20	146	source_plane=0 shape=0 rot=0
terrain	void_overlay_no_floor_context	41	void overlay	1281	9353	0	20	146	source_plane=0 shape=0 rot=0
terrain	void_overlay_no_floor_context	41	void overlay	1281	9354	0	20	146	source_plane=0 shape=0 rot=0
terrain	void_overlay_no_floor_context	41	void overlay	1281	9355	0	20	146	source_plane=0 shape=0 rot=0
terrain	void_overlay_no_floor_context	41	void overlay	1281	9356	0	20	146	source_plane=0 shape=0 rot=0
terrain	void_overlay_no_floor_context	41	void overlay	1281	9357	0	20	146	source_plane=0 shape=0 rot=0
terrain	void_overlay_no_floor_context	41	void overlay	1281	9358	0	20	146	source_plane=0 shape=0 rot=0
terrain	void_overlay_no_floor_context	41	void overlay	1281	9359	0	20	146	source_plane=0 shape=0 rot=0
terrain	void_overlay_no_floor_context	41	void overlay	1281	9360	0	20	146	source_plane=0 shape=0 rot=0
terrain	void_overlay_no_floor_context	41	void overlay	1281	9361	0	20	146	source_plane=0 shape=0 rot=0
terrain	void_overlay_no_floor_context	41	void overlay	1281	9362	0	20	146	source_plane=0 shape=0 rot=0
terrain	void_overlay_no_floor_context	41	void overlay	1281	9363	0	20	146	source_plane=0 shape=0 rot=0
terrain	void_overlay_no_floor_context	41	void overlay	1281	9364	0	20	146	source_plane=0 shape=0 rot=0
terrain	void_overlay_no_floor_context	41	void overlay	1281	9365	0	20	146	source_plane=0 shape=0 rot=0
terrain	void_overlay_no_floor_context	41	void overlay	1281	9366	0	20	146	source_plane=0 shape=0 rot=0
terrain	void_overlay_no_floor_context	41	void overlay	1281	9367	0	20	146	source_plane=0 shape=0 rot=0
terrain	void_overlay_no_floor_context	41	void overlay	1281	9368	0	20	146	source_plane=0 shape=0 rot=0
terrain	void_overlay_no_floor_context	41	void overlay	1281	9369	0	20	146	source_plane=0 shape=0 rot=0
terrain	void_overlay_no_floor_context	41	void overlay	1281	9370	0	20	146	source_plane=0 shape=0 rot=0
terrain	void_overlay_no_floor_context	41	void overlay	1281	9371	0	20	146	source_plane=0 shape=0 rot=0
terrain	void_overlay_no_floor_context	41	void overlay	1281	9372	0	20	146	source_plane=0 shape=0 rot=0
terrain	void_overlay_no_floor_context	41	void overlay	1281	9373	0	20	146	source_plane=0 shape=0 rot=0
terrain	void_overlay_no_floor_context	41	void overlay	1281	9374	0	20	146	source_plane=0 shape=0 rot=0
terrain	void_overlay_no_floor_context	41	void overlay	1281	9375	0	20	146	source_plane=0 shape=0 rot=0
terrain	void_overlay_no_floor_context	41	void overlay	1281	9376	0	20	146	source_plane=0 shape=0 rot=0
terrain	void_overlay_no_floor_context	41	void overlay	1281	9377	0	20	146	source_plane=0 shape=0 rot=0
terrain	void_overlay_no_floor_context	41	void overlay	1281	9378	0	20	146	source_plane=0 shape=0 rot=0
terrain	void_overlay_no_floor_context	41	void overlay	1281	9379	0	20	146	source_plane=0 shape=0 rot=0
terrain	void_overlay_no_floor_context	41	void overlay	1281	9380	0	20	146	source_plane=0 shape=0 rot=0
terrain	void_overlay_no_floor_context	41	void overlay	1281	9381	0	20	146	source_plane=0 shape=0 rot=0
terrain	void_overlay_no_floor_context	41	void overlay	1281	9382	0	20	146	source_plane=0 shape=0 rot=0
terrain	void_overlay_no_floor_context	41	void overlay	1281	9383	0	20	146	source_plane=0 shape=0 rot=0
terrain	void_overlay_no_floor_context	41	void overlay	1281	9403	0	20	146	source_plane=0 shape=0 rot=0
terrain	void_overlay_no_floor_context	41	void overlay	1281	9404	0	20	146	source_plane=0 shape=0 rot=0
terrain	void_overlay_no_floor_context	41	void overlay	1281	9405	0	20	146	source_plane=0 shape=0 rot=0
terrain	void_overlay_no_floor_context	41	void overlay	1281	9406	0	20	146	source_plane=0 shape=0 rot=0
terrain	void_overlay_no_floor_context	41	void overlay	1281	9407	0	20	146	source_plane=0 shape=0 rot=0
terrain	void_overlay_no_floor_context	41	void overlay	1282	9344	0	20	146	source_plane=0 shape=0 rot=0
terrain	void_overlay_no_floor_context	41	void overlay	1282	9345	0	20	146	source_plane=0 shape=0 rot=0
terrain	void_overlay_no_floor_context	41	void overlay	1282	9346	0	20	146	source_plane=0 shape=0 rot=0
terrain	void_overlay_no_floor_context	41	void overlay	1282	9347	0	20	146	source_plane=0 shape=0 rot=0
terrain	void_overlay_no_floor_context	41	void overlay	1282	9348	0	20	146	source_plane=0 shape=0 rot=0
terrain	void_overlay_no_floor_context	41	void overlay	1282	9349	0	20	146	source_plane=0 shape=0 rot=0
terrain	void_overlay_no_floor_context	41	void overlay	1282	9350	0	20	146	source_plane=0 shape=0 rot=0
terrain	void_overlay_no_floor_context	41	void overlay	1282	9351	0	20	146	source_plane=0 shape=0 rot=0
terrain	void_overlay_no_floor_context	41	void overlay	1282	9352	0	20	146	source_plane=0 shape=0 rot=0
terrain	void_overlay_no_floor_context	41	void overlay	1282	9353	0	20	146	source_plane=0 shape=0 rot=0
terrain	void_overlay_no_floor_context	41	void overlay	1282	9354	0	20	146	source_plane=0 shape=0 rot=0
terrain	void_overlay_no_floor_context	41	void overlay	1282	9355	0	20	146	source_plane=0 shape=0 rot=0
terrain	void_overlay_no_floor_context	41	void overlay	1282	9356	0	20	146	source_plane=0 shape=0 rot=0
terrain	void_overlay_no_floor_context	41	void overlay	1282	9357	0	20	146	source_plane=0 shape=0 rot=0
terrain	void_overlay_no_floor_context	41	void overlay	1282	9358	0	20	146	source_plane=0 shape=0 rot=0
terrain	void_overlay_no_floor_context	41	void overlay	1282	9359	0	20	146	source_plane=0 shape=0 rot=0
terrain	void_overlay_no_floor_context	41	void overlay	1282	9360	0	20	146	source_plane=0 shape=0 rot=0
terrain	void_overlay_no_floor_context	41	void overlay	1282	9361	0	20	146	source_plane=0 shape=0 rot=0
terrain	void_overlay_no_floor_context	41	void overlay	1282	9362	0	20	146	source_plane=0 shape=0 rot=0
terrain	void_overlay_no_floor_context	41	void overlay	1282	9363	0	20	146	source_plane=0 shape=0 rot=0
terrain	void_overlay_no_floor_context	41	void overlay	1282	9364	0	20	146	source_plane=0 shape=0 rot=0
terrain	void_overlay_no_floor_context	41	void overlay	1282	9365	0	20	146	source_plane=0 shape=0 rot=0
terrain	void_overlay_no_floor_context	41	void overlay	1282	9366	0	20	146	source_plane=0 shape=0 rot=0
terrain	void_overlay_no_floor_context	41	void overlay	1282	9367	0	20	146	source_plane=0 shape=0 rot=0
terrain	void_overlay_no_floor_context	41	void overlay	1282	9368	0	20	146	source_plane=0 shape=0 rot=0
terrain	void_overlay_no_floor_context	41	void overlay	1282	9369	0	20	146	source_plane=0 shape=0 rot=0
terrain	void_overlay_no_floor_context	41	void overlay	1282	9370	0	20	146	source_plane=0 shape=0 rot=0
terrain	void_overlay_no_floor_context	41	void overlay	1282	9371	0	20	146	source_plane=0 shape=0 rot=0
terrain	void_overlay_no_floor_context	41	void overlay	1282	9372	0	20	146	source_plane=0 shape=0 rot=0
terrain	void_overlay_no_floor_context	41	void overlay	1282	9373	0	20	146	source_plane=0 shape=0 rot=0
terrain	void_overlay_no_floor_context	41	void overlay	1282	9374	0	20	146	source_plane=0 shape=0 rot=0
terrain	void_overlay_no_floor_context	41	void overlay	1282	9375	0	20	146	source_plane=0 shape=0 rot=0
terrain	void_overlay_no_floor_context	41	void overlay	1282	9376	0	20	146	source_plane=0 shape=0 rot=0
terrain	void_overlay_no_floor_context	41	void overlay	1282	9377	0	20	146	source_plane=0 shape=0 rot=0
terrain	void_overlay_no_floor_context	41	void overlay	1282	9404	0	20	146	source_plane=0 shape=0 rot=0
terrain	void_overlay_no_floor_context	41	void overlay	1282	9405	0	20	146	source_plane=0 shape=0 rot=0
terrain	void_overlay_no_floor_context	41	void overlay	1282	9406	0	20	146	source_plane=0 shape=0 rot=0
terrain	void_overlay_no_floor_context	41	void overlay	1282	9407	0	20	146	source_plane=0 shape=0 rot=0
terrain	void_overlay_no_floor_context	41	void overlay	1283	9344	0	20	146	source_plane=0 shape=0 rot=0
terrain	void_overlay_no_floor_context	41	void overlay	1283	9345	0	20	146	source_plane=0 shape=0 rot=0
terrain	void_overlay_no_floor_context	41	void overlay	1283	9346	0	20	146	source_plane=0 shape=0 rot=0
terrain	void_overlay_no_floor_context	41	void overlay	1283	9347	0	20	146	source_plane=0 shape=0 rot=0
terrain	void_overlay_no_floor_context	41	void overlay	1283	9348	0	20	146	source_plane=0 shape=0 rot=0
terrain	void_overlay_no_floor_context	41	void overlay	1283	9349	0	20	146	source_plane=0 shape=0 rot=0
terrain	void_overlay_no_floor_context	41	void overlay	1283	9350	0	20	146	source_plane=0 shape=0 rot=0
terrain	void_overlay_no_floor_context	41	void overlay	1283	9351	0	20	146	source_plane=0 shape=0 rot=0
terrain	void_overlay_no_floor_context	41	void overlay	1283	9352	0	20	146	source_plane=0 shape=0 rot=0
terrain	void_overlay_no_floor_context	41	void overlay	1283	9353	0	20	146	source_plane=0 shape=0 rot=0
terrain	void_overlay_no_floor_context	41	void overlay	1283	9354	0	20	146	source_plane=0 shape=0 rot=0
terrain	void_overlay_no_floor_context	41	void overlay	1283	9355	0	20	146	source_plane=0 shape=0 rot=0
terrain	void_overlay_no_floor_context	41	void overlay	1283	9356	0	20	146	source_plane=0 shape=0 rot=0
terrain	void_overlay_no_floor_context	41	void overlay	1283	9357	0	20	146	source_plane=0 shape=0 rot=0
terrain	void_overlay_no_floor_context	41	void overlay	1283	9358	0	20	146	source_plane=0 shape=0 rot=0
terrain	void_overlay_no_floor_context	41	void overlay	1283	9359	0	20	146	source_plane=0 shape=0 rot=0
terrain	void_overlay_no_floor_context	41	void overlay	1283	9360	0	20	146	source_plane=0 shape=0 rot=0
terrain	void_overlay_no_floor_context	41	void overlay	1283	9361	0	20	146	source_plane=0 shape=0 rot=0
terrain	void_overlay_no_floor_context	41	void overlay	1283	9362	0	20	146	source_plane=0 shape=0 rot=0
terrain	void_overlay_no_floor_context	41	void overlay	1283	9363	0	20	146	source_plane=0 shape=0 rot=0
terrain	void_overlay_no_floor_context	41	void overlay	1283	9364	0	20	146	source_plane=0 shape=0 rot=0
terrain	void_overlay_no_floor_context	41	void overlay	1283	9365	0	20	146	source_plane=0 shape=0 rot=0
terrain	void_overlay_no_floor_context	41	void overlay	1283	9366	0	20	146	source_plane=0 shape=0 rot=0
terrain	void_overlay_no_floor_context	41	void overlay	1283	9367	0	20	146	source_plane=0 shape=0 rot=0
terrain	void_overlay_no_floor_context	41	void overlay	1283	9368	0	20	146	source_plane=0 shape=0 rot=0
terrain	void_overlay_no_floor_context	41	void overlay	1283	9369	0	20	146	source_plane=0 shape=0 rot=0
terrain	void_overlay_no_floor_context	41	void overlay	1283	9370	0	20	146	source_plane=0 shape=0 rot=0
terrain	void_overlay_no_floor_context	41	void overlay	1283	9371	0	20	146	source_plane=0 shape=0 rot=0
terrain	void_overlay_no_floor_context	41	void overlay	1283	9372	0	20	146	source_plane=0 shape=0 rot=0
terrain	void_overlay_no_floor_context	41	void overlay	1283	9373	0	20	146	source_plane=0 shape=0 rot=0
terrain	void_overlay_no_floor_context	41	void overlay	1283	9374	0	20	146	source_plane=0 shape=0 rot=0
terrain	void_overlay_no_floor_context	41	void overlay	1283	9375	0	20	146	source_plane=0 shape=0 rot=0
terrain	void_overlay_no_floor_context	41	void overlay	1283	9404	0	20	146	source_plane=0 shape=0 rot=0
terrain	void_overlay_no_floor_context	41	void overlay	1283	9405	0	20	146	source_plane=0 shape=0 rot=0
terrain	void_overlay_no_floor_context	41	void overlay	1283	9406	0	20	146	source_plane=0 shape=0 rot=0
terrain	void_overlay_no_floor_context	41	void overlay	1283	9407	0	20	146	source_plane=0 shape=0 rot=0
terrain	void_overlay_no_floor_context	41	void overlay	1284	9344	0	20	146	source_plane=0 shape=0 rot=0
terrain	void_overlay_no_floor_context	41	void overlay	1284	9345	0	20	146	source_plane=0 shape=0 rot=0
terrain	void_overlay_no_floor_context	41	void overlay	1284	9346	0	20	146	source_plane=0 shape=0 rot=0
terrain	void_overlay_no_floor_context	41	void overlay	1284	9347	0	20	146	source_plane=0 shape=0 rot=0
terrain	void_overlay_no_floor_context	41	void overlay	1284	9348	0	20	146	source_plane=0 shape=0 rot=0
terrain	void_overlay_no_floor_context	41	void overlay	1284	9349	0	20	146	source_plane=0 shape=0 rot=0
terrain	void_overlay_no_floor_context	41	void overlay	1284	9350	0	20	146	source_plane=0 shape=0 rot=0
terrain	void_overlay_no_floor_context	41	void overlay	1284	9351	0	20	146	source_plane=0 shape=0 rot=0
terrain	void_overlay_no_floor_context	41	void overlay	1284	9352	0	20	146	source_plane=0 shape=0 rot=0
terrain	void_overlay_no_floor_context	41	void overlay	1284	9353	0	20	146	source_plane=0 shape=0 rot=0
terrain	void_overlay_no_floor_context	41	void overlay	1284	9354	0	20	146	source_plane=0 shape=0 rot=0
terrain	void_overlay_no_floor_context	41	void overlay	1284	9355	0	20	146	source_plane=0 shape=0 rot=0
terrain	void_overlay_no_floor_context	41	void overlay	1284	9356	0	20	146	source_plane=0 shape=0 rot=0
terrain	void_overlay_no_floor_context	41	void overlay	1284	9357	0	20	146	source_plane=0 shape=0 rot=0
terrain	void_overlay_no_floor_context	41	void overlay	1284	9358	0	20	146	source_plane=0 shape=0 rot=0
terrain	void_overlay_no_floor_context	41	void overlay	1284	9359	0	20	146	source_plane=0 shape=0 rot=0
terrain	void_overlay_no_floor_context	41	void overlay	1284	9360	0	20	146	source_plane=0 shape=0 rot=0
terrain	void_overlay_no_floor_context	41	void overlay	1284	9361	0	20	146	source_plane=0 shape=0 rot=0
terrain	void_overlay_no_floor_context	41	void overlay	1284	9362	0	20	146	source_plane=0 shape=0 rot=0
terrain	void_overlay_no_floor_context	41	void overlay	1284	9363	0	20	146	source_plane=0 shape=0 rot=0
terrain	void_overlay_no_floor_context	41	void overlay	1284	9406	0	20	146	source_plane=0 shape=0 rot=0
terrain	void_overlay_no_floor_context	41	void overlay	1284	9407	0	20	146	source_plane=0 shape=0 rot=0
terrain	void_overlay_no_floor_context	41	void overlay	1285	9344	0	20	146	source_plane=0 shape=0 rot=0
terrain	void_overlay_no_floor_context	41	void overlay	1285	9345	0	20	146	source_plane=0 shape=0 rot=0
terrain	void_overlay_no_floor_context	41	void overlay	1285	9346	0	20	146	source_plane=0 shape=0 rot=0
terrain	void_overlay_no_floor_context	41	void overlay	1285	9347	0	20	146	source_plane=0 shape=0 rot=0
terrain	void_overlay_no_floor_context	41	void overlay	1285	9348	0	20	146	source_plane=0 shape=0 rot=0
terrain	void_overlay_no_floor_context	41	void overlay	1285	9349	0	20	146	source_plane=0 shape=0 rot=0
terrain	void_overlay_no_floor_context	41	void overlay	1285	9350	0	20	146	source_plane=0 shape=0 rot=0
terrain	void_overlay_no_floor_context	41	void overlay	1285	9351	0	20	146	source_plane=0 shape=0 rot=0
terrain	void_overlay_no_floor_context	41	void overlay	1285	9352	0	20	146	source_plane=0 shape=0 rot=0
terrain	void_overlay_no_floor_context	41	void overlay	1285	9353	0	20	146	source_plane=0 shape=0 rot=0
terrain	void_overlay_no_floor_context	41	void overlay	1285	9354	0	20	146	source_plane=0 shape=0 rot=0
terrain	void_overlay_no_floor_context	41	void overlay	1285	9355	0	20	146	source_plane=0 shape=0 rot=0
terrain	void_overlay_no_floor_context	41	void overlay	1285	9356	0	20	146	source_plane=0 shape=0 rot=0
terrain	void_overlay_no_floor_context	41	void overlay	1285	9357	0	20	146	source_plane=0 shape=0 rot=0
terrain	void_overlay_no_floor_context	41	void overlay	1285	9358	0	20	146	source_plane=0 shape=0 rot=0
terrain	void_overlay_no_floor_context	41	void overlay	1285	9359	0	20	146	source_plane=0 shape=0 rot=0
terrain	void_overlay_no_floor_context	41	void overlay	1285	9360	0	20	146	source_plane=0 shape=0 rot=0
terrain	void_overlay_no_floor_context	41	void overlay	1285	9361	0	20	146	source_plane=0 shape=0 rot=0
terrain	void_overlay_no_floor_context	41	void overlay	1285	9362	0	20	146	source_plane=0 shape=0 rot=0
terrain	void_overlay_no_floor_context	41	void overlay	1286	9344	0	20	146	source_plane=0 shape=0 rot=0
terrain	void_overlay_no_floor_context	41	void overlay	1286	9345	0	20	146	source_plane=0 shape=0 rot=0
terrain	void_overlay_no_floor_context	41	void overlay	1286	9346	0	20	146	source_plane=0 shape=0 rot=0
terrain	void_overlay_no_floor_context	41	void overlay	1286	9347	0	20	146	source_plane=0 shape=0 rot=0
terrain	void_overlay_no_floor_context	41	void overlay	1286	9348	0	20	146	source_plane=0 shape=0 rot=0
terrain	void_overlay_no_floor_context	41	void overlay	1286	9349	0	20	146	source_plane=0 shape=0 rot=0
terrain	void_overlay_no_floor_context	41	void overlay	1286	9350	0	20	146	source_plane=0 shape=0 rot=0
terrain	void_overlay_no_floor_context	41	void overlay	1286	9351	0	20	146	source_plane=0 shape=0 rot=0
terrain	void_overlay_no_floor_context	41	void overlay	1286	9352	0	20	146	source_plane=0 shape=0 rot=0
terrain	void_overlay_no_floor_context	41	void overlay	1286	9353	0	20	146	source_plane=0 shape=0 rot=0
terrain	void_overlay_no_floor_context	41	void overlay	1286	9354	0	20	146	source_plane=0 shape=0 rot=0
terrain	void_overlay_no_floor_context	41	void overlay	1286	9355	0	20	146	source_plane=0 shape=0 rot=0
terrain	void_overlay_no_floor_context	41	void overlay	1286	9356	0	20	146	source_plane=0 shape=0 rot=0
terrain	void_overlay_no_floor_context	41	void overlay	1286	9357	0	20	146	source_plane=0 shape=0 rot=0
terrain	void_overlay_no_floor_context	41	void overlay	1286	9358	0	20	146	source_plane=0 shape=0 rot=0
terrain	void_overlay_no_floor_context	41	void overlay	1286	9359	0	20	146	source_plane=0 shape=0 rot=0
terrain	void_overlay_no_floor_context	41	void overlay	1286	9360	0	20	146	source_plane=0 shape=0 rot=0
terrain	void_overlay_no_floor_context	41	void overlay	1286	9361	0	20	146	source_plane=0 shape=0 rot=0
terrain	void_overlay_no_floor_context	41	void overlay	1287	9344	0	20	146	source_plane=0 shape=0 rot=0
terrain	void_overlay_no_floor_context	41	void overlay	1287	9345	0	20	146	source_plane=0 shape=0 rot=0
terrain	void_overlay_no_floor_context	41	void overlay	1287	9346	0	20	146	source_plane=0 shape=0 rot=0
terrain	void_overlay_no_floor_context	41	void overlay	1287	9347	0	20	146	source_plane=0 shape=0 rot=0
terrain	void_overlay_no_floor_context	41	void overlay	1287	9348	0	20	146	source_plane=0 shape=0 rot=0
terrain	void_overlay_no_floor_context	41	void overlay	1287	9349	0	20	146	source_plane=0 shape=0 rot=0
terrain	void_overlay_no_floor_context	41	void overlay	1287	9350	0	20	146	source_plane=0 shape=0 rot=0
terrain	void_overlay_no_floor_context	41	void overlay	1287	9351	0	20	146	source_plane=0 shape=0 rot=0
terrain	void_overlay_no_floor_context	41	void overlay	1287	9352	0	20	146	source_plane=0 shape=0 rot=0
terrain	void_overlay_no_floor_context	41	void overlay	1287	9353	0	20	146	source_plane=0 shape=0 rot=0
terrain	void_overlay_no_floor_context	41	void overlay	1287	9354	0	20	146	source_plane=0 shape=0 rot=0
terrain	void_overlay_no_floor_context	41	void overlay	1287	9355	0	20	146	source_plane=0 shape=0 rot=0
terrain	void_overlay_no_floor_context	41	void overlay	1287	9356	0	20	146	source_plane=0 shape=0 rot=0
terrain	void_overlay_no_floor_context	41	void overlay	1287	9357	0	20	146	source_plane=0 shape=0 rot=0
terrain	void_overlay_no_floor_context	41	void overlay	1287	9358	0	20	146	source_plane=0 shape=0 rot=0
terrain	void_overlay_no_floor_context	41	void overlay	1287	9359	0	20	146	source_plane=0 shape=0 rot=0
terrain	void_overlay_no_floor_context	41	void overlay	1287	9360	0	20	146	source_plane=0 shape=0 rot=0
terrain	void_overlay_no_floor_context	41	void overlay	1288	9344	0	20	146	source_plane=0 shape=0 rot=0
terrain	void_overlay_no_floor_context	41	void overlay	1288	9345	0	20	146	source_plane=0 shape=0 rot=0
terrain	void_overlay_no_floor_context	41	void overlay	1288	9346	0	20	146	source_plane=0 shape=0 rot=0
terrain	void_overlay_no_floor_context	41	void overlay	1288	9347	0	20	146	source_plane=0 shape=0 rot=0
terrain	void_overlay_no_floor_context	41	void overlay	1288	9348	0	20	146	source_plane=0 shape=0 rot=0
terrain	void_overlay_no_floor_context	41	void overlay	1288	9349	0	20	146	source_plane=0 shape=0 rot=0
terrain	void_overlay_no_floor_context	41	void overlay	1288	9350	0	20	146	source_plane=0 shape=0 rot=0
terrain	void_overlay_no_floor_context	41	void overlay	1288	9351	0	20	146	source_plane=0 shape=0 rot=0
terrain	void_overlay_no_floor_context	41	void overlay	1288	9352	0	20	146	source_plane=0 shape=0 rot=0
terrain	void_overlay_no_floor_context	41	void overlay	1288	9353	0	20	146	source_plane=0 shape=0 rot=0
terrain	void_overlay_no_floor_context	41	void overlay	1288	9354	0	20	146	source_plane=0 shape=0 rot=0
terrain	void_overlay_no_floor_context	41	void overlay	1288	9355	0	20	146	source_plane=0 shape=0 rot=0
terrain	void_overlay_no_floor_context	41	void overlay	1288	9356	0	20	146	source_plane=0 shape=0 rot=0
terrain	void_overlay_no_floor_context	41	void overlay	1288	9357	0	20	146	source_plane=0 shape=0 rot=0
terrain	void_overlay_no_floor_context	41	void overlay	1288	9358	0	20	146	source_plane=0 shape=0 rot=0
terrain	void_overlay_no_floor_context	41	void overlay	1288	9359	0	20	146	source_plane=0 shape=0 rot=0
terrain	void_overlay_no_floor_context	41	void overlay	1288	9360	0	20	146	source_plane=0 shape=0 rot=0
terrain	void_overlay_no_floor_context	41	void overlay	1289	9344	0	20	146	source_plane=0 shape=0 rot=0
terrain	void_overlay_no_floor_context	41	void overlay	1289	9345	0	20	146	source_plane=0 shape=0 rot=0
terrain	void_overlay_no_floor_context	41	void overlay	1289	9346	0	20	146	source_plane=0 shape=0 rot=0
terrain	void_overlay_no_floor_context	41	void overlay	1289	9347	0	20	146	source_plane=0 shape=0 rot=0
terrain	void_overlay_no_floor_context	41	void overlay	1289	9348	0	20	146	source_plane=0 shape=0 rot=0
terrain	void_overlay_no_floor_context	41	void overlay	1289	9349	0	20	146	source_plane=0 shape=0 rot=0
terrain	void_overlay_no_floor_context	41	void overlay	1289	9350	0	20	146	source_plane=0 shape=0 rot=0
terrain	void_overlay_no_floor_context	41	void overlay	1289	9351	0	20	146	source_plane=0 shape=0 rot=0
terrain	void_overlay_no_floor_context	41	void overlay	1289	9352	0	20	146	source_plane=0 shape=0 rot=0
terrain	void_overlay_no_floor_context	41	void overlay	1289	9353	0	20	146	source_plane=0 shape=0 rot=0
terrain	void_overlay_no_floor_context	41	void overlay	1289	9354	0	20	146	source_plane=0 shape=0 rot=0
terrain	void_overlay_no_floor_context	41	void overlay	1289	9355	0	20	146	source_plane=0 shape=0 rot=0
terrain	void_overlay_no_floor_context	41	void overlay	1289	9356	0	20	146	source_plane=0 shape=0 rot=0
terrain	void_overlay_no_floor_context	41	void overlay	1289	9357	0	20	146	source_plane=0 shape=0 rot=0
terrain	void_overlay_no_floor_context	41	void overlay	1289	9358	0	20	146	source_plane=0 shape=0 rot=0
terrain	void_overlay_no_floor_context	41	void overlay	1289	9359	0	20	146	source_plane=0 shape=0 rot=0
terrain	void_overlay_no_floor_context	41	void overlay	1289	9360	0	20	146	source_plane=0 shape=0 rot=0
terrain	void_overlay_no_floor_context	41	void overlay	1290	9344	0	20	146	source_plane=0 shape=0 rot=0
terrain	void_overlay_no_floor_context	41	void overlay	1290	9345	0	20	146	source_plane=0 shape=0 rot=0
terrain	void_overlay_no_floor_context	41	void overlay	1290	9346	0	20	146	source_plane=0 shape=0 rot=0
terrain	void_overlay_no_floor_context	41	void overlay	1290	9347	0	20	146	source_plane=0 shape=0 rot=0
terrain	void_overlay_no_floor_context	41	void overlay	1290	9348	0	20	146	source_plane=0 shape=0 rot=0
terrain	void_overlay_no_floor_context	41	void overlay	1290	9349	0	20	146	source_plane=0 shape=0 rot=0
terrain	void_overlay_no_floor_context	41	void overlay	1290	9350	0	20	146	source_plane=0 shape=0 rot=0
terrain	void_overlay_no_floor_context	41	void overlay	1290	9351	0	20	146	source_plane=0 shape=0 rot=0
terrain	void_overlay_no_floor_context	41	void overlay	1290	9352	0	20	146	source_plane=0 shape=0 rot=0
terrain	void_overlay_no_floor_context	41	void overlay	1290	9353	0	20	146	source_plane=0 shape=0 rot=0
terrain	void_overlay_no_floor_context	41	void overlay	1290	9354	0	20	146	source_plane=0 shape=0 rot=0
terrain	void_overlay_no_floor_context	41	void overlay	1290	9355	0	20	146	source_plane=0 shape=0 rot=0
terrain	void_overlay_no_floor_context	41	void overlay	1290	9356	0	20	146	source_plane=0 shape=0 rot=0
terrain	void_overlay_no_floor_context	41	void overlay	1290	9357	0	20	146	source_plane=0 shape=0 rot=0
terrain	void_overlay_no_floor_context	41	void overlay	1290	9358	0	20	146	source_plane=0 shape=0 rot=0
terrain	void_overlay_no_floor_context	41	void overlay	1290	9359	0	20	146	source_plane=0 shape=0 rot=0
terrain	void_overlay_no_floor_context	41	void overlay	1290	9360	0	20	146	source_plane=0 shape=0 rot=0
terrain	void_overlay_no_floor_context	41	void overlay	1291	9344	0	20	146	source_plane=0 shape=0 rot=0
terrain	void_overlay_no_floor_context	41	void overlay	1291	9345	0	20	146	source_plane=0 shape=0 rot=0
terrain	void_overlay_no_floor_context	41	void overlay	1291	9346	0	20	146	source_plane=0 shape=0 rot=0
terrain	void_overlay_no_floor_context	41	void overlay	1291	9347	0	20	146	source_plane=0 shape=0 rot=0
terrain	void_overlay_no_floor_context	41	void overlay	1291	9348	0	20	146	source_plane=0 shape=0 rot=0
terrain	void_overlay_no_floor_context	41	void overlay	1291	9349	0	20	146	source_plane=0 shape=0 rot=0
terrain	void_overlay_no_floor_context	41	void overlay	1291	9350	0	20	146	source_plane=0 shape=0 rot=0
terrain	void_overlay_no_floor_context	41	void overlay	1291	9351	0	20	146	source_plane=0 shape=0 rot=0
terrain	void_overlay_no_floor_context	41	void overlay	1291	9352	0	20	146	source_plane=0 shape=0 rot=0
terrain	void_overlay_no_floor_context	41	void overlay	1291	9353	0	20	146	source_plane=0 shape=0 rot=0
terrain	void_overlay_no_floor_context	41	void overlay	1291	9354	0	20	146	source_plane=0 shape=0 rot=0
terrain	void_overlay_no_floor_context	41	void overlay	1291	9355	0	20	146	source_plane=0 shape=0 rot=0
terrain	void_overlay_no_floor_context	41	void overlay	1291	9356	0	20	146	source_plane=0 shape=0 rot=0
terrain	void_overlay_no_floor_context	41	void overlay	1291	9357	0	20	146	source_plane=0 shape=0 rot=0
terrain	void_overlay_no_floor_context	41	void overlay	1291	9358	0	20	146	source_plane=0 shape=0 rot=0
terrain	void_overlay_no_floor_context	41	void overlay	1291	9359	0	20	146	source_plane=0 shape=0 rot=0
terrain	void_overlay_no_floor_context	41	void overlay	1291	9360	0	20	146	source_plane=0 shape=0 rot=0
terrain	void_overlay_no_floor_context	41	void overlay	1292	9344	0	20	146	source_plane=0 shape=0 rot=0
terrain	void_overlay_no_floor_context	41	void overlay	1292	9345	0	20	146	source_plane=0 shape=0 rot=0
terrain	void_overlay_no_floor_context	41	void overlay	1292	9346	0	20	146	source_plane=0 shape=0 rot=0
terrain	void_overlay_no_floor_context	41	void overlay	1292	9347	0	20	146	source_plane=0 shape=0 rot=0
terrain	void_overlay_no_floor_context	41	void overlay	1292	9348	0	20	146	source_plane=0 shape=0 rot=0
terrain	void_overlay_no_floor_context	41	void overlay	1292	9349	0	20	146	source_plane=0 shape=0 rot=0
terrain	void_overlay_no_floor_context	41	void overlay	1292	9350	0	20	146	source_plane=0 shape=0 rot=0
terrain	void_overlay_no_floor_context	41	void overlay	1292	9351	0	20	146	source_plane=0 shape=0 rot=0
terrain	void_overlay_no_floor_context	41	void overlay	1292	9352	0	20	146	source_plane=0 shape=0 rot=0
terrain	void_overlay_no_floor_context	41	void overlay	1292	9353	0	20	146	source_plane=0 shape=0 rot=0
terrain	void_overlay_no_floor_context	41	void overlay	1292	9354	0	20	146	source_plane=0 shape=0 rot=0
terrain	void_overlay_no_floor_context	41	void overlay	1292	9355	0	20	146	source_plane=0 shape=0 rot=0
terrain	void_overlay_no_floor_context	41	void overlay	1292	9356	0	20	146	source_plane=0 shape=0 rot=0
terrain	void_overlay_no_floor_context	41	void overlay	1292	9357	0	20	146	source_plane=0 shape=0 rot=0
terrain	void_overlay_no_floor_context	41	void overlay	1292	9358	0	20	146	source_plane=0 shape=0 rot=0
terrain	void_overlay_no_floor_context	41	void overlay	1292	9359	0	20	146	source_plane=0 shape=0 rot=0
terrain	void_overlay_no_floor_context	41	void overlay	1292	9360	0	20	146	source_plane=0 shape=0 rot=0
terrain	void_overlay_no_floor_context	41	void overlay	1293	9344	0	20	146	source_plane=0 shape=0 rot=0
terrain	void_overlay_no_floor_context	41	void overlay	1293	9345	0	20	146	source_plane=0 shape=0 rot=0
terrain	void_overlay_no_floor_context	41	void overlay	1293	9346	0	20	146	source_plane=0 shape=0 rot=0
terrain	void_overlay_no_floor_context	41	void overlay	1293	9347	0	20	146	source_plane=0 shape=0 rot=0
terrain	void_overlay_no_floor_context	41	void overlay	1293	9348	0	20	146	source_plane=0 shape=0 rot=0
terrain	void_overlay_no_floor_context	41	void overlay	1293	9349	0	20	146	source_plane=0 shape=0 rot=0
terrain	void_overlay_no_floor_context	41	void overlay	1293	9350	0	20	146	source_plane=0 shape=0 rot=0
terrain	void_overlay_no_floor_context	41	void overlay	1293	9351	0	20	146	source_plane=0 shape=0 rot=0
terrain	void_overlay_no_floor_context	41	void overlay	1293	9352	0	20	146	source_plane=0 shape=0 rot=0
terrain	void_overlay_no_floor_context	41	void overlay	1293	9353	0	20	146	source_plane=0 shape=0 rot=0
terrain	void_overlay_no_floor_context	41	void overlay	1293	9354	0	20	146	source_plane=0 shape=0 rot=0
terrain	void_overlay_no_floor_context	41	void overlay	1293	9355	0	20	146	source_plane=0 shape=0 rot=0
terrain	void_overlay_no_floor_context	41	void overlay	1293	9356	0	20	146	source_plane=0 shape=0 rot=0
terrain	void_overlay_no_floor_context	41	void overlay	1293	9357	0	20	146	source_plane=0 shape=0 rot=0
terrain	void_overlay_no_floor_context	41	void overlay	1293	9358	0	20	146	source_plane=0 shape=0 rot=0
terrain	void_overlay_no_floor_context	41	void overlay	1293	9359	0	20	146	source_plane=0 shape=0 rot=0
terrain	void_overlay_no_floor_context	41	void overlay	1293	9360	0	20	146	source_plane=0 shape=0 rot=0
terrain	void_overlay_no_floor_context	41	void overlay	1294	9344	0	20	146	source_plane=0 shape=0 rot=0
terrain	void_overlay_no_floor_context	41	void overlay	1294	9345	0	20	146	source_plane=0 shape=0 rot=0
terrain	void_overlay_no_floor_context	41	void overlay	1294	9346	0	20	146	source_plane=0 shape=0 rot=0
terrain	void_overlay_no_floor_context	41	void overlay	1294	9347	0	20	146	source_plane=0 shape=0 rot=0
terrain	void_overlay_no_floor_context	41	void overlay	1294	9348	0	20	146	source_plane=0 shape=0 rot=0
terrain	void_overlay_no_floor_context	41	void overlay	1294	9349	0	20	146	source_plane=0 shape=0 rot=0
terrain	void_overlay_no_floor_context	41	void overlay	1294	9350	0	20	146	source_plane=0 shape=0 rot=0
terrain	void_overlay_no_floor_context	41	void overlay	1294	9351	0	20	146	source_plane=0 shape=0 rot=0
terrain	void_overlay_no_floor_context	41	void overlay	1294	9352	0	20	146	source_plane=0 shape=0 rot=0
terrain	void_overlay_no_floor_context	41	void overlay	1294	9353	0	20	146	source_plane=0 shape=0 rot=0
terrain	void_overlay_no_floor_context	41	void overlay	1294	9354	0	20	146	source_plane=0 shape=0 rot=0
terrain	void_overlay_no_floor_context	41	void overlay	1294	9355	0	20	146	source_plane=0 shape=0 rot=0
terrain	void_overlay_no_floor_context	41	void overlay	1294	9356	0	20	146	source_plane=0 shape=0 rot=0
terrain	void_overlay_no_floor_context	41	void overlay	1294	9357	0	20	146	source_plane=0 shape=0 rot=0
terrain	void_overlay_no_floor_context	41	void overlay	1294	9358	0	20	146	source_plane=0 shape=0 rot=0
terrain	void_overlay_no_floor_context	41	void overlay	1294	9359	0	20	146	source_plane=0 shape=0 rot=0
terrain	void_overlay_no_floor_context	41	void overlay	1294	9360	0	20	146	source_plane=0 shape=0 rot=0
terrain	void_overlay_no_floor_context	41	void overlay	1295	9344	0	20	146	source_plane=0 shape=0 rot=0
terrain	void_overlay_no_floor_context	41	void overlay	1295	9345	0	20	146	source_plane=0 shape=0 rot=0
terrain	void_overlay_no_floor_context	41	void overlay	1295	9346	0	20	146	source_plane=0 shape=0 rot=0
terrain	void_overlay_no_floor_context	41	void overlay	1295	9347	0	20	146	source_plane=0 shape=0 rot=0
terrain	void_overlay_no_floor_context	41	void overlay	1295	9348	0	20	146	source_plane=0 shape=0 rot=0
terrain	void_overlay_no_floor_context	41	void overlay	1295	9349	0	20	146	source_plane=0 shape=0 rot=0
terrain	void_overlay_no_floor_context	41	void overlay	1295	9350	0	20	146	source_plane=0 shape=0 rot=0
terrain	void_overlay_no_floor_context	41	void overlay	1295	9351	0	20	146	source_plane=0 shape=0 rot=0
terrain	void_overlay_no_floor_context	41	void overlay	1295	9352	0	20	146	source_plane=0 shape=0 rot=0
terrain	void_overlay_no_floor_context	41	void overlay	1295	9353	0	20	146	source_plane=0 shape=0 rot=0
terrain	void_overlay_no_floor_context	41	void overlay	1295	9354	0	20	146	source_plane=0 shape=0 rot=0
terrain	void_overlay_no_floor_context	41	void overlay	1295	9355	0	20	146	source_plane=0 shape=0 rot=0
terrain	void_overlay_no_floor_context	41	void overlay	1295	9356	0	20	146	source_plane=0 shape=0 rot=0
terrain	void_overlay_no_floor_context	41	void overlay	1295	9357	0	20	146	source_plane=0 shape=0 rot=0
terrain	void_overlay_no_floor_context	41	void overlay	1295	9358	0	20	146	source_plane=0 shape=0 rot=0
terrain	void_overlay_no_floor_context	41	void overlay	1295	9359	0	20	146	source_plane=0 shape=0 rot=0
terrain	void_overlay_no_floor_context	41	void overlay	1295	9360	0	20	146	source_plane=0 shape=0 rot=0
terrain	void_overlay_no_floor_context	41	void overlay	1296	9344	0	20	146	source_plane=0 shape=0 rot=0
terrain	void_overlay_no_floor_context	41	void overlay	1296	9345	0	20	146	source_plane=0 shape=0 rot=0
terrain	void_overlay_no_floor_context	41	void overlay	1296	9346	0	20	146	source_plane=0 shape=0 rot=0
terrain	void_overlay_no_floor_context	41	void overlay	1296	9347	0	20	146	source_plane=0 shape=0 rot=0
terrain	void_overlay_no_floor_context	41	void overlay	1296	9348	0	20	146	source_plane=0 shape=0 rot=0
terrain	void_overlay_no_floor_context	41	void overlay	1296	9349	0	20	146	source_plane=0 shape=0 rot=0
terrain	void_overlay_no_floor_context	41	void overlay	1296	9350	0	20	146	source_plane=0 shape=0 rot=0
terrain	void_overlay_no_floor_context	41	void overlay	1296	9351	0	20	146	source_plane=0 shape=0 rot=0
terrain	void_overlay_no_floor_context	41	void overlay	1296	9352	0	20	146	source_plane=0 shape=0 rot=0
terrain	void_overlay_no_floor_context	41	void overlay	1296	9353	0	20	146	source_plane=0 shape=0 rot=0
terrain	void_overlay_no_floor_context	41	void overlay	1296	9354	0	20	146	source_plane=0 shape=0 rot=0
terrain	void_overlay_no_floor_context	41	void overlay	1296	9355	0	20	146	source_plane=0 shape=0 rot=0
terrain	void_overlay_no_floor_context	41	void overlay	1296	9356	0	20	146	source_plane=0 shape=0 rot=0
terrain	void_overlay_no_floor_context	41	void overlay	1296	9357	0	20	146	source_plane=0 shape=0 rot=0
terrain	void_overlay_no_floor_context	41	void overlay	1296	9358	0	20	146	source_plane=0 shape=0 rot=0
terrain	void_overlay_no_floor_context	41	void overlay	1296	9359	0	20	146	source_plane=0 shape=0 rot=0
terrain	void_overlay_no_floor_context	41	void overlay	1296	9360	0	20	146	source_plane=0 shape=0 rot=0
terrain	void_overlay_no_floor_context	41	void overlay	1297	9344	0	20	146	source_plane=0 shape=0 rot=0
terrain	void_overlay_no_floor_context	41	void overlay	1297	9345	0	20	146	source_plane=0 shape=0 rot=0
terrain	void_overlay_no_floor_context	41	void overlay	1297	9346	0	20	146	source_plane=0 shape=0 rot=0
terrain	void_overlay_no_floor_context	41	void overlay	1297	9347	0	20	146	source_plane=0 shape=0 rot=0
terrain	void_overlay_no_floor_context	41	void overlay	1297	9348	0	20	146	source_plane=0 shape=0 rot=0
terrain	void_overlay_no_floor_context	41	void overlay	1297	9349	0	20	146	source_plane=0 shape=0 rot=0
terrain	void_overlay_no_floor_context	41	void overlay	1297	9350	0	20	146	source_plane=0 shape=0 rot=0
terrain	void_overlay_no_floor_context	41	void overlay	1297	9351	0	20	146	source_plane=0 shape=0 rot=0
terrain	void_overlay_no_floor_context	41	void overlay	1297	9352	0	20	146	source_plane=0 shape=0 rot=0
terrain	void_overlay_no_floor_context	41	void overlay	1297	9353	0	20	146	source_plane=0 shape=0 rot=0
terrain	void_overlay_no_floor_context	41	void overlay	1297	9354	0	20	146	source_plane=0 shape=0 rot=0
terrain	void_overlay_no_floor_context	41	void overlay	1297	9355	0	20	146	source_plane=0 shape=0 rot=0
terrain	void_overlay_no_floor_context	41	void overlay	1297	9356	0	20	146	source_plane=0 shape=0 rot=0
terrain	void_overlay_no_floor_context	41	void overlay	1297	9357	0	20	146	source_plane=0 shape=0 rot=0
terrain	void_overlay_no_floor_context	41	void overlay	1297	9358	0	20	146	source_plane=0 shape=0 rot=0
terrain	void_overlay_no_floor_context	41	void overlay	1297	9359	0	20	146	source_plane=0 shape=0 rot=0
terrain	void_overlay_no_floor_context	41	void overlay	1297	9360	0	20	146	source_plane=0 shape=0 rot=0
terrain	void_overlay_no_floor_context	41	void overlay	1298	9344	0	20	146	source_plane=0 shape=0 rot=0
terrain	void_overlay_no_floor_context	41	void overlay	1298	9345	0	20	146	source_plane=0 shape=0 rot=0
terrain	void_overlay_no_floor_context	41	void overlay	1298	9346	0	20	146	source_plane=0 shape=0 rot=0
terrain	void_overlay_no_floor_context	41	void overlay	1298	9347	0	20	146	source_plane=0 shape=0 rot=0
terrain	void_overlay_no_floor_context	41	void overlay	1298	9348	0	20	146	source_plane=0 shape=0 rot=0
terrain	void_overlay_no_floor_context	41	void overlay	1298	9349	0	20	146	source_plane=0 shape=0 rot=0
terrain	void_overlay_no_floor_context	41	void overlay	1298	9350	0	20	146	source_plane=0 shape=0 rot=0
terrain	void_overlay_no_floor_context	41	void overlay	1298	9351	0	20	146	source_plane=0 shape=0 rot=0
terrain	void_overlay_no_floor_context	41	void overlay	1298	9352	0	20	146	source_plane=0 shape=0 rot=0
terrain	void_overlay_no_floor_context	41	void overlay	1298	9353	0	20	146	source_plane=0 shape=0 rot=0
terrain	void_overlay_no_floor_context	41	void overlay	1298	9354	0	20	146	source_plane=0 shape=0 rot=0
terrain	void_overlay_no_floor_context	41	void overlay	1298	9355	0	20	146	source_plane=0 shape=0 rot=0
terrain	void_overlay_no_floor_context	41	void overlay	1298	9356	0	20	146	source_plane=0 shape=0 rot=0
terrain	void_overlay_no_floor_context	41	void overlay	1298	9357	0	20	146	source_plane=0 shape=0 rot=0
terrain	void_overlay_no_floor_context	41	void overlay	1298	9358	0	20	146	source_plane=0 shape=0 rot=0
terrain	void_overlay_no_floor_context	41	void overlay	1298	9359	0	20	146	source_plane=0 shape=0 rot=0
terrain	void_overlay_no_floor_context	41	void overlay	1298	9360	0	20	146	source_plane=0 shape=0 rot=0
terrain	void_overlay_no_floor_context	41	void overlay	1298	9361	0	20	146	source_plane=0 shape=0 rot=0
terrain	void_overlay_no_floor_context	41	void overlay	1299	9344	0	20	146	source_plane=0 shape=0 rot=0
terrain	void_overlay_no_floor_context	41	void overlay	1299	9345	0	20	146	source_plane=0 shape=0 rot=0
terrain	void_overlay_no_floor_context	41	void overlay	1299	9346	0	20	146	source_plane=0 shape=0 rot=0
terrain	void_overlay_no_floor_context	41	void overlay	1299	9347	0	20	146	source_plane=0 shape=0 rot=0
terrain	void_overlay_no_floor_context	41	void overlay	1299	9348	0	20	146	source_plane=0 shape=0 rot=0
terrain	void_overlay_no_floor_context	41	void overlay	1299	9349	0	20	146	source_plane=0 shape=0 rot=0
terrain	void_overlay_no_floor_context	41	void overlay	1299	9350	0	20	146	source_plane=0 shape=0 rot=0
terrain	void_overlay_no_floor_context	41	void overlay	1299	9351	0	20	146	source_plane=0 shape=0 rot=0
terrain	void_overlay_no_floor_context	41	void overlay	1299	9352	0	20	146	source_plane=0 shape=0 rot=0
terrain	void_overlay_no_floor_context	41	void overlay	1299	9353	0	20	146	source_plane=0 shape=0 rot=0
terrain	void_overlay_no_floor_context	41	void overlay	1299	9354	0	20	146	source_plane=0 shape=0 rot=0
terrain	void_overlay_no_floor_context	41	void overlay	1299	9355	0	20	146	source_plane=0 shape=0 rot=0
terrain	void_overlay_no_floor_context	41	void overlay	1299	9356	0	20	146	source_plane=0 shape=0 rot=0
terrain	void_overlay_no_floor_context	41	void overlay	1299	9357	0	20	146	source_plane=0 shape=0 rot=0
terrain	void_overlay_no_floor_context	41	void overlay	1299	9358	0	20	146	source_plane=0 shape=0 rot=0
terrain	void_overlay_no_floor_context	41	void overlay	1299	9359	0	20	146	source_plane=0 shape=0 rot=0
terrain	void_overlay_no_floor_context	41	void overlay	1299	9360	0	20	146	source_plane=0 shape=0 rot=0
terrain	void_overlay_no_floor_context	41	void overlay	1299	9361	0	20	146	source_plane=0 shape=0 rot=0
terrain	void_overlay_no_floor_context	41	void overlay	1299	9362	0	20	146	source_plane=0 shape=0 rot=0
terrain	void_overlay_no_floor_context	41	void overlay	1299	9407	0	20	146	source_plane=0 shape=0 rot=0
terrain	void_overlay_no_floor_context	41	void overlay	1300	9344	0	20	146	source_plane=0 shape=0 rot=0
terrain	void_overlay_no_floor_context	41	void overlay	1300	9345	0	20	146	source_plane=0 shape=0 rot=0
terrain	void_overlay_no_floor_context	41	void overlay	1300	9346	0	20	146	source_plane=0 shape=0 rot=0
terrain	void_overlay_no_floor_context	41	void overlay	1300	9347	0	20	146	source_plane=0 shape=0 rot=0
terrain	void_overlay_no_floor_context	41	void overlay	1300	9348	0	20	146	source_plane=0 shape=0 rot=0
terrain	void_overlay_no_floor_context	41	void overlay	1300	9349	0	20	146	source_plane=0 shape=0 rot=0
terrain	void_overlay_no_floor_context	41	void overlay	1300	9350	0	20	146	source_plane=0 shape=0 rot=0
terrain	void_overlay_no_floor_context	41	void overlay	1300	9351	0	20	146	source_plane=0 shape=0 rot=0
terrain	void_overlay_no_floor_context	41	void overlay	1300	9352	0	20	146	source_plane=0 shape=0 rot=0
terrain	void_overlay_no_floor_context	41	void overlay	1300	9353	0	20	146	source_plane=0 shape=0 rot=0
terrain	void_overlay_no_floor_context	41	void overlay	1300	9354	0	20	146	source_plane=0 shape=0 rot=0
terrain	void_overlay_no_floor_context	41	void overlay	1300	9355	0	20	146	source_plane=0 shape=0 rot=0
terrain	void_overlay_no_floor_context	41	void overlay	1300	9356	0	20	146	source_plane=0 shape=0 rot=0
terrain	void_overlay_no_floor_context	41	void overlay	1300	9357	0	20	146	source_plane=0 shape=0 rot=0
terrain	void_overlay_no_floor_context	41	void overlay	1300	9358	0	20	146	source_plane=0 shape=0 rot=0
terrain	void_overlay_no_floor_context	41	void overlay	1300	9359	0	20	146	source_plane=0 shape=0 rot=0
terrain	void_overlay_no_floor_context	41	void overlay	1300	9360	0	20	146	source_plane=0 shape=0 rot=0
terrain	void_overlay_no_floor_context	41	void overlay	1300	9361	0	20	146	source_plane=0 shape=0 rot=0
terrain	void_overlay_no_floor_context	41	void overlay	1300	9362	0	20	146	source_plane=0 shape=0 rot=0
terrain	void_overlay_no_floor_context	41	void overlay	1300	9407	0	20	146	source_plane=0 shape=0 rot=0
terrain	void_overlay_no_floor_context	41	void overlay	1301	9344	0	20	146	source_plane=0 shape=0 rot=0
terrain	void_overlay_no_floor_context	41	void overlay	1301	9345	0	20	146	source_plane=0 shape=0 rot=0
terrain	void_overlay_no_floor_context	41	void overlay	1301	9346	0	20	146	source_plane=0 shape=0 rot=0
terrain	void_overlay_no_floor_context	41	void overlay	1301	9347	0	20	146	source_plane=0 shape=0 rot=0
terrain	void_overlay_no_floor_context	41	void overlay	1301	9348	0	20	146	source_plane=0 shape=0 rot=0
terrain	void_overlay_no_floor_context	41	void overlay	1301	9349	0	20	146	source_plane=0 shape=0 rot=0
terrain	void_overlay_no_floor_context	41	void overlay	1301	9350	0	20	146	source_plane=0 shape=0 rot=0
terrain	void_overlay_no_floor_context	41	void overlay	1301	9351	0	20	146	source_plane=0 shape=0 rot=0
terrain	void_overlay_no_floor_context	41	void overlay	1301	9352	0	20	146	source_plane=0 shape=0 rot=0
terrain	void_overlay_no_floor_context	41	void overlay	1301	9353	0	20	146	source_plane=0 shape=0 rot=0
terrain	void_overlay_no_floor_context	41	void overlay	1301	9354	0	20	146	source_plane=0 shape=0 rot=0
terrain	void_overlay_no_floor_context	41	void overlay	1301	9355	0	20	146	source_plane=0 shape=0 rot=0
terrain	void_overlay_no_floor_context	41	void overlay	1301	9356	0	20	146	source_plane=0 shape=0 rot=0
terrain	void_overlay_no_floor_context	41	void overlay	1301	9357	0	20	146	source_plane=0 shape=0 rot=0
terrain	void_overlay_no_floor_context	41	void overlay	1301	9358	0	20	146	source_plane=0 shape=0 rot=0
terrain	void_overlay_no_floor_context	41	void overlay	1301	9359	0	20	146	source_plane=0 shape=0 rot=0
terrain	void_overlay_no_floor_context	41	void overlay	1301	9360	0	20	146	source_plane=0 shape=0 rot=0
terrain	void_overlay_no_floor_context	41	void overlay	1301	9407	0	20	146	source_plane=0 shape=0 rot=0
terrain	void_overlay_no_floor_context	41	void overlay	1302	9344	0	20	146	source_plane=0 shape=0 rot=0
terrain	void_overlay_no_floor_context	41	void overlay	1302	9345	0	20	146	source_plane=0 shape=0 rot=0
terrain	void_overlay_no_floor_context	41	void overlay	1302	9346	0	20	146	source_plane=0 shape=0 rot=0
terrain	void_overlay_no_floor_context	41	void overlay	1302	9347	0	20	146	source_plane=0 shape=0 rot=0
terrain	void_overlay_no_floor_context	41	void overlay	1302	9348	0	20	146	source_plane=0 shape=0 rot=0
terrain	void_overlay_no_floor_context	41	void overlay	1302	9349	0	20	146	source_plane=0 shape=0 rot=0
terrain	void_overlay_no_floor_context	41	void overlay	1302	9350	0	20	146	source_plane=0 shape=0 rot=0
terrain	void_overlay_no_floor_context	41	void overlay	1302	9351	0	20	146	source_plane=0 shape=0 rot=0
terrain	void_overlay_no_floor_context	41	void overlay	1302	9352	0	20	146	source_plane=0 shape=0 rot=0
terrain	void_overlay_no_floor_context	41	void overlay	1302	9353	0	20	146	source_plane=0 shape=0 rot=0
terrain	void_overlay_no_floor_context	41	void overlay	1302	9354	0	20	146	source_plane=0 shape=0 rot=0
terrain	void_overlay_no_floor_context	41	void overlay	1302	9355	0	20	146	source_plane=0 shape=0 rot=0
terrain	void_overlay_no_floor_context	41	void overlay	1302	9356	0	20	146	source_plane=0 shape=0 rot=0
terrain	void_overlay_no_floor_context	41	void overlay	1302	9357	0	20	146	source_plane=0 shape=0 rot=0
terrain	void_overlay_no_floor_context	41	void overlay	1302	9358	0	20	146	source_plane=0 shape=0 rot=0
terrain	void_overlay_no_floor_context	41	void overlay	1302	9359	0	20	146	source_plane=0 shape=0 rot=0
terrain	void_overlay_no_floor_context	41	void overlay	1302	9360	0	20	146	source_plane=0 shape=0 rot=0
terrain	void_overlay_no_floor_context	41	void overlay	1303	9344	0	20	146	source_plane=0 shape=0 rot=0
terrain	void_overlay_no_floor_context	41	void overlay	1303	9345	0	20	146	source_plane=0 shape=0 rot=0
terrain	void_overlay_no_floor_context	41	void overlay	1303	9346	0	20	146	source_plane=0 shape=0 rot=0
terrain	void_overlay_no_floor_context	41	void overlay	1303	9347	0	20	146	source_plane=0 shape=0 rot=0
terrain	void_overlay_no_floor_context	41	void overlay	1303	9348	0	20	146	source_plane=0 shape=0 rot=0
terrain	void_overlay_no_floor_context	41	void overlay	1303	9349	0	20	146	source_plane=0 shape=0 rot=0
terrain	void_overlay_no_floor_context	41	void overlay	1303	9350	0	20	146	source_plane=0 shape=0 rot=0
terrain	void_overlay_no_floor_context	41	void overlay	1303	9351	0	20	146	source_plane=0 shape=0 rot=0
terrain	void_overlay_no_floor_context	41	void overlay	1303	9352	0	20	146	source_plane=0 shape=0 rot=0
terrain	void_overlay_no_floor_context	41	void overlay	1303	9353	0	20	146	source_plane=0 shape=0 rot=0
terrain	void_overlay_no_floor_context	41	void overlay	1303	9354	0	20	146	source_plane=0 shape=0 rot=0
terrain	void_overlay_no_floor_context	41	void overlay	1303	9355	0	20	146	source_plane=0 shape=0 rot=0
terrain	void_overlay_no_floor_context	41	void overlay	1303	9356	0	20	146	source_plane=0 shape=0 rot=0
terrain	void_overlay_no_floor_context	41	void overlay	1303	9357	0	20	146	source_plane=0 shape=0 rot=0
terrain	void_overlay_no_floor_context	41	void overlay	1303	9358	0	20	146	source_plane=0 shape=0 rot=0
terrain	void_overlay_no_floor_context	41	void overlay	1303	9359	0	20	146	source_plane=0 shape=0 rot=0
terrain	void_overlay_no_floor_context	41	void overlay	1303	9360	0	20	146	source_plane=0 shape=0 rot=0
terrain	void_overlay_no_floor_context	41	void overlay	1304	9344	0	20	146	source_plane=0 shape=0 rot=0
terrain	void_overlay_no_floor_context	41	void overlay	1304	9345	0	20	146	source_plane=0 shape=0 rot=0
terrain	void_overlay_no_floor_context	41	void overlay	1304	9346	0	20	146	source_plane=0 shape=0 rot=0
terrain	void_overlay_no_floor_context	41	void overlay	1304	9347	0	20	146	source_plane=0 shape=0 rot=0
terrain	void_overlay_no_floor_context	41	void overlay	1304	9348	0	20	146	source_plane=0 shape=0 rot=0
terrain	void_overlay_no_floor_context	41	void overlay	1304	9349	0	20	146	source_plane=0 shape=0 rot=0
terrain	void_overlay_no_floor_context	41	void overlay	1304	9350	0	20	146	source_plane=0 shape=0 rot=0
terrain	void_overlay_no_floor_context	41	void overlay	1304	9351	0	20	146	source_plane=0 shape=0 rot=0
terrain	void_overlay_no_floor_context	41	void overlay	1304	9352	0	20	146	source_plane=0 shape=0 rot=0
terrain	void_overlay_no_floor_context	41	void overlay	1304	9353	0	20	146	source_plane=0 shape=0 rot=0
terrain	void_overlay_no_floor_context	41	void overlay	1304	9354	0	20	146	source_plane=0 shape=0 rot=0
terrain	void_overlay_no_floor_context	41	void overlay	1304	9355	0	20	146	source_plane=0 shape=0 rot=0
terrain	void_overlay_no_floor_context	41	void overlay	1304	9356	0	20	146	source_plane=0 shape=0 rot=0
terrain	void_overlay_no_floor_context	41	void overlay	1304	9357	0	20	146	source_plane=0 shape=0 rot=0
terrain	void_overlay_no_floor_context	41	void overlay	1304	9358	0	20	146	source_plane=0 shape=0 rot=0
terrain	void_overlay_no_floor_context	41	void overlay	1304	9359	0	20	146	source_plane=0 shape=0 rot=0
terrain	void_overlay_no_floor_context	41	void overlay	1305	9344	0	20	146	source_plane=0 shape=0 rot=0
terrain	void_overlay_no_floor_context	41	void overlay	1305	9345	0	20	146	source_plane=0 shape=0 rot=0
terrain	void_overlay_no_floor_context	41	void overlay	1305	9346	0	20	146	source_plane=0 shape=0 rot=0
terrain	void_overlay_no_floor_context	41	void overlay	1305	9347	0	20	146	source_plane=0 shape=0 rot=0
terrain	void_overlay_no_floor_context	41	void overlay	1305	9348	0	20	146	source_plane=0 shape=0 rot=0
terrain	void_overlay_no_floor_context	41	void overlay	1305	9349	0	20	146	source_plane=0 shape=0 rot=0
terrain	void_overlay_no_floor_context	41	void overlay	1305	9350	0	20	146	source_plane=0 shape=0 rot=0
terrain	void_overlay_no_floor_context	41	void overlay	1305	9351	0	20	146	source_plane=0 shape=0 rot=0
terrain	void_overlay_no_floor_context	41	void overlay	1305	9352	0	20	146	source_plane=0 shape=0 rot=0
terrain	void_overlay_no_floor_context	41	void overlay	1305	9353	0	20	146	source_plane=0 shape=0 rot=0
terrain	void_overlay_no_floor_context	41	void overlay	1305	9354	0	20	146	source_plane=0 shape=0 rot=0
terrain	void_overlay_no_floor_context	41	void overlay	1305	9355	0	20	146	source_plane=0 shape=0 rot=0
terrain	void_overlay_no_floor_context	41	void overlay	1305	9356	0	20	146	source_plane=0 shape=0 rot=0
terrain	void_overlay_no_floor_context	41	void overlay	1305	9357	0	20	146	source_plane=0 shape=0 rot=0
terrain	void_overlay_no_floor_context	41	void overlay	1305	9358	0	20	146	source_plane=0 shape=0 rot=0
terrain	void_overlay_no_floor_context	41	void overlay	1305	9359	0	20	146	source_plane=0 shape=0 rot=0
terrain	void_overlay_no_floor_context	41	void overlay	1306	9344	0	20	146	source_plane=0 shape=0 rot=0
terrain	void_overlay_no_floor_context	41	void overlay	1306	9345	0	20	146	source_plane=0 shape=0 rot=0
terrain	void_overlay_no_floor_context	41	void overlay	1306	9346	0	20	146	source_plane=0 shape=0 rot=0
terrain	void_overlay_no_floor_context	41	void overlay	1306	9347	0	20	146	source_plane=0 shape=0 rot=0
terrain	void_overlay_no_floor_context	41	void overlay	1306	9348	0	20	146	source_plane=0 shape=0 rot=0
terrain	void_overlay_no_floor_context	41	void overlay	1306	9349	0	20	146	source_plane=0 shape=0 rot=0
terrain	void_overlay_no_floor_context	41	void overlay	1306	9350	0	20	146	source_plane=0 shape=0 rot=0
terrain	void_overlay_no_floor_context	41	void overlay	1306	9351	0	20	146	source_plane=0 shape=0 rot=0
terrain	void_overlay_no_floor_context	41	void overlay	1306	9352	0	20	146	source_plane=0 shape=0 rot=0
terrain	void_overlay_no_floor_context	41	void overlay	1306	9353	0	20	146	source_plane=0 shape=0 rot=0
terrain	void_overlay_no_floor_context	41	void overlay	1306	9354	0	20	146	source_plane=0 shape=0 rot=0
terrain	void_overlay_no_floor_context	41	void overlay	1306	9355	0	20	146	source_plane=0 shape=0 rot=0
terrain	void_overlay_no_floor_context	41	void overlay	1306	9356	0	20	146	source_plane=0 shape=0 rot=0
terrain	void_overlay_no_floor_context	41	void overlay	1306	9357	0	20	146	source_plane=0 shape=0 rot=0
terrain	void_overlay_no_floor_context	41	void overlay	1306	9358	0	20	146	source_plane=0 shape=0 rot=0
terrain	void_overlay_no_floor_context	41	void overlay	1307	9344	0	20	146	source_plane=0 shape=0 rot=0
terrain	void_overlay_no_floor_context	41	void overlay	1307	9345	0	20	146	source_plane=0 shape=0 rot=0
terrain	void_overlay_no_floor_context	41	void overlay	1307	9346	0	20	146	source_plane=0 shape=0 rot=0
terrain	void_overlay_no_floor_context	41	void overlay	1307	9347	0	20	146	source_plane=0 shape=0 rot=0
terrain	void_overlay_no_floor_context	41	void overlay	1307	9348	0	20	146	source_plane=0 shape=0 rot=0
terrain	void_overlay_no_floor_context	41	void overlay	1307	9349	0	20	146	source_plane=0 shape=0 rot=0
terrain	void_overlay_no_floor_context	41	void overlay	1307	9350	0	20	146	source_plane=0 shape=0 rot=0
terrain	void_overlay_no_floor_context	41	void overlay	1307	9351	0	20	146	source_plane=0 shape=0 rot=0
terrain	void_overlay_no_floor_context	41	void overlay	1307	9352	0	20	146	source_plane=0 shape=0 rot=0
terrain	void_overlay_no_floor_context	41	void overlay	1307	9353	0	20	146	source_plane=0 shape=0 rot=0
terrain	void_overlay_no_floor_context	41	void overlay	1307	9354	0	20	146	source_plane=0 shape=0 rot=0
terrain	void_overlay_no_floor_context	41	void overlay	1307	9355	0	20	146	source_plane=0 shape=0 rot=0
terrain	void_overlay_no_floor_context	41	void overlay	1307	9356	0	20	146	source_plane=0 shape=0 rot=0
terrain	void_overlay_no_floor_context	41	void overlay	1307	9357	0	20	146	source_plane=0 shape=0 rot=0
terrain	void_overlay_no_floor_context	41	void overlay	1307	9358	0	20	146	source_plane=0 shape=0 rot=0
terrain	void_overlay_no_floor_context	41	void overlay	1308	9344	0	20	146	source_plane=0 shape=0 rot=0
terrain	void_overlay_no_floor_context	41	void overlay	1308	9345	0	20	146	source_plane=0 shape=0 rot=0
terrain	void_overlay_no_floor_context	41	void overlay	1308	9346	0	20	146	source_plane=0 shape=0 rot=0
terrain	void_overlay_no_floor_context	41	void overlay	1308	9347	0	20	146	source_plane=0 shape=0 rot=0
terrain	void_overlay_no_floor_context	41	void overlay	1308	9348	0	20	146	source_plane=0 shape=0 rot=0
terrain	void_overlay_no_floor_context	41	void overlay	1308	9349	0	20	146	source_plane=0 shape=0 rot=0
terrain	void_overlay_no_floor_context	41	void overlay	1308	9350	0	20	146	source_plane=0 shape=0 rot=0
terrain	void_overlay_no_floor_context	41	void overlay	1308	9351	0	20	146	source_plane=0 shape=0 rot=0
terrain	void_overlay_no_floor_context	41	void overlay	1308	9352	0	20	146	source_plane=0 shape=0 rot=0
terrain	void_overlay_no_floor_context	41	void overlay	1308	9353	0	20	146	source_plane=0 shape=0 rot=0
terrain	void_overlay_no_floor_context	41	void overlay	1308	9354	0	20	146	source_plane=0 shape=0 rot=0
terrain	void_overlay_no_floor_context	41	void overlay	1308	9355	0	20	146	source_plane=0 shape=0 rot=0
terrain	void_overlay_no_floor_context	41	void overlay	1308	9356	0	20	146	source_plane=0 shape=0 rot=0
terrain	void_overlay_no_floor_context	41	void overlay	1308	9357	0	20	146	source_plane=0 shape=0 rot=0
terrain	void_overlay_no_floor_context	41	void overlay	1308	9358	0	20	146	source_plane=0 shape=0 rot=0
terrain	void_overlay_no_floor_context	41	void overlay	1309	9344	0	20	146	source_plane=0 shape=0 rot=0
terrain	void_overlay_no_floor_context	41	void overlay	1309	9345	0	20	146	source_plane=0 shape=0 rot=0
terrain	void_overlay_no_floor_context	41	void overlay	1309	9346	0	20	146	source_plane=0 shape=0 rot=0
terrain	void_overlay_no_floor_context	41	void overlay	1309	9347	0	20	146	source_plane=0 shape=0 rot=0
terrain	void_overlay_no_floor_context	41	void overlay	1309	9348	0	20	146	source_plane=0 shape=0 rot=0
terrain	void_overlay_no_floor_context	41	void overlay	1309	9349	0	20	146	source_plane=0 shape=0 rot=0
terrain	void_overlay_no_floor_context	41	void overlay	1309	9350	0	20	146	source_plane=0 shape=0 rot=0
terrain	void_overlay_no_floor_context	41	void overlay	1309	9351	0	20	146	source_plane=0 shape=0 rot=0
terrain	void_overlay_no_floor_context	41	void overlay	1309	9352	0	20	146	source_plane=0 shape=0 rot=0
terrain	void_overlay_no_floor_context	41	void overlay	1309	9353	0	20	146	source_plane=0 shape=0 rot=0
terrain	void_overlay_no_floor_context	41	void overlay	1309	9354	0	20	146	source_plane=0 shape=0 rot=0
terrain	void_overlay_no_floor_context	41	void overlay	1309	9355	0	20	146	source_plane=0 shape=0 rot=0
terrain	void_overlay_no_floor_context	41	void overlay	1309	9356	0	20	146	source_plane=0 shape=0 rot=0
terrain	void_overlay_no_floor_context	41	void overlay	1309	9357	0	20	146	source_plane=0 shape=0 rot=0
terrain	void_overlay_no_floor_context	41	void overlay	1309	9358	0	20	146	source_plane=0 shape=0 rot=0
terrain	void_overlay_no_floor_context	41	void overlay	1310	9344	0	20	146	source_plane=0 shape=0 rot=0
terrain	void_overlay_no_floor_context	41	void overlay	1310	9345	0	20	146	source_plane=0 shape=0 rot=0
terrain	void_overlay_no_floor_context	41	void overlay	1310	9346	0	20	146	source_plane=0 shape=0 rot=0
terrain	void_overlay_no_floor_context	41	void overlay	1310	9347	0	20	146	source_plane=0 shape=0 rot=0
terrain	void_overlay_no_floor_context	41	void overlay	1310	9348	0	20	146	source_plane=0 shape=0 rot=0
terrain	void_overlay_no_floor_context	41	void overlay	1310	9349	0	20	146	source_plane=0 shape=0 rot=0
terrain	void_overlay_no_floor_context	41	void overlay	1310	9350	0	20	146	source_plane=0 shape=0 rot=0
terrain	void_overlay_no_floor_context	41	void overlay	1310	9351	0	20	146	source_plane=0 shape=0 rot=0
terrain	void_overlay_no_floor_context	41	void overlay	1310	9352	0	20	146	source_plane=0 shape=0 rot=0
terrain	void_overlay_no_floor_context	41	void overlay	1310	9353	0	20	146	source_plane=0 shape=0 rot=0
terrain	void_overlay_no_floor_context	41	void overlay	1310	9354	0	20	146	source_plane=0 shape=0 rot=0
terrain	void_overlay_no_floor_context	41	void overlay	1310	9355	0	20	146	source_plane=0 shape=0 rot=0
terrain	void_overlay_no_floor_context	41	void overlay	1310	9356	0	20	146	source_plane=0 shape=0 rot=0
terrain	void_overlay_no_floor_context	41	void overlay	1310	9357	0	20	146	source_plane=0 shape=0 rot=0
terrain	void_overlay_no_floor_context	41	void overlay	1310	9358	0	20	146	source_plane=0 shape=0 rot=0
terrain	void_overlay_no_floor_context	41	void overlay	1311	9344	0	20	146	source_plane=0 shape=0 rot=0
terrain	void_overlay_no_floor_context	41	void overlay	1311	9345	0	20	146	source_plane=0 shape=0 rot=0
terrain	void_overlay_no_floor_context	41	void overlay	1311	9346	0	20	146	source_plane=0 shape=0 rot=0
terrain	void_overlay_no_floor_context	41	void overlay	1311	9347	0	20	146	source_plane=0 shape=0 rot=0
terrain	void_overlay_no_floor_context	41	void overlay	1311	9348	0	20	146	source_plane=0 shape=0 rot=0
terrain	void_overlay_no_floor_context	41	void overlay	1311	9349	0	20	146	source_plane=0 shape=0 rot=0
terrain	void_overlay_no_floor_context	41	void overlay	1311	9350	0	20	146	source_plane=0 shape=0 rot=0
terrain	void_overlay_no_floor_context	41	void overlay	1311	9351	0	20	146	source_plane=0 shape=0 rot=0
terrain	void_overlay_no_floor_context	41	void overlay	1311	9352	0	20	146	source_plane=0 shape=0 rot=0
terrain	void_overlay_no_floor_context	41	void overlay	1311	9353	0	20	146	source_plane=0 shape=0 rot=0
terrain	void_overlay_no_floor_context	41	void overlay	1311	9354	0	20	146	source_plane=0 shape=0 rot=0
terrain	void_overlay_no_floor_context	41	void overlay	1311	9355	0	20	146	source_plane=0 shape=0 rot=0
terrain	void_overlay_no_floor_context	41	void overlay	1311	9356	0	20	146	source_plane=0 shape=0 rot=0
terrain	void_overlay_no_floor_context	41	void overlay	1311	9357	0	20	146	source_plane=0 shape=0 rot=0
terrain	void_overlay_no_floor_context	41	void overlay	1311	9358	0	20	146	source_plane=0 shape=0 rot=0
terrain	void_overlay_no_floor_context	41	void overlay	1312	9344	0	20	146	source_plane=0 shape=0 rot=0
terrain	void_overlay_no_floor_context	41	void overlay	1312	9345	0	20	146	source_plane=0 shape=0 rot=0
terrain	void_overlay_no_floor_context	41	void overlay	1312	9346	0	20	146	source_plane=0 shape=0 rot=0
terrain	void_overlay_no_floor_context	41	void overlay	1312	9347	0	20	146	source_plane=0 shape=0 rot=0
terrain	void_overlay_no_floor_context	41	void overlay	1312	9348	0	20	146	source_plane=0 shape=0 rot=0
terrain	void_overlay_no_floor_context	41	void overlay	1312	9349	0	20	146	source_plane=0 shape=0 rot=0
terrain	void_overlay_no_floor_context	41	void overlay	1312	9350	0	20	146	source_plane=0 shape=0 rot=0
terrain	void_overlay_no_floor_context	41	void overlay	1312	9351	0	20	146	source_plane=0 shape=0 rot=0
terrain	void_overlay_no_floor_context	41	void overlay	1312	9352	0	20	146	source_plane=0 shape=0 rot=0
terrain	void_overlay_no_floor_context	41	void overlay	1312	9353	0	20	146	source_plane=0 shape=0 rot=0
terrain	void_overlay_no_floor_context	41	void overlay	1312	9354	0	20	146	source_plane=0 shape=0 rot=0
terrain	void_overlay_no_floor_context	41	void overlay	1312	9355	0	20	146	source_plane=0 shape=0 rot=0
terrain	void_overlay_no_floor_context	41	void overlay	1312	9356	0	20	146	source_plane=0 shape=0 rot=0
terrain	void_overlay_no_floor_context	41	void overlay	1312	9357	0	20	146	source_plane=0 shape=0 rot=0
terrain	void_overlay_no_floor_context	41	void overlay	1312	9358	0	20	146	source_plane=0 shape=0 rot=0
terrain	void_overlay_no_floor_context	41	void overlay	1313	9344	0	20	146	source_plane=0 shape=0 rot=0
terrain	void_overlay_no_floor_context	41	void overlay	1313	9345	0	20	146	source_plane=0 shape=0 rot=0
terrain	void_overlay_no_floor_context	41	void overlay	1313	9346	0	20	146	source_plane=0 shape=0 rot=0
terrain	void_overlay_no_floor_context	41	void overlay	1313	9347	0	20	146	source_plane=0 shape=0 rot=0
terrain	void_overlay_no_floor_context	41	void overlay	1313	9348	0	20	146	source_plane=0 shape=0 rot=0
terrain	void_overlay_no_floor_context	41	void overlay	1313	9349	0	20	146	source_plane=0 shape=0 rot=0
terrain	void_overlay_no_floor_context	41	void overlay	1313	9350	0	20	146	source_plane=0 shape=0 rot=0
terrain	void_overlay_no_floor_context	41	void overlay	1313	9351	0	20	146	source_plane=0 shape=0 rot=0
terrain	void_overlay_no_floor_context	41	void overlay	1313	9352	0	20	146	source_plane=0 shape=0 rot=0
terrain	void_overlay_no_floor_context	41	void overlay	1313	9353	0	20	146	source_plane=0 shape=0 rot=0
terrain	void_overlay_no_floor_context	41	void overlay	1313	9354	0	20	146	source_plane=0 shape=0 rot=0
terrain	void_overlay_no_floor_context	41	void overlay	1313	9355	0	20	146	source_plane=0 shape=0 rot=0
terrain	void_overlay_no_floor_context	41	void overlay	1313	9356	0	20	146	source_plane=0 shape=0 rot=0
terrain	void_overlay_no_floor_context	41	void overlay	1313	9357	0	20	146	source_plane=0 shape=0 rot=0
terrain	void_overlay_no_floor_context	41	void overlay	1313	9358	0	20	146	source_plane=0 shape=0 rot=0
terrain	void_overlay_no_floor_context	41	void overlay	1314	9344	0	20	146	source_plane=0 shape=0 rot=0
terrain	void_overlay_no_floor_context	41	void overlay	1314	9345	0	20	146	source_plane=0 shape=0 rot=0
terrain	void_overlay_no_floor_context	41	void overlay	1314	9346	0	20	146	source_plane=0 shape=0 rot=0
terrain	void_overlay_no_floor_context	41	void overlay	1314	9347	0	20	146	source_plane=0 shape=0 rot=0
terrain	void_overlay_no_floor_context	41	void overlay	1314	9348	0	20	146	source_plane=0 shape=0 rot=0
terrain	void_overlay_no_floor_context	41	void overlay	1314	9349	0	20	146	source_plane=0 shape=0 rot=0
terrain	void_overlay_no_floor_context	41	void overlay	1314	9350	0	20	146	source_plane=0 shape=0 rot=0
terrain	void_overlay_no_floor_context	41	void overlay	1314	9351	0	20	146	source_plane=0 shape=0 rot=0
terrain	void_overlay_no_floor_context	41	void overlay	1314	9352	0	20	146	source_plane=0 shape=0 rot=0
terrain	void_overlay_no_floor_context	41	void overlay	1314	9353	0	20	146	source_plane=0 shape=0 rot=0
terrain	void_overlay_no_floor_context	41	void overlay	1314	9354	0	20	146	source_plane=0 shape=0 rot=0
terrain	void_overlay_no_floor_context	41	void overlay	1314	9355	0	20	146	source_plane=0 shape=0 rot=0
terrain	void_overlay_no_floor_context	41	void overlay	1314	9356	0	20	146	source_plane=0 shape=0 rot=0
terrain	void_overlay_no_floor_context	41	void overlay	1314	9357	0	20	146	source_plane=0 shape=0 rot=0
terrain	void_overlay_no_floor_context	41	void overlay	1314	9358	0	20	146	source_plane=0 shape=0 rot=0
terrain	void_overlay_no_floor_context	41	void overlay	1315	9344	0	20	146	source_plane=0 shape=0 rot=0
terrain	void_overlay_no_floor_context	41	void overlay	1315	9345	0	20	146	source_plane=0 shape=0 rot=0
terrain	void_overlay_no_floor_context	41	void overlay	1315	9346	0	20	146	source_plane=0 shape=0 rot=0
terrain	void_overlay_no_floor_context	41	void overlay	1315	9347	0	20	146	source_plane=0 shape=0 rot=0
terrain	void_overlay_no_floor_context	41	void overlay	1315	9348	0	20	146	source_plane=0 shape=0 rot=0
terrain	void_overlay_no_floor_context	41	void overlay	1315	9349	0	20	146	source_plane=0 shape=0 rot=0
terrain	void_overlay_no_floor_context	41	void overlay	1315	9350	0	20	146	source_plane=0 shape=0 rot=0
terrain	void_overlay_no_floor_context	41	void overlay	1315	9351	0	20	146	source_plane=0 shape=0 rot=0
terrain	void_overlay_no_floor_context	41	void overlay	1315	9352	0	20	146	source_plane=0 shape=0 rot=0
terrain	void_overlay_no_floor_context	41	void overlay	1315	9353	0	20	146	source_plane=0 shape=0 rot=0
terrain	void_overlay_no_floor_context	41	void overlay	1315	9354	0	20	146	source_plane=0 shape=0 rot=0
terrain	void_overlay_no_floor_context	41	void overlay	1315	9355	0	20	146	source_plane=0 shape=0 rot=0
terrain	void_overlay_no_floor_context	41	void overlay	1315	9356	0	20	146	source_plane=0 shape=0 rot=0
terrain	void_overlay_no_floor_context	41	void overlay	1315	9357	0	20	146	source_plane=0 shape=0 rot=0
terrain	void_overlay_no_floor_context	41	void overlay	1315	9358	0	20	146	source_plane=0 shape=0 rot=0
terrain	void_overlay_no_floor_context	41	void overlay	1316	9344	0	20	146	source_plane=0 shape=0 rot=0
terrain	void_overlay_no_floor_context	41	void overlay	1316	9345	0	20	146	source_plane=0 shape=0 rot=0
terrain	void_overlay_no_floor_context	41	void overlay	1316	9346	0	20	146	source_plane=0 shape=0 rot=0
terrain	void_overlay_no_floor_context	41	void overlay	1316	9347	0	20	146	source_plane=0 shape=0 rot=0
terrain	void_overlay_no_floor_context	41	void overlay	1316	9348	0	20	146	source_plane=0 shape=0 rot=0
terrain	void_overlay_no_floor_context	41	void overlay	1316	9349	0	20	146	source_plane=0 shape=0 rot=0
terrain	void_overlay_no_floor_context	41	void overlay	1316	9350	0	20	146	source_plane=0 shape=0 rot=0
terrain	void_overlay_no_floor_context	41	void overlay	1316	9351	0	20	146	source_plane=0 shape=0 rot=0
terrain	void_overlay_no_floor_context	41	void overlay	1316	9352	0	20	146	source_plane=0 shape=0 rot=0
terrain	void_overlay_no_floor_context	41	void overlay	1316	9353	0	20	146	source_plane=0 shape=0 rot=0
terrain	void_overlay_no_floor_context	41	void overlay	1316	9354	0	20	146	source_plane=0 shape=0 rot=0
terrain	void_overlay_no_floor_context	41	void overlay	1316	9355	0	20	146	source_plane=0 shape=0 rot=0
terrain	void_overlay_no_floor_context	41	void overlay	1316	9356	0	20	146	source_plane=0 shape=0 rot=0
terrain	void_overlay_no_floor_context	41	void overlay	1316	9357	0	20	146	source_plane=0 shape=0 rot=0
terrain	void_overlay_no_floor_context	41	void overlay	1317	9344	0	20	146	source_plane=0 shape=0 rot=0
terrain	void_overlay_no_floor_context	41	void overlay	1317	9345	0	20	146	source_plane=0 shape=0 rot=0
terrain	void_overlay_no_floor_context	41	void overlay	1317	9346	0	20	146	source_plane=0 shape=0 rot=0
terrain	void_overlay_no_floor_context	41	void overlay	1317	9347	0	20	146	source_plane=0 shape=0 rot=0
terrain	void_overlay_no_floor_context	41	void overlay	1317	9348	0	20	146	source_plane=0 shape=0 rot=0
terrain	void_overlay_no_floor_context	41	void overlay	1317	9349	0	20	146	source_plane=0 shape=0 rot=0
terrain	void_overlay_no_floor_context	41	void overlay	1317	9350	0	20	146	source_plane=0 shape=0 rot=0
terrain	void_overlay_no_floor_context	41	void overlay	1317	9351	0	20	146	source_plane=0 shape=0 rot=0
terrain	void_overlay_no_floor_context	41	void overlay	1317	9352	0	20	146	source_plane=0 shape=0 rot=0
terrain	void_overlay_no_floor_context	41	void overlay	1317	9353	0	20	146	source_plane=0 shape=0 rot=0
terrain	void_overlay_no_floor_context	41	void overlay	1317	9354	0	20	146	source_plane=0 shape=0 rot=0
terrain	void_overlay_no_floor_context	41	void overlay	1317	9355	0	20	146	source_plane=0 shape=0 rot=0
terrain	void_overlay_no_floor_context	41	void overlay	1317	9356	0	20	146	source_plane=0 shape=0 rot=0
terrain	void_overlay_no_floor_context	41	void overlay	1318	9353	0	20	146	source_plane=0 shape=0 rot=0
terrain	void_overlay_no_floor_context	41	void overlay	1318	9354	0	20	146	source_plane=0 shape=0 rot=0
terrain	void_overlay_no_floor_context	41	void overlay	1318	9355	0	20	146	source_plane=0 shape=0 rot=0
terrain	void_overlay_no_floor_context	41	void overlay	1318	9356	0	20	146	source_plane=0 shape=0 rot=0
terrain	void_overlay_no_floor_context	41	void overlay	1319	9355	0	20	146	source_plane=0 shape=0 rot=0
terrain	void_overlay_no_floor_context	41	void overlay	1334	9344	0	20	146	source_plane=0 shape=0 rot=0
terrain	void_overlay_no_floor_context	41	void overlay	1334	9345	0	20	146	source_plane=0 shape=0 rot=0
terrain	void_overlay_no_floor_context	41	void overlay	1334	9346	0	20	146	source_plane=0 shape=0 rot=0
terrain	void_overlay_no_floor_context	41	void overlay	1334	9347	0	20	146	source_plane=0 shape=0 rot=0
terrain	void_overlay_no_floor_context	41	void overlay	1334	9348	0	20	146	source_plane=0 shape=0 rot=0
terrain	void_overlay_no_floor_context	41	void overlay	1334	9349	0	20	146	source_plane=0 shape=0 rot=0
terrain	void_overlay_no_floor_context	41	void overlay	1334	9350	0	20	146	source_plane=0 shape=0 rot=0
terrain	void_overlay_no_floor_context	41	void overlay	1334	9351	0	20	146	source_plane=0 shape=0 rot=0
terrain	void_overlay_no_floor_context	41	void overlay	1334	9352	0	20	146	source_plane=0 shape=0 rot=0
terrain	void_overlay_no_floor_context	41	void overlay	1334	9353	0	20	146	source_plane=0 shape=0 rot=0
terrain	void_overlay_no_floor_context	41	void overlay	1334	9354	0	20	146	source_plane=0 shape=0 rot=0
terrain	void_overlay_no_floor_context	41	void overlay	1334	9355	0	20	146	source_plane=0 shape=0 rot=0
terrain	void_overlay_no_floor_context	41	void overlay	1335	9344	0	20	146	source_plane=0 shape=0 rot=0
terrain	void_overlay_no_floor_context	41	void overlay	1335	9345	0	20	146	source_plane=0 shape=0 rot=0
terrain	void_overlay_no_floor_context	41	void overlay	1335	9346	0	20	146	source_plane=0 shape=0 rot=0
terrain	void_overlay_no_floor_context	41	void overlay	1335	9347	0	20	146	source_plane=0 shape=0 rot=0
terrain	void_overlay_no_floor_context	41	void overlay	1335	9348	0	20	146	source_plane=0 shape=0 rot=0
terrain	void_overlay_no_floor_context	41	void overlay	1335	9349	0	20	146	source_plane=0 shape=0 rot=0
terrain	void_overlay_no_floor_context	41	void overlay	1335	9350	0	20	146	source_plane=0 shape=0 rot=0
terrain	void_overlay_no_floor_context	41	void overlay	1335	9351	0	20	146	source_plane=0 shape=0 rot=0
terrain	void_overlay_no_floor_context	41	void overlay	1335	9352	0	20	146	source_plane=0 shape=0 rot=0
terrain	void_overlay_no_floor_context	41	void overlay	1335	9353	0	20	146	source_plane=0 shape=0 rot=0
terrain	void_overlay_no_floor_context	41	void overlay	1335	9354	0	20	146	source_plane=0 shape=0 rot=0
terrain	void_overlay_no_floor_context	41	void overlay	1335	9355	0	20	146	source_plane=0 shape=0 rot=0
terrain	void_overlay_no_floor_context	41	void overlay	1336	9344	0	20	146	source_plane=0 shape=0 rot=0
terrain	void_overlay_no_floor_context	41	void overlay	1336	9345	0	20	146	source_plane=0 shape=0 rot=0
terrain	void_overlay_no_floor_context	41	void overlay	1336	9346	0	20	146	source_plane=0 shape=0 rot=0
terrain	void_overlay_no_floor_context	41	void overlay	1336	9347	0	20	146	source_plane=0 shape=0 rot=0
terrain	void_overlay_no_floor_context	41	void overlay	1336	9348	0	20	146	source_plane=0 shape=0 rot=0
terrain	void_overlay_no_floor_context	41	void overlay	1336	9349	0	20	146	source_plane=0 shape=0 rot=0
terrain	void_overlay_no_floor_context	41	void overlay	1336	9350	0	20	146	source_plane=0 shape=0 rot=0
terrain	void_overlay_no_floor_context	41	void overlay	1336	9351	0	20	146	source_plane=0 shape=0 rot=0
terrain	void_overlay_no_floor_context	41	void overlay	1336	9352	0	20	146	source_plane=0 shape=0 rot=0
terrain	void_overlay_no_floor_context	41	void overlay	1336	9353	0	20	146	source_plane=0 shape=0 rot=0
terrain	void_overlay_no_floor_context	41	void overlay	1336	9354	0	20	146	source_plane=0 shape=0 rot=0
terrain	void_overlay_no_floor_context	41	void overlay	1336	9355	0	20	146	source_plane=0 shape=0 rot=0
terrain	void_overlay_no_floor_context	41	void overlay	1337	9344	0	20	146	source_plane=0 shape=0 rot=0
terrain	void_overlay_no_floor_context	41	void overlay	1337	9345	0	20	146	source_plane=0 shape=0 rot=0
terrain	void_overlay_no_floor_context	41	void overlay	1337	9346	0	20	146	source_plane=0 shape=0 rot=0
terrain	void_overlay_no_floor_context	41	void overlay	1337	9347	0	20	146	source_plane=0 shape=0 rot=0
terrain	void_overlay_no_floor_context	41	void overlay	1337	9348	0	20	146	source_plane=0 shape=0 rot=0
terrain	void_overlay_no_floor_context	41	void overlay	1337	9349	0	20	146	source_plane=0 shape=0 rot=0
terrain	void_overlay_no_floor_context	41	void overlay	1337	9350	0	20	146	source_plane=0 shape=0 rot=0
terrain	void_overlay_no_floor_context	41	void overlay	1337	9351	0	20	146	source_plane=0 shape=0 rot=0
terrain	void_overlay_no_floor_context	41	void overlay	1337	9352	0	20	146	source_plane=0 shape=0 rot=0
terrain	void_overlay_no_floor_context	41	void overlay	1337	9353	0	20	146	source_plane=0 shape=0 rot=0
terrain	void_overlay_no_floor_context	41	void overlay	1337	9354	0	20	146	source_plane=0 shape=0 rot=0
terrain	void_overlay_no_floor_context	41	void overlay	1337	9355	0	20	146	source_plane=0 shape=0 rot=0
terrain	void_overlay_no_floor_context	41	void overlay	1338	9344	0	20	146	source_plane=0 shape=0 rot=0
terrain	void_overlay_no_floor_context	41	void overlay	1338	9345	0	20	146	source_plane=0 shape=0 rot=0
terrain	void_overlay_no_floor_context	41	void overlay	1338	9346	0	20	146	source_plane=0 shape=0 rot=0
terrain	void_overlay_no_floor_context	41	void overlay	1338	9347	0	20	146	source_plane=0 shape=0 rot=0
terrain	void_overlay_no_floor_context	41	void overlay	1338	9348	0	20	146	source_plane=0 shape=0 rot=0
terrain	void_overlay_no_floor_context	41	void overlay	1338	9349	0	20	146	source_plane=0 shape=0 rot=0
terrain	void_overlay_no_floor_context	41	void overlay	1338	9350	0	20	146	source_plane=0 shape=0 rot=0
terrain	void_overlay_no_floor_context	41	void overlay	1338	9351	0	20	146	source_plane=0 shape=0 rot=0
terrain	void_overlay_no_floor_context	41	void overlay	1338	9352	0	20	146	source_plane=0 shape=0 rot=0
terrain	void_overlay_no_floor_context	41	void overlay	1338	9353	0	20	146	source_plane=0 shape=0 rot=0
terrain	void_overlay_no_floor_context	41	void overlay	1338	9354	0	20	146	source_plane=0 shape=0 rot=0
terrain	void_overlay_no_floor_context	41	void overlay	1338	9355	0	20	146	source_plane=0 shape=0 rot=0
terrain	void_overlay_no_floor_context	41	void overlay	1338	9364	0	20	146	source_plane=0 shape=0 rot=0
terrain	void_overlay_no_floor_context	41	void overlay	1338	9365	0	20	146	source_plane=0 shape=0 rot=0
terrain	void_overlay_no_floor_context	41	void overlay	1338	9366	0	20	146	source_plane=0 shape=0 rot=0
terrain	void_overlay_no_floor_context	41	void overlay	1338	9367	0	20	146	source_plane=0 shape=0 rot=0
terrain	void_overlay_no_floor_context	41	void overlay	1338	9368	0	20	146	source_plane=0 shape=0 rot=0
terrain	void_overlay_no_floor_context	41	void overlay	1338	9369	0	20	146	source_plane=0 shape=0 rot=0
terrain	void_overlay_no_floor_context	41	void overlay	1338	9370	0	20	146	source_plane=0 shape=0 rot=0
terrain	void_overlay_no_floor_context	41	void overlay	1338	9371	0	20	146	source_plane=0 shape=0 rot=0
terrain	void_overlay_no_floor_context	41	void overlay	1338	9372	0	20	146	source_plane=0 shape=0 rot=0
terrain	void_overlay_no_floor_context	41	void overlay	1339	9344	0	20	146	source_plane=0 shape=0 rot=0
terrain	void_overlay_no_floor_context	41	void overlay	1339	9345	0	20	146	source_plane=0 shape=0 rot=0
terrain	void_overlay_no_floor_context	41	void overlay	1339	9346	0	20	146	source_plane=0 shape=0 rot=0
terrain	void_overlay_no_floor_context	41	void overlay	1339	9347	0	20	146	source_plane=0 shape=0 rot=0
terrain	void_overlay_no_floor_context	41	void overlay	1339	9348	0	20	146	source_plane=0 shape=0 rot=0
terrain	void_overlay_no_floor_context	41	void overlay	1339	9349	0	20	146	source_plane=0 shape=0 rot=0
terrain	void_overlay_no_floor_context	41	void overlay	1339	9350	0	20	146	source_plane=0 shape=0 rot=0
terrain	void_overlay_no_floor_context	41	void overlay	1339	9351	0	20	146	source_plane=0 shape=0 rot=0
terrain	void_overlay_no_floor_context	41	void overlay	1339	9352	0	20	146	source_plane=0 shape=0 rot=0
terrain	void_overlay_no_floor_context	41	void overlay	1339	9353	0	20	146	source_plane=0 shape=0 rot=0
terrain	void_overlay_no_floor_context	41	void overlay	1339	9354	0	20	146	source_plane=0 shape=0 rot=0
terrain	void_overlay_no_floor_context	41	void overlay	1339	9355	0	20	146	source_plane=0 shape=0 rot=0
terrain	void_overlay_no_floor_context	41	void overlay	1339	9356	0	20	146	source_plane=0 shape=0 rot=0
terrain	void_overlay_no_floor_context	41	void overlay	1339	9357	0	20	146	source_plane=0 shape=0 rot=0
terrain	void_overlay_no_floor_context	41	void overlay	1339	9358	0	20	146	source_plane=0 shape=0 rot=0
terrain	void_overlay_no_floor_context	41	void overlay	1339	9359	0	20	146	source_plane=0 shape=0 rot=0
terrain	void_overlay_no_floor_context	41	void overlay	1339	9360	0	20	146	source_plane=0 shape=0 rot=0
terrain	void_overlay_no_floor_context	41	void overlay	1339	9361	0	20	146	source_plane=0 shape=0 rot=0
terrain	void_overlay_no_floor_context	41	void overlay	1339	9362	0	20	146	source_plane=0 shape=0 rot=0
terrain	void_overlay_no_floor_context	41	void overlay	1339	9363	0	20	146	source_plane=0 shape=0 rot=0
terrain	void_overlay_no_floor_context	41	void overlay	1339	9364	0	20	146	source_plane=0 shape=0 rot=0
terrain	void_overlay_no_floor_context	41	void overlay	1339	9365	0	20	146	source_plane=0 shape=0 rot=0
terrain	void_overlay_no_floor_context	41	void overlay	1339	9366	0	20	146	source_plane=0 shape=0 rot=0
terrain	void_overlay_no_floor_context	41	void overlay	1339	9367	0	20	146	source_plane=0 shape=0 rot=0
terrain	void_overlay_no_floor_context	41	void overlay	1339	9368	0	20	146	source_plane=0 shape=0 rot=0
terrain	void_overlay_no_floor_context	41	void overlay	1339	9369	0	20	146	source_plane=0 shape=0 rot=0
terrain	void_overlay_no_floor_context	41	void overlay	1339	9370	0	20	146	source_plane=0 shape=0 rot=0
terrain	void_overlay_no_floor_context	41	void overlay	1339	9371	0	20	146	source_plane=0 shape=0 rot=0
terrain	void_overlay_no_floor_context	41	void overlay	1339	9372	0	20	146	source_plane=0 shape=0 rot=0
terrain	void_overlay_no_floor_context	41	void overlay	1340	9344	0	20	146	source_plane=0 shape=0 rot=0
terrain	void_overlay_no_floor_context	41	void overlay	1340	9345	0	20	146	source_plane=0 shape=0 rot=0
terrain	void_overlay_no_floor_context	41	void overlay	1340	9346	0	20	146	source_plane=0 shape=0 rot=0
terrain	void_overlay_no_floor_context	41	void overlay	1340	9347	0	20	146	source_plane=0 shape=0 rot=0
terrain	void_overlay_no_floor_context	41	void overlay	1340	9348	0	20	146	source_plane=0 shape=0 rot=0
terrain	void_overlay_no_floor_context	41	void overlay	1340	9349	0	20	146	source_plane=0 shape=0 rot=0
terrain	void_overlay_no_floor_context	41	void overlay	1340	9350	0	20	146	source_plane=0 shape=0 rot=0
terrain	void_overlay_no_floor_context	41	void overlay	1340	9351	0	20	146	source_plane=0 shape=0 rot=0
terrain	void_overlay_no_floor_context	41	void overlay	1340	9352	0	20	146	source_plane=0 shape=0 rot=0
terrain	void_overlay_no_floor_context	41	void overlay	1340	9353	0	20	146	source_plane=0 shape=0 rot=0
terrain	void_overlay_no_floor_context	41	void overlay	1340	9354	0	20	146	source_plane=0 shape=0 rot=0
terrain	void_overlay_no_floor_context	41	void overlay	1340	9355	0	20	146	source_plane=0 shape=0 rot=0
terrain	void_overlay_no_floor_context	41	void overlay	1340	9356	0	20	146	source_plane=0 shape=0 rot=0
terrain	void_overlay_no_floor_context	41	void overlay	1340	9357	0	20	146	source_plane=0 shape=0 rot=0
terrain	void_overlay_no_floor_context	41	void overlay	1340	9358	0	20	146	source_plane=0 shape=0 rot=0
terrain	void_overlay_no_floor_context	41	void overlay	1340	9359	0	20	146	source_plane=0 shape=0 rot=0
terrain	void_overlay_no_floor_context	41	void overlay	1340	9360	0	20	146	source_plane=0 shape=0 rot=0
terrain	void_overlay_no_floor_context	41	void overlay	1340	9361	0	20	146	source_plane=0 shape=0 rot=0
terrain	void_overlay_no_floor_context	41	void overlay	1340	9362	0	20	146	source_plane=0 shape=0 rot=0
terrain	void_overlay_no_floor_context	41	void overlay	1340	9363	0	20	146	source_plane=0 shape=0 rot=0
terrain	void_overlay_no_floor_context	41	void overlay	1340	9364	0	20	146	source_plane=0 shape=0 rot=0
terrain	void_overlay_no_floor_context	41	void overlay	1340	9365	0	20	146	source_plane=0 shape=0 rot=0
terrain	void_overlay_no_floor_context	41	void overlay	1340	9366	0	20	146	source_plane=0 shape=0 rot=0
terrain	void_overlay_no_floor_context	41	void overlay	1340	9367	0	20	146	source_plane=0 shape=0 rot=0
terrain	void_overlay_no_floor_context	41	void overlay	1340	9368	0	20	146	source_plane=0 shape=0 rot=0
terrain	void_overlay_no_floor_context	41	void overlay	1340	9369	0	20	146	source_plane=0 shape=0 rot=0
terrain	void_overlay_no_floor_context	41	void overlay	1340	9370	0	20	146	source_plane=0 shape=0 rot=0
terrain	void_overlay_no_floor_context	41	void overlay	1340	9371	0	20	146	source_plane=0 shape=0 rot=0
terrain	void_overlay_no_floor_context	41	void overlay	1340	9372	0	20	146	source_plane=0 shape=0 rot=0
terrain	void_overlay_no_floor_context	41	void overlay	1340	9373	0	20	146	source_plane=0 shape=0 rot=0
terrain	void_overlay_no_floor_context	41	void overlay	1340	9407	0	20	146	source_plane=0 shape=0 rot=0
terrain	void_overlay_no_floor_context	41	void overlay	1341	9344	0	20	146	source_plane=0 shape=0 rot=0
terrain	void_overlay_no_floor_context	41	void overlay	1341	9345	0	20	146	source_plane=0 shape=0 rot=0
terrain	void_overlay_no_floor_context	41	void overlay	1341	9346	0	20	146	source_plane=0 shape=0 rot=0
terrain	void_overlay_no_floor_context	41	void overlay	1341	9347	0	20	146	source_plane=0 shape=0 rot=0
terrain	void_overlay_no_floor_context	41	void overlay	1341	9348	0	20	146	source_plane=0 shape=0 rot=0
terrain	void_overlay_no_floor_context	41	void overlay	1341	9349	0	20	146	source_plane=0 shape=0 rot=0
terrain	void_overlay_no_floor_context	41	void overlay	1341	9350	0	20	146	source_plane=0 shape=0 rot=0
terrain	void_overlay_no_floor_context	41	void overlay	1341	9351	0	20	146	source_plane=0 shape=0 rot=0
terrain	void_overlay_no_floor_context	41	void overlay	1341	9352	0	20	146	source_plane=0 shape=0 rot=0
terrain	void_overlay_no_floor_context	41	void overlay	1341	9353	0	20	146	source_plane=0 shape=0 rot=0
terrain	void_overlay_no_floor_context	41	void overlay	1341	9354	0	20	146	source_plane=0 shape=0 rot=0
terrain	void_overlay_no_floor_context	41	void overlay	1341	9355	0	20	146	source_plane=0 shape=0 rot=0
terrain	void_overlay_no_floor_context	41	void overlay	1341	9356	0	20	146	source_plane=0 shape=0 rot=0
terrain	void_overlay_no_floor_context	41	void overlay	1341	9357	0	20	146	source_plane=0 shape=0 rot=0
terrain	void_overlay_no_floor_context	41	void overlay	1341	9358	0	20	146	source_plane=0 shape=0 rot=0
terrain	void_overlay_no_floor_context	41	void overlay	1341	9359	0	20	146	source_plane=0 shape=0 rot=0
terrain	void_overlay_no_floor_context	41	void overlay	1341	9360	0	20	146	source_plane=0 shape=0 rot=0
terrain	void_overlay_no_floor_context	41	void overlay	1341	9361	0	20	146	source_plane=0 shape=0 rot=0
terrain	void_overlay_no_floor_context	41	void overlay	1341	9362	0	20	146	source_plane=0 shape=0 rot=0
terrain	void_overlay_no_floor_context	41	void overlay	1341	9363	0	20	146	source_plane=0 shape=0 rot=0
terrain	void_overlay_no_floor_context	41	void overlay	1341	9364	0	20	146	source_plane=0 shape=0 rot=0
terrain	void_overlay_no_floor_context	41	void overlay	1341	9365	0	20	146	source_plane=0 shape=0 rot=0
terrain	void_overlay_no_floor_context	41	void overlay	1341	9366	0	20	146	source_plane=0 shape=0 rot=0
terrain	void_overlay_no_floor_context	41	void overlay	1341	9367	0	20	146	source_plane=0 shape=0 rot=0
terrain	void_overlay_no_floor_context	41	void overlay	1341	9368	0	20	146	source_plane=0 shape=0 rot=0
terrain	void_overlay_no_floor_context	41	void overlay	1341	9369	0	20	146	source_plane=0 shape=0 rot=0
terrain	void_overlay_no_floor_context	41	void overlay	1341	9370	0	20	146	source_plane=0 shape=0 rot=0
terrain	void_overlay_no_floor_context	41	void overlay	1341	9371	0	20	146	source_plane=0 shape=0 rot=0
terrain	void_overlay_no_floor_context	41	void overlay	1341	9372	0	20	146	source_plane=0 shape=0 rot=0
terrain	void_overlay_no_floor_context	41	void overlay	1341	9373	0	20	146	source_plane=0 shape=0 rot=0
terrain	void_overlay_no_floor_context	41	void overlay	1341	9407	0	20	146	source_plane=0 shape=0 rot=0
terrain	void_overlay_no_floor_context	41	void overlay	1342	9344	0	20	146	source_plane=0 shape=0 rot=0
terrain	void_overlay_no_floor_context	41	void overlay	1342	9345	0	20	146	source_plane=0 shape=0 rot=0
terrain	void_overlay_no_floor_context	41	void overlay	1342	9346	0	20	146	source_plane=0 shape=0 rot=0
terrain	void_overlay_no_floor_context	41	void overlay	1342	9347	0	20	146	source_plane=0 shape=0 rot=0
terrain	void_overlay_no_floor_context	41	void overlay	1342	9348	0	20	146	source_plane=0 shape=0 rot=0
terrain	void_overlay_no_floor_context	41	void overlay	1342	9349	0	20	146	source_plane=0 shape=0 rot=0
terrain	void_overlay_no_floor_context	41	void overlay	1342	9350	0	20	146	source_plane=0 shape=0 rot=0
terrain	void_overlay_no_floor_context	41	void overlay	1342	9351	0	20	146	source_plane=0 shape=0 rot=0
terrain	void_overlay_no_floor_context	41	void overlay	1342	9352	0	20	146	source_plane=0 shape=0 rot=0
terrain	void_overlay_no_floor_context	41	void overlay	1342	9353	0	20	146	source_plane=0 shape=0 rot=0
terrain	void_overlay_no_floor_context	41	void overlay	1342	9354	0	20	146	source_plane=0 shape=0 rot=0
terrain	void_overlay_no_floor_context	41	void overlay	1342	9355	0	20	146	source_plane=0 shape=0 rot=0
terrain	void_overlay_no_floor_context	41	void overlay	1342	9356	0	20	146	source_plane=0 shape=0 rot=0
terrain	void_overlay_no_floor_context	41	void overlay	1342	9357	0	20	146	source_plane=0 shape=0 rot=0
terrain	void_overlay_no_floor_context	41	void overlay	1342	9358	0	20	146	source_plane=0 shape=0 rot=0
terrain	void_overlay_no_floor_context	41	void overlay	1342	9359	0	20	146	source_plane=0 shape=0 rot=0
terrain	void_overlay_no_floor_context	41	void overlay	1342	9360	0	20	146	source_plane=0 shape=0 rot=0
terrain	void_overlay_no_floor_context	41	void overlay	1342	9361	0	20	146	source_plane=0 shape=0 rot=0
terrain	void_overlay_no_floor_context	41	void overlay	1342	9362	0	20	146	source_plane=0 shape=0 rot=0
terrain	void_overlay_no_floor_context	41	void overlay	1342	9363	0	20	146	source_plane=0 shape=0 rot=0
terrain	void_overlay_no_floor_context	41	void overlay	1342	9364	0	20	146	source_plane=0 shape=0 rot=0
terrain	void_overlay_no_floor_context	41	void overlay	1342	9365	0	20	146	source_plane=0 shape=0 rot=0
terrain	void_overlay_no_floor_context	41	void overlay	1342	9366	0	20	146	source_plane=0 shape=0 rot=0
terrain	void_overlay_no_floor_context	41	void overlay	1342	9367	0	20	146	source_plane=0 shape=0 rot=0
terrain	void_overlay_no_floor_context	41	void overlay	1342	9368	0	20	146	source_plane=0 shape=0 rot=0
terrain	void_overlay_no_floor_context	41	void overlay	1342	9369	0	20	146	source_plane=0 shape=0 rot=0
terrain	void_overlay_no_floor_context	41	void overlay	1342	9370	0	20	146	source_plane=0 shape=0 rot=0
terrain	void_overlay_no_floor_context	41	void overlay	1342	9371	0	20	146	source_plane=0 shape=0 rot=0
terrain	void_overlay_no_floor_context	41	void overlay	1342	9372	0	20	146	source_plane=0 shape=0 rot=0
terrain	void_overlay_no_floor_context	41	void overlay	1342	9373	0	20	146	source_plane=0 shape=0 rot=0
terrain	void_overlay_no_floor_context	41	void overlay	1342	9374	0	20	146	source_plane=0 shape=0 rot=0
terrain	void_overlay_no_floor_context	41	void overlay	1342	9406	0	20	146	source_plane=0 shape=0 rot=0
terrain	void_overlay_no_floor_context	41	void overlay	1342	9407	0	20	146	source_plane=0 shape=0 rot=0
terrain	void_overlay_no_floor_context	41	void overlay	1343	9344	0	20	146	source_plane=0 shape=0 rot=0
terrain	void_overlay_no_floor_context	41	void overlay	1343	9345	0	20	146	source_plane=0 shape=0 rot=0
terrain	void_overlay_no_floor_context	41	void overlay	1343	9346	0	20	146	source_plane=0 shape=0 rot=0
terrain	void_overlay_no_floor_context	41	void overlay	1343	9347	0	20	146	source_plane=0 shape=0 rot=0
terrain	void_overlay_no_floor_context	41	void overlay	1343	9348	0	20	146	source_plane=0 shape=0 rot=0
terrain	void_overlay_no_floor_context	41	void overlay	1343	9349	0	20	146	source_plane=0 shape=0 rot=0
terrain	void_overlay_no_floor_context	41	void overlay	1343	9350	0	20	146	source_plane=0 shape=0 rot=0
terrain	void_overlay_no_floor_context	41	void overlay	1343	9351	0	20	146	source_plane=0 shape=0 rot=0
terrain	void_overlay_no_floor_context	41	void overlay	1343	9352	0	20	146	source_plane=0 shape=0 rot=0
terrain	void_overlay_no_floor_context	41	void overlay	1343	9353	0	20	146	source_plane=0 shape=0 rot=0
terrain	void_overlay_no_floor_context	41	void overlay	1343	9354	0	20	146	source_plane=0 shape=0 rot=0
terrain	void_overlay_no_floor_context	41	void overlay	1343	9355	0	20	146	source_plane=0 shape=0 rot=0
terrain	void_overlay_no_floor_context	41	void overlay	1343	9356	0	20	146	source_plane=0 shape=0 rot=0
terrain	void_overlay_no_floor_context	41	void overlay	1343	9357	0	20	146	source_plane=0 shape=0 rot=0
terrain	void_overlay_no_floor_context	41	void overlay	1343	9358	0	20	146	source_plane=0 shape=0 rot=0
terrain	void_overlay_no_floor_context	41	void overlay	1343	9359	0	20	146	source_plane=0 shape=0 rot=0
terrain	void_overlay_no_floor_context	41	void overlay	1343	9360	0	20	146	source_plane=0 shape=0 rot=0
terrain	void_overlay_no_floor_context	41	void overlay	1343	9361	0	20	146	source_plane=0 shape=0 rot=0
terrain	void_overlay_no_floor_context	41	void overlay	1343	9362	0	20	146	source_plane=0 shape=0 rot=0
terrain	void_overlay_no_floor_context	41	void overlay	1343	9363	0	20	146	source_plane=0 shape=0 rot=0
terrain	void_overlay_no_floor_context	41	void overlay	1343	9364	0	20	146	source_plane=0 shape=0 rot=0
terrain	void_overlay_no_floor_context	41	void overlay	1343	9365	0	20	146	source_plane=0 shape=0 rot=0
terrain	void_overlay_no_floor_context	41	void overlay	1343	9366	0	20	146	source_plane=0 shape=0 rot=0
terrain	void_overlay_no_floor_context	41	void overlay	1343	9367	0	20	146	source_plane=0 shape=0 rot=0
terrain	void_overlay_no_floor_context	41	void overlay	1343	9368	0	20	146	source_plane=0 shape=0 rot=0
terrain	void_overlay_no_floor_context	41	void overlay	1343	9369	0	20	146	source_plane=0 shape=0 rot=0
terrain	void_overlay_no_floor_context	41	void overlay	1343	9370	0	20	146	source_plane=0 shape=0 rot=0
terrain	void_overlay_no_floor_context	41	void overlay	1343	9371	0	20	146	source_plane=0 shape=0 rot=0
terrain	void_overlay_no_floor_context	41	void overlay	1343	9372	0	20	146	source_plane=0 shape=0 rot=0
terrain	void_overlay_no_floor_context	41	void overlay	1343	9373	0	20	146	source_plane=0 shape=0 rot=0
terrain	void_overlay_no_floor_context	41	void overlay	1343	9374	0	20	146	source_plane=0 shape=0 rot=0
terrain	void_overlay_no_floor_context	41	void overlay	1343	9375	0	20	146	source_plane=0 shape=0 rot=0
terrain	void_overlay_no_floor_context	41	void overlay	1343	9404	0	20	146	source_plane=0 shape=0 rot=0
terrain	void_overlay_no_floor_context	41	void overlay	1343	9405	0	20	146	source_plane=0 shape=0 rot=0
terrain	void_overlay_no_floor_context	41	void overlay	1343	9406	0	20	146	source_plane=0 shape=0 rot=0
terrain	void_overlay_no_floor_context	41	void overlay	1343	9407	0	20	146	source_plane=0 shape=0 rot=0
terrain	void_overlay_no_floor_context	41	void overlay	1280	9408	0	20	147	source_plane=0 shape=0 rot=0
terrain	void_overlay_no_floor_context	41	void overlay	1280	9409	0	20	147	source_plane=0 shape=0 rot=0
terrain	void_overlay_no_floor_context	41	void overlay	1280	9410	0	20	147	source_plane=0 shape=0 rot=0
terrain	void_overlay_no_floor_context	41	void overlay	1280	9411	0	20	147	source_plane=0 shape=0 rot=0
terrain	void_overlay_no_floor_context	41	void overlay	1280	9412	0	20	147	source_plane=0 shape=0 rot=0
terrain	void_overlay_no_floor_context	41	void overlay	1280	9413	0	20	147	source_plane=0 shape=0 rot=0
terrain	void_overlay_no_floor_context	41	void overlay	1280	9414	0	20	147	source_plane=0 shape=0 rot=0
terrain	void_overlay_no_floor_context	41	void overlay	1280	9415	0	20	147	source_plane=0 shape=0 rot=0
terrain	void_overlay_no_floor_context	41	void overlay	1280	9416	0	20	147	source_plane=0 shape=0 rot=0
terrain	void_overlay_no_floor_context	41	void overlay	1280	9417	0	20	147	source_plane=0 shape=0 rot=0
terrain	void_overlay_no_floor_context	41	void overlay	1280	9418	0	20	147	source_plane=0 shape=0 rot=0
terrain	void_overlay_no_floor_context	41	void overlay	1280	9419	0	20	147	source_plane=0 shape=0 rot=0
terrain	void_overlay_no_floor_context	41	void overlay	1280	9420	0	20	147	source_plane=0 shape=0 rot=0
terrain	void_overlay_no_floor_context	41	void overlay	1280	9421	0	20	147	source_plane=0 shape=0 rot=0
terrain	void_overlay_no_floor_context	41	void overlay	1280	9422	0	20	147	source_plane=0 shape=0 rot=0
terrain	void_overlay_no_floor_context	41	void overlay	1280	9423	0	20	147	source_plane=0 shape=0 rot=0
terrain	void_overlay_no_floor_context	41	void overlay	1280	9424	0	20	147	source_plane=0 shape=0 rot=0
terrain	void_overlay_no_floor_context	41	void overlay	1280	9425	0	20	147	source_plane=0 shape=0 rot=0
terrain	void_overlay_no_floor_context	41	void overlay	1280	9426	0	20	147	source_plane=0 shape=0 rot=0
terrain	void_overlay_no_floor_context	41	void overlay	1281	9408	0	20	147	source_plane=0 shape=0 rot=0
terrain	void_overlay_no_floor_context	41	void overlay	1281	9409	0	20	147	source_plane=0 shape=0 rot=0
terrain	void_overlay_no_floor_context	41	void overlay	1281	9410	0	20	147	source_plane=0 shape=0 rot=0
terrain	void_overlay_no_floor_context	41	void overlay	1281	9411	0	20	147	source_plane=0 shape=0 rot=0
terrain	void_overlay_no_floor_context	41	void overlay	1281	9412	0	20	147	source_plane=0 shape=0 rot=0
terrain	void_overlay_no_floor_context	41	void overlay	1281	9413	0	20	147	source_plane=0 shape=0 rot=0
terrain	void_overlay_no_floor_context	41	void overlay	1281	9414	0	20	147	source_plane=0 shape=0 rot=0
terrain	void_overlay_no_floor_context	41	void overlay	1281	9415	0	20	147	source_plane=0 shape=0 rot=0
terrain	void_overlay_no_floor_context	41	void overlay	1281	9416	0	20	147	source_plane=0 shape=0 rot=0
terrain	void_overlay_no_floor_context	41	void overlay	1281	9417	0	20	147	source_plane=0 shape=0 rot=0
terrain	void_overlay_no_floor_context	41	void overlay	1281	9418	0	20	147	source_plane=0 shape=0 rot=0
terrain	void_overlay_no_floor_context	41	void overlay	1281	9419	0	20	147	source_plane=0 shape=0 rot=0
terrain	void_overlay_no_floor_context	41	void overlay	1281	9420	0	20	147	source_plane=0 shape=0 rot=0
terrain	void_overlay_no_floor_context	41	void overlay	1281	9421	0	20	147	source_plane=0 shape=0 rot=0
terrain	void_overlay_no_floor_context	41	void overlay	1281	9422	0	20	147	source_plane=0 shape=0 rot=0
terrain	void_overlay_no_floor_context	41	void overlay	1281	9423	0	20	147	source_plane=0 shape=0 rot=0
terrain	void_overlay_no_floor_context	41	void overlay	1281	9424	0	20	147	source_plane=0 shape=0 rot=0
terrain	void_overlay_no_floor_context	41	void overlay	1281	9425	0	20	147	source_plane=0 shape=0 rot=0
terrain	void_overlay_no_floor_context	41	void overlay	1281	9426	0	20	147	source_plane=0 shape=0 rot=0
terrain	void_overlay_no_floor_context	41	void overlay	1282	9408	0	20	147	source_plane=0 shape=0 rot=0
terrain	void_overlay_no_floor_context	41	void overlay	1282	9409	0	20	147	source_plane=0 shape=0 rot=0
terrain	void_overlay_no_floor_context	41	void overlay	1282	9410	0	20	147	source_plane=0 shape=0 rot=0
terrain	void_overlay_no_floor_context	41	void overlay	1282	9411	0	20	147	source_plane=0 shape=0 rot=0
terrain	void_overlay_no_floor_context	41	void overlay	1282	9412	0	20	147	source_plane=0 shape=0 rot=0
terrain	void_overlay_no_floor_context	41	void overlay	1282	9413	0	20	147	source_plane=0 shape=0 rot=0
terrain	void_overlay_no_floor_context	41	void overlay	1282	9414	0	20	147	source_plane=0 shape=0 rot=0
terrain	void_overlay_no_floor_context	41	void overlay	1282	9415	0	20	147	source_plane=0 shape=0 rot=0
terrain	void_overlay_no_floor_context	41	void overlay	1282	9416	0	20	147	source_plane=0 shape=0 rot=0
terrain	void_overlay_no_floor_context	41	void overlay	1282	9417	0	20	147	source_plane=0 shape=0 rot=0
terrain	void_overlay_no_floor_context	41	void overlay	1282	9418	0	20	147	source_plane=0 shape=0 rot=0
terrain	void_overlay_no_floor_context	41	void overlay	1282	9419	0	20	147	source_plane=0 shape=0 rot=0
terrain	void_overlay_no_floor_context	41	void overlay	1282	9420	0	20	147	source_plane=0 shape=0 rot=0
terrain	void_overlay_no_floor_context	41	void overlay	1282	9421	0	20	147	source_plane=0 shape=0 rot=0
terrain	void_overlay_no_floor_context	41	void overlay	1282	9422	0	20	147	source_plane=0 shape=0 rot=0
terrain	void_overlay_no_floor_context	41	void overlay	1282	9423	0	20	147	source_plane=0 shape=0 rot=0
terrain	void_overlay_no_floor_context	41	void overlay	1282	9424	0	20	147	source_plane=0 shape=0 rot=0
terrain	void_overlay_no_floor_context	41	void overlay	1282	9425	0	20	147	source_plane=0 shape=0 rot=0
terrain	void_overlay_no_floor_context	41	void overlay	1282	9426	0	20	147	source_plane=0 shape=0 rot=0
terrain	void_overlay_no_floor_context	41	void overlay	1283	9408	0	20	147	source_plane=0 shape=0 rot=0
terrain	void_overlay_no_floor_context	41	void overlay	1283	9409	0	20	147	source_plane=0 shape=0 rot=0
terrain	void_overlay_no_floor_context	41	void overlay	1283	9410	0	20	147	source_plane=0 shape=0 rot=0
terrain	void_overlay_no_floor_context	41	void overlay	1283	9411	0	20	147	source_plane=0 shape=0 rot=0
terrain	void_overlay_no_floor_context	41	void overlay	1283	9412	0	20	147	source_plane=0 shape=0 rot=0
terrain	void_overlay_no_floor_context	41	void overlay	1283	9413	0	20	147	source_plane=0 shape=0 rot=0
terrain	void_overlay_no_floor_context	41	void overlay	1283	9414	0	20	147	source_plane=0 shape=0 rot=0
terrain	void_overlay_no_floor_context	41	void overlay	1283	9415	0	20	147	source_plane=0 shape=0 rot=0
terrain	void_overlay_no_floor_context	41	void overlay	1283	9416	0	20	147	source_plane=0 shape=0 rot=0
terrain	void_overlay_no_floor_context	41	void overlay	1283	9417	0	20	147	source_plane=0 shape=0 rot=0
terrain	void_overlay_no_floor_context	41	void overlay	1283	9418	0	20	147	source_plane=0 shape=0 rot=0
terrain	void_overlay_no_floor_context	41	void overlay	1283	9419	0	20	147	source_plane=0 shape=0 rot=0
terrain	void_overlay_no_floor_context	41	void overlay	1283	9420	0	20	147	source_plane=0 shape=0 rot=0
terrain	void_overlay_no_floor_context	41	void overlay	1283	9421	0	20	147	source_plane=0 shape=0 rot=0
terrain	void_overlay_no_floor_context	41	void overlay	1283	9422	0	20	147	source_plane=0 shape=0 rot=0
terrain	void_overlay_no_floor_context	41	void overlay	1283	9423	0	20	147	source_plane=0 shape=0 rot=0
terrain	void_overlay_no_floor_context	41	void overlay	1283	9424	0	20	147	source_plane=0 shape=0 rot=0
terrain	void_overlay_no_floor_context	41	void overlay	1283	9425	0	20	147	source_plane=0 shape=0 rot=0
terrain	void_overlay_no_floor_context	41	void overlay	1283	9426	0	20	147	source_plane=0 shape=0 rot=0
terrain	void_overlay_no_floor_context	41	void overlay	1284	9408	0	20	147	source_plane=0 shape=0 rot=0
terrain	void_overlay_no_floor_context	41	void overlay	1284	9409	0	20	147	source_plane=0 shape=0 rot=0
terrain	void_overlay_no_floor_context	41	void overlay	1284	9410	0	20	147	source_plane=0 shape=0 rot=0
terrain	void_overlay_no_floor_context	41	void overlay	1284	9411	0	20	147	source_plane=0 shape=0 rot=0
terrain	void_overlay_no_floor_context	41	void overlay	1284	9412	0	20	147	source_plane=0 shape=0 rot=0
terrain	void_overlay_no_floor_context	41	void overlay	1284	9413	0	20	147	source_plane=0 shape=0 rot=0
terrain	void_overlay_no_floor_context	41	void overlay	1284	9414	0	20	147	source_plane=0 shape=0 rot=0
terrain	void_overlay_no_floor_context	41	void overlay	1284	9415	0	20	147	source_plane=0 shape=0 rot=0
terrain	void_overlay_no_floor_context	41	void overlay	1284	9416	0	20	147	source_plane=0 shape=0 rot=0
terrain	void_overlay_no_floor_context	41	void overlay	1284	9417	0	20	147	source_plane=0 shape=0 rot=0
terrain	void_overlay_no_floor_context	41	void overlay	1284	9418	0	20	147	source_plane=0 shape=0 rot=0
terrain	void_overlay_no_floor_context	41	void overlay	1284	9419	0	20	147	source_plane=0 shape=0 rot=0
terrain	void_overlay_no_floor_context	41	void overlay	1284	9420	0	20	147	source_plane=0 shape=0 rot=0
terrain	void_overlay_no_floor_context	41	void overlay	1284	9421	0	20	147	source_plane=0 shape=0 rot=0
terrain	void_overlay_no_floor_context	41	void overlay	1284	9422	0	20	147	source_plane=0 shape=0 rot=0
terrain	void_overlay_no_floor_context	41	void overlay	1284	9423	0	20	147	source_plane=0 shape=0 rot=0
terrain	void_overlay_no_floor_context	41	void overlay	1284	9424	0	20	147	source_plane=0 shape=0 rot=0
terrain	void_overlay_no_floor_context	41	void overlay	1284	9425	0	20	147	source_plane=0 shape=0 rot=0
terrain	void_overlay_no_floor_context	41	void overlay	1284	9426	0	20	147	source_plane=0 shape=0 rot=0
terrain	void_overlay_no_floor_context	41	void overlay	1285	9412	0	20	147	source_plane=0 shape=0 rot=0
terrain	void_overlay_no_floor_context	41	void overlay	1285	9413	0	20	147	source_plane=0 shape=0 rot=0
terrain	void_overlay_no_floor_context	41	void overlay	1285	9414	0	20	147	source_plane=0 shape=0 rot=0
terrain	void_overlay_no_floor_context	41	void overlay	1285	9415	0	20	147	source_plane=0 shape=0 rot=0
terrain	void_overlay_no_floor_context	41	void overlay	1285	9416	0	20	147	source_plane=0 shape=0 rot=0
terrain	void_overlay_no_floor_context	41	void overlay	1285	9417	0	20	147	source_plane=0 shape=0 rot=0
terrain	void_overlay_no_floor_context	41	void overlay	1285	9418	0	20	147	source_plane=0 shape=0 rot=0
terrain	void_overlay_no_floor_context	41	void overlay	1285	9419	0	20	147	source_plane=0 shape=0 rot=0
terrain	void_overlay_no_floor_context	41	void overlay	1285	9420	0	20	147	source_plane=0 shape=0 rot=0
terrain	void_overlay_no_floor_context	41	void overlay	1285	9421	0	20	147	source_plane=0 shape=0 rot=0
terrain	void_overlay_no_floor_context	41	void overlay	1285	9422	0	20	147	source_plane=0 shape=0 rot=0
terrain	void_overlay_no_floor_context	41	void overlay	1285	9423	0	20	147	source_plane=0 shape=0 rot=0
terrain	void_overlay_no_floor_context	41	void overlay	1285	9424	0	20	147	source_plane=0 shape=0 rot=0
terrain	void_overlay_no_floor_context	41	void overlay	1285	9425	0	20	147	source_plane=0 shape=0 rot=0
terrain	void_overlay_no_floor_context	41	void overlay	1285	9426	0	20	147	source_plane=0 shape=0 rot=0
terrain	void_overlay_no_floor_context	41	void overlay	1286	9412	0	20	147	source_plane=0 shape=0 rot=0
terrain	void_overlay_no_floor_context	41	void overlay	1286	9413	0	20	147	source_plane=0 shape=0 rot=0
terrain	void_overlay_no_floor_context	41	void overlay	1286	9414	0	20	147	source_plane=0 shape=0 rot=0
terrain	void_overlay_no_floor_context	41	void overlay	1286	9415	0	20	147	source_plane=0 shape=0 rot=0
terrain	void_overlay_no_floor_context	41	void overlay	1286	9416	0	20	147	source_plane=0 shape=0 rot=0
terrain	void_overlay_no_floor_context	41	void overlay	1286	9417	0	20	147	source_plane=0 shape=0 rot=0
terrain	void_overlay_no_floor_context	41	void overlay	1286	9418	0	20	147	source_plane=0 shape=0 rot=0
terrain	void_overlay_no_floor_context	41	void overlay	1286	9419	0	20	147	source_plane=0 shape=0 rot=0
terrain	void_overlay_no_floor_context	41	void overlay	1286	9420	0	20	147	source_plane=0 shape=0 rot=0
terrain	void_overlay_no_floor_context	41	void overlay	1286	9421	0	20	147	source_plane=0 shape=0 rot=0
terrain	void_overlay_no_floor_context	41	void overlay	1286	9422	0	20	147	source_plane=0 shape=0 rot=0
terrain	void_overlay_no_floor_context	41	void overlay	1286	9423	0	20	147	source_plane=0 shape=0 rot=0
terrain	void_overlay_no_floor_context	41	void overlay	1286	9424	0	20	147	source_plane=0 shape=0 rot=0
terrain	void_overlay_no_floor_context	41	void overlay	1286	9425	0	20	147	source_plane=0 shape=0 rot=0
terrain	void_overlay_no_floor_context	41	void overlay	1286	9426	0	20	147	source_plane=0 shape=0 rot=0
terrain	void_overlay_no_floor_context	41	void overlay	1287	9412	0	20	147	source_plane=0 shape=0 rot=0
terrain	void_overlay_no_floor_context	41	void overlay	1287	9413	0	20	147	source_plane=0 shape=0 rot=0
terrain	void_overlay_no_floor_context	41	void overlay	1287	9414	0	20	147	source_plane=0 shape=0 rot=0
terrain	void_overlay_no_floor_context	41	void overlay	1287	9415	0	20	147	source_plane=0 shape=0 rot=0
terrain	void_overlay_no_floor_context	41	void overlay	1287	9416	0	20	147	source_plane=0 shape=0 rot=0
terrain	void_overlay_no_floor_context	41	void overlay	1287	9417	0	20	147	source_plane=0 shape=0 rot=0
terrain	void_overlay_no_floor_context	41	void overlay	1287	9418	0	20	147	source_plane=0 shape=0 rot=0
terrain	void_overlay_no_floor_context	41	void overlay	1287	9419	0	20	147	source_plane=0 shape=0 rot=0
terrain	void_overlay_no_floor_context	41	void overlay	1287	9420	0	20	147	source_plane=0 shape=0 rot=0
terrain	void_overlay_no_floor_context	41	void overlay	1287	9421	0	20	147	source_plane=0 shape=0 rot=0
terrain	void_overlay_no_floor_context	41	void overlay	1287	9422	0	20	147	source_plane=0 shape=0 rot=0
terrain	void_overlay_no_floor_context	41	void overlay	1287	9423	0	20	147	source_plane=0 shape=0 rot=0
terrain	void_overlay_no_floor_context	41	void overlay	1287	9424	0	20	147	source_plane=0 shape=0 rot=0
terrain	void_overlay_no_floor_context	41	void overlay	1287	9425	0	20	147	source_plane=0 shape=0 rot=0
terrain	void_overlay_no_floor_context	41	void overlay	1287	9426	0	20	147	source_plane=0 shape=0 rot=0
terrain	void_overlay_no_floor_context	41	void overlay	1288	9412	0	20	147	source_plane=0 shape=0 rot=0
terrain	void_overlay_no_floor_context	41	void overlay	1288	9413	0	20	147	source_plane=0 shape=0 rot=0
terrain	void_overlay_no_floor_context	41	void overlay	1288	9414	0	20	147	source_plane=0 shape=0 rot=0
terrain	void_overlay_no_floor_context	41	void overlay	1288	9415	0	20	147	source_plane=0 shape=0 rot=0
terrain	void_overlay_no_floor_context	41	void overlay	1288	9416	0	20	147	source_plane=0 shape=0 rot=0
terrain	void_overlay_no_floor_context	41	void overlay	1288	9417	0	20	147	source_plane=0 shape=0 rot=0
terrain	void_overlay_no_floor_context	41	void overlay	1288	9418	0	20	147	source_plane=0 shape=0 rot=0
terrain	void_overlay_no_floor_context	41	void overlay	1288	9419	0	20	147	source_plane=0 shape=0 rot=0
terrain	void_overlay_no_floor_context	41	void overlay	1288	9420	0	20	147	source_plane=0 shape=0 rot=0
terrain	void_overlay_no_floor_context	41	void overlay	1288	9421	0	20	147	source_plane=0 shape=0 rot=0
terrain	void_overlay_no_floor_context	41	void overlay	1288	9422	0	20	147	source_plane=0 shape=0 rot=0
terrain	void_overlay_no_floor_context	41	void overlay	1288	9423	0	20	147	source_plane=0 shape=0 rot=0
terrain	void_overlay_no_floor_context	41	void overlay	1288	9424	0	20	147	source_plane=0 shape=0 rot=0
terrain	void_overlay_no_floor_context	41	void overlay	1288	9425	0	20	147	source_plane=0 shape=0 rot=0
terrain	void_overlay_no_floor_context	41	void overlay	1288	9426	0	20	147	source_plane=0 shape=0 rot=0
terrain	void_overlay_no_floor_context	41	void overlay	1289	9412	0	20	147	source_plane=0 shape=0 rot=0
terrain	void_overlay_no_floor_context	41	void overlay	1289	9413	0	20	147	source_plane=0 shape=0 rot=0
terrain	void_overlay_no_floor_context	41	void overlay	1289	9414	0	20	147	source_plane=0 shape=0 rot=0
terrain	void_overlay_no_floor_context	41	void overlay	1289	9415	0	20	147	source_plane=0 shape=0 rot=0
terrain	void_overlay_no_floor_context	41	void overlay	1289	9416	0	20	147	source_plane=0 shape=0 rot=0
terrain	void_overlay_no_floor_context	41	void overlay	1289	9417	0	20	147	source_plane=0 shape=0 rot=0
terrain	void_overlay_no_floor_context	41	void overlay	1289	9418	0	20	147	source_plane=0 shape=0 rot=0
terrain	void_overlay_no_floor_context	41	void overlay	1289	9419	0	20	147	source_plane=0 shape=0 rot=0
terrain	void_overlay_no_floor_context	41	void overlay	1289	9420	0	20	147	source_plane=0 shape=0 rot=0
terrain	void_overlay_no_floor_context	41	void overlay	1289	9421	0	20	147	source_plane=0 shape=0 rot=0
terrain	void_overlay_no_floor_context	41	void overlay	1289	9422	0	20	147	source_plane=0 shape=0 rot=0
terrain	void_overlay_no_floor_context	41	void overlay	1289	9423	0	20	147	source_plane=0 shape=0 rot=0
terrain	void_overlay_no_floor_context	41	void overlay	1289	9424	0	20	147	source_plane=0 shape=0 rot=0
terrain	void_overlay_no_floor_context	41	void overlay	1289	9425	0	20	147	source_plane=0 shape=0 rot=0
terrain	void_overlay_no_floor_context	41	void overlay	1289	9426	0	20	147	source_plane=0 shape=0 rot=0
terrain	void_overlay_no_floor_context	41	void overlay	1290	9413	0	20	147	source_plane=0 shape=0 rot=0
terrain	void_overlay_no_floor_context	41	void overlay	1290	9414	0	20	147	source_plane=0 shape=0 rot=0
terrain	void_overlay_no_floor_context	41	void overlay	1290	9415	0	20	147	source_plane=0 shape=0 rot=0
terrain	void_overlay_no_floor_context	41	void overlay	1290	9416	0	20	147	source_plane=0 shape=0 rot=0
terrain	void_overlay_no_floor_context	41	void overlay	1290	9417	0	20	147	source_plane=0 shape=0 rot=0
terrain	void_overlay_no_floor_context	41	void overlay	1290	9418	0	20	147	source_plane=0 shape=0 rot=0
terrain	void_overlay_no_floor_context	41	void overlay	1290	9419	0	20	147	source_plane=0 shape=0 rot=0
terrain	void_overlay_no_floor_context	41	void overlay	1290	9420	0	20	147	source_plane=0 shape=0 rot=0
terrain	void_overlay_no_floor_context	41	void overlay	1290	9421	0	20	147	source_plane=0 shape=0 rot=0
terrain	void_overlay_no_floor_context	41	void overlay	1290	9422	0	20	147	source_plane=0 shape=0 rot=0
terrain	void_overlay_no_floor_context	41	void overlay	1290	9423	0	20	147	source_plane=0 shape=0 rot=0
terrain	void_overlay_no_floor_context	41	void overlay	1290	9424	0	20	147	source_plane=0 shape=0 rot=0
terrain	void_overlay_no_floor_context	41	void overlay	1290	9425	0	20	147	source_plane=0 shape=0 rot=0
terrain	void_overlay_no_floor_context	41	void overlay	1290	9426	0	20	147	source_plane=0 shape=0 rot=0
terrain	void_overlay_no_floor_context	41	void overlay	1291	9413	0	20	147	source_plane=0 shape=0 rot=0
terrain	void_overlay_no_floor_context	41	void overlay	1291	9414	0	20	147	source_plane=0 shape=0 rot=0
terrain	void_overlay_no_floor_context	41	void overlay	1291	9415	0	20	147	source_plane=0 shape=0 rot=0
terrain	void_overlay_no_floor_context	41	void overlay	1291	9416	0	20	147	source_plane=0 shape=0 rot=0
terrain	void_overlay_no_floor_context	41	void overlay	1291	9417	0	20	147	source_plane=0 shape=0 rot=0
terrain	void_overlay_no_floor_context	41	void overlay	1291	9418	0	20	147	source_plane=0 shape=0 rot=0
terrain	void_overlay_no_floor_context	41	void overlay	1291	9419	0	20	147	source_plane=0 shape=0 rot=0
terrain	void_overlay_no_floor_context	41	void overlay	1291	9420	0	20	147	source_plane=0 shape=0 rot=0
terrain	void_overlay_no_floor_context	41	void overlay	1291	9421	0	20	147	source_plane=0 shape=0 rot=0
terrain	void_overlay_no_floor_context	41	void overlay	1291	9422	0	20	147	source_plane=0 shape=0 rot=0
terrain	void_overlay_no_floor_context	41	void overlay	1291	9423	0	20	147	source_plane=0 shape=0 rot=0
terrain	void_overlay_no_floor_context	41	void overlay	1291	9424	0	20	147	source_plane=0 shape=0 rot=0
terrain	void_overlay_no_floor_context	41	void overlay	1291	9425	0	20	147	source_plane=0 shape=0 rot=0
terrain	void_overlay_no_floor_context	41	void overlay	1291	9426	0	20	147	source_plane=0 shape=0 rot=0
terrain	void_overlay_no_floor_context	41	void overlay	1292	9413	0	20	147	source_plane=0 shape=0 rot=0
terrain	void_overlay_no_floor_context	41	void overlay	1292	9414	0	20	147	source_plane=0 shape=0 rot=0
terrain	void_overlay_no_floor_context	41	void overlay	1292	9415	0	20	147	source_plane=0 shape=0 rot=0
terrain	void_overlay_no_floor_context	41	void overlay	1292	9416	0	20	147	source_plane=0 shape=0 rot=0
terrain	void_overlay_no_floor_context	41	void overlay	1292	9417	0	20	147	source_plane=0 shape=0 rot=0
terrain	void_overlay_no_floor_context	41	void overlay	1292	9418	0	20	147	source_plane=0 shape=0 rot=0
terrain	void_overlay_no_floor_context	41	void overlay	1292	9419	0	20	147	source_plane=0 shape=0 rot=0
terrain	void_overlay_no_floor_context	41	void overlay	1292	9420	0	20	147	source_plane=0 shape=0 rot=0
terrain	void_overlay_no_floor_context	41	void overlay	1292	9421	0	20	147	source_plane=0 shape=0 rot=0
terrain	void_overlay_no_floor_context	41	void overlay	1292	9422	0	20	147	source_plane=0 shape=0 rot=0
terrain	void_overlay_no_floor_context	41	void overlay	1292	9423	0	20	147	source_plane=0 shape=0 rot=0
terrain	void_overlay_no_floor_context	41	void overlay	1292	9424	0	20	147	source_plane=0 shape=0 rot=0
terrain	void_overlay_no_floor_context	41	void overlay	1292	9425	0	20	147	source_plane=0 shape=0 rot=0
terrain	void_overlay_no_floor_context	41	void overlay	1292	9426	0	20	147	source_plane=0 shape=0 rot=0
terrain	void_overlay_no_floor_context	41	void overlay	1293	9413	0	20	147	source_plane=0 shape=0 rot=0
terrain	void_overlay_no_floor_context	41	void overlay	1293	9414	0	20	147	source_plane=0 shape=0 rot=0
terrain	void_overlay_no_floor_context	41	void overlay	1293	9415	0	20	147	source_plane=0 shape=0 rot=0
terrain	void_overlay_no_floor_context	41	void overlay	1293	9416	0	20	147	source_plane=0 shape=0 rot=0
terrain	void_overlay_no_floor_context	41	void overlay	1293	9417	0	20	147	source_plane=0 shape=0 rot=0
terrain	void_overlay_no_floor_context	41	void overlay	1293	9418	0	20	147	source_plane=0 shape=0 rot=0
terrain	void_overlay_no_floor_context	41	void overlay	1293	9419	0	20	147	source_plane=0 shape=0 rot=0
terrain	void_overlay_no_floor_context	41	void overlay	1293	9420	0	20	147	source_plane=0 shape=0 rot=0
terrain	void_overlay_no_floor_context	41	void overlay	1293	9421	0	20	147	source_plane=0 shape=0 rot=0
terrain	void_overlay_no_floor_context	41	void overlay	1293	9422	0	20	147	source_plane=0 shape=0 rot=0
terrain	void_overlay_no_floor_context	41	void overlay	1293	9423	0	20	147	source_plane=0 shape=0 rot=0
terrain	void_overlay_no_floor_context	41	void overlay	1293	9424	0	20	147	source_plane=0 shape=0 rot=0
terrain	void_overlay_no_floor_context	41	void overlay	1293	9425	0	20	147	source_plane=0 shape=0 rot=0
terrain	void_overlay_no_floor_context	41	void overlay	1293	9426	0	20	147	source_plane=0 shape=0 rot=0
terrain	void_overlay_no_floor_context	41	void overlay	1294	9413	0	20	147	source_plane=0 shape=0 rot=0
terrain	void_overlay_no_floor_context	41	void overlay	1294	9414	0	20	147	source_plane=0 shape=0 rot=0
terrain	void_overlay_no_floor_context	41	void overlay	1294	9415	0	20	147	source_plane=0 shape=0 rot=0
terrain	void_overlay_no_floor_context	41	void overlay	1294	9416	0	20	147	source_plane=0 shape=0 rot=0
terrain	void_overlay_no_floor_context	41	void overlay	1294	9417	0	20	147	source_plane=0 shape=0 rot=0
terrain	void_overlay_no_floor_context	41	void overlay	1294	9418	0	20	147	source_plane=0 shape=0 rot=0
terrain	void_overlay_no_floor_context	41	void overlay	1294	9419	0	20	147	source_plane=0 shape=0 rot=0
terrain	void_overlay_no_floor_context	41	void overlay	1294	9420	0	20	147	source_plane=0 shape=0 rot=0
terrain	void_overlay_no_floor_context	41	void overlay	1294	9421	0	20	147	source_plane=0 shape=0 rot=0
terrain	void_overlay_no_floor_context	41	void overlay	1294	9422	0	20	147	source_plane=0 shape=0 rot=0
terrain	void_overlay_no_floor_context	41	void overlay	1294	9423	0	20	147	source_plane=0 shape=0 rot=0
terrain	void_overlay_no_floor_context	41	void overlay	1294	9424	0	20	147	source_plane=0 shape=0 rot=0
terrain	void_overlay_no_floor_context	41	void overlay	1294	9425	0	20	147	source_plane=0 shape=0 rot=0
terrain	void_overlay_no_floor_context	41	void overlay	1294	9426	0	20	147	source_plane=0 shape=0 rot=0
terrain	void_overlay_no_floor_context	41	void overlay	1295	9413	0	20	147	source_plane=0 shape=0 rot=0
terrain	void_overlay_no_floor_context	41	void overlay	1295	9414	0	20	147	source_plane=0 shape=0 rot=0
terrain	void_overlay_no_floor_context	41	void overlay	1295	9415	0	20	147	source_plane=0 shape=0 rot=0
terrain	void_overlay_no_floor_context	41	void overlay	1295	9416	0	20	147	source_plane=0 shape=0 rot=0
terrain	void_overlay_no_floor_context	41	void overlay	1295	9417	0	20	147	source_plane=0 shape=0 rot=0
terrain	void_overlay_no_floor_context	41	void overlay	1295	9418	0	20	147	source_plane=0 shape=0 rot=0
terrain	void_overlay_no_floor_context	41	void overlay	1295	9419	0	20	147	source_plane=0 shape=0 rot=0
terrain	void_overlay_no_floor_context	41	void overlay	1295	9420	0	20	147	source_plane=0 shape=0 rot=0
terrain	void_overlay_no_floor_context	41	void overlay	1295	9421	0	20	147	source_plane=0 shape=0 rot=0
terrain	void_overlay_no_floor_context	41	void overlay	1295	9422	0	20	147	source_plane=0 shape=0 rot=0
terrain	void_overlay_no_floor_context	41	void overlay	1295	9423	0	20	147	source_plane=0 shape=0 rot=0
terrain	void_overlay_no_floor_context	41	void overlay	1295	9424	0	20	147	source_plane=0 shape=0 rot=0
terrain	void_overlay_no_floor_context	41	void overlay	1295	9425	0	20	147	source_plane=0 shape=0 rot=0
terrain	void_overlay_no_floor_context	41	void overlay	1295	9426	0	20	147	source_plane=0 shape=0 rot=0
terrain	void_overlay_no_floor_context	41	void overlay	1296	9413	0	20	147	source_plane=0 shape=0 rot=0
terrain	void_overlay_no_floor_context	41	void overlay	1296	9414	0	20	147	source_plane=0 shape=0 rot=0
terrain	void_overlay_no_floor_context	41	void overlay	1296	9415	0	20	147	source_plane=0 shape=0 rot=0
terrain	void_overlay_no_floor_context	41	void overlay	1296	9416	0	20	147	source_plane=0 shape=0 rot=0
terrain	void_overlay_no_floor_context	41	void overlay	1296	9417	0	20	147	source_plane=0 shape=0 rot=0
terrain	void_overlay_no_floor_context	41	void overlay	1296	9418	0	20	147	source_plane=0 shape=0 rot=0
terrain	void_overlay_no_floor_context	41	void overlay	1296	9419	0	20	147	source_plane=0 shape=0 rot=0
terrain	void_overlay_no_floor_context	41	void overlay	1296	9420	0	20	147	source_plane=0 shape=0 rot=0
terrain	void_overlay_no_floor_context	41	void overlay	1296	9421	0	20	147	source_plane=0 shape=0 rot=0
terrain	void_overlay_no_floor_context	41	void overlay	1296	9422	0	20	147	source_plane=0 shape=0 rot=0
terrain	void_overlay_no_floor_context	41	void overlay	1296	9423	0	20	147	source_plane=0 shape=0 rot=0
terrain	void_overlay_no_floor_context	41	void overlay	1296	9424	0	20	147	source_plane=0 shape=0 rot=0
terrain	void_overlay_no_floor_context	41	void overlay	1296	9425	0	20	147	source_plane=0 shape=0 rot=0
terrain	void_overlay_no_floor_context	41	void overlay	1296	9426	0	20	147	source_plane=0 shape=0 rot=0
terrain	void_overlay_no_floor_context	41	void overlay	1297	9413	0	20	147	source_plane=0 shape=0 rot=0
terrain	void_overlay_no_floor_context	41	void overlay	1297	9414	0	20	147	source_plane=0 shape=0 rot=0
terrain	void_overlay_no_floor_context	41	void overlay	1297	9415	0	20	147	source_plane=0 shape=0 rot=0
terrain	void_overlay_no_floor_context	41	void overlay	1297	9416	0	20	147	source_plane=0 shape=0 rot=0
terrain	void_overlay_no_floor_context	41	void overlay	1297	9417	0	20	147	source_plane=0 shape=0 rot=0
terrain	void_overlay_no_floor_context	41	void overlay	1297	9418	0	20	147	source_plane=0 shape=0 rot=0
terrain	void_overlay_no_floor_context	41	void overlay	1297	9419	0	20	147	source_plane=0 shape=0 rot=0
terrain	void_overlay_no_floor_context	41	void overlay	1297	9420	0	20	147	source_plane=0 shape=0 rot=0
terrain	void_overlay_no_floor_context	41	void overlay	1297	9421	0	20	147	source_plane=0 shape=0 rot=0
terrain	void_overlay_no_floor_context	41	void overlay	1297	9422	0	20	147	source_plane=0 shape=0 rot=0
terrain	void_overlay_no_floor_context	41	void overlay	1297	9423	0	20	147	source_plane=0 shape=0 rot=0
terrain	void_overlay_no_floor_context	41	void overlay	1297	9424	0	20	147	source_plane=0 shape=0 rot=0
terrain	void_overlay_no_floor_context	41	void overlay	1297	9425	0	20	147	source_plane=0 shape=0 rot=0
terrain	void_overlay_no_floor_context	41	void overlay	1297	9426	0	20	147	source_plane=0 shape=0 rot=0
terrain	void_overlay_no_floor_context	41	void overlay	1298	9413	0	20	147	source_plane=0 shape=0 rot=0
terrain	void_overlay_no_floor_context	41	void overlay	1298	9414	0	20	147	source_plane=0 shape=0 rot=0
terrain	void_overlay_no_floor_context	41	void overlay	1298	9415	0	20	147	source_plane=0 shape=0 rot=0
terrain	void_overlay_no_floor_context	41	void overlay	1298	9416	0	20	147	source_plane=0 shape=0 rot=0
terrain	void_overlay_no_floor_context	41	void overlay	1298	9417	0	20	147	source_plane=0 shape=0 rot=0
terrain	void_overlay_no_floor_context	41	void overlay	1298	9418	0	20	147	source_plane=0 shape=0 rot=0
terrain	void_overlay_no_floor_context	41	void overlay	1298	9419	0	20	147	source_plane=0 shape=0 rot=0
terrain	void_overlay_no_floor_context	41	void overlay	1298	9420	0	20	147	source_plane=0 shape=0 rot=0
terrain	void_overlay_no_floor_context	41	void overlay	1298	9421	0	20	147	source_plane=0 shape=0 rot=0
terrain	void_overlay_no_floor_context	41	void overlay	1298	9422	0	20	147	source_plane=0 shape=0 rot=0
terrain	void_overlay_no_floor_context	41	void overlay	1298	9423	0	20	147	source_plane=0 shape=0 rot=0
terrain	void_overlay_no_floor_context	41	void overlay	1298	9424	0	20	147	source_plane=0 shape=0 rot=0
terrain	void_overlay_no_floor_context	41	void overlay	1298	9425	0	20	147	source_plane=0 shape=0 rot=0
terrain	void_overlay_no_floor_context	41	void overlay	1298	9426	0	20	147	source_plane=0 shape=0 rot=0
terrain	void_overlay_no_floor_context	41	void overlay	1299	9416	0	20	147	source_plane=0 shape=0 rot=0
terrain	void_overlay_no_floor_context	41	void overlay	1299	9417	0	20	147	source_plane=0 shape=0 rot=0
terrain	void_overlay_no_floor_context	41	void overlay	1299	9418	0	20	147	source_plane=0 shape=0 rot=0
terrain	void_overlay_no_floor_context	41	void overlay	1299	9419	0	20	147	source_plane=0 shape=0 rot=0
terrain	void_overlay_no_floor_context	41	void overlay	1299	9420	0	20	147	source_plane=0 shape=0 rot=0
terrain	void_overlay_no_floor_context	41	void overlay	1299	9421	0	20	147	source_plane=0 shape=0 rot=0
terrain	void_overlay_no_floor_context	41	void overlay	1299	9422	0	20	147	source_plane=0 shape=0 rot=0
terrain	void_overlay_no_floor_context	41	void overlay	1299	9423	0	20	147	source_plane=0 shape=0 rot=0
terrain	void_overlay_no_floor_context	41	void overlay	1299	9424	0	20	147	source_plane=0 shape=0 rot=0
terrain	void_overlay_no_floor_context	41	void overlay	1299	9425	0	20	147	source_plane=0 shape=0 rot=0
terrain	void_overlay_no_floor_context	41	void overlay	1299	9426	0	20	147	source_plane=0 shape=0 rot=0
terrain	void_overlay_no_floor_context	41	void overlay	1300	9420	0	20	147	source_plane=0 shape=0 rot=0
terrain	void_overlay_no_floor_context	41	void overlay	1300	9421	0	20	147	source_plane=0 shape=0 rot=0
terrain	void_overlay_no_floor_context	41	void overlay	1300	9422	0	20	147	source_plane=0 shape=0 rot=0
terrain	void_overlay_no_floor_context	41	void overlay	1300	9423	0	20	147	source_plane=0 shape=0 rot=0
terrain	void_overlay_no_floor_context	41	void overlay	1300	9424	0	20	147	source_plane=0 shape=0 rot=0
terrain	void_overlay_no_floor_context	41	void overlay	1300	9425	0	20	147	source_plane=0 shape=0 rot=0
terrain	void_overlay_no_floor_context	41	void overlay	1300	9426	0	20	147	source_plane=0 shape=0 rot=0
terrain	void_overlay_no_floor_context	41	void overlay	1301	9421	0	20	147	source_plane=0 shape=0 rot=0
terrain	void_overlay_no_floor_context	41	void overlay	1301	9422	0	20	147	source_plane=0 shape=0 rot=0
terrain	void_overlay_no_floor_context	41	void overlay	1301	9423	0	20	147	source_plane=0 shape=0 rot=0
terrain	void_overlay_no_floor_context	41	void overlay	1301	9424	0	20	147	source_plane=0 shape=0 rot=0
terrain	void_overlay_no_floor_context	41	void overlay	1301	9425	0	20	147	source_plane=0 shape=0 rot=0
terrain	void_overlay_no_floor_context	41	void overlay	1301	9426	0	20	147	source_plane=0 shape=0 rot=0
terrain	void_overlay_no_floor_context	41	void overlay	1302	9421	0	20	147	source_plane=0 shape=0 rot=0
terrain	void_overlay_no_floor_context	41	void overlay	1303	9421	0	20	147	source_plane=0 shape=0 rot=0
terrain	void_overlay_no_floor_context	41	void overlay	1304	9421	0	20	147	source_plane=0 shape=0 rot=0
terrain	void_overlay_no_floor_context	41	void overlay	1305	9421	0	20	147	source_plane=0 shape=0 rot=0
terrain	void_overlay_no_floor_context	41	void overlay	1322	9423	0	20	147	source_plane=0 shape=0 rot=0
terrain	void_overlay_no_floor_context	41	void overlay	1322	9424	0	20	147	source_plane=0 shape=0 rot=0
terrain	void_overlay_no_floor_context	41	void overlay	1322	9425	0	20	147	source_plane=0 shape=0 rot=0
terrain	void_overlay_no_floor_context	41	void overlay	1322	9426	0	20	147	source_plane=0 shape=0 rot=0
terrain	void_overlay_no_floor_context	41	void overlay	1323	9420	0	20	147	source_plane=0 shape=0 rot=0
terrain	void_overlay_no_floor_context	41	void overlay	1323	9421	0	20	147	source_plane=0 shape=0 rot=0
terrain	void_overlay_no_floor_context	41	void overlay	1323	9422	0	20	147	source_plane=0 shape=0 rot=0
terrain	void_overlay_no_floor_context	41	void overlay	1323	9423	0	20	147	source_plane=0 shape=0 rot=0
terrain	void_overlay_no_floor_context	41	void overlay	1323	9424	0	20	147	source_plane=0 shape=0 rot=0
terrain	void_overlay_no_floor_context	41	void overlay	1323	9425	0	20	147	source_plane=0 shape=0 rot=0
terrain	void_overlay_no_floor_context	41	void overlay	1323	9426	0	20	147	source_plane=0 shape=0 rot=0
terrain	void_overlay_no_floor_context	41	void overlay	1324	9420	0	20	147	source_plane=0 shape=0 rot=0
terrain	void_overlay_no_floor_context	41	void overlay	1324	9421	0	20	147	source_plane=0 shape=0 rot=0
terrain	void_overlay_no_floor_context	41	void overlay	1324	9422	0	20	147	source_plane=0 shape=0 rot=0
terrain	void_overlay_no_floor_context	41	void overlay	1324	9423	0	20	147	source_plane=0 shape=0 rot=0
terrain	void_overlay_no_floor_context	41	void overlay	1324	9424	0	20	147	source_plane=0 shape=0 rot=0
terrain	void_overlay_no_floor_context	41	void overlay	1324	9425	0	20	147	source_plane=0 shape=0 rot=0
terrain	void_overlay_no_floor_context	41	void overlay	1324	9426	0	20	147	source_plane=0 shape=0 rot=0
terrain	void_overlay_no_floor_context	41	void overlay	1325	9420	0	20	147	source_plane=0 shape=0 rot=0
terrain	void_overlay_no_floor_context	41	void overlay	1325	9421	0	20	147	source_plane=0 shape=0 rot=0
terrain	void_overlay_no_floor_context	41	void overlay	1325	9422	0	20	147	source_plane=0 shape=0 rot=0
terrain	void_overlay_no_floor_context	41	void overlay	1325	9423	0	20	147	source_plane=0 shape=0 rot=0
terrain	void_overlay_no_floor_context	41	void overlay	1325	9424	0	20	147	source_plane=0 shape=0 rot=0
terrain	void_overlay_no_floor_context	41	void overlay	1325	9425	0	20	147	source_plane=0 shape=0 rot=0
terrain	void_overlay_no_floor_context	41	void overlay	1325	9426	0	20	147	source_plane=0 shape=0 rot=0
terrain	void_overlay_no_floor_context	41	void overlay	1326	9420	0	20	147	source_plane=0 shape=0 rot=0
terrain	void_overlay_no_floor_context	41	void overlay	1326	9421	0	20	147	source_plane=0 shape=0 rot=0
terrain	void_overlay_no_floor_context	41	void overlay	1326	9422	0	20	147	source_plane=0 shape=0 rot=0
terrain	void_overlay_no_floor_context	41	void overlay	1326	9423	0	20	147	source_plane=0 shape=0 rot=0
terrain	void_overlay_no_floor_context	41	void overlay	1326	9424	0	20	147	source_plane=0 shape=0 rot=0
terrain	void_overlay_no_floor_context	41	void overlay	1326	9425	0	20	147	source_plane=0 shape=0 rot=0
terrain	void_overlay_no_floor_context	41	void overlay	1326	9426	0	20	147	source_plane=0 shape=0 rot=0
terrain	void_overlay_no_floor_context	41	void overlay	1327	9420	0	20	147	source_plane=0 shape=0 rot=0
terrain	void_overlay_no_floor_context	41	void overlay	1327	9421	0	20	147	source_plane=0 shape=0 rot=0
terrain	void_overlay_no_floor_context	41	void overlay	1327	9422	0	20	147	source_plane=0 shape=0 rot=0
terrain	void_overlay_no_floor_context	41	void overlay	1327	9423	0	20	147	source_plane=0 shape=0 rot=0
terrain	void_overlay_no_floor_context	41	void overlay	1327	9424	0	20	147	source_plane=0 shape=0 rot=0
terrain	void_overlay_no_floor_context	41	void overlay	1327	9425	0	20	147	source_plane=0 shape=0 rot=0
terrain	void_overlay_no_floor_context	41	void overlay	1327	9426	0	20	147	source_plane=0 shape=0 rot=0
terrain	void_overlay_no_floor_context	41	void overlay	1328	9420	0	20	147	source_plane=0 shape=0 rot=0
terrain	void_overlay_no_floor_context	41	void overlay	1328	9421	0	20	147	source_plane=0 shape=0 rot=0
terrain	void_overlay_no_floor_context	41	void overlay	1328	9422	0	20	147	source_plane=0 shape=0 rot=0
terrain	void_overlay_no_floor_context	41	void overlay	1328	9423	0	20	147	source_plane=0 shape=0 rot=0
terrain	void_overlay_no_floor_context	41	void overlay	1328	9424	0	20	147	source_plane=0 shape=0 rot=0
terrain	void_overlay_no_floor_context	41	void overlay	1328	9425	0	20	147	source_plane=0 shape=0 rot=0
terrain	void_overlay_no_floor_context	41	void overlay	1328	9426	0	20	147	source_plane=0 shape=0 rot=0
terrain	void_overlay_no_floor_context	41	void overlay	1329	9420	0	20	147	source_plane=0 shape=0 rot=0
terrain	void_overlay_no_floor_context	41	void overlay	1329	9421	0	20	147	source_plane=0 shape=0 rot=0
terrain	void_overlay_no_floor_context	41	void overlay	1329	9422	0	20	147	source_plane=0 shape=0 rot=0
terrain	void_overlay_no_floor_context	41	void overlay	1329	9423	0	20	147	source_plane=0 shape=0 rot=0
terrain	void_overlay_no_floor_context	41	void overlay	1329	9424	0	20	147	source_plane=0 shape=0 rot=0
terrain	void_overlay_no_floor_context	41	void overlay	1329	9425	0	20	147	source_plane=0 shape=0 rot=0
terrain	void_overlay_no_floor_context	41	void overlay	1329	9426	0	20	147	source_plane=0 shape=0 rot=0
terrain	void_overlay_no_floor_context	41	void overlay	1330	9420	0	20	147	source_plane=0 shape=0 rot=0
terrain	void_overlay_no_floor_context	41	void overlay	1330	9421	0	20	147	source_plane=0 shape=0 rot=0
terrain	void_overlay_no_floor_context	41	void overlay	1330	9422	0	20	147	source_plane=0 shape=0 rot=0
terrain	void_overlay_no_floor_context	41	void overlay	1330	9423	0	20	147	source_plane=0 shape=0 rot=0
terrain	void_overlay_no_floor_context	41	void overlay	1330	9424	0	20	147	source_plane=0 shape=0 rot=0
terrain	void_overlay_no_floor_context	41	void overlay	1330	9425	0	20	147	source_plane=0 shape=0 rot=0
terrain	void_overlay_no_floor_context	41	void overlay	1330	9426	0	20	147	source_plane=0 shape=0 rot=0
terrain	void_overlay_no_floor_context	41	void overlay	1331	9420	0	20	147	source_plane=0 shape=0 rot=0
terrain	void_overlay_no_floor_context	41	void overlay	1331	9421	0	20	147	source_plane=0 shape=0 rot=0
terrain	void_overlay_no_floor_context	41	void overlay	1331	9422	0	20	147	source_plane=0 shape=0 rot=0
terrain	void_overlay_no_floor_context	41	void overlay	1331	9423	0	20	147	source_plane=0 shape=0 rot=0
terrain	void_overlay_no_floor_context	41	void overlay	1331	9424	0	20	147	source_plane=0 shape=0 rot=0
terrain	void_overlay_no_floor_context	41	void overlay	1331	9425	0	20	147	source_plane=0 shape=0 rot=0
terrain	void_overlay_no_floor_context	41	void overlay	1331	9426	0	20	147	source_plane=0 shape=0 rot=0
terrain	void_overlay_no_floor_context	41	void overlay	1332	9420	0	20	147	source_plane=0 shape=0 rot=0
terrain	void_overlay_no_floor_context	41	void overlay	1332	9421	0	20	147	source_plane=0 shape=0 rot=0
terrain	void_overlay_no_floor_context	41	void overlay	1332	9422	0	20	147	source_plane=0 shape=0 rot=0
terrain	void_overlay_no_floor_context	41	void overlay	1332	9423	0	20	147	source_plane=0 shape=0 rot=0
terrain	void_overlay_no_floor_context	41	void overlay	1332	9424	0	20	147	source_plane=0 shape=0 rot=0
terrain	void_overlay_no_floor_context	41	void overlay	1332	9425	0	20	147	source_plane=0 shape=0 rot=0
terrain	void_overlay_no_floor_context	41	void overlay	1332	9426	0	20	147	source_plane=0 shape=0 rot=0
terrain	void_overlay_no_floor_context	41	void overlay	1333	9420	0	20	147	source_plane=0 shape=0 rot=0
terrain	void_overlay_no_floor_context	41	void overlay	1333	9421	0	20	147	source_plane=0 shape=0 rot=0
terrain	void_overlay_no_floor_context	41	void overlay	1333	9422	0	20	147	source_plane=0 shape=0 rot=0
terrain	void_overlay_no_floor_context	41	void overlay	1333	9423	0	20	147	source_plane=0 shape=0 rot=0
terrain	void_overlay_no_floor_context	41	void overlay	1333	9424	0	20	147	source_plane=0 shape=0 rot=0
terrain	void_overlay_no_floor_context	41	void overlay	1333	9425	0	20	147	source_plane=0 shape=0 rot=0
terrain	void_overlay_no_floor_context	41	void overlay	1333	9426	0	20	147	source_plane=0 shape=0 rot=0
terrain	void_overlay_no_floor_context	41	void overlay	1334	9420	0	20	147	source_plane=0 shape=0 rot=0
terrain	void_overlay_no_floor_context	41	void overlay	1334	9421	0	20	147	source_plane=0 shape=0 rot=0
terrain	void_overlay_no_floor_context	41	void overlay	1334	9422	0	20	147	source_plane=0 shape=0 rot=0
terrain	void_overlay_no_floor_context	41	void overlay	1334	9423	0	20	147	source_plane=0 shape=0 rot=0
terrain	void_overlay_no_floor_context	41	void overlay	1334	9424	0	20	147	source_plane=0 shape=0 rot=0
terrain	void_overlay_no_floor_context	41	void overlay	1334	9425	0	20	147	source_plane=0 shape=0 rot=0
terrain	void_overlay_no_floor_context	41	void overlay	1334	9426	0	20	147	source_plane=0 shape=0 rot=0
terrain	void_overlay_no_floor_context	41	void overlay	1335	9420	0	20	147	source_plane=0 shape=0 rot=0
terrain	void_overlay_no_floor_context	41	void overlay	1335	9421	0	20	147	source_plane=0 shape=0 rot=0
terrain	void_overlay_no_floor_context	41	void overlay	1335	9422	0	20	147	source_plane=0 shape=0 rot=0
terrain	void_overlay_no_floor_context	41	void overlay	1335	9423	0	20	147	source_plane=0 shape=0 rot=0
terrain	void_overlay_no_floor_context	41	void overlay	1335	9424	0	20	147	source_plane=0 shape=0 rot=0
terrain	void_overlay_no_floor_context	41	void overlay	1335	9425	0	20	147	source_plane=0 shape=0 rot=0
terrain	void_overlay_no_floor_context	41	void overlay	1335	9426	0	20	147	source_plane=0 shape=0 rot=0
terrain	void_overlay_no_floor_context	41	void overlay	1336	9420	0	20	147	source_plane=0 shape=0 rot=0
terrain	void_overlay_no_floor_context	41	void overlay	1336	9421	0	20	147	source_plane=0 shape=0 rot=0
terrain	void_overlay_no_floor_context	41	void overlay	1336	9422	0	20	147	source_plane=0 shape=0 rot=0
terrain	void_overlay_no_floor_context	41	void overlay	1336	9423	0	20	147	source_plane=0 shape=0 rot=0
terrain	void_overlay_no_floor_context	41	void overlay	1336	9424	0	20	147	source_plane=0 shape=0 rot=0
terrain	void_overlay_no_floor_context	41	void overlay	1336	9425	0	20	147	source_plane=0 shape=0 rot=0
terrain	void_overlay_no_floor_context	41	void overlay	1336	9426	0	20	147	source_plane=0 shape=0 rot=0
terrain	void_overlay_no_floor_context	41	void overlay	1337	9419	0	20	147	source_plane=0 shape=0 rot=0
terrain	void_overlay_no_floor_context	41	void overlay	1337	9420	0	20	147	source_plane=0 shape=0 rot=0
terrain	void_overlay_no_floor_context	41	void overlay	1337	9421	0	20	147	source_plane=0 shape=0 rot=0
terrain	void_overlay_no_floor_context	41	void overlay	1337	9422	0	20	147	source_plane=0 shape=0 rot=0
terrain	void_overlay_no_floor_context	41	void overlay	1337	9423	0	20	147	source_plane=0 shape=0 rot=0
terrain	void_overlay_no_floor_context	41	void overlay	1337	9424	0	20	147	source_plane=0 shape=0 rot=0
terrain	void_overlay_no_floor_context	41	void overlay	1337	9425	0	20	147	source_plane=0 shape=0 rot=0
terrain	void_overlay_no_floor_context	41	void overlay	1337	9426	0	20	147	source_plane=0 shape=0 rot=0
terrain	void_overlay_no_floor_context	41	void overlay	1338	9418	0	20	147	source_plane=0 shape=0 rot=0
terrain	void_overlay_no_floor_context	41	void overlay	1338	9419	0	20	147	source_plane=0 shape=0 rot=0
terrain	void_overlay_no_floor_context	41	void overlay	1338	9420	0	20	147	source_plane=0 shape=0 rot=0
terrain	void_overlay_no_floor_context	41	void overlay	1338	9421	0	20	147	source_plane=0 shape=0 rot=0
terrain	void_overlay_no_floor_context	41	void overlay	1338	9422	0	20	147	source_plane=0 shape=0 rot=0
terrain	void_overlay_no_floor_context	41	void overlay	1338	9423	0	20	147	source_plane=0 shape=0 rot=0
terrain	void_overlay_no_floor_context	41	void overlay	1338	9424	0	20	147	source_plane=0 shape=0 rot=0
terrain	void_overlay_no_floor_context	41	void overlay	1338	9425	0	20	147	source_plane=0 shape=0 rot=0
terrain	void_overlay_no_floor_context	41	void overlay	1338	9426	0	20	147	source_plane=0 shape=0 rot=0
terrain	void_overlay_no_floor_context	41	void overlay	1339	9408	0	20	147	source_plane=0 shape=0 rot=0
terrain	void_overlay_no_floor_context	41	void overlay	1339	9409	0	20	147	source_plane=0 shape=0 rot=0
terrain	void_overlay_no_floor_context	41	void overlay	1339	9410	0	20	147	source_plane=0 shape=0 rot=0
terrain	void_overlay_no_floor_context	41	void overlay	1339	9411	0	20	147	source_plane=0 shape=0 rot=0
terrain	void_overlay_no_floor_context	41	void overlay	1339	9412	0	20	147	source_plane=0 shape=0 rot=0
terrain	void_overlay_no_floor_context	41	void overlay	1339	9413	0	20	147	source_plane=0 shape=0 rot=0
terrain	void_overlay_no_floor_context	41	void overlay	1339	9414	0	20	147	source_plane=0 shape=0 rot=0
terrain	void_overlay_no_floor_context	41	void overlay	1339	9415	0	20	147	source_plane=0 shape=0 rot=0
terrain	void_overlay_no_floor_context	41	void overlay	1339	9416	0	20	147	source_plane=0 shape=0 rot=0
terrain	void_overlay_no_floor_context	41	void overlay	1339	9417	0	20	147	source_plane=0 shape=0 rot=0
terrain	void_overlay_no_floor_context	41	void overlay	1339	9418	0	20	147	source_plane=0 shape=0 rot=0
terrain	void_overlay_no_floor_context	41	void overlay	1339	9419	0	20	147	source_plane=0 shape=0 rot=0
terrain	void_overlay_no_floor_context	41	void overlay	1339	9420	0	20	147	source_plane=0 shape=0 rot=0
terrain	void_overlay_no_floor_context	41	void overlay	1339	9421	0	20	147	source_plane=0 shape=0 rot=0
terrain	void_overlay_no_floor_context	41	void overlay	1339	9422	0	20	147	source_plane=0 shape=0 rot=0
terrain	void_overlay_no_floor_context	41	void overlay	1339	9423	0	20	147	source_plane=0 shape=0 rot=0
terrain	void_overlay_no_floor_context	41	void overlay	1339	9424	0	20	147	source_plane=0 shape=0 rot=0
terrain	void_overlay_no_floor_context	41	void overlay	1339	9425	0	20	147	source_plane=0 shape=0 rot=0
terrain	void_overlay_no_floor_context	41	void overlay	1339	9426	0	20	147	source_plane=0 shape=0 rot=0
terrain	void_overlay_no_floor_context	41	void overlay	1340	9408	0	20	147	source_plane=0 shape=0 rot=0
terrain	void_overlay_no_floor_context	41	void overlay	1340	9409	0	20	147	source_plane=0 shape=0 rot=0
terrain	void_overlay_no_floor_context	41	void overlay	1340	9410	0	20	147	source_plane=0 shape=0 rot=0
terrain	void_overlay_no_floor_context	41	void overlay	1340	9411	0	20	147	source_plane=0 shape=0 rot=0
terrain	void_overlay_no_floor_context	41	void overlay	1340	9412	0	20	147	source_plane=0 shape=0 rot=0
terrain	void_overlay_no_floor_context	41	void overlay	1340	9413	0	20	147	source_plane=0 shape=0 rot=0
terrain	void_overlay_no_floor_context	41	void overlay	1340	9414	0	20	147	source_plane=0 shape=0 rot=0
terrain	void_overlay_no_floor_context	41	void overlay	1340	9415	0	20	147	source_plane=0 shape=0 rot=0
terrain	void_overlay_no_floor_context	41	void overlay	1340	9416	0	20	147	source_plane=0 shape=0 rot=0
terrain	void_overlay_no_floor_context	41	void overlay	1340	9417	0	20	147	source_plane=0 shape=0 rot=0
terrain	void_overlay_no_floor_context	41	void overlay	1340	9418	0	20	147	source_plane=0 shape=0 rot=0
terrain	void_overlay_no_floor_context	41	void overlay	1340	9419	0	20	147	source_plane=0 shape=0 rot=0
terrain	void_overlay_no_floor_context	41	void overlay	1340	9420	0	20	147	source_plane=0 shape=0 rot=0
terrain	void_overlay_no_floor_context	41	void overlay	1340	9421	0	20	147	source_plane=0 shape=0 rot=0
terrain	void_overlay_no_floor_context	41	void overlay	1340	9422	0	20	147	source_plane=0 shape=0 rot=0
terrain	void_overlay_no_floor_context	41	void overlay	1340	9423	0	20	147	source_plane=0 shape=0 rot=0
terrain	void_overlay_no_floor_context	41	void overlay	1340	9424	0	20	147	source_plane=0 shape=0 rot=0
terrain	void_overlay_no_floor_context	41	void overlay	1340	9425	0	20	147	source_plane=0 shape=0 rot=0
terrain	void_overlay_no_floor_context	41	void overlay	1340	9426	0	20	147	source_plane=0 shape=0 rot=0
terrain	void_overlay_no_floor_context	41	void overlay	1341	9408	0	20	147	source_plane=0 shape=0 rot=0
terrain	void_overlay_no_floor_context	41	void overlay	1341	9409	0	20	147	source_plane=0 shape=0 rot=0
terrain	void_overlay_no_floor_context	41	void overlay	1341	9410	0	20	147	source_plane=0 shape=0 rot=0
terrain	void_overlay_no_floor_context	41	void overlay	1341	9411	0	20	147	source_plane=0 shape=0 rot=0
terrain	void_overlay_no_floor_context	41	void overlay	1341	9412	0	20	147	source_plane=0 shape=0 rot=0
terrain	void_overlay_no_floor_context	41	void overlay	1341	9413	0	20	147	source_plane=0 shape=0 rot=0
terrain	void_overlay_no_floor_context	41	void overlay	1341	9414	0	20	147	source_plane=0 shape=0 rot=0
terrain	void_overlay_no_floor_context	41	void overlay	1341	9415	0	20	147	source_plane=0 shape=0 rot=0
terrain	void_overlay_no_floor_context	41	void overlay	1341	9416	0	20	147	source_plane=0 shape=0 rot=0
terrain	void_overlay_no_floor_context	41	void overlay	1341	9417	0	20	147	source_plane=0 shape=0 rot=0
terrain	void_overlay_no_floor_context	41	void overlay	1341	9418	0	20	147	source_plane=0 shape=0 rot=0
terrain	void_overlay_no_floor_context	41	void overlay	1341	9419	0	20	147	source_plane=0 shape=0 rot=0
terrain	void_overlay_no_floor_context	41	void overlay	1341	9420	0	20	147	source_plane=0 shape=0 rot=0
terrain	void_overlay_no_floor_context	41	void overlay	1341	9421	0	20	147	source_plane=0 shape=0 rot=0
terrain	void_overlay_no_floor_context	41	void overlay	1341	9422	0	20	147	source_plane=0 shape=0 rot=0
terrain	void_overlay_no_floor_context	41	void overlay	1341	9423	0	20	147	source_plane=0 shape=0 rot=0
terrain	void_overlay_no_floor_context	41	void overlay	1341	9424	0	20	147	source_plane=0 shape=0 rot=0
terrain	void_overlay_no_floor_context	41	void overlay	1341	9425	0	20	147	source_plane=0 shape=0 rot=0
terrain	void_overlay_no_floor_context	41	void overlay	1341	9426	0	20	147	source_plane=0 shape=0 rot=0
terrain	void_overlay_no_floor_context	41	void overlay	1342	9408	0	20	147	source_plane=0 shape=0 rot=0
terrain	void_overlay_no_floor_context	41	void overlay	1342	9409	0	20	147	source_plane=0 shape=0 rot=0
terrain	void_overlay_no_floor_context	41	void overlay	1342	9410	0	20	147	source_plane=0 shape=0 rot=0
terrain	void_overlay_no_floor_context	41	void overlay	1342	9411	0	20	147	source_plane=0 shape=0 rot=0
terrain	void_overlay_no_floor_context	41	void overlay	1342	9412	0	20	147	source_plane=0 shape=0 rot=0
terrain	void_overlay_no_floor_context	41	void overlay	1342	9413	0	20	147	source_plane=0 shape=0 rot=0
terrain	void_overlay_no_floor_context	41	void overlay	1342	9414	0	20	147	source_plane=0 shape=0 rot=0
terrain	void_overlay_no_floor_context	41	void overlay	1342	9415	0	20	147	source_plane=0 shape=0 rot=0
terrain	void_overlay_no_floor_context	41	void overlay	1342	9416	0	20	147	source_plane=0 shape=0 rot=0
terrain	void_overlay_no_floor_context	41	void overlay	1342	9417	0	20	147	source_plane=0 shape=0 rot=0
terrain	void_overlay_no_floor_context	41	void overlay	1342	9418	0	20	147	source_plane=0 shape=0 rot=0
terrain	void_overlay_no_floor_context	41	void overlay	1342	9419	0	20	147	source_plane=0 shape=0 rot=0
terrain	void_overlay_no_floor_context	41	void overlay	1342	9420	0	20	147	source_plane=0 shape=0 rot=0
terrain	void_overlay_no_floor_context	41	void overlay	1342	9421	0	20	147	source_plane=0 shape=0 rot=0
terrain	void_overlay_no_floor_context	41	void overlay	1342	9422	0	20	147	source_plane=0 shape=0 rot=0
terrain	void_overlay_no_floor_context	41	void overlay	1342	9423	0	20	147	source_plane=0 shape=0 rot=0
terrain	void_overlay_no_floor_context	41	void overlay	1342	9424	0	20	147	source_plane=0 shape=0 rot=0
terrain	void_overlay_no_floor_context	41	void overlay	1342	9425	0	20	147	source_plane=0 shape=0 rot=0
terrain	void_overlay_no_floor_context	41	void overlay	1342	9426	0	20	147	source_plane=0 shape=0 rot=0
terrain	void_overlay_no_floor_context	41	void overlay	1343	9408	0	20	147	source_plane=0 shape=0 rot=0
terrain	void_overlay_no_floor_context	41	void overlay	1343	9409	0	20	147	source_plane=0 shape=0 rot=0
terrain	void_overlay_no_floor_context	41	void overlay	1343	9410	0	20	147	source_plane=0 shape=0 rot=0
terrain	void_overlay_no_floor_context	41	void overlay	1343	9411	0	20	147	source_plane=0 shape=0 rot=0
terrain	void_overlay_no_floor_context	41	void overlay	1343	9412	0	20	147	source_plane=0 shape=0 rot=0
terrain	void_overlay_no_floor_context	41	void overlay	1343	9413	0	20	147	source_plane=0 shape=0 rot=0
terrain	void_overlay_no_floor_context	41	void overlay	1343	9414	0	20	147	source_plane=0 shape=0 rot=0
terrain	void_overlay_no_floor_context	41	void overlay	1343	9415	0	20	147	source_plane=0 shape=0 rot=0
terrain	void_overlay_no_floor_context	41	void overlay	1343	9416	0	20	147	source_plane=0 shape=0 rot=0
terrain	void_overlay_no_floor_context	41	void overlay	1343	9417	0	20	147	source_plane=0 shape=0 rot=0
terrain	void_overlay_no_floor_context	41	void overlay	1343	9418	0	20	147	source_plane=0 shape=0 rot=0
terrain	void_overlay_no_floor_context	41	void overlay	1343	9419	0	20	147	source_plane=0 shape=0 rot=0
terrain	void_overlay_no_floor_context	41	void overlay	1343	9420	0	20	147	source_plane=0 shape=0 rot=0
terrain	void_overlay_no_floor_context	41	void overlay	1343	9421	0	20	147	source_plane=0 shape=0 rot=0
terrain	void_overlay_no_floor_context	41	void overlay	1343	9422	0	20	147	source_plane=0 shape=0 rot=0
terrain	void_overlay_no_floor_context	41	void overlay	1343	9423	0	20	147	source_plane=0 shape=0 rot=0
terrain	void_overlay_no_floor_context	41	void overlay	1343	9424	0	20	147	source_plane=0 shape=0 rot=0
terrain	void_overlay_no_floor_context	41	void overlay	1343	9425	0	20	147	source_plane=0 shape=0 rot=0
terrain	void_overlay_no_floor_context	41	void overlay	1343	9426	0	20	147	source_plane=0 shape=0 rot=0
terrain	void_overlay_no_floor_context	41	void overlay	1280	9920	0	20	155	source_plane=1 shape=0 rot=0
terrain	void_overlay_no_floor_context	41	void overlay	1280	9921	0	20	155	source_plane=1 shape=0 rot=0
terrain	void_overlay_no_floor_context	41	void overlay	1280	9922	0	20	155	source_plane=1 shape=0 rot=0
terrain	void_overlay_no_floor_context	41	void overlay	1280	9923	0	20	155	source_plane=1 shape=0 rot=0
terrain	void_overlay_no_floor_context	41	void overlay	1280	9924	0	20	155	source_plane=1 shape=0 rot=0
terrain	void_overlay_no_floor_context	41	void overlay	1280	9925	0	20	155	source_plane=1 shape=0 rot=0
terrain	void_overlay_no_floor_context	41	void overlay	1280	9926	0	20	155	source_plane=1 shape=0 rot=0
terrain	void_overlay_no_floor_context	41	void overlay	1280	9927	0	20	155	source_plane=1 shape=0 rot=0
terrain	void_overlay_no_floor_context	41	void overlay	1280	9928	0	20	155	source_plane=1 shape=0 rot=0
terrain	void_overlay_no_floor_context	41	void overlay	1280	9929	0	20	155	source_plane=1 shape=0 rot=0
terrain	void_overlay_no_floor_context	41	void overlay	1280	9930	0	20	155	source_plane=1 shape=0 rot=0
terrain	void_overlay_no_floor_context	41	void overlay	1280	9931	0	20	155	source_plane=1 shape=0 rot=0
terrain	void_overlay_no_floor_context	41	void overlay	1280	9932	0	20	155	source_plane=1 shape=0 rot=0
terrain	void_overlay_no_floor_context	41	void overlay	1280	9933	0	20	155	source_plane=1 shape=0 rot=0
terrain	void_overlay_no_floor_context	41	void overlay	1280	9934	0	20	155	source_plane=1 shape=0 rot=0
terrain	void_overlay_no_floor_context	41	void overlay	1280	9935	0	20	155	source_plane=1 shape=0 rot=0
terrain	void_overlay_no_floor_context	41	void overlay	1280	9936	0	20	155	source_plane=1 shape=0 rot=0
terrain	void_overlay_no_floor_context	41	void overlay	1280	9937	0	20	155	source_plane=1 shape=0 rot=0
terrain	void_overlay_no_floor_context	41	void overlay	1280	9938	0	20	155	source_plane=1 shape=0 rot=0
terrain	void_overlay_no_floor_context	41	void overlay	1280	9939	0	20	155	source_plane=1 shape=0 rot=0
terrain	void_overlay_no_floor_context	41	void overlay	1280	9940	0	20	155	source_plane=1 shape=0 rot=0
terrain	void_overlay_no_floor_context	41	void overlay	1280	9941	0	20	155	source_plane=1 shape=0 rot=0
terrain	void_overlay_no_floor_context	41	void overlay	1280	9942	0	20	155	source_plane=1 shape=0 rot=0
terrain	void_overlay_no_floor_context	41	void overlay	1280	9943	0	20	155	source_plane=1 shape=0 rot=0
terrain	void_overlay_no_floor_context	41	void overlay	1280	9944	0	20	155	source_plane=1 shape=0 rot=0
terrain	void_overlay_no_floor_context	41	void overlay	1280	9945	0	20	155	source_plane=1 shape=0 rot=0
terrain	void_overlay_no_floor_context	41	void overlay	1280	9946	0	20	155	source_plane=1 shape=0 rot=0
terrain	void_overlay_no_floor_context	41	void overlay	1280	9947	0	20	155	source_plane=1 shape=0 rot=0
terrain	void_overlay_no_floor_context	41	void overlay	1280	9948	0	20	155	source_plane=1 shape=0 rot=0
terrain	void_overlay_no_floor_context	41	void overlay	1280	9949	0	20	155	source_plane=1 shape=0 rot=0
terrain	void_overlay_no_floor_context	41	void overlay	1280	9950	0	20	155	source_plane=1 shape=0 rot=0
terrain	void_overlay_no_floor_context	41	void overlay	1280	9951	0	20	155	source_plane=1 shape=0 rot=0
terrain	void_overlay_no_floor_context	41	void overlay	1280	9952	0	20	155	source_plane=1 shape=0 rot=0
terrain	void_overlay_no_floor_context	41	void overlay	1280	9953	0	20	155	source_plane=1 shape=0 rot=0
terrain	void_overlay_no_floor_context	41	void overlay	1280	9954	0	20	155	source_plane=1 shape=0 rot=0
terrain	void_overlay_no_floor_context	41	void overlay	1280	9955	0	20	155	source_plane=1 shape=0 rot=0
terrain	void_overlay_no_floor_context	41	void overlay	1280	9956	0	20	155	source_plane=1 shape=0 rot=0
terrain	void_overlay_no_floor_context	41	void overlay	1280	9957	0	20	155	source_plane=1 shape=0 rot=0
terrain	void_overlay_no_floor_context	41	void overlay	1280	9958	0	20	155	source_plane=1 shape=0 rot=0
terrain	void_overlay_no_floor_context	41	void overlay	1280	9959	0	20	155	source_plane=1 shape=0 rot=0
terrain	void_overlay_no_floor_context	41	void overlay	1280	9960	0	20	155	source_plane=1 shape=0 rot=0
terrain	void_overlay_no_floor_context	41	void overlay	1280	9961	0	20	155	source_plane=1 shape=0 rot=0
terrain	void_overlay_no_floor_context	41	void overlay	1280	9962	0	20	155	source_plane=1 shape=0 rot=0
terrain	void_overlay_no_floor_context	41	void overlay	1280	9963	0	20	155	source_plane=1 shape=0 rot=0
terrain	void_overlay_no_floor_context	41	void overlay	1280	9964	0	20	155	source_plane=1 shape=0 rot=0
terrain	void_overlay_no_floor_context	41	void overlay	1280	9965	0	20	155	source_plane=1 shape=0 rot=0
terrain	void_overlay_no_floor_context	41	void overlay	1280	9966	0	20	155	source_plane=1 shape=0 rot=0
terrain	void_overlay_no_floor_context	41	void overlay	1280	9967	0	20	155	source_plane=1 shape=0 rot=0
terrain	void_overlay_no_floor_context	41	void overlay	1280	9968	0	20	155	source_plane=1 shape=0 rot=0
terrain	void_overlay_no_floor_context	41	void overlay	1280	9969	0	20	155	source_plane=1 shape=0 rot=0
terrain	void_overlay_no_floor_context	41	void overlay	1280	9970	0	20	155	source_plane=1 shape=0 rot=0
terrain	void_overlay_no_floor_context	41	void overlay	1280	9971	0	20	155	source_plane=1 shape=0 rot=0
terrain	void_overlay_no_floor_context	41	void overlay	1280	9972	0	20	155	source_plane=1 shape=0 rot=0
terrain	void_overlay_no_floor_context	41	void overlay	1280	9973	0	20	155	source_plane=1 shape=0 rot=0
terrain	void_overlay_no_floor_context	41	void overlay	1280	9974	0	20	155	source_plane=1 shape=0 rot=0
terrain	void_overlay_no_floor_context	41	void overlay	1280	9975	0	20	155	source_plane=1 shape=0 rot=0
terrain	void_overlay_no_floor_context	41	void overlay	1280	9976	0	20	155	source_plane=1 shape=0 rot=0
terrain	void_overlay_no_floor_context	41	void overlay	1280	9977	0	20	155	source_plane=1 shape=0 rot=0
terrain	void_overlay_no_floor_context	41	void overlay	1280	9978	0	20	155	source_plane=1 shape=0 rot=0
terrain	void_overlay_no_floor_context	41	void overlay	1280	9979	0	20	155	source_plane=1 shape=0 rot=0
terrain	void_overlay_no_floor_context	41	void overlay	1280	9980	0	20	155	source_plane=1 shape=0 rot=0
terrain	void_overlay_no_floor_context	41	void overlay	1280	9981	0	20	155	source_plane=1 shape=0 rot=0
terrain	void_overlay_no_floor_context	41	void overlay	1280	9982	0	20	155	source_plane=1 shape=0 rot=0
terrain	void_overlay_no_floor_context	41	void overlay	1280	9983	0	20	155	source_plane=1 shape=0 rot=0
terrain	void_overlay_no_floor_context	41	void overlay	1281	9920	0	20	155	source_plane=1 shape=0 rot=0
terrain	void_overlay_no_floor_context	41	void overlay	1281	9921	0	20	155	source_plane=1 shape=0 rot=0
terrain	void_overlay_no_floor_context	41	void overlay	1281	9922	0	20	155	source_plane=1 shape=0 rot=0
terrain	void_overlay_no_floor_context	41	void overlay	1281	9923	0	20	155	source_plane=1 shape=0 rot=0
terrain	void_overlay_no_floor_context	41	void overlay	1281	9924	0	20	155	source_plane=1 shape=0 rot=0
terrain	void_overlay_no_floor_context	41	void overlay	1281	9925	0	20	155	source_plane=1 shape=0 rot=0
terrain	void_overlay_no_floor_context	41	void overlay	1281	9926	0	20	155	source_plane=1 shape=0 rot=0
terrain	void_overlay_no_floor_context	41	void overlay	1281	9927	0	20	155	source_plane=1 shape=0 rot=0
terrain	void_overlay_no_floor_context	41	void overlay	1281	9928	0	20	155	source_plane=1 shape=0 rot=0
terrain	void_overlay_no_floor_context	41	void overlay	1281	9929	0	20	155	source_plane=1 shape=0 rot=0
terrain	void_overlay_no_floor_context	41	void overlay	1281	9930	0	20	155	source_plane=1 shape=0 rot=0
terrain	void_overlay_no_floor_context	41	void overlay	1281	9931	0	20	155	source_plane=1 shape=0 rot=0
terrain	void_overlay_no_floor_context	41	void overlay	1281	9932	0	20	155	source_plane=1 shape=0 rot=0
terrain	void_overlay_no_floor_context	41	void overlay	1281	9933	0	20	155	source_plane=1 shape=0 rot=0
terrain	void_overlay_no_floor_context	41	void overlay	1281	9934	0	20	155	source_plane=1 shape=0 rot=0
terrain	void_overlay_no_floor_context	41	void overlay	1281	9935	0	20	155	source_plane=1 shape=0 rot=0
terrain	void_overlay_no_floor_context	41	void overlay	1281	9936	0	20	155	source_plane=1 shape=0 rot=0
terrain	void_overlay_no_floor_context	41	void overlay	1281	9937	0	20	155	source_plane=1 shape=0 rot=0
terrain	void_overlay_no_floor_context	41	void overlay	1281	9938	0	20	155	source_plane=1 shape=0 rot=0
terrain	void_overlay_no_floor_context	41	void overlay	1281	9939	0	20	155	source_plane=1 shape=0 rot=0
terrain	void_overlay_no_floor_context	41	void overlay	1281	9940	0	20	155	source_plane=1 shape=0 rot=0
terrain	void_overlay_no_floor_context	41	void overlay	1281	9941	0	20	155	source_plane=1 shape=0 rot=0
terrain	void_overlay_no_floor_context	41	void overlay	1281	9942	0	20	155	source_plane=1 shape=0 rot=0
terrain	void_overlay_no_floor_context	41	void overlay	1281	9943	0	20	155	source_plane=1 shape=0 rot=0
terrain	void_overlay_no_floor_context	41	void overlay	1281	9944	0	20	155	source_plane=1 shape=0 rot=0
terrain	void_overlay_no_floor_context	41	void overlay	1281	9945	0	20	155	source_plane=1 shape=0 rot=0
terrain	void_overlay_no_floor_context	41	void overlay	1281	9946	0	20	155	source_plane=1 shape=0 rot=0
terrain	void_overlay_no_floor_context	41	void overlay	1281	9947	0	20	155	source_plane=1 shape=0 rot=0
terrain	void_overlay_no_floor_context	41	void overlay	1281	9948	0	20	155	source_plane=1 shape=0 rot=0
terrain	void_overlay_no_floor_context	41	void overlay	1281	9949	0	20	155	source_plane=1 shape=0 rot=0
terrain	void_overlay_no_floor_context	41	void overlay	1281	9950	0	20	155	source_plane=1 shape=0 rot=0
terrain	void_overlay_no_floor_context	41	void overlay	1281	9951	0	20	155	source_plane=1 shape=0 rot=0
terrain	void_overlay_no_floor_context	41	void overlay	1281	9952	0	20	155	source_plane=1 shape=0 rot=0
terrain	void_overlay_no_floor_context	41	void overlay	1281	9953	0	20	155	source_plane=1 shape=0 rot=0
terrain	void_overlay_no_floor_context	41	void overlay	1281	9954	0	20	155	source_plane=1 shape=0 rot=0
terrain	void_overlay_no_floor_context	41	void overlay	1281	9955	0	20	155	source_plane=1 shape=0 rot=0
terrain	void_overlay_no_floor_context	41	void overlay	1281	9956	0	20	155	source_plane=1 shape=0 rot=0
terrain	void_overlay_no_floor_context	41	void overlay	1281	9957	0	20	155	source_plane=1 shape=0 rot=0
terrain	void_overlay_no_floor_context	41	void overlay	1281	9958	0	20	155	source_plane=1 shape=0 rot=0
terrain	void_overlay_no_floor_context	41	void overlay	1281	9959	0	20	155	source_plane=1 shape=0 rot=0
terrain	void_overlay_no_floor_context	41	void overlay	1281	9960	0	20	155	source_plane=1 shape=0 rot=0
terrain	void_overlay_no_floor_context	41	void overlay	1281	9961	0	20	155	source_plane=1 shape=0 rot=0
terrain	void_overlay_no_floor_context	41	void overlay	1281	9962	0	20	155	source_plane=1 shape=0 rot=0
terrain	void_overlay_no_floor_context	41	void overlay	1281	9963	0	20	155	source_plane=1 shape=0 rot=0
terrain	void_overlay_no_floor_context	41	void overlay	1281	9964	0	20	155	source_plane=1 shape=0 rot=0
terrain	void_overlay_no_floor_context	41	void overlay	1281	9965	0	20	155	source_plane=1 shape=0 rot=0
terrain	void_overlay_no_floor_context	41	void overlay	1281	9966	0	20	155	source_plane=1 shape=0 rot=0
terrain	void_overlay_no_floor_context	41	void overlay	1281	9967	0	20	155	source_plane=1 shape=0 rot=0
terrain	void_overlay_no_floor_context	41	void overlay	1281	9968	0	20	155	source_plane=1 shape=0 rot=0
terrain	void_overlay_no_floor_context	41	void overlay	1281	9969	0	20	155	source_plane=1 shape=0 rot=0
terrain	void_overlay_no_floor_context	41	void overlay	1281	9970	0	20	155	source_plane=1 shape=0 rot=0
terrain	void_overlay_no_floor_context	41	void overlay	1281	9971	0	20	155	source_plane=1 shape=0 rot=0
terrain	void_overlay_no_floor_context	41	void overlay	1281	9972	0	20	155	source_plane=1 shape=0 rot=0
terrain	void_overlay_no_floor_context	41	void overlay	1281	9973	0	20	155	source_plane=1 shape=0 rot=0
terrain	void_overlay_no_floor_context	41	void overlay	1281	9974	0	20	155	source_plane=1 shape=0 rot=0
terrain	void_overlay_no_floor_context	41	void overlay	1281	9975	0	20	155	source_plane=1 shape=0 rot=0
terrain	void_overlay_no_floor_context	41	void overlay	1281	9976	0	20	155	source_plane=1 shape=0 rot=0
terrain	void_overlay_no_floor_context	41	void overlay	1281	9977	0	20	155	source_plane=1 shape=0 rot=0
terrain	void_overlay_no_floor_context	41	void overlay	1281	9978	0	20	155	source_plane=1 shape=0 rot=0
terrain	void_overlay_no_floor_context	41	void overlay	1281	9979	0	20	155	source_plane=1 shape=0 rot=0
terrain	void_overlay_no_floor_context	41	void overlay	1281	9980	0	20	155	source_plane=1 shape=0 rot=0
terrain	void_overlay_no_floor_context	41	void overlay	1281	9981	0	20	155	source_plane=1 shape=0 rot=0
terrain	void_overlay_no_floor_context	41	void overlay	1281	9982	0	20	155	source_plane=1 shape=0 rot=0
terrain	void_overlay_no_floor_context	41	void overlay	1281	9983	0	20	155	source_plane=1 shape=0 rot=0
terrain	void_overlay_no_floor_context	41	void overlay	1282	9920	0	20	155	source_plane=1 shape=0 rot=0
terrain	void_overlay_no_floor_context	41	void overlay	1282	9921	0	20	155	source_plane=1 shape=0 rot=0
terrain	void_overlay_no_floor_context	41	void overlay	1282	9922	0	20	155	source_plane=1 shape=0 rot=0
terrain	void_overlay_no_floor_context	41	void overlay	1282	9923	0	20	155	source_plane=1 shape=0 rot=0
terrain	void_overlay_no_floor_context	41	void overlay	1282	9924	0	20	155	source_plane=1 shape=0 rot=0
terrain	void_overlay_no_floor_context	41	void overlay	1282	9925	0	20	155	source_plane=1 shape=0 rot=0
terrain	void_overlay_no_floor_context	41	void overlay	1282	9926	0	20	155	source_plane=1 shape=0 rot=0
terrain	void_overlay_no_floor_context	41	void overlay	1282	9927	0	20	155	source_plane=1 shape=0 rot=0
terrain	void_overlay_no_floor_context	41	void overlay	1282	9928	0	20	155	source_plane=1 shape=0 rot=0
terrain	void_overlay_no_floor_context	41	void overlay	1282	9929	0	20	155	source_plane=1 shape=0 rot=0
terrain	void_overlay_no_floor_context	41	void overlay	1282	9930	0	20	155	source_plane=1 shape=0 rot=0
terrain	void_overlay_no_floor_context	41	void overlay	1282	9931	0	20	155	source_plane=1 shape=0 rot=0
terrain	void_overlay_no_floor_context	41	void overlay	1282	9932	0	20	155	source_plane=1 shape=0 rot=0
terrain	void_overlay_no_floor_context	41	void overlay	1282	9933	0	20	155	source_plane=1 shape=0 rot=0
terrain	void_overlay_no_floor_context	41	void overlay	1282	9934	0	20	155	source_plane=1 shape=0 rot=0
terrain	void_overlay_no_floor_context	41	void overlay	1282	9935	0	20	155	source_plane=1 shape=0 rot=0
terrain	void_overlay_no_floor_context	41	void overlay	1282	9936	0	20	155	source_plane=1 shape=0 rot=0
terrain	void_overlay_no_floor_context	41	void overlay	1282	9937	0	20	155	source_plane=1 shape=0 rot=0
terrain	void_overlay_no_floor_context	41	void overlay	1282	9938	0	20	155	source_plane=1 shape=0 rot=0
terrain	void_overlay_no_floor_context	41	void overlay	1282	9939	0	20	155	source_plane=1 shape=0 rot=0
terrain	void_overlay_no_floor_context	41	void overlay	1282	9940	0	20	155	source_plane=1 shape=0 rot=0
terrain	void_overlay_no_floor_context	41	void overlay	1282	9941	0	20	155	source_plane=1 shape=0 rot=0
terrain	void_overlay_no_floor_context	41	void overlay	1282	9942	0	20	155	source_plane=1 shape=0 rot=0
terrain	void_overlay_no_floor_context	41	void overlay	1282	9943	0	20	155	source_plane=1 shape=0 rot=0
terrain	void_overlay_no_floor_context	41	void overlay	1282	9944	0	20	155	source_plane=1 shape=0 rot=0
terrain	void_overlay_no_floor_context	41	void overlay	1282	9945	0	20	155	source_plane=1 shape=0 rot=0
terrain	void_overlay_no_floor_context	41	void overlay	1282	9946	0	20	155	source_plane=1 shape=1 rot=0
terrain	void_overlay_no_floor_context	41	void overlay	1282	9953	0	20	155	source_plane=1 shape=1 rot=1
terrain	void_overlay_no_floor_context	41	void overlay	1282	9954	0	20	155	source_plane=1 shape=0 rot=0
terrain	void_overlay_no_floor_context	41	void overlay	1282	9955	0	20	155	source_plane=1 shape=1 rot=0
terrain	void_overlay_no_floor_context	41	void overlay	1282	9961	0	20	155	source_plane=1 shape=1 rot=1
terrain	void_overlay_no_floor_context	41	void overlay	1282	9962	0	20	155	source_plane=1 shape=0 rot=0
terrain	void_overlay_no_floor_context	41	void overlay	1282	9963	0	20	155	source_plane=1 shape=0 rot=0
terrain	void_overlay_no_floor_context	41	void overlay	1282	9964	0	20	155	source_plane=1 shape=0 rot=0
terrain	void_overlay_no_floor_context	41	void overlay	1282	9965	0	20	155	source_plane=1 shape=0 rot=0
terrain	void_overlay_no_floor_context	41	void overlay	1282	9966	0	20	155	source_plane=1 shape=0 rot=0
terrain	void_overlay_no_floor_context	41	void overlay	1282	9967	0	20	155	source_plane=1 shape=0 rot=0
terrain	void_overlay_no_floor_context	41	void overlay	1282	9968	0	20	155	source_plane=1 shape=0 rot=0
terrain	void_overlay_no_floor_context	41	void overlay	1282	9969	0	20	155	source_plane=1 shape=0 rot=0
terrain	void_overlay_no_floor_context	41	void overlay	1282	9970	0	20	155	source_plane=1 shape=0 rot=0
terrain	void_overlay_no_floor_context	41	void overlay	1282	9971	0	20	155	source_plane=1 shape=0 rot=0
terrain	void_overlay_no_floor_context	41	void overlay	1282	9972	0	20	155	source_plane=1 shape=0 rot=0
terrain	void_overlay_no_floor_context	41	void overlay	1282	9973	0	20	155	source_plane=1 shape=0 rot=0
terrain	void_overlay_no_floor_context	41	void overlay	1282	9974	0	20	155	source_plane=1 shape=0 rot=0
terrain	void_overlay_no_floor_context	41	void overlay	1282	9975	0	20	155	source_plane=1 shape=0 rot=0
terrain	void_overlay_no_floor_context	41	void overlay	1282	9976	0	20	155	source_plane=1 shape=0 rot=0
terrain	void_overlay_no_floor_context	41	void overlay	1282	9977	0	20	155	source_plane=1 shape=0 rot=0
terrain	void_overlay_no_floor_context	41	void overlay	1282	9978	0	20	155	source_plane=1 shape=0 rot=0
terrain	void_overlay_no_floor_context	41	void overlay	1282	9979	0	20	155	source_plane=1 shape=0 rot=0
terrain	void_overlay_no_floor_context	41	void overlay	1282	9980	0	20	155	source_plane=1 shape=0 rot=0
terrain	void_overlay_no_floor_context	41	void overlay	1282	9981	0	20	155	source_plane=1 shape=0 rot=0
terrain	void_overlay_no_floor_context	41	void overlay	1282	9982	0	20	155	source_plane=1 shape=0 rot=0
terrain	void_overlay_no_floor_context	41	void overlay	1282	9983	0	20	155	source_plane=1 shape=0 rot=0
terrain	void_overlay_no_floor_context	41	void overlay	1283	9920	0	20	155	source_plane=1 shape=0 rot=0
terrain	void_overlay_no_floor_context	41	void overlay	1283	9921	0	20	155	source_plane=1 shape=0 rot=0
terrain	void_overlay_no_floor_context	41	void overlay	1283	9922	0	20	155	source_plane=1 shape=0 rot=0
terrain	void_overlay_no_floor_context	41	void overlay	1283	9923	0	20	155	source_plane=1 shape=0 rot=0
terrain	void_overlay_no_floor_context	41	void overlay	1283	9924	0	20	155	source_plane=1 shape=0 rot=0
terrain	void_overlay_no_floor_context	41	void overlay	1283	9925	0	20	155	source_plane=1 shape=0 rot=0
terrain	void_overlay_no_floor_context	41	void overlay	1283	9926	0	20	155	source_plane=1 shape=0 rot=0
terrain	void_overlay_no_floor_context	41	void overlay	1283	9927	0	20	155	source_plane=1 shape=0 rot=0
terrain	void_overlay_no_floor_context	41	void overlay	1283	9928	0	20	155	source_plane=1 shape=0 rot=0
terrain	void_overlay_no_floor_context	41	void overlay	1283	9929	0	20	155	source_plane=1 shape=0 rot=0
terrain	void_overlay_no_floor_context	41	void overlay	1283	9930	0	20	155	source_plane=1 shape=0 rot=0
terrain	void_overlay_no_floor_context	41	void overlay	1283	9931	0	20	155	source_plane=1 shape=0 rot=0
terrain	void_overlay_no_floor_context	41	void overlay	1283	9932	0	20	155	source_plane=1 shape=0 rot=0
terrain	void_overlay_no_floor_context	41	void overlay	1283	9933	0	20	155	source_plane=1 shape=0 rot=0
terrain	void_overlay_no_floor_context	41	void overlay	1283	9934	0	20	155	source_plane=1 shape=0 rot=0
terrain	void_overlay_no_floor_context	41	void overlay	1283	9935	0	20	155	source_plane=1 shape=0 rot=0
terrain	void_overlay_no_floor_context	41	void overlay	1283	9936	0	20	155	source_plane=1 shape=0 rot=0
terrain	void_overlay_no_floor_context	41	void overlay	1283	9937	0	20	155	source_plane=1 shape=0 rot=0
terrain	void_overlay_no_floor_context	41	void overlay	1283	9938	0	20	155	source_plane=1 shape=0 rot=0
terrain	void_overlay_no_floor_context	41	void overlay	1283	9939	0	20	155	source_plane=1 shape=0 rot=0
terrain	void_overlay_no_floor_context	41	void overlay	1283	9940	0	20	155	source_plane=1 shape=0 rot=0
terrain	void_overlay_no_floor_context	41	void overlay	1283	9941	0	20	155	source_plane=1 shape=0 rot=0
terrain	void_overlay_no_floor_context	41	void overlay	1283	9942	0	20	155	source_plane=1 shape=0 rot=0
terrain	void_overlay_no_floor_context	41	void overlay	1283	9943	0	20	155	source_plane=1 shape=0 rot=0
terrain	void_overlay_no_floor_context	41	void overlay	1283	9944	0	20	155	source_plane=1 shape=0 rot=0
terrain	void_overlay_no_floor_context	41	void overlay	1283	9945	0	20	155	source_plane=1 shape=1 rot=0
terrain	void_overlay_no_floor_context	41	void overlay	1283	9965	0	20	155	source_plane=1 shape=1 rot=1
terrain	void_overlay_no_floor_context	41	void overlay	1283	9966	0	20	155	source_plane=1 shape=0 rot=0
terrain	void_overlay_no_floor_context	41	void overlay	1283	9967	0	20	155	source_plane=1 shape=0 rot=0
terrain	void_overlay_no_floor_context	41	void overlay	1283	9968	0	20	155	source_plane=1 shape=0 rot=0
terrain	void_overlay_no_floor_context	41	void overlay	1283	9969	0	20	155	source_plane=1 shape=0 rot=0
terrain	void_overlay_no_floor_context	41	void overlay	1283	9970	0	20	155	source_plane=1 shape=0 rot=0
terrain	void_overlay_no_floor_context	41	void overlay	1283	9971	0	20	155	source_plane=1 shape=0 rot=0
terrain	void_overlay_no_floor_context	41	void overlay	1283	9972	0	20	155	source_plane=1 shape=0 rot=0
terrain	void_overlay_no_floor_context	41	void overlay	1283	9973	0	20	155	source_plane=1 shape=0 rot=0
terrain	void_overlay_no_floor_context	41	void overlay	1283	9974	0	20	155	source_plane=1 shape=0 rot=0
terrain	void_overlay_no_floor_context	41	void overlay	1283	9975	0	20	155	source_plane=1 shape=0 rot=0
terrain	void_overlay_no_floor_context	41	void overlay	1283	9976	0	20	155	source_plane=1 shape=0 rot=0
terrain	void_overlay_no_floor_context	41	void overlay	1283	9977	0	20	155	source_plane=1 shape=0 rot=0
terrain	void_overlay_no_floor_context	41	void overlay	1283	9978	0	20	155	source_plane=1 shape=0 rot=0
terrain	void_overlay_no_floor_context	41	void overlay	1283	9979	0	20	155	source_plane=1 shape=0 rot=0
terrain	void_overlay_no_floor_context	41	void overlay	1283	9980	0	20	155	source_plane=1 shape=0 rot=0
terrain	void_overlay_no_floor_context	41	void overlay	1283	9981	0	20	155	source_plane=1 shape=0 rot=0
terrain	void_overlay_no_floor_context	41	void overlay	1283	9982	0	20	155	source_plane=1 shape=0 rot=0
terrain	void_overlay_no_floor_context	41	void overlay	1283	9983	0	20	155	source_plane=1 shape=0 rot=0
terrain	void_overlay_no_floor_context	41	void overlay	1284	9920	0	20	155	source_plane=1 shape=0 rot=0
terrain	void_overlay_no_floor_context	41	void overlay	1284	9921	0	20	155	source_plane=1 shape=0 rot=0
terrain	void_overlay_no_floor_context	41	void overlay	1284	9922	0	20	155	source_plane=1 shape=0 rot=0
terrain	void_overlay_no_floor_context	41	void overlay	1284	9923	0	20	155	source_plane=1 shape=0 rot=0
terrain	void_overlay_no_floor_context	41	void overlay	1284	9924	0	20	155	source_plane=1 shape=0 rot=0
terrain	void_overlay_no_floor_context	41	void overlay	1284	9925	0	20	155	source_plane=1 shape=0 rot=0
terrain	void_overlay_no_floor_context	41	void overlay	1284	9926	0	20	155	source_plane=1 shape=0 rot=0
terrain	void_overlay_no_floor_context	41	void overlay	1284	9927	0	20	155	source_plane=1 shape=0 rot=0
terrain	void_overlay_no_floor_context	41	void overlay	1284	9928	0	20	155	source_plane=1 shape=0 rot=0
terrain	void_overlay_no_floor_context	41	void overlay	1284	9929	0	20	155	source_plane=1 shape=0 rot=0
terrain	void_overlay_no_floor_context	41	void overlay	1284	9930	0	20	155	source_plane=1 shape=0 rot=0
terrain	void_overlay_no_floor_context	41	void overlay	1284	9931	0	20	155	source_plane=1 shape=0 rot=0
terrain	void_overlay_no_floor_context	41	void overlay	1284	9932	0	20	155	source_plane=1 shape=0 rot=0
terrain	void_overlay_no_floor_context	41	void overlay	1284	9933	0	20	155	source_plane=1 shape=0 rot=0
terrain	void_overlay_no_floor_context	41	void overlay	1284	9934	0	20	155	source_plane=1 shape=0 rot=0
terrain	void_overlay_no_floor_context	41	void overlay	1284	9935	0	20	155	source_plane=1 shape=0 rot=0
terrain	void_overlay_no_floor_context	41	void overlay	1284	9936	0	20	155	source_plane=1 shape=0 rot=0
terrain	void_overlay_no_floor_context	41	void overlay	1284	9937	0	20	155	source_plane=1 shape=0 rot=0
terrain	void_overlay_no_floor_context	41	void overlay	1284	9938	0	20	155	source_plane=1 shape=0 rot=0
terrain	void_overlay_no_floor_context	41	void overlay	1284	9939	0	20	155	source_plane=1 shape=0 rot=0
terrain	void_overlay_no_floor_context	41	void overlay	1284	9940	0	20	155	source_plane=1 shape=0 rot=0
terrain	void_overlay_no_floor_context	41	void overlay	1284	9941	0	20	155	source_plane=1 shape=0 rot=0
terrain	void_overlay_no_floor_context	41	void overlay	1284	9942	0	20	155	source_plane=1 shape=0 rot=0
terrain	void_overlay_no_floor_context	41	void overlay	1284	9943	0	20	155	source_plane=1 shape=0 rot=0
terrain	void_overlay_no_floor_context	41	void overlay	1284	9944	0	20	155	source_plane=1 shape=0 rot=0
terrain	void_overlay_no_floor_context	41	void overlay	1284	9966	0	20	155	source_plane=1 shape=0 rot=0
terrain	void_overlay_no_floor_context	41	void overlay	1284	9967	0	20	155	source_plane=1 shape=0 rot=0
terrain	void_overlay_no_floor_context	41	void overlay	1284	9968	0	20	155	source_plane=1 shape=0 rot=0
terrain	void_overlay_no_floor_context	41	void overlay	1284	9969	0	20	155	source_plane=1 shape=0 rot=0
terrain	void_overlay_no_floor_context	41	void overlay	1284	9970	0	20	155	source_plane=1 shape=0 rot=0
terrain	void_overlay_no_floor_context	41	void overlay	1284	9971	0	20	155	source_plane=1 shape=0 rot=0
terrain	void_overlay_no_floor_context	41	void overlay	1284	9972	0	20	155	source_plane=1 shape=0 rot=0
terrain	void_overlay_no_floor_context	41	void overlay	1284	9973	0	20	155	source_plane=1 shape=0 rot=0
terrain	void_overlay_no_floor_context	41	void overlay	1284	9974	0	20	155	source_plane=1 shape=0 rot=0
terrain	void_overlay_no_floor_context	41	void overlay	1284	9975	0	20	155	source_plane=1 shape=0 rot=0
terrain	void_overlay_no_floor_context	41	void overlay	1284	9976	0	20	155	source_plane=1 shape=0 rot=0
terrain	void_overlay_no_floor_context	41	void overlay	1284	9977	0	20	155	source_plane=1 shape=0 rot=0
terrain	void_overlay_no_floor_context	41	void overlay	1284	9978	0	20	155	source_plane=1 shape=0 rot=0
terrain	void_overlay_no_floor_context	41	void overlay	1284	9979	0	20	155	source_plane=1 shape=0 rot=0
terrain	void_overlay_no_floor_context	41	void overlay	1284	9980	0	20	155	source_plane=1 shape=0 rot=0
terrain	void_overlay_no_floor_context	41	void overlay	1284	9981	0	20	155	source_plane=1 shape=0 rot=0
terrain	void_overlay_no_floor_context	41	void overlay	1284	9982	0	20	155	source_plane=1 shape=0 rot=0
terrain	void_overlay_no_floor_context	41	void overlay	1284	9983	0	20	155	source_plane=1 shape=0 rot=0
terrain	void_overlay_no_floor_context	41	void overlay	1285	9920	0	20	155	source_plane=1 shape=0 rot=0
terrain	void_overlay_no_floor_context	41	void overlay	1285	9921	0	20	155	source_plane=1 shape=0 rot=0
terrain	void_overlay_no_floor_context	41	void overlay	1285	9922	0	20	155	source_plane=1 shape=0 rot=0
terrain	void_overlay_no_floor_context	41	void overlay	1285	9923	0	20	155	source_plane=1 shape=0 rot=0
terrain	void_overlay_no_floor_context	41	void overlay	1285	9924	0	20	155	source_plane=1 shape=0 rot=0
terrain	void_overlay_no_floor_context	41	void overlay	1285	9925	0	20	155	source_plane=1 shape=0 rot=0
terrain	void_overlay_no_floor_context	41	void overlay	1285	9926	0	20	155	source_plane=1 shape=0 rot=0
terrain	void_overlay_no_floor_context	41	void overlay	1285	9927	0	20	155	source_plane=1 shape=0 rot=0
terrain	void_overlay_no_floor_context	41	void overlay	1285	9928	0	20	155	source_plane=1 shape=0 rot=0
terrain	void_overlay_no_floor_context	41	void overlay	1285	9929	0	20	155	source_plane=1 shape=0 rot=0
terrain	void_overlay_no_floor_context	41	void overlay	1285	9930	0	20	155	source_plane=1 shape=0 rot=0
terrain	void_overlay_no_floor_context	41	void overlay	1285	9931	0	20	155	source_plane=1 shape=0 rot=0
terrain	void_overlay_no_floor_context	41	void overlay	1285	9932	0	20	155	source_plane=1 shape=0 rot=0
terrain	void_overlay_no_floor_context	41	void overlay	1285	9933	0	20	155	source_plane=1 shape=0 rot=0
terrain	void_overlay_no_floor_context	41	void overlay	1285	9934	0	20	155	source_plane=1 shape=0 rot=0
terrain	void_overlay_no_floor_context	41	void overlay	1285	9935	0	20	155	source_plane=1 shape=0 rot=0
terrain	void_overlay_no_floor_context	41	void overlay	1285	9936	0	20	155	source_plane=1 shape=0 rot=0
terrain	void_overlay_no_floor_context	41	void overlay	1285	9937	0	20	155	source_plane=1 shape=0 rot=0
terrain	void_overlay_no_floor_context	41	void overlay	1285	9938	0	20	155	source_plane=1 shape=0 rot=0
terrain	void_overlay_no_floor_context	41	void overlay	1285	9939	0	20	155	source_plane=1 shape=0 rot=0
terrain	void_overlay_no_floor_context	41	void overlay	1285	9940	0	20	155	source_plane=1 shape=0 rot=0
terrain	void_overlay_no_floor_context	41	void overlay	1285	9941	0	20	155	source_plane=1 shape=0 rot=0
terrain	void_overlay_no_floor_context	41	void overlay	1285	9942	0	20	155	source_plane=1 shape=0 rot=0
terrain	void_overlay_no_floor_context	41	void overlay	1285	9943	0	20	155	source_plane=1 shape=0 rot=0
terrain	void_overlay_no_floor_context	41	void overlay	1285	9944	0	20	155	source_plane=1 shape=0 rot=0
terrain	void_overlay_no_floor_context	41	void overlay	1285	9966	0	20	155	source_plane=1 shape=0 rot=0
terrain	void_overlay_no_floor_context	41	void overlay	1285	9967	0	20	155	source_plane=1 shape=0 rot=0
terrain	void_overlay_no_floor_context	41	void overlay	1285	9968	0	20	155	source_plane=1 shape=0 rot=0
terrain	void_overlay_no_floor_context	41	void overlay	1285	9969	0	20	155	source_plane=1 shape=0 rot=0
terrain	void_overlay_no_floor_context	41	void overlay	1285	9970	0	20	155	source_plane=1 shape=0 rot=0
terrain	void_overlay_no_floor_context	41	void overlay	1285	9971	0	20	155	source_plane=1 shape=0 rot=0
terrain	void_overlay_no_floor_context	41	void overlay	1285	9972	0	20	155	source_plane=1 shape=0 rot=0
terrain	void_overlay_no_floor_context	41	void overlay	1285	9973	0	20	155	source_plane=1 shape=0 rot=0
terrain	void_overlay_no_floor_context	41	void overlay	1285	9974	0	20	155	source_plane=1 shape=0 rot=0
terrain	void_overlay_no_floor_context	41	void overlay	1285	9975	0	20	155	source_plane=1 shape=0 rot=0
terrain	void_overlay_no_floor_context	41	void overlay	1285	9976	0	20	155	source_plane=1 shape=0 rot=0
terrain	void_overlay_no_floor_context	41	void overlay	1285	9977	0	20	155	source_plane=1 shape=0 rot=0
terrain	void_overlay_no_floor_context	41	void overlay	1285	9978	0	20	155	source_plane=1 shape=0 rot=0
terrain	void_overlay_no_floor_context	41	void overlay	1285	9979	0	20	155	source_plane=1 shape=0 rot=0
terrain	void_overlay_no_floor_context	41	void overlay	1285	9980	0	20	155	source_plane=1 shape=0 rot=0
terrain	void_overlay_no_floor_context	41	void overlay	1285	9981	0	20	155	source_plane=1 shape=0 rot=0
terrain	void_overlay_no_floor_context	41	void overlay	1285	9982	0	20	155	source_plane=1 shape=0 rot=0
terrain	void_overlay_no_floor_context	41	void overlay	1285	9983	0	20	155	source_plane=1 shape=0 rot=0
terrain	void_overlay_no_floor_context	41	void overlay	1286	9920	0	20	155	source_plane=1 shape=0 rot=0
terrain	void_overlay_no_floor_context	41	void overlay	1286	9921	0	20	155	source_plane=1 shape=0 rot=0
terrain	void_overlay_no_floor_context	41	void overlay	1286	9922	0	20	155	source_plane=1 shape=0 rot=0
terrain	void_overlay_no_floor_context	41	void overlay	1286	9923	0	20	155	source_plane=1 shape=0 rot=0
terrain	void_overlay_no_floor_context	41	void overlay	1286	9924	0	20	155	source_plane=1 shape=0 rot=0
terrain	void_overlay_no_floor_context	41	void overlay	1286	9925	0	20	155	source_plane=1 shape=0 rot=0
terrain	void_overlay_no_floor_context	41	void overlay	1286	9926	0	20	155	source_plane=1 shape=0 rot=0
terrain	void_overlay_no_floor_context	41	void overlay	1286	9927	0	20	155	source_plane=1 shape=0 rot=0
terrain	void_overlay_no_floor_context	41	void overlay	1286	9928	0	20	155	source_plane=1 shape=0 rot=0
terrain	void_overlay_no_floor_context	41	void overlay	1286	9929	0	20	155	source_plane=1 shape=0 rot=0
terrain	void_overlay_no_floor_context	41	void overlay	1286	9930	0	20	155	source_plane=1 shape=0 rot=0
terrain	void_overlay_no_floor_context	41	void overlay	1286	9931	0	20	155	source_plane=1 shape=0 rot=0
terrain	void_overlay_no_floor_context	41	void overlay	1286	9932	0	20	155	source_plane=1 shape=0 rot=0
terrain	void_overlay_no_floor_context	41	void overlay	1286	9933	0	20	155	source_plane=1 shape=0 rot=0
terrain	void_overlay_no_floor_context	41	void overlay	1286	9934	0	20	155	source_plane=1 shape=0 rot=0
terrain	void_overlay_no_floor_context	41	void overlay	1286	9935	0	20	155	source_plane=1 shape=0 rot=0
terrain	void_overlay_no_floor_context	41	void overlay	1286	9936	0	20	155	source_plane=1 shape=0 rot=0
terrain	void_overlay_no_floor_context	41	void overlay	1286	9937	0	20	155	source_plane=1 shape=0 rot=0
terrain	void_overlay_no_floor_context	41	void overlay	1286	9938	0	20	155	source_plane=1 shape=0 rot=0
terrain	void_overlay_no_floor_context	41	void overlay	1286	9939	0	20	155	source_plane=1 shape=0 rot=0
terrain	void_overlay_no_floor_context	41	void overlay	1286	9940	0	20	155	source_plane=1 shape=0 rot=0
terrain	void_overlay_no_floor_context	41	void overlay	1286	9941	0	20	155	source_plane=1 shape=0 rot=0
terrain	void_overlay_no_floor_context	41	void overlay	1286	9942	0	20	155	source_plane=1 shape=0 rot=0
terrain	void_overlay_no_floor_context	41	void overlay	1286	9943	0	20	155	source_plane=1 shape=0 rot=0
terrain	void_overlay_no_floor_context	41	void overlay	1286	9944	0	20	155	source_plane=1 shape=0 rot=0
terrain	void_overlay_no_floor_context	41	void overlay	1286	9945	0	20	155	source_plane=1 shape=1 rot=3
terrain	void_overlay_no_floor_context	41	void overlay	1286	9966	0	20	155	source_plane=1 shape=0 rot=0
terrain	void_overlay_no_floor_context	41	void overlay	1286	9967	0	20	155	source_plane=1 shape=0 rot=0
terrain	void_overlay_no_floor_context	41	void overlay	1286	9968	0	20	155	source_plane=1 shape=0 rot=0
terrain	void_overlay_no_floor_context	41	void overlay	1286	9969	0	20	155	source_plane=1 shape=0 rot=0
terrain	void_overlay_no_floor_context	41	void overlay	1286	9970	0	20	155	source_plane=1 shape=0 rot=0
terrain	void_overlay_no_floor_context	41	void overlay	1286	9971	0	20	155	source_plane=1 shape=0 rot=0
terrain	void_overlay_no_floor_context	41	void overlay	1286	9972	0	20	155	source_plane=1 shape=0 rot=0
terrain	void_overlay_no_floor_context	41	void overlay	1286	9973	0	20	155	source_plane=1 shape=0 rot=0
terrain	void_overlay_no_floor_context	41	void overlay	1286	9974	0	20	155	source_plane=1 shape=0 rot=0
terrain	void_overlay_no_floor_context	41	void overlay	1286	9975	0	20	155	source_plane=1 shape=0 rot=0
terrain	void_overlay_no_floor_context	41	void overlay	1286	9976	0	20	155	source_plane=1 shape=0 rot=0
terrain	void_overlay_no_floor_context	41	void overlay	1286	9977	0	20	155	source_plane=1 shape=0 rot=0
terrain	void_overlay_no_floor_context	41	void overlay	1286	9978	0	20	155	source_plane=1 shape=0 rot=0
terrain	void_overlay_no_floor_context	41	void overlay	1286	9979	0	20	155	source_plane=1 shape=0 rot=0
terrain	void_overlay_no_floor_context	41	void overlay	1286	9980	0	20	155	source_plane=1 shape=0 rot=0
terrain	void_overlay_no_floor_context	41	void overlay	1286	9981	0	20	155	source_plane=1 shape=0 rot=0
terrain	void_overlay_no_floor_context	41	void overlay	1286	9982	0	20	155	source_plane=1 shape=0 rot=0
terrain	void_overlay_no_floor_context	41	void overlay	1286	9983	0	20	155	source_plane=1 shape=0 rot=0
terrain	void_overlay_no_floor_context	41	void overlay	1287	9920	0	20	155	source_plane=1 shape=0 rot=0
terrain	void_overlay_no_floor_context	41	void overlay	1287	9921	0	20	155	source_plane=1 shape=0 rot=0
terrain	void_overlay_no_floor_context	41	void overlay	1287	9922	0	20	155	source_plane=1 shape=0 rot=0
terrain	void_overlay_no_floor_context	41	void overlay	1287	9923	0	20	155	source_plane=1 shape=0 rot=0
terrain	void_overlay_no_floor_context	41	void overlay	1287	9924	0	20	155	source_plane=1 shape=0 rot=0
terrain	void_overlay_no_floor_context	41	void overlay	1287	9925	0	20	155	source_plane=1 shape=0 rot=0
terrain	void_overlay_no_floor_context	41	void overlay	1287	9926	0	20	155	source_plane=1 shape=0 rot=0
terrain	void_overlay_no_floor_context	41	void overlay	1287	9927	0	20	155	source_plane=1 shape=0 rot=0
terrain	void_overlay_no_floor_context	41	void overlay	1287	9928	0	20	155	source_plane=1 shape=0 rot=0
terrain	void_overlay_no_floor_context	41	void overlay	1287	9929	0	20	155	source_plane=1 shape=0 rot=0
terrain	void_overlay_no_floor_context	41	void overlay	1287	9930	0	20	155	source_plane=1 shape=0 rot=0
terrain	void_overlay_no_floor_context	41	void overlay	1287	9931	0	20	155	source_plane=1 shape=0 rot=0
terrain	void_overlay_no_floor_context	41	void overlay	1287	9932	0	20	155	source_plane=1 shape=0 rot=0
terrain	void_overlay_no_floor_context	41	void overlay	1287	9933	0	20	155	source_plane=1 shape=0 rot=0
terrain	void_overlay_no_floor_context	41	void overlay	1287	9934	0	20	155	source_plane=1 shape=0 rot=0
terrain	void_overlay_no_floor_context	41	void overlay	1287	9935	0	20	155	source_plane=1 shape=0 rot=0
terrain	void_overlay_no_floor_context	41	void overlay	1287	9936	0	20	155	source_plane=1 shape=0 rot=0
terrain	void_overlay_no_floor_context	41	void overlay	1287	9937	0	20	155	source_plane=1 shape=0 rot=0
terrain	void_overlay_no_floor_context	41	void overlay	1287	9938	0	20	155	source_plane=1 shape=0 rot=0
terrain	void_overlay_no_floor_context	41	void overlay	1287	9939	0	20	155	source_plane=1 shape=0 rot=0
terrain	void_overlay_no_floor_context	41	void overlay	1287	9940	0	20	155	source_plane=1 shape=0 rot=0
terrain	void_overlay_no_floor_context	41	void overlay	1287	9941	0	20	155	source_plane=1 shape=0 rot=0
terrain	void_overlay_no_floor_context	41	void overlay	1287	9942	0	20	155	source_plane=1 shape=0 rot=0
terrain	void_overlay_no_floor_context	41	void overlay	1287	9943	0	20	155	source_plane=1 shape=0 rot=0
terrain	void_overlay_no_floor_context	41	void overlay	1287	9944	0	20	155	source_plane=1 shape=0 rot=0
terrain	void_overlay_no_floor_context	41	void overlay	1287	9945	0	20	155	source_plane=1 shape=0 rot=0
terrain	void_overlay_no_floor_context	41	void overlay	1287	9946	0	20	155	source_plane=1 shape=0 rot=0
terrain	void_overlay_no_floor_context	41	void overlay	1287	9947	0	20	155	source_plane=1 shape=1 rot=3
terrain	void_overlay_no_floor_context	41	void overlay	1287	9965	0	20	155	source_plane=1 shape=1 rot=2
terrain	void_overlay_no_floor_context	41	void overlay	1287	9966	0	20	155	source_plane=1 shape=0 rot=0
terrain	void_overlay_no_floor_context	41	void overlay	1287	9967	0	20	155	source_plane=1 shape=0 rot=0
terrain	void_overlay_no_floor_context	41	void overlay	1287	9968	0	20	155	source_plane=1 shape=0 rot=0
terrain	void_overlay_no_floor_context	41	void overlay	1287	9969	0	20	155	source_plane=1 shape=0 rot=0
terrain	void_overlay_no_floor_context	41	void overlay	1287	9970	0	20	155	source_plane=1 shape=0 rot=0
terrain	void_overlay_no_floor_context	41	void overlay	1287	9971	0	20	155	source_plane=1 shape=0 rot=0
terrain	void_overlay_no_floor_context	41	void overlay	1287	9972	0	20	155	source_plane=1 shape=0 rot=0
terrain	void_overlay_no_floor_context	41	void overlay	1287	9973	0	20	155	source_plane=1 shape=0 rot=0
terrain	void_overlay_no_floor_context	41	void overlay	1287	9974	0	20	155	source_plane=1 shape=0 rot=0
terrain	void_overlay_no_floor_context	41	void overlay	1287	9975	0	20	155	source_plane=1 shape=0 rot=0
terrain	void_overlay_no_floor_context	41	void overlay	1287	9976	0	20	155	source_plane=1 shape=0 rot=0
terrain	void_overlay_no_floor_context	41	void overlay	1287	9977	0	20	155	source_plane=1 shape=0 rot=0
terrain	void_overlay_no_floor_context	41	void overlay	1287	9978	0	20	155	source_plane=1 shape=0 rot=0
terrain	void_overlay_no_floor_context	41	void overlay	1287	9979	0	20	155	source_plane=1 shape=0 rot=0
terrain	void_overlay_no_floor_context	41	void overlay	1287	9980	0	20	155	source_plane=1 shape=0 rot=0
terrain	void_overlay_no_floor_context	41	void overlay	1287	9981	0	20	155	source_plane=1 shape=0 rot=0
terrain	void_overlay_no_floor_context	41	void overlay	1287	9982	0	20	155	source_plane=1 shape=0 rot=0
terrain	void_overlay_no_floor_context	41	void overlay	1287	9983	0	20	155	source_plane=1 shape=0 rot=0
terrain	void_overlay_no_floor_context	41	void overlay	1288	9920	0	20	155	source_plane=1 shape=0 rot=0
terrain	void_overlay_no_floor_context	41	void overlay	1288	9921	0	20	155	source_plane=1 shape=0 rot=0
terrain	void_overlay_no_floor_context	41	void overlay	1288	9922	0	20	155	source_plane=1 shape=0 rot=0
terrain	void_overlay_no_floor_context	41	void overlay	1288	9923	0	20	155	source_plane=1 shape=0 rot=0
terrain	void_overlay_no_floor_context	41	void overlay	1288	9924	0	20	155	source_plane=1 shape=0 rot=0
terrain	void_overlay_no_floor_context	41	void overlay	1288	9925	0	20	155	source_plane=1 shape=0 rot=0
terrain	void_overlay_no_floor_context	41	void overlay	1288	9926	0	20	155	source_plane=1 shape=0 rot=0
terrain	void_overlay_no_floor_context	41	void overlay	1288	9927	0	20	155	source_plane=1 shape=0 rot=0
terrain	void_overlay_no_floor_context	41	void overlay	1288	9928	0	20	155	source_plane=1 shape=0 rot=0
terrain	void_overlay_no_floor_context	41	void overlay	1288	9929	0	20	155	source_plane=1 shape=0 rot=0
terrain	void_overlay_no_floor_context	41	void overlay	1288	9930	0	20	155	source_plane=1 shape=0 rot=0
terrain	void_overlay_no_floor_context	41	void overlay	1288	9931	0	20	155	source_plane=1 shape=0 rot=0
terrain	void_overlay_no_floor_context	41	void overlay	1288	9932	0	20	155	source_plane=1 shape=0 rot=0
terrain	void_overlay_no_floor_context	41	void overlay	1288	9933	0	20	155	source_plane=1 shape=0 rot=0
terrain	void_overlay_no_floor_context	41	void overlay	1288	9934	0	20	155	source_plane=1 shape=0 rot=0
terrain	void_overlay_no_floor_context	41	void overlay	1288	9935	0	20	155	source_plane=1 shape=0 rot=0
terrain	void_overlay_no_floor_context	41	void overlay	1288	9936	0	20	155	source_plane=1 shape=0 rot=0
terrain	void_overlay_no_floor_context	41	void overlay	1288	9937	0	20	155	source_plane=1 shape=0 rot=0
terrain	void_overlay_no_floor_context	41	void overlay	1288	9938	0	20	155	source_plane=1 shape=0 rot=0
terrain	void_overlay_no_floor_context	41	void overlay	1288	9939	0	20	155	source_plane=1 shape=0 rot=0
terrain	void_overlay_no_floor_context	41	void overlay	1288	9940	0	20	155	source_plane=1 shape=0 rot=0
terrain	void_overlay_no_floor_context	41	void overlay	1288	9941	0	20	155	source_plane=1 shape=0 rot=0
terrain	void_overlay_no_floor_context	41	void overlay	1288	9942	0	20	155	source_plane=1 shape=0 rot=0
terrain	void_overlay_no_floor_context	41	void overlay	1288	9943	0	20	155	source_plane=1 shape=0 rot=0
terrain	void_overlay_no_floor_context	41	void overlay	1288	9944	0	20	155	source_plane=1 shape=0 rot=0
terrain	void_overlay_no_floor_context	41	void overlay	1288	9945	0	20	155	source_plane=1 shape=0 rot=0
terrain	void_overlay_no_floor_context	41	void overlay	1288	9946	0	20	155	source_plane=1 shape=0 rot=0
terrain	void_overlay_no_floor_context	41	void overlay	1288	9947	0	20	155	source_plane=1 shape=0 rot=0
terrain	void_overlay_no_floor_context	41	void overlay	1288	9948	0	20	155	source_plane=1 shape=1 rot=3
terrain	void_overlay_no_floor_context	41	void overlay	1288	9965	0	20	155	source_plane=1 shape=0 rot=0
terrain	void_overlay_no_floor_context	41	void overlay	1288	9966	0	20	155	source_plane=1 shape=0 rot=0
terrain	void_overlay_no_floor_context	41	void overlay	1288	9967	0	20	155	source_plane=1 shape=0 rot=0
terrain	void_overlay_no_floor_context	41	void overlay	1288	9968	0	20	155	source_plane=1 shape=0 rot=0
terrain	void_overlay_no_floor_context	41	void overlay	1288	9969	0	20	155	source_plane=1 shape=0 rot=0
terrain	void_overlay_no_floor_context	41	void overlay	1288	9970	0	20	155	source_plane=1 shape=0 rot=0
terrain	void_overlay_no_floor_context	41	void overlay	1288	9971	0	20	155	source_plane=1 shape=0 rot=0
terrain	void_overlay_no_floor_context	41	void overlay	1288	9972	0	20	155	source_plane=1 shape=0 rot=0
terrain	void_overlay_no_floor_context	41	void overlay	1288	9973	0	20	155	source_plane=1 shape=0 rot=0
terrain	void_overlay_no_floor_context	41	void overlay	1288	9974	0	20	155	source_plane=1 shape=0 rot=0
terrain	void_overlay_no_floor_context	41	void overlay	1288	9975	0	20	155	source_plane=1 shape=0 rot=0
terrain	void_overlay_no_floor_context	41	void overlay	1288	9976	0	20	155	source_plane=1 shape=0 rot=0
terrain	void_overlay_no_floor_context	41	void overlay	1288	9977	0	20	155	source_plane=1 shape=0 rot=0
terrain	void_overlay_no_floor_context	41	void overlay	1288	9978	0	20	155	source_plane=1 shape=0 rot=0
terrain	void_overlay_no_floor_context	41	void overlay	1288	9979	0	20	155	source_plane=1 shape=0 rot=0
terrain	void_overlay_no_floor_context	41	void overlay	1288	9980	0	20	155	source_plane=1 shape=0 rot=0
terrain	void_overlay_no_floor_context	41	void overlay	1288	9981	0	20	155	source_plane=1 shape=0 rot=0
terrain	void_overlay_no_floor_context	41	void overlay	1288	9982	0	20	155	source_plane=1 shape=0 rot=0
terrain	void_overlay_no_floor_context	41	void overlay	1288	9983	0	20	155	source_plane=1 shape=0 rot=0
terrain	void_overlay_no_floor_context	41	void overlay	1289	9920	0	20	155	source_plane=1 shape=0 rot=0
terrain	void_overlay_no_floor_context	41	void overlay	1289	9921	0	20	155	source_plane=1 shape=0 rot=0
terrain	void_overlay_no_floor_context	41	void overlay	1289	9922	0	20	155	source_plane=1 shape=0 rot=0
terrain	void_overlay_no_floor_context	41	void overlay	1289	9923	0	20	155	source_plane=1 shape=0 rot=0
terrain	void_overlay_no_floor_context	41	void overlay	1289	9924	0	20	155	source_plane=1 shape=0 rot=0
terrain	void_overlay_no_floor_context	41	void overlay	1289	9925	0	20	155	source_plane=1 shape=0 rot=0
terrain	void_overlay_no_floor_context	41	void overlay	1289	9926	0	20	155	source_plane=1 shape=0 rot=0
terrain	void_overlay_no_floor_context	41	void overlay	1289	9927	0	20	155	source_plane=1 shape=0 rot=0
terrain	void_overlay_no_floor_context	41	void overlay	1289	9928	0	20	155	source_plane=1 shape=0 rot=0
terrain	void_overlay_no_floor_context	41	void overlay	1289	9929	0	20	155	source_plane=1 shape=0 rot=0
terrain	void_overlay_no_floor_context	41	void overlay	1289	9930	0	20	155	source_plane=1 shape=0 rot=0
terrain	void_overlay_no_floor_context	41	void overlay	1289	9931	0	20	155	source_plane=1 shape=0 rot=0
terrain	void_overlay_no_floor_context	41	void overlay	1289	9932	0	20	155	source_plane=1 shape=0 rot=0
terrain	void_overlay_no_floor_context	41	void overlay	1289	9933	0	20	155	source_plane=1 shape=0 rot=0
terrain	void_overlay_no_floor_context	41	void overlay	1289	9934	0	20	155	source_plane=1 shape=0 rot=0
terrain	void_overlay_no_floor_context	41	void overlay	1289	9935	0	20	155	source_plane=1 shape=0 rot=0
terrain	void_overlay_no_floor_context	41	void overlay	1289	9936	0	20	155	source_plane=1 shape=0 rot=0
terrain	void_overlay_no_floor_context	41	void overlay	1289	9937	0	20	155	source_plane=1 shape=0 rot=0
terrain	void_overlay_no_floor_context	41	void overlay	1289	9938	0	20	155	source_plane=1 shape=0 rot=0
terrain	void_overlay_no_floor_context	41	void overlay	1289	9939	0	20	155	source_plane=1 shape=0 rot=0
terrain	void_overlay_no_floor_context	41	void overlay	1289	9940	0	20	155	source_plane=1 shape=0 rot=0
terrain	void_overlay_no_floor_context	41	void overlay	1289	9941	0	20	155	source_plane=1 shape=0 rot=0
terrain	void_overlay_no_floor_context	41	void overlay	1289	9942	0	20	155	source_plane=1 shape=0 rot=0
terrain	void_overlay_no_floor_context	41	void overlay	1289	9943	0	20	155	source_plane=1 shape=0 rot=0
terrain	void_overlay_no_floor_context	41	void overlay	1289	9944	0	20	155	source_plane=1 shape=0 rot=0
terrain	void_overlay_no_floor_context	41	void overlay	1289	9945	0	20	155	source_plane=1 shape=0 rot=0
terrain	void_overlay_no_floor_context	41	void overlay	1289	9946	0	20	155	source_plane=1 shape=0 rot=0
terrain	void_overlay_no_floor_context	41	void overlay	1289	9947	0	20	155	source_plane=1 shape=0 rot=0
terrain	void_overlay_no_floor_context	41	void overlay	1289	9948	0	20	155	source_plane=1 shape=0 rot=0
terrain	void_overlay_no_floor_context	41	void overlay	1289	9965	0	20	155	source_plane=1 shape=0 rot=0
terrain	void_overlay_no_floor_context	41	void overlay	1289	9966	0	20	155	source_plane=1 shape=0 rot=0
terrain	void_overlay_no_floor_context	41	void overlay	1289	9967	0	20	155	source_plane=1 shape=0 rot=0
terrain	void_overlay_no_floor_context	41	void overlay	1289	9968	0	20	155	source_plane=1 shape=0 rot=0
terrain	void_overlay_no_floor_context	41	void overlay	1289	9969	0	20	155	source_plane=1 shape=0 rot=0
terrain	void_overlay_no_floor_context	41	void overlay	1289	9970	0	20	155	source_plane=1 shape=0 rot=0
terrain	void_overlay_no_floor_context	41	void overlay	1289	9971	0	20	155	source_plane=1 shape=0 rot=0
terrain	void_overlay_no_floor_context	41	void overlay	1289	9972	0	20	155	source_plane=1 shape=0 rot=0
terrain	void_overlay_no_floor_context	41	void overlay	1289	9973	0	20	155	source_plane=1 shape=0 rot=0
terrain	void_overlay_no_floor_context	41	void overlay	1289	9974	0	20	155	source_plane=1 shape=0 rot=0
terrain	void_overlay_no_floor_context	41	void overlay	1289	9975	0	20	155	source_plane=1 shape=0 rot=0
terrain	void_overlay_no_floor_context	41	void overlay	1289	9976	0	20	155	source_plane=1 shape=0 rot=0
terrain	void_overlay_no_floor_context	41	void overlay	1289	9977	0	20	155	source_plane=1 shape=0 rot=0
terrain	void_overlay_no_floor_context	41	void overlay	1289	9978	0	20	155	source_plane=1 shape=0 rot=0
terrain	void_overlay_no_floor_context	41	void overlay	1289	9979	0	20	155	source_plane=1 shape=0 rot=0
terrain	void_overlay_no_floor_context	41	void overlay	1289	9980	0	20	155	source_plane=1 shape=0 rot=0
terrain	void_overlay_no_floor_context	41	void overlay	1289	9981	0	20	155	source_plane=1 shape=0 rot=0
terrain	void_overlay_no_floor_context	41	void overlay	1289	9982	0	20	155	source_plane=1 shape=0 rot=0
terrain	void_overlay_no_floor_context	41	void overlay	1289	9983	0	20	155	source_plane=1 shape=0 rot=0
terrain	void_overlay_no_floor_context	41	void overlay	1290	9920	0	20	155	source_plane=1 shape=0 rot=0
terrain	void_overlay_no_floor_context	41	void overlay	1290	9921	0	20	155	source_plane=1 shape=0 rot=0
terrain	void_overlay_no_floor_context	41	void overlay	1290	9922	0	20	155	source_plane=1 shape=0 rot=0
terrain	void_overlay_no_floor_context	41	void overlay	1290	9923	0	20	155	source_plane=1 shape=0 rot=0
terrain	void_overlay_no_floor_context	41	void overlay	1290	9924	0	20	155	source_plane=1 shape=0 rot=0
terrain	void_overlay_no_floor_context	41	void overlay	1290	9925	0	20	155	source_plane=1 shape=0 rot=0
terrain	void_overlay_no_floor_context	41	void overlay	1290	9926	0	20	155	source_plane=1 shape=0 rot=0
terrain	void_overlay_no_floor_context	41	void overlay	1290	9927	0	20	155	source_plane=1 shape=0 rot=0
terrain	void_overlay_no_floor_context	41	void overlay	1290	9928	0	20	155	source_plane=1 shape=0 rot=0
terrain	void_overlay_no_floor_context	41	void overlay	1290	9929	0	20	155	source_plane=1 shape=0 rot=0
terrain	void_overlay_no_floor_context	41	void overlay	1290	9930	0	20	155	source_plane=1 shape=0 rot=0
terrain	void_overlay_no_floor_context	41	void overlay	1290	9931	0	20	155	source_plane=1 shape=0 rot=0
terrain	void_overlay_no_floor_context	41	void overlay	1290	9932	0	20	155	source_plane=1 shape=0 rot=0
terrain	void_overlay_no_floor_context	41	void overlay	1290	9933	0	20	155	source_plane=1 shape=0 rot=0
terrain	void_overlay_no_floor_context	41	void overlay	1290	9934	0	20	155	source_plane=1 shape=0 rot=0
terrain	void_overlay_no_floor_context	41	void overlay	1290	9935	0	20	155	source_plane=1 shape=0 rot=0
terrain	void_overlay_no_floor_context	41	void overlay	1290	9936	0	20	155	source_plane=1 shape=0 rot=0
terrain	void_overlay_no_floor_context	41	void overlay	1290	9937	0	20	155	source_plane=1 shape=0 rot=0
terrain	void_overlay_no_floor_context	41	void overlay	1290	9938	0	20	155	source_plane=1 shape=0 rot=0
terrain	void_overlay_no_floor_context	41	void overlay	1290	9939	0	20	155	source_plane=1 shape=0 rot=0
terrain	void_overlay_no_floor_context	41	void overlay	1290	9940	0	20	155	source_plane=1 shape=0 rot=0
terrain	void_overlay_no_floor_context	41	void overlay	1290	9941	0	20	155	source_plane=1 shape=0 rot=0
terrain	void_overlay_no_floor_context	41	void overlay	1290	9942	0	20	155	source_plane=1 shape=0 rot=0
terrain	void_overlay_no_floor_context	41	void overlay	1290	9943	0	20	155	source_plane=1 shape=0 rot=0
terrain	void_overlay_no_floor_context	41	void overlay	1290	9944	0	20	155	source_plane=1 shape=0 rot=0
terrain	void_overlay_no_floor_context	41	void overlay	1290	9945	0	20	155	source_plane=1 shape=0 rot=0
terrain	void_overlay_no_floor_context	41	void overlay	1290	9946	0	20	155	source_plane=1 shape=0 rot=0
terrain	void_overlay_no_floor_context	41	void overlay	1290	9947	0	20	155	source_plane=1 shape=0 rot=0
terrain	void_overlay_no_floor_context	41	void overlay	1290	9948	0	20	155	source_plane=1 shape=0 rot=0
terrain	void_overlay_no_floor_context	41	void overlay	1290	9965	0	20	155	source_plane=1 shape=1 rot=1
terrain	void_overlay_no_floor_context	41	void overlay	1290	9966	0	20	155	source_plane=1 shape=0 rot=0
terrain	void_overlay_no_floor_context	41	void overlay	1290	9967	0	20	155	source_plane=1 shape=0 rot=0
terrain	void_overlay_no_floor_context	41	void overlay	1290	9968	0	20	155	source_plane=1 shape=0 rot=0
terrain	void_overlay_no_floor_context	41	void overlay	1290	9969	0	20	155	source_plane=1 shape=0 rot=0
terrain	void_overlay_no_floor_context	41	void overlay	1290	9970	0	20	155	source_plane=1 shape=0 rot=0
terrain	void_overlay_no_floor_context	41	void overlay	1290	9971	0	20	155	source_plane=1 shape=0 rot=0
terrain	void_overlay_no_floor_context	41	void overlay	1290	9972	0	20	155	source_plane=1 shape=0 rot=0
terrain	void_overlay_no_floor_context	41	void overlay	1290	9973	0	20	155	source_plane=1 shape=0 rot=0
terrain	void_overlay_no_floor_context	41	void overlay	1290	9974	0	20	155	source_plane=1 shape=0 rot=0
terrain	void_overlay_no_floor_context	41	void overlay	1290	9975	0	20	155	source_plane=1 shape=0 rot=0
terrain	void_overlay_no_floor_context	41	void overlay	1290	9976	0	20	155	source_plane=1 shape=0 rot=0
terrain	void_overlay_no_floor_context	41	void overlay	1290	9977	0	20	155	source_plane=1 shape=0 rot=0
terrain	void_overlay_no_floor_context	41	void overlay	1290	9978	0	20	155	source_plane=1 shape=0 rot=0
terrain	void_overlay_no_floor_context	41	void overlay	1290	9979	0	20	155	source_plane=1 shape=0 rot=0
terrain	void_overlay_no_floor_context	41	void overlay	1290	9980	0	20	155	source_plane=1 shape=0 rot=0
terrain	void_overlay_no_floor_context	41	void overlay	1290	9981	0	20	155	source_plane=1 shape=0 rot=0
terrain	void_overlay_no_floor_context	41	void overlay	1290	9982	0	20	155	source_plane=1 shape=0 rot=0
terrain	void_overlay_no_floor_context	41	void overlay	1290	9983	0	20	155	source_plane=1 shape=0 rot=0
terrain	void_overlay_no_floor_context	41	void overlay	1291	9920	0	20	155	source_plane=1 shape=0 rot=0
terrain	void_overlay_no_floor_context	41	void overlay	1291	9921	0	20	155	source_plane=1 shape=0 rot=0
terrain	void_overlay_no_floor_context	41	void overlay	1291	9922	0	20	155	source_plane=1 shape=0 rot=0
terrain	void_overlay_no_floor_context	41	void overlay	1291	9923	0	20	155	source_plane=1 shape=0 rot=0
terrain	void_overlay_no_floor_context	41	void overlay	1291	9924	0	20	155	source_plane=1 shape=0 rot=0
terrain	void_overlay_no_floor_context	41	void overlay	1291	9925	0	20	155	source_plane=1 shape=0 rot=0
terrain	void_overlay_no_floor_context	41	void overlay	1291	9926	0	20	155	source_plane=1 shape=0 rot=0
terrain	void_overlay_no_floor_context	41	void overlay	1291	9927	0	20	155	source_plane=1 shape=0 rot=0
terrain	void_overlay_no_floor_context	41	void overlay	1291	9928	0	20	155	source_plane=1 shape=0 rot=0
terrain	void_overlay_no_floor_context	41	void overlay	1291	9929	0	20	155	source_plane=1 shape=0 rot=0
terrain	void_overlay_no_floor_context	41	void overlay	1291	9930	0	20	155	source_plane=1 shape=0 rot=0
terrain	void_overlay_no_floor_context	41	void overlay	1291	9931	0	20	155	source_plane=1 shape=0 rot=0
terrain	void_overlay_no_floor_context	41	void overlay	1291	9932	0	20	155	source_plane=1 shape=0 rot=0
terrain	void_overlay_no_floor_context	41	void overlay	1291	9933	0	20	155	source_plane=1 shape=0 rot=0
terrain	void_overlay_no_floor_context	41	void overlay	1291	9934	0	20	155	source_plane=1 shape=0 rot=0
terrain	void_overlay_no_floor_context	41	void overlay	1291	9935	0	20	155	source_plane=1 shape=0 rot=0
terrain	void_overlay_no_floor_context	41	void overlay	1291	9936	0	20	155	source_plane=1 shape=0 rot=0
terrain	void_overlay_no_floor_context	41	void overlay	1291	9937	0	20	155	source_plane=1 shape=0 rot=0
terrain	void_overlay_no_floor_context	41	void overlay	1291	9938	0	20	155	source_plane=1 shape=0 rot=0
terrain	void_overlay_no_floor_context	41	void overlay	1291	9939	0	20	155	source_plane=1 shape=0 rot=0
terrain	void_overlay_no_floor_context	41	void overlay	1291	9940	0	20	155	source_plane=1 shape=0 rot=0
terrain	void_overlay_no_floor_context	41	void overlay	1291	9941	0	20	155	source_plane=1 shape=0 rot=0
terrain	void_overlay_no_floor_context	41	void overlay	1291	9942	0	20	155	source_plane=1 shape=0 rot=0
terrain	void_overlay_no_floor_context	41	void overlay	1291	9943	0	20	155	source_plane=1 shape=0 rot=0
terrain	void_overlay_no_floor_context	41	void overlay	1291	9944	0	20	155	source_plane=1 shape=0 rot=0
terrain	void_overlay_no_floor_context	41	void overlay	1291	9945	0	20	155	source_plane=1 shape=0 rot=0
terrain	void_overlay_no_floor_context	41	void overlay	1291	9946	0	20	155	source_plane=1 shape=0 rot=0
terrain	void_overlay_no_floor_context	41	void overlay	1291	9947	0	20	155	source_plane=1 shape=0 rot=0
terrain	void_overlay_no_floor_context	41	void overlay	1291	9948	0	20	155	source_plane=1 shape=1 rot=0
terrain	void_overlay_no_floor_context	41	void overlay	1291	9966	0	20	155	source_plane=1 shape=0 rot=0
terrain	void_overlay_no_floor_context	41	void overlay	1291	9967	0	20	155	source_plane=1 shape=0 rot=0
terrain	void_overlay_no_floor_context	41	void overlay	1291	9968	0	20	155	source_plane=1 shape=0 rot=0
terrain	void_overlay_no_floor_context	41	void overlay	1291	9969	0	20	155	source_plane=1 shape=0 rot=0
terrain	void_overlay_no_floor_context	41	void overlay	1291	9970	0	20	155	source_plane=1 shape=0 rot=0
terrain	void_overlay_no_floor_context	41	void overlay	1291	9971	0	20	155	source_plane=1 shape=0 rot=0
terrain	void_overlay_no_floor_context	41	void overlay	1291	9972	0	20	155	source_plane=1 shape=0 rot=0
terrain	void_overlay_no_floor_context	41	void overlay	1291	9973	0	20	155	source_plane=1 shape=0 rot=0
terrain	void_overlay_no_floor_context	41	void overlay	1291	9974	0	20	155	source_plane=1 shape=0 rot=0
terrain	void_overlay_no_floor_context	41	void overlay	1291	9975	0	20	155	source_plane=1 shape=0 rot=0
terrain	void_overlay_no_floor_context	41	void overlay	1291	9976	0	20	155	source_plane=1 shape=0 rot=0
terrain	void_overlay_no_floor_context	41	void overlay	1291	9977	0	20	155	source_plane=1 shape=0 rot=0
terrain	void_overlay_no_floor_context	41	void overlay	1291	9978	0	20	155	source_plane=1 shape=0 rot=0
terrain	void_overlay_no_floor_context	41	void overlay	1291	9979	0	20	155	source_plane=1 shape=0 rot=0
terrain	void_overlay_no_floor_context	41	void overlay	1291	9980	0	20	155	source_plane=1 shape=0 rot=0
terrain	void_overlay_no_floor_context	41	void overlay	1291	9981	0	20	155	source_plane=1 shape=0 rot=0
terrain	void_overlay_no_floor_context	41	void overlay	1291	9982	0	20	155	source_plane=1 shape=0 rot=0
terrain	void_overlay_no_floor_context	41	void overlay	1291	9983	0	20	155	source_plane=1 shape=0 rot=0
terrain	void_overlay_no_floor_context	41	void overlay	1292	9920	0	20	155	source_plane=1 shape=0 rot=0
terrain	void_overlay_no_floor_context	41	void overlay	1292	9921	0	20	155	source_plane=1 shape=0 rot=0
terrain	void_overlay_no_floor_context	41	void overlay	1292	9922	0	20	155	source_plane=1 shape=0 rot=0
terrain	void_overlay_no_floor_context	41	void overlay	1292	9923	0	20	155	source_plane=1 shape=0 rot=0
terrain	void_overlay_no_floor_context	41	void overlay	1292	9924	0	20	155	source_plane=1 shape=0 rot=0
terrain	void_overlay_no_floor_context	41	void overlay	1292	9925	0	20	155	source_plane=1 shape=0 rot=0
terrain	void_overlay_no_floor_context	41	void overlay	1292	9926	0	20	155	source_plane=1 shape=0 rot=0
terrain	void_overlay_no_floor_context	41	void overlay	1292	9927	0	20	155	source_plane=1 shape=0 rot=0
terrain	void_overlay_no_floor_context	41	void overlay	1292	9928	0	20	155	source_plane=1 shape=0 rot=0
terrain	void_overlay_no_floor_context	41	void overlay	1292	9929	0	20	155	source_plane=1 shape=0 rot=0
terrain	void_overlay_no_floor_context	41	void overlay	1292	9930	0	20	155	source_plane=1 shape=0 rot=0
terrain	void_overlay_no_floor_context	41	void overlay	1292	9931	0	20	155	source_plane=1 shape=0 rot=0
terrain	void_overlay_no_floor_context	41	void overlay	1292	9932	0	20	155	source_plane=1 shape=0 rot=0
terrain	void_overlay_no_floor_context	41	void overlay	1292	9933	0	20	155	source_plane=1 shape=0 rot=0
terrain	void_overlay_no_floor_context	41	void overlay	1292	9934	0	20	155	source_plane=1 shape=0 rot=0
terrain	void_overlay_no_floor_context	41	void overlay	1292	9935	0	20	155	source_plane=1 shape=0 rot=0
terrain	void_overlay_no_floor_context	41	void overlay	1292	9936	0	20	155	source_plane=1 shape=0 rot=0
terrain	void_overlay_no_floor_context	41	void overlay	1292	9937	0	20	155	source_plane=1 shape=0 rot=0
terrain	void_overlay_no_floor_context	41	void overlay	1292	9938	0	20	155	source_plane=1 shape=0 rot=0
terrain	void_overlay_no_floor_context	41	void overlay	1292	9939	0	20	155	source_plane=1 shape=0 rot=0
terrain	void_overlay_no_floor_context	41	void overlay	1292	9940	0	20	155	source_plane=1 shape=0 rot=0
terrain	void_overlay_no_floor_context	41	void overlay	1292	9941	0	20	155	source_plane=1 shape=0 rot=0
terrain	void_overlay_no_floor_context	41	void overlay	1292	9942	0	20	155	source_plane=1 shape=0 rot=0
terrain	void_overlay_no_floor_context	41	void overlay	1292	9943	0	20	155	source_plane=1 shape=0 rot=0
terrain	void_overlay_no_floor_context	41	void overlay	1292	9944	0	20	155	source_plane=1 shape=0 rot=0
terrain	void_overlay_no_floor_context	41	void overlay	1292	9945	0	20	155	source_plane=1 shape=0 rot=0
terrain	void_overlay_no_floor_context	41	void overlay	1292	9946	0	20	155	source_plane=1 shape=0 rot=0
terrain	void_overlay_no_floor_context	41	void overlay	1292	9947	0	20	155	source_plane=1 shape=0 rot=0
terrain	void_overlay_no_floor_context	41	void overlay	1292	9966	0	20	155	source_plane=1 shape=1 rot=1
terrain	void_overlay_no_floor_context	41	void overlay	1292	9967	0	20	155	source_plane=1 shape=0 rot=0
terrain	void_overlay_no_floor_context	41	void overlay	1292	9968	0	20	155	source_plane=1 shape=0 rot=0
terrain	void_overlay_no_floor_context	41	void overlay	1292	9969	0	20	155	source_plane=1 shape=0 rot=0
terrain	void_overlay_no_floor_context	41	void overlay	1292	9970	0	20	155	source_plane=1 shape=0 rot=0
terrain	void_overlay_no_floor_context	41	void overlay	1292	9971	0	20	155	source_plane=1 shape=0 rot=0
terrain	void_overlay_no_floor_context	41	void overlay	1292	9972	0	20	155	source_plane=1 shape=0 rot=0
terrain	void_overlay_no_floor_context	41	void overlay	1292	9973	0	20	155	source_plane=1 shape=0 rot=0
terrain	void_overlay_no_floor_context	41	void overlay	1292	9974	0	20	155	source_plane=1 shape=0 rot=0
terrain	void_overlay_no_floor_context	41	void overlay	1292	9975	0	20	155	source_plane=1 shape=0 rot=0
terrain	void_overlay_no_floor_context	41	void overlay	1292	9976	0	20	155	source_plane=1 shape=0 rot=0
terrain	void_overlay_no_floor_context	41	void overlay	1292	9977	0	20	155	source_plane=1 shape=0 rot=0
terrain	void_overlay_no_floor_context	41	void overlay	1292	9978	0	20	155	source_plane=1 shape=0 rot=0
terrain	void_overlay_no_floor_context	41	void overlay	1292	9979	0	20	155	source_plane=1 shape=0 rot=0
terrain	void_overlay_no_floor_context	41	void overlay	1292	9980	0	20	155	source_plane=1 shape=0 rot=0
terrain	void_overlay_no_floor_context	41	void overlay	1292	9981	0	20	155	source_plane=1 shape=0 rot=0
terrain	void_overlay_no_floor_context	41	void overlay	1292	9982	0	20	155	source_plane=1 shape=0 rot=0
terrain	void_overlay_no_floor_context	41	void overlay	1292	9983	0	20	155	source_plane=1 shape=0 rot=0
terrain	void_overlay_no_floor_context	41	void overlay	1293	9920	0	20	155	source_plane=1 shape=0 rot=0
terrain	void_overlay_no_floor_context	41	void overlay	1293	9921	0	20	155	source_plane=1 shape=0 rot=0
terrain	void_overlay_no_floor_context	41	void overlay	1293	9922	0	20	155	source_plane=1 shape=0 rot=0
terrain	void_overlay_no_floor_context	41	void overlay	1293	9923	0	20	155	source_plane=1 shape=0 rot=0
terrain	void_overlay_no_floor_context	41	void overlay	1293	9924	0	20	155	source_plane=1 shape=0 rot=0
terrain	void_overlay_no_floor_context	41	void overlay	1293	9925	0	20	155	source_plane=1 shape=0 rot=0
terrain	void_overlay_no_floor_context	41	void overlay	1293	9926	0	20	155	source_plane=1 shape=0 rot=0
terrain	void_overlay_no_floor_context	41	void overlay	1293	9927	0	20	155	source_plane=1 shape=0 rot=0
terrain	void_overlay_no_floor_context	41	void overlay	1293	9928	0	20	155	source_plane=1 shape=0 rot=0
terrain	void_overlay_no_floor_context	41	void overlay	1293	9929	0	20	155	source_plane=1 shape=0 rot=0
terrain	void_overlay_no_floor_context	41	void overlay	1293	9930	0	20	155	source_plane=1 shape=0 rot=0
terrain	void_overlay_no_floor_context	41	void overlay	1293	9931	0	20	155	source_plane=1 shape=0 rot=0
terrain	void_overlay_no_floor_context	41	void overlay	1293	9932	0	20	155	source_plane=1 shape=0 rot=0
terrain	void_overlay_no_floor_context	41	void overlay	1293	9933	0	20	155	source_plane=1 shape=0 rot=0
terrain	void_overlay_no_floor_context	41	void overlay	1293	9934	0	20	155	source_plane=1 shape=0 rot=0
terrain	void_overlay_no_floor_context	41	void overlay	1293	9935	0	20	155	source_plane=1 shape=0 rot=0
terrain	void_overlay_no_floor_context	41	void overlay	1293	9936	0	20	155	source_plane=1 shape=0 rot=0
terrain	void_overlay_no_floor_context	41	void overlay	1293	9937	0	20	155	source_plane=1 shape=0 rot=0
terrain	void_overlay_no_floor_context	41	void overlay	1293	9938	0	20	155	source_plane=1 shape=0 rot=0
terrain	void_overlay_no_floor_context	41	void overlay	1293	9939	0	20	155	source_plane=1 shape=0 rot=0
terrain	void_overlay_no_floor_context	41	void overlay	1293	9940	0	20	155	source_plane=1 shape=0 rot=0
terrain	void_overlay_no_floor_context	41	void overlay	1293	9941	0	20	155	source_plane=1 shape=0 rot=0
terrain	void_overlay_no_floor_context	41	void overlay	1293	9942	0	20	155	source_plane=1 shape=0 rot=0
terrain	void_overlay_no_floor_context	41	void overlay	1293	9943	0	20	155	source_plane=1 shape=0 rot=0
terrain	void_overlay_no_floor_context	41	void overlay	1293	9944	0	20	155	source_plane=1 shape=0 rot=0
terrain	void_overlay_no_floor_context	41	void overlay	1293	9945	0	20	155	source_plane=1 shape=0 rot=0
terrain	void_overlay_no_floor_context	41	void overlay	1293	9946	0	20	155	source_plane=1 shape=0 rot=0
terrain	void_overlay_no_floor_context	41	void overlay	1293	9947	0	20	155	source_plane=1 shape=0 rot=0
terrain	void_overlay_no_floor_context	41	void overlay	1293	9967	0	20	155	source_plane=1 shape=1 rot=1
terrain	void_overlay_no_floor_context	41	void overlay	1293	9968	0	20	155	source_plane=1 shape=0 rot=0
terrain	void_overlay_no_floor_context	41	void overlay	1293	9969	0	20	155	source_plane=1 shape=0 rot=0
terrain	void_overlay_no_floor_context	41	void overlay	1293	9970	0	20	155	source_plane=1 shape=0 rot=0
terrain	void_overlay_no_floor_context	41	void overlay	1293	9971	0	20	155	source_plane=1 shape=0 rot=0
terrain	void_overlay_no_floor_context	41	void overlay	1293	9972	0	20	155	source_plane=1 shape=0 rot=0
terrain	void_overlay_no_floor_context	41	void overlay	1293	9973	0	20	155	source_plane=1 shape=0 rot=0
terrain	void_overlay_no_floor_context	41	void overlay	1293	9974	0	20	155	source_plane=1 shape=0 rot=0
terrain	void_overlay_no_floor_context	41	void overlay	1293	9975	0	20	155	source_plane=1 shape=0 rot=0
terrain	void_overlay_no_floor_context	41	void overlay	1293	9976	0	20	155	source_plane=1 shape=0 rot=0
terrain	void_overlay_no_floor_context	41	void overlay	1293	9977	0	20	155	source_plane=1 shape=0 rot=0
terrain	void_overlay_no_floor_context	41	void overlay	1293	9978	0	20	155	source_plane=1 shape=0 rot=0
terrain	void_overlay_no_floor_context	41	void overlay	1293	9979	0	20	155	source_plane=1 shape=0 rot=0
terrain	void_overlay_no_floor_context	41	void overlay	1293	9980	0	20	155	source_plane=1 shape=0 rot=0
terrain	void_overlay_no_floor_context	41	void overlay	1293	9981	0	20	155	source_plane=1 shape=0 rot=0
terrain	void_overlay_no_floor_context	41	void overlay	1293	9982	0	20	155	source_plane=1 shape=0 rot=0
terrain	void_overlay_no_floor_context	41	void overlay	1293	9983	0	20	155	source_plane=1 shape=0 rot=0
terrain	void_overlay_no_floor_context	41	void overlay	1294	9920	0	20	155	source_plane=1 shape=0 rot=0
terrain	void_overlay_no_floor_context	41	void overlay	1294	9921	0	20	155	source_plane=1 shape=0 rot=0
terrain	void_overlay_no_floor_context	41	void overlay	1294	9922	0	20	155	source_plane=1 shape=0 rot=0
terrain	void_overlay_no_floor_context	41	void overlay	1294	9923	0	20	155	source_plane=1 shape=0 rot=0
terrain	void_overlay_no_floor_context	41	void overlay	1294	9924	0	20	155	source_plane=1 shape=0 rot=0
terrain	void_overlay_no_floor_context	41	void overlay	1294	9925	0	20	155	source_plane=1 shape=0 rot=0
terrain	void_overlay_no_floor_context	41	void overlay	1294	9926	0	20	155	source_plane=1 shape=0 rot=0
terrain	void_overlay_no_floor_context	41	void overlay	1294	9927	0	20	155	source_plane=1 shape=0 rot=0
terrain	void_overlay_no_floor_context	41	void overlay	1294	9928	0	20	155	source_plane=1 shape=0 rot=0
terrain	void_overlay_no_floor_context	41	void overlay	1294	9929	0	20	155	source_plane=1 shape=0 rot=0
terrain	void_overlay_no_floor_context	41	void overlay	1294	9930	0	20	155	source_plane=1 shape=0 rot=0
terrain	void_overlay_no_floor_context	41	void overlay	1294	9931	0	20	155	source_plane=1 shape=0 rot=0
terrain	void_overlay_no_floor_context	41	void overlay	1294	9932	0	20	155	source_plane=1 shape=0 rot=0
terrain	void_overlay_no_floor_context	41	void overlay	1294	9933	0	20	155	source_plane=1 shape=0 rot=0
terrain	void_overlay_no_floor_context	41	void overlay	1294	9934	0	20	155	source_plane=1 shape=0 rot=0
terrain	void_overlay_no_floor_context	41	void overlay	1294	9935	0	20	155	source_plane=1 shape=0 rot=0
terrain	void_overlay_no_floor_context	41	void overlay	1294	9936	0	20	155	source_plane=1 shape=0 rot=0
terrain	void_overlay_no_floor_context	41	void overlay	1294	9937	0	20	155	source_plane=1 shape=0 rot=0
terrain	void_overlay_no_floor_context	41	void overlay	1294	9938	0	20	155	source_plane=1 shape=0 rot=0
terrain	void_overlay_no_floor_context	41	void overlay	1294	9939	0	20	155	source_plane=1 shape=0 rot=0
terrain	void_overlay_no_floor_context	41	void overlay	1294	9940	0	20	155	source_plane=1 shape=0 rot=0
terrain	void_overlay_no_floor_context	41	void overlay	1294	9941	0	20	155	source_plane=1 shape=0 rot=0
terrain	void_overlay_no_floor_context	41	void overlay	1294	9942	0	20	155	source_plane=1 shape=0 rot=0
terrain	void_overlay_no_floor_context	41	void overlay	1294	9943	0	20	155	source_plane=1 shape=0 rot=0
terrain	void_overlay_no_floor_context	41	void overlay	1294	9944	0	20	155	source_plane=1 shape=0 rot=0
terrain	void_overlay_no_floor_context	41	void overlay	1294	9945	0	20	155	source_plane=1 shape=0 rot=0
terrain	void_overlay_no_floor_context	41	void overlay	1294	9946	0	20	155	source_plane=1 shape=0 rot=0
terrain	void_overlay_no_floor_context	41	void overlay	1294	9947	0	20	155	source_plane=1 shape=0 rot=0
terrain	void_overlay_no_floor_context	41	void overlay	1294	9968	0	20	155	source_plane=1 shape=0 rot=0
terrain	void_overlay_no_floor_context	41	void overlay	1294	9969	0	20	155	source_plane=1 shape=0 rot=0
terrain	void_overlay_no_floor_context	41	void overlay	1294	9970	0	20	155	source_plane=1 shape=0 rot=0
terrain	void_overlay_no_floor_context	41	void overlay	1294	9971	0	20	155	source_plane=1 shape=0 rot=0
terrain	void_overlay_no_floor_context	41	void overlay	1294	9972	0	20	155	source_plane=1 shape=0 rot=0
terrain	void_overlay_no_floor_context	41	void overlay	1294	9973	0	20	155	source_plane=1 shape=0 rot=0
terrain	void_overlay_no_floor_context	41	void overlay	1294	9974	0	20	155	source_plane=1 shape=0 rot=0
terrain	void_overlay_no_floor_context	41	void overlay	1294	9975	0	20	155	source_plane=1 shape=0 rot=0
terrain	void_overlay_no_floor_context	41	void overlay	1294	9976	0	20	155	source_plane=1 shape=0 rot=0
terrain	void_overlay_no_floor_context	41	void overlay	1294	9977	0	20	155	source_plane=1 shape=0 rot=0
terrain	void_overlay_no_floor_context	41	void overlay	1294	9978	0	20	155	source_plane=1 shape=0 rot=0
terrain	void_overlay_no_floor_context	41	void overlay	1294	9979	0	20	155	source_plane=1 shape=0 rot=0
terrain	void_overlay_no_floor_context	41	void overlay	1294	9980	0	20	155	source_plane=1 shape=0 rot=0
terrain	void_overlay_no_floor_context	41	void overlay	1294	9981	0	20	155	source_plane=1 shape=0 rot=0
terrain	void_overlay_no_floor_context	41	void overlay	1294	9982	0	20	155	source_plane=1 shape=0 rot=0
terrain	void_overlay_no_floor_context	41	void overlay	1294	9983	0	20	155	source_plane=1 shape=0 rot=0
terrain	void_overlay_no_floor_context	41	void overlay	1295	9920	0	20	155	source_plane=1 shape=0 rot=0
terrain	void_overlay_no_floor_context	41	void overlay	1295	9921	0	20	155	source_plane=1 shape=0 rot=0
terrain	void_overlay_no_floor_context	41	void overlay	1295	9922	0	20	155	source_plane=1 shape=0 rot=0
terrain	void_overlay_no_floor_context	41	void overlay	1295	9923	0	20	155	source_plane=1 shape=0 rot=0
terrain	void_overlay_no_floor_context	41	void overlay	1295	9924	0	20	155	source_plane=1 shape=0 rot=0
terrain	void_overlay_no_floor_context	41	void overlay	1295	9925	0	20	155	source_plane=1 shape=0 rot=0
terrain	void_overlay_no_floor_context	41	void overlay	1295	9926	0	20	155	source_plane=1 shape=0 rot=0
terrain	void_overlay_no_floor_context	41	void overlay	1295	9927	0	20	155	source_plane=1 shape=0 rot=0
terrain	void_overlay_no_floor_context	41	void overlay	1295	9928	0	20	155	source_plane=1 shape=0 rot=0
terrain	void_overlay_no_floor_context	41	void overlay	1295	9929	0	20	155	source_plane=1 shape=0 rot=0
terrain	void_overlay_no_floor_context	41	void overlay	1295	9930	0	20	155	source_plane=1 shape=0 rot=0
terrain	void_overlay_no_floor_context	41	void overlay	1295	9931	0	20	155	source_plane=1 shape=0 rot=0
terrain	void_overlay_no_floor_context	41	void overlay	1295	9932	0	20	155	source_plane=1 shape=0 rot=0
terrain	void_overlay_no_floor_context	41	void overlay	1295	9933	0	20	155	source_plane=1 shape=0 rot=0
terrain	void_overlay_no_floor_context	41	void overlay	1295	9934	0	20	155	source_plane=1 shape=0 rot=0
terrain	void_overlay_no_floor_context	41	void overlay	1295	9935	0	20	155	source_plane=1 shape=0 rot=0
terrain	void_overlay_no_floor_context	41	void overlay	1295	9936	0	20	155	source_plane=1 shape=0 rot=0
terrain	void_overlay_no_floor_context	41	void overlay	1295	9937	0	20	155	source_plane=1 shape=0 rot=0
terrain	void_overlay_no_floor_context	41	void overlay	1295	9938	0	20	155	source_plane=1 shape=0 rot=0
terrain	void_overlay_no_floor_context	41	void overlay	1295	9939	0	20	155	source_plane=1 shape=0 rot=0
terrain	void_overlay_no_floor_context	41	void overlay	1295	9940	0	20	155	source_plane=1 shape=0 rot=0
terrain	void_overlay_no_floor_context	41	void overlay	1295	9941	0	20	155	source_plane=1 shape=0 rot=0
terrain	void_overlay_no_floor_context	41	void overlay	1295	9942	0	20	155	source_plane=1 shape=0 rot=0
terrain	void_overlay_no_floor_context	41	void overlay	1295	9943	0	20	155	source_plane=1 shape=0 rot=0
terrain	void_overlay_no_floor_context	41	void overlay	1295	9944	0	20	155	source_plane=1 shape=0 rot=0
terrain	void_overlay_no_floor_context	41	void overlay	1295	9945	0	20	155	source_plane=1 shape=0 rot=0
terrain	void_overlay_no_floor_context	41	void overlay	1295	9946	0	20	155	source_plane=1 shape=0 rot=0
terrain	void_overlay_no_floor_context	41	void overlay	1295	9947	0	20	155	source_plane=1 shape=0 rot=0
terrain	void_overlay_no_floor_context	41	void overlay	1295	9948	0	20	155	source_plane=1 shape=1 rot=3
terrain	void_overlay_no_floor_context	41	void overlay	1295	9968	0	20	155	source_plane=1 shape=1 rot=1
terrain	void_overlay_no_floor_context	41	void overlay	1295	9969	0	20	155	source_plane=1 shape=0 rot=0
terrain	void_overlay_no_floor_context	41	void overlay	1295	9970	0	20	155	source_plane=1 shape=0 rot=0
terrain	void_overlay_no_floor_context	41	void overlay	1295	9971	0	20	155	source_plane=1 shape=0 rot=0
terrain	void_overlay_no_floor_context	41	void overlay	1295	9972	0	20	155	source_plane=1 shape=0 rot=0
terrain	void_overlay_no_floor_context	41	void overlay	1295	9973	0	20	155	source_plane=1 shape=0 rot=0
terrain	void_overlay_no_floor_context	41	void overlay	1295	9974	0	20	155	source_plane=1 shape=0 rot=0
terrain	void_overlay_no_floor_context	41	void overlay	1295	9975	0	20	155	source_plane=1 shape=0 rot=0
terrain	void_overlay_no_floor_context	41	void overlay	1295	9976	0	20	155	source_plane=1 shape=0 rot=0
terrain	void_overlay_no_floor_context	41	void overlay	1295	9977	0	20	155	source_plane=1 shape=0 rot=0
terrain	void_overlay_no_floor_context	41	void overlay	1295	9978	0	20	155	source_plane=1 shape=0 rot=0
terrain	void_overlay_no_floor_context	41	void overlay	1295	9979	0	20	155	source_plane=1 shape=0 rot=0
terrain	void_overlay_no_floor_context	41	void overlay	1295	9980	0	20	155	source_plane=1 shape=0 rot=0
terrain	void_overlay_no_floor_context	41	void overlay	1295	9981	0	20	155	source_plane=1 shape=0 rot=0
terrain	void_overlay_no_floor_context	41	void overlay	1295	9982	0	20	155	source_plane=1 shape=0 rot=0
terrain	void_overlay_no_floor_context	41	void overlay	1295	9983	0	20	155	source_plane=1 shape=0 rot=0
terrain	void_overlay_no_floor_context	41	void overlay	1296	9920	0	20	155	source_plane=1 shape=0 rot=0
terrain	void_overlay_no_floor_context	41	void overlay	1296	9921	0	20	155	source_plane=1 shape=0 rot=0
terrain	void_overlay_no_floor_context	41	void overlay	1296	9922	0	20	155	source_plane=1 shape=0 rot=0
terrain	void_overlay_no_floor_context	41	void overlay	1296	9923	0	20	155	source_plane=1 shape=0 rot=0
terrain	void_overlay_no_floor_context	41	void overlay	1296	9924	0	20	155	source_plane=1 shape=0 rot=0
terrain	void_overlay_no_floor_context	41	void overlay	1296	9925	0	20	155	source_plane=1 shape=0 rot=0
terrain	void_overlay_no_floor_context	41	void overlay	1296	9926	0	20	155	source_plane=1 shape=0 rot=0
terrain	void_overlay_no_floor_context	41	void overlay	1296	9927	0	20	155	source_plane=1 shape=0 rot=0
terrain	void_overlay_no_floor_context	41	void overlay	1296	9928	0	20	155	source_plane=1 shape=0 rot=0
terrain	void_overlay_no_floor_context	41	void overlay	1296	9929	0	20	155	source_plane=1 shape=0 rot=0
terrain	void_overlay_no_floor_context	41	void overlay	1296	9930	0	20	155	source_plane=1 shape=0 rot=0
terrain	void_overlay_no_floor_context	41	void overlay	1296	9931	0	20	155	source_plane=1 shape=0 rot=0
terrain	void_overlay_no_floor_context	41	void overlay	1296	9932	0	20	155	source_plane=1 shape=0 rot=0
terrain	void_overlay_no_floor_context	41	void overlay	1296	9933	0	20	155	source_plane=1 shape=0 rot=0
terrain	void_overlay_no_floor_context	41	void overlay	1296	9934	0	20	155	source_plane=1 shape=0 rot=0
terrain	void_overlay_no_floor_context	41	void overlay	1296	9935	0	20	155	source_plane=1 shape=0 rot=0
terrain	void_overlay_no_floor_context	41	void overlay	1296	9936	0	20	155	source_plane=1 shape=0 rot=0
terrain	void_overlay_no_floor_context	41	void overlay	1296	9937	0	20	155	source_plane=1 shape=0 rot=0
terrain	void_overlay_no_floor_context	41	void overlay	1296	9938	0	20	155	source_plane=1 shape=0 rot=0
terrain	void_overlay_no_floor_context	41	void overlay	1296	9939	0	20	155	source_plane=1 shape=0 rot=0
terrain	void_overlay_no_floor_context	41	void overlay	1296	9940	0	20	155	source_plane=1 shape=0 rot=0
terrain	void_overlay_no_floor_context	41	void overlay	1296	9941	0	20	155	source_plane=1 shape=0 rot=0
terrain	void_overlay_no_floor_context	41	void overlay	1296	9942	0	20	155	source_plane=1 shape=0 rot=0
terrain	void_overlay_no_floor_context	41	void overlay	1296	9943	0	20	155	source_plane=1 shape=0 rot=0
terrain	void_overlay_no_floor_context	41	void overlay	1296	9944	0	20	155	source_plane=1 shape=0 rot=0
terrain	void_overlay_no_floor_context	41	void overlay	1296	9945	0	20	155	source_plane=1 shape=0 rot=0
terrain	void_overlay_no_floor_context	41	void overlay	1296	9946	0	20	155	source_plane=1 shape=0 rot=0
terrain	void_overlay_no_floor_context	41	void overlay	1296	9947	0	20	155	source_plane=1 shape=0 rot=0
terrain	void_overlay_no_floor_context	41	void overlay	1296	9948	0	20	155	source_plane=1 shape=0 rot=0
terrain	void_overlay_no_floor_context	41	void overlay	1296	9972	0	20	155	source_plane=1 shape=1 rot=1
terrain	void_overlay_no_floor_context	41	void overlay	1296	9973	0	20	155	source_plane=1 shape=0 rot=0
terrain	void_overlay_no_floor_context	41	void overlay	1296	9974	0	20	155	source_plane=1 shape=0 rot=0
terrain	void_overlay_no_floor_context	41	void overlay	1296	9975	0	20	155	source_plane=1 shape=0 rot=0
terrain	void_overlay_no_floor_context	41	void overlay	1296	9976	0	20	155	source_plane=1 shape=0 rot=0
terrain	void_overlay_no_floor_context	41	void overlay	1296	9977	0	20	155	source_plane=1 shape=0 rot=0
terrain	void_overlay_no_floor_context	41	void overlay	1296	9978	0	20	155	source_plane=1 shape=0 rot=0
terrain	void_overlay_no_floor_context	41	void overlay	1296	9979	0	20	155	source_plane=1 shape=0 rot=0
terrain	void_overlay_no_floor_context	41	void overlay	1296	9980	0	20	155	source_plane=1 shape=0 rot=0
terrain	void_overlay_no_floor_context	41	void overlay	1296	9981	0	20	155	source_plane=1 shape=0 rot=0
terrain	void_overlay_no_floor_context	41	void overlay	1296	9982	0	20	155	source_plane=1 shape=0 rot=0
terrain	void_overlay_no_floor_context	41	void overlay	1296	9983	0	20	155	source_plane=1 shape=0 rot=0
terrain	void_overlay_no_floor_context	41	void overlay	1297	9920	0	20	155	source_plane=1 shape=0 rot=0
terrain	void_overlay_no_floor_context	41	void overlay	1297	9921	0	20	155	source_plane=1 shape=0 rot=0
terrain	void_overlay_no_floor_context	41	void overlay	1297	9922	0	20	155	source_plane=1 shape=0 rot=0
terrain	void_overlay_no_floor_context	41	void overlay	1297	9923	0	20	155	source_plane=1 shape=0 rot=0
terrain	void_overlay_no_floor_context	41	void overlay	1297	9924	0	20	155	source_plane=1 shape=0 rot=0
terrain	void_overlay_no_floor_context	41	void overlay	1297	9925	0	20	155	source_plane=1 shape=0 rot=0
terrain	void_overlay_no_floor_context	41	void overlay	1297	9926	0	20	155	source_plane=1 shape=0 rot=0
terrain	void_overlay_no_floor_context	41	void overlay	1297	9927	0	20	155	source_plane=1 shape=0 rot=0
terrain	void_overlay_no_floor_context	41	void overlay	1297	9928	0	20	155	source_plane=1 shape=0 rot=0
terrain	void_overlay_no_floor_context	41	void overlay	1297	9929	0	20	155	source_plane=1 shape=0 rot=0
terrain	void_overlay_no_floor_context	41	void overlay	1297	9930	0	20	155	source_plane=1 shape=0 rot=0
terrain	void_overlay_no_floor_context	41	void overlay	1297	9931	0	20	155	source_plane=1 shape=0 rot=0
terrain	void_overlay_no_floor_context	41	void overlay	1297	9932	0	20	155	source_plane=1 shape=0 rot=0
terrain	void_overlay_no_floor_context	41	void overlay	1297	9933	0	20	155	source_plane=1 shape=0 rot=0
terrain	void_overlay_no_floor_context	41	void overlay	1297	9934	0	20	155	source_plane=1 shape=0 rot=0
terrain	void_overlay_no_floor_context	41	void overlay	1297	9935	0	20	155	source_plane=1 shape=0 rot=0
terrain	void_overlay_no_floor_context	41	void overlay	1297	9936	0	20	155	source_plane=1 shape=0 rot=0
terrain	void_overlay_no_floor_context	41	void overlay	1297	9937	0	20	155	source_plane=1 shape=0 rot=0
terrain	void_overlay_no_floor_context	41	void overlay	1297	9938	0	20	155	source_plane=1 shape=0 rot=0
terrain	void_overlay_no_floor_context	41	void overlay	1297	9939	0	20	155	source_plane=1 shape=0 rot=0
terrain	void_overlay_no_floor_context	41	void overlay	1297	9940	0	20	155	source_plane=1 shape=0 rot=0
terrain	void_overlay_no_floor_context	41	void overlay	1297	9941	0	20	155	source_plane=1 shape=0 rot=0
terrain	void_overlay_no_floor_context	41	void overlay	1297	9942	0	20	155	source_plane=1 shape=1 rot=0
terrain	void_overlay_no_floor_context	41	void overlay	1297	9945	0	20	155	source_plane=1 shape=1 rot=1
terrain	void_overlay_no_floor_context	41	void overlay	1297	9946	0	20	155	source_plane=1 shape=0 rot=0
terrain	void_overlay_no_floor_context	41	void overlay	1297	9947	0	20	155	source_plane=1 shape=0 rot=0
terrain	void_overlay_no_floor_context	41	void overlay	1297	9948	0	20	155	source_plane=1 shape=1 rot=0
terrain	void_overlay_no_floor_context	41	void overlay	1297	9973	0	20	155	source_plane=1 shape=0 rot=0
terrain	void_overlay_no_floor_context	41	void overlay	1297	9974	0	20	155	source_plane=1 shape=0 rot=0
terrain	void_overlay_no_floor_context	41	void overlay	1297	9975	0	20	155	source_plane=1 shape=0 rot=0
terrain	void_overlay_no_floor_context	41	void overlay	1297	9976	0	20	155	source_plane=1 shape=0 rot=0
terrain	void_overlay_no_floor_context	41	void overlay	1297	9977	0	20	155	source_plane=1 shape=0 rot=0
terrain	void_overlay_no_floor_context	41	void overlay	1297	9978	0	20	155	source_plane=1 shape=0 rot=0
terrain	void_overlay_no_floor_context	41	void overlay	1297	9979	0	20	155	source_plane=1 shape=0 rot=0
terrain	void_overlay_no_floor_context	41	void overlay	1297	9980	0	20	155	source_plane=1 shape=0 rot=0
terrain	void_overlay_no_floor_context	41	void overlay	1297	9981	0	20	155	source_plane=1 shape=0 rot=0
terrain	void_overlay_no_floor_context	41	void overlay	1297	9982	0	20	155	source_plane=1 shape=0 rot=0
terrain	void_overlay_no_floor_context	41	void overlay	1297	9983	0	20	155	source_plane=1 shape=0 rot=0
terrain	void_overlay_no_floor_context	41	void overlay	1298	9920	0	20	155	source_plane=1 shape=0 rot=0
terrain	void_overlay_no_floor_context	41	void overlay	1298	9921	0	20	155	source_plane=1 shape=0 rot=0
terrain	void_overlay_no_floor_context	41	void overlay	1298	9922	0	20	155	source_plane=1 shape=0 rot=0
terrain	void_overlay_no_floor_context	41	void overlay	1298	9923	0	20	155	source_plane=1 shape=0 rot=0
terrain	void_overlay_no_floor_context	41	void overlay	1298	9924	0	20	155	source_plane=1 shape=0 rot=0
terrain	void_overlay_no_floor_context	41	void overlay	1298	9925	0	20	155	source_plane=1 shape=0 rot=0
terrain	void_overlay_no_floor_context	41	void overlay	1298	9926	0	20	155	source_plane=1 shape=0 rot=0
terrain	void_overlay_no_floor_context	41	void overlay	1298	9927	0	20	155	source_plane=1 shape=0 rot=0
terrain	void_overlay_no_floor_context	41	void overlay	1298	9928	0	20	155	source_plane=1 shape=0 rot=0
terrain	void_overlay_no_floor_context	41	void overlay	1298	9929	0	20	155	source_plane=1 shape=0 rot=0
terrain	void_overlay_no_floor_context	41	void overlay	1298	9930	0	20	155	source_plane=1 shape=0 rot=0
terrain	void_overlay_no_floor_context	41	void overlay	1298	9931	0	20	155	source_plane=1 shape=0 rot=0
terrain	void_overlay_no_floor_context	41	void overlay	1298	9932	0	20	155	source_plane=1 shape=0 rot=0
terrain	void_overlay_no_floor_context	41	void overlay	1298	9933	0	20	155	source_plane=1 shape=0 rot=0
terrain	void_overlay_no_floor_context	41	void overlay	1298	9934	0	20	155	source_plane=1 shape=0 rot=0
terrain	void_overlay_no_floor_context	41	void overlay	1298	9935	0	20	155	source_plane=1 shape=0 rot=0
terrain	void_overlay_no_floor_context	41	void overlay	1298	9936	0	20	155	source_plane=1 shape=0 rot=0
terrain	void_overlay_no_floor_context	41	void overlay	1298	9937	0	20	155	source_plane=1 shape=0 rot=0
terrain	void_overlay_no_floor_context	41	void overlay	1298	9938	0	20	155	source_plane=1 shape=0 rot=0
terrain	void_overlay_no_floor_context	41	void overlay	1298	9939	0	20	155	source_plane=1 shape=0 rot=0
terrain	void_overlay_no_floor_context	41	void overlay	1298	9940	0	20	155	source_plane=1 shape=0 rot=0
terrain	void_overlay_no_floor_context	41	void overlay	1298	9941	0	20	155	source_plane=1 shape=1 rot=0
terrain	void_overlay_no_floor_context	41	void overlay	1298	9973	0	20	155	source_plane=1 shape=0 rot=0
terrain	void_overlay_no_floor_context	41	void overlay	1298	9974	0	20	155	source_plane=1 shape=0 rot=0
terrain	void_overlay_no_floor_context	41	void overlay	1298	9975	0	20	155	source_plane=1 shape=0 rot=0
terrain	void_overlay_no_floor_context	41	void overlay	1298	9976	0	20	155	source_plane=1 shape=0 rot=0
terrain	void_overlay_no_floor_context	41	void overlay	1298	9977	0	20	155	source_plane=1 shape=0 rot=0
terrain	void_overlay_no_floor_context	41	void overlay	1298	9978	0	20	155	source_plane=1 shape=0 rot=0
terrain	void_overlay_no_floor_context	41	void overlay	1298	9979	0	20	155	source_plane=1 shape=0 rot=0
terrain	void_overlay_no_floor_context	41	void overlay	1298	9980	0	20	155	source_plane=1 shape=0 rot=0
terrain	void_overlay_no_floor_context	41	void overlay	1298	9981	0	20	155	source_plane=1 shape=0 rot=0
terrain	void_overlay_no_floor_context	41	void overlay	1298	9982	0	20	155	source_plane=1 shape=0 rot=0
terrain	void_overlay_no_floor_context	41	void overlay	1298	9983	0	20	155	source_plane=1 shape=0 rot=0
terrain	void_overlay_no_floor_context	41	void overlay	1299	9920	0	20	155	source_plane=1 shape=0 rot=0
terrain	void_overlay_no_floor_context	41	void overlay	1299	9921	0	20	155	source_plane=1 shape=0 rot=0
terrain	void_overlay_no_floor_context	41	void overlay	1299	9922	0	20	155	source_plane=1 shape=0 rot=0
terrain	void_overlay_no_floor_context	41	void overlay	1299	9923	0	20	155	source_plane=1 shape=0 rot=0
terrain	void_overlay_no_floor_context	41	void overlay	1299	9924	0	20	155	source_plane=1 shape=0 rot=0
terrain	void_overlay_no_floor_context	41	void overlay	1299	9925	0	20	155	source_plane=1 shape=0 rot=0
terrain	void_overlay_no_floor_context	41	void overlay	1299	9926	0	20	155	source_plane=1 shape=0 rot=0
terrain	void_overlay_no_floor_context	41	void overlay	1299	9927	0	20	155	source_plane=1 shape=0 rot=0
terrain	void_overlay_no_floor_context	41	void overlay	1299	9928	0	20	155	source_plane=1 shape=0 rot=0
terrain	void_overlay_no_floor_context	41	void overlay	1299	9929	0	20	155	source_plane=1 shape=0 rot=0
terrain	void_overlay_no_floor_context	41	void overlay	1299	9930	0	20	155	source_plane=1 shape=0 rot=0
terrain	void_overlay_no_floor_context	41	void overlay	1299	9931	0	20	155	source_plane=1 shape=0 rot=0
terrain	void_overlay_no_floor_context	41	void overlay	1299	9932	0	20	155	source_plane=1 shape=0 rot=0
terrain	void_overlay_no_floor_context	41	void overlay	1299	9933	0	20	155	source_plane=1 shape=0 rot=0
terrain	void_overlay_no_floor_context	41	void overlay	1299	9934	0	20	155	source_plane=1 shape=0 rot=0
terrain	void_overlay_no_floor_context	41	void overlay	1299	9935	0	20	155	source_plane=1 shape=0 rot=0
terrain	void_overlay_no_floor_context	41	void overlay	1299	9936	0	20	155	source_plane=1 shape=0 rot=0
terrain	void_overlay_no_floor_context	41	void overlay	1299	9937	0	20	155	source_plane=1 shape=0 rot=0
terrain	void_overlay_no_floor_context	41	void overlay	1299	9938	0	20	155	source_plane=1 shape=0 rot=0
terrain	void_overlay_no_floor_context	41	void overlay	1299	9939	0	20	155	source_plane=1 shape=0 rot=0
terrain	void_overlay_no_floor_context	41	void overlay	1299	9940	0	20	155	source_plane=1 shape=0 rot=0
terrain	void_overlay_no_floor_context	41	void overlay	1299	9973	0	20	155	source_plane=1 shape=1 rot=1
terrain	void_overlay_no_floor_context	41	void overlay	1299	9974	0	20	155	source_plane=1 shape=0 rot=0
terrain	void_overlay_no_floor_context	41	void overlay	1299	9975	0	20	155	source_plane=1 shape=0 rot=0
terrain	void_overlay_no_floor_context	41	void overlay	1299	9976	0	20	155	source_plane=1 shape=0 rot=0
terrain	void_overlay_no_floor_context	41	void overlay	1299	9977	0	20	155	source_plane=1 shape=0 rot=0
terrain	void_overlay_no_floor_context	41	void overlay	1299	9978	0	20	155	source_plane=1 shape=0 rot=0
terrain	void_overlay_no_floor_context	41	void overlay	1299	9979	0	20	155	source_plane=1 shape=0 rot=0
terrain	void_overlay_no_floor_context	41	void overlay	1299	9980	0	20	155	source_plane=1 shape=0 rot=0
terrain	void_overlay_no_floor_context	41	void overlay	1299	9981	0	20	155	source_plane=1 shape=0 rot=0
terrain	void_overlay_no_floor_context	41	void overlay	1299	9982	0	20	155	source_plane=1 shape=0 rot=0
terrain	void_overlay_no_floor_context	41	void overlay	1299	9983	0	20	155	source_plane=1 shape=0 rot=0
terrain	void_overlay_no_floor_context	41	void overlay	1300	9920	0	20	155	source_plane=1 shape=0 rot=0
terrain	void_overlay_no_floor_context	41	void overlay	1300	9921	0	20	155	source_plane=1 shape=0 rot=0
terrain	void_overlay_no_floor_context	41	void overlay	1300	9922	0	20	155	source_plane=1 shape=0 rot=0
terrain	void_overlay_no_floor_context	41	void overlay	1300	9923	0	20	155	source_plane=1 shape=0 rot=0
terrain	void_overlay_no_floor_context	41	void overlay	1300	9924	0	20	155	source_plane=1 shape=0 rot=0
terrain	void_overlay_no_floor_context	41	void overlay	1300	9925	0	20	155	source_plane=1 shape=0 rot=0
terrain	void_overlay_no_floor_context	41	void overlay	1300	9926	0	20	155	source_plane=1 shape=0 rot=0
terrain	void_overlay_no_floor_context	41	void overlay	1300	9927	0	20	155	source_plane=1 shape=0 rot=0
terrain	void_overlay_no_floor_context	41	void overlay	1300	9928	0	20	155	source_plane=1 shape=0 rot=0
terrain	void_overlay_no_floor_context	41	void overlay	1300	9929	0	20	155	source_plane=1 shape=0 rot=0
terrain	void_overlay_no_floor_context	41	void overlay	1300	9930	0	20	155	source_plane=1 shape=0 rot=0
terrain	void_overlay_no_floor_context	41	void overlay	1300	9931	0	20	155	source_plane=1 shape=0 rot=0
terrain	void_overlay_no_floor_context	41	void overlay	1300	9932	0	20	155	source_plane=1 shape=0 rot=0
terrain	void_overlay_no_floor_context	41	void overlay	1300	9933	0	20	155	source_plane=1 shape=0 rot=0
terrain	void_overlay_no_floor_context	41	void overlay	1300	9934	0	20	155	source_plane=1 shape=0 rot=0
terrain	void_overlay_no_floor_context	41	void overlay	1300	9935	0	20	155	source_plane=1 shape=0 rot=0
terrain	void_overlay_no_floor_context	41	void overlay	1300	9936	0	20	155	source_plane=1 shape=0 rot=0
terrain	void_overlay_no_floor_context	41	void overlay	1300	9937	0	20	155	source_plane=1 shape=0 rot=0
terrain	void_overlay_no_floor_context	41	void overlay	1300	9938	0	20	155	source_plane=1 shape=0 rot=0
terrain	void_overlay_no_floor_context	41	void overlay	1300	9939	0	20	155	source_plane=1 shape=0 rot=0
terrain	void_overlay_no_floor_context	41	void overlay	1300	9940	0	20	155	source_plane=1 shape=0 rot=0
terrain	void_overlay_no_floor_context	41	void overlay	1300	9975	0	20	155	source_plane=1 shape=1 rot=1
terrain	void_overlay_no_floor_context	41	void overlay	1300	9976	0	20	155	source_plane=1 shape=0 rot=0
terrain	void_overlay_no_floor_context	41	void overlay	1300	9977	0	20	155	source_plane=1 shape=0 rot=0
terrain	void_overlay_no_floor_context	41	void overlay	1300	9978	0	20	155	source_plane=1 shape=0 rot=0
terrain	void_overlay_no_floor_context	41	void overlay	1300	9979	0	20	155	source_plane=1 shape=0 rot=0
terrain	void_overlay_no_floor_context	41	void overlay	1300	9980	0	20	155	source_plane=1 shape=0 rot=0
terrain	void_overlay_no_floor_context	41	void overlay	1300	9981	0	20	155	source_plane=1 shape=0 rot=0
terrain	void_overlay_no_floor_context	41	void overlay	1300	9982	0	20	155	source_plane=1 shape=0 rot=0
terrain	void_overlay_no_floor_context	41	void overlay	1300	9983	0	20	155	source_plane=1 shape=0 rot=0
terrain	void_overlay_no_floor_context	41	void overlay	1301	9920	0	20	155	source_plane=1 shape=0 rot=0
terrain	void_overlay_no_floor_context	41	void overlay	1301	9921	0	20	155	source_plane=1 shape=0 rot=0
terrain	void_overlay_no_floor_context	41	void overlay	1301	9922	0	20	155	source_plane=1 shape=0 rot=0
terrain	void_overlay_no_floor_context	41	void overlay	1301	9923	0	20	155	source_plane=1 shape=0 rot=0
terrain	void_overlay_no_floor_context	41	void overlay	1301	9924	0	20	155	source_plane=1 shape=0 rot=0
terrain	void_overlay_no_floor_context	41	void overlay	1301	9925	0	20	155	source_plane=1 shape=0 rot=0
terrain	void_overlay_no_floor_context	41	void overlay	1301	9926	0	20	155	source_plane=1 shape=0 rot=0
terrain	void_overlay_no_floor_context	41	void overlay	1301	9927	0	20	155	source_plane=1 shape=0 rot=0
terrain	void_overlay_no_floor_context	41	void overlay	1301	9928	0	20	155	source_plane=1 shape=0 rot=0
terrain	void_overlay_no_floor_context	41	void overlay	1301	9929	0	20	155	source_plane=1 shape=0 rot=0
terrain	void_overlay_no_floor_context	41	void overlay	1301	9930	0	20	155	source_plane=1 shape=0 rot=0
terrain	void_overlay_no_floor_context	41	void overlay	1301	9931	0	20	155	source_plane=1 shape=0 rot=0
terrain	void_overlay_no_floor_context	41	void overlay	1301	9932	0	20	155	source_plane=1 shape=0 rot=0
terrain	void_overlay_no_floor_context	41	void overlay	1301	9933	0	20	155	source_plane=1 shape=0 rot=0
terrain	void_overlay_no_floor_context	41	void overlay	1301	9934	0	20	155	source_plane=1 shape=0 rot=0
terrain	void_overlay_no_floor_context	41	void overlay	1301	9935	0	20	155	source_plane=1 shape=0 rot=0
terrain	void_overlay_no_floor_context	41	void overlay	1301	9936	0	20	155	source_plane=1 shape=0 rot=0
terrain	void_overlay_no_floor_context	41	void overlay	1301	9937	0	20	155	source_plane=1 shape=0 rot=0
terrain	void_overlay_no_floor_context	41	void overlay	1301	9938	0	20	155	source_plane=1 shape=0 rot=0
terrain	void_overlay_no_floor_context	41	void overlay	1301	9939	0	20	155	source_plane=1 shape=0 rot=0
terrain	void_overlay_no_floor_context	41	void overlay	1301	9940	0	20	155	source_plane=1 shape=0 rot=0
terrain	void_overlay_no_floor_context	41	void overlay	1301	9976	0	20	155	source_plane=1 shape=0 rot=0
terrain	void_overlay_no_floor_context	41	void overlay	1301	9977	0	20	155	source_plane=1 shape=0 rot=0
terrain	void_overlay_no_floor_context	41	void overlay	1301	9978	0	20	155	source_plane=1 shape=0 rot=0
terrain	void_overlay_no_floor_context	41	void overlay	1301	9979	0	20	155	source_plane=1 shape=0 rot=0
terrain	void_overlay_no_floor_context	41	void overlay	1301	9980	0	20	155	source_plane=1 shape=0 rot=0
terrain	void_overlay_no_floor_context	41	void overlay	1301	9981	0	20	155	source_plane=1 shape=0 rot=0
terrain	void_overlay_no_floor_context	41	void overlay	1301	9982	0	20	155	source_plane=1 shape=0 rot=0
terrain	void_overlay_no_floor_context	41	void overlay	1301	9983	0	20	155	source_plane=1 shape=0 rot=0
terrain	void_overlay_no_floor_context	41	void overlay	1302	9920	0	20	155	source_plane=1 shape=0 rot=0
terrain	void_overlay_no_floor_context	41	void overlay	1302	9921	0	20	155	source_plane=1 shape=0 rot=0
terrain	void_overlay_no_floor_context	41	void overlay	1302	9922	0	20	155	source_plane=1 shape=0 rot=0
terrain	void_overlay_no_floor_context	41	void overlay	1302	9923	0	20	155	source_plane=1 shape=0 rot=0
terrain	void_overlay_no_floor_context	41	void overlay	1302	9924	0	20	155	source_plane=1 shape=0 rot=0
terrain	void_overlay_no_floor_context	41	void overlay	1302	9925	0	20	155	source_plane=1 shape=0 rot=0
terrain	void_overlay_no_floor_context	41	void overlay	1302	9926	0	20	155	source_plane=1 shape=0 rot=0
terrain	void_overlay_no_floor_context	41	void overlay	1302	9927	0	20	155	source_plane=1 shape=0 rot=0
terrain	void_overlay_no_floor_context	41	void overlay	1302	9928	0	20	155	source_plane=1 shape=0 rot=0
terrain	void_overlay_no_floor_context	41	void overlay	1302	9929	0	20	155	source_plane=1 shape=0 rot=0
terrain	void_overlay_no_floor_context	41	void overlay	1302	9930	0	20	155	source_plane=1 shape=0 rot=0
terrain	void_overlay_no_floor_context	41	void overlay	1302	9931	0	20	155	source_plane=1 shape=0 rot=0
terrain	void_overlay_no_floor_context	41	void overlay	1302	9932	0	20	155	source_plane=1 shape=0 rot=0
terrain	void_overlay_no_floor_context	41	void overlay	1302	9933	0	20	155	source_plane=1 shape=0 rot=0
terrain	void_overlay_no_floor_context	41	void overlay	1302	9934	0	20	155	source_plane=1 shape=0 rot=0
terrain	void_overlay_no_floor_context	41	void overlay	1302	9935	0	20	155	source_plane=1 shape=0 rot=0
terrain	void_overlay_no_floor_context	41	void overlay	1302	9936	0	20	155	source_plane=1 shape=0 rot=0
terrain	void_overlay_no_floor_context	41	void overlay	1302	9937	0	20	155	source_plane=1 shape=0 rot=0
terrain	void_overlay_no_floor_context	41	void overlay	1302	9938	0	20	155	source_plane=1 shape=0 rot=0
terrain	void_overlay_no_floor_context	41	void overlay	1302	9939	0	20	155	source_plane=1 shape=0 rot=0
terrain	void_overlay_no_floor_context	41	void overlay	1302	9940	0	20	155	source_plane=1 shape=0 rot=0
terrain	void_overlay_no_floor_context	41	void overlay	1302	9976	0	20	155	source_plane=1 shape=0 rot=0
terrain	void_overlay_no_floor_context	41	void overlay	1302	9977	0	20	155	source_plane=1 shape=0 rot=0
terrain	void_overlay_no_floor_context	41	void overlay	1302	9978	0	20	155	source_plane=1 shape=0 rot=0
terrain	void_overlay_no_floor_context	41	void overlay	1302	9979	0	20	155	source_plane=1 shape=0 rot=0
terrain	void_overlay_no_floor_context	41	void overlay	1302	9980	0	20	155	source_plane=1 shape=0 rot=0
terrain	void_overlay_no_floor_context	41	void overlay	1302	9981	0	20	155	source_plane=1 shape=0 rot=0
terrain	void_overlay_no_floor_context	41	void overlay	1302	9982	0	20	155	source_plane=1 shape=0 rot=0
terrain	void_overlay_no_floor_context	41	void overlay	1302	9983	0	20	155	source_plane=1 shape=0 rot=0
terrain	void_overlay_no_floor_context	41	void overlay	1303	9920	0	20	155	source_plane=1 shape=0 rot=0
terrain	void_overlay_no_floor_context	41	void overlay	1303	9921	0	20	155	source_plane=1 shape=0 rot=0
terrain	void_overlay_no_floor_context	41	void overlay	1303	9922	0	20	155	source_plane=1 shape=0 rot=0
terrain	void_overlay_no_floor_context	41	void overlay	1303	9923	0	20	155	source_plane=1 shape=0 rot=0
terrain	void_overlay_no_floor_context	41	void overlay	1303	9924	0	20	155	source_plane=1 shape=0 rot=0
terrain	void_overlay_no_floor_context	41	void overlay	1303	9925	0	20	155	source_plane=1 shape=0 rot=0
terrain	void_overlay_no_floor_context	41	void overlay	1303	9926	0	20	155	source_plane=1 shape=0 rot=0
terrain	void_overlay_no_floor_context	41	void overlay	1303	9927	0	20	155	source_plane=1 shape=0 rot=0
terrain	void_overlay_no_floor_context	41	void overlay	1303	9928	0	20	155	source_plane=1 shape=0 rot=0
terrain	void_overlay_no_floor_context	41	void overlay	1303	9929	0	20	155	source_plane=1 shape=0 rot=0
terrain	void_overlay_no_floor_context	41	void overlay	1303	9930	0	20	155	source_plane=1 shape=0 rot=0
terrain	void_overlay_no_floor_context	41	void overlay	1303	9931	0	20	155	source_plane=1 shape=0 rot=0
terrain	void_overlay_no_floor_context	41	void overlay	1303	9932	0	20	155	source_plane=1 shape=0 rot=0
terrain	void_overlay_no_floor_context	41	void overlay	1303	9933	0	20	155	source_plane=1 shape=0 rot=0
terrain	void_overlay_no_floor_context	41	void overlay	1303	9934	0	20	155	source_plane=1 shape=0 rot=0
terrain	void_overlay_no_floor_context	41	void overlay	1303	9935	0	20	155	source_plane=1 shape=0 rot=0
terrain	void_overlay_no_floor_context	41	void overlay	1303	9936	0	20	155	source_plane=1 shape=0 rot=0
terrain	void_overlay_no_floor_context	41	void overlay	1303	9937	0	20	155	source_plane=1 shape=0 rot=0
terrain	void_overlay_no_floor_context	41	void overlay	1303	9938	0	20	155	source_plane=1 shape=0 rot=0
terrain	void_overlay_no_floor_context	41	void overlay	1303	9939	0	20	155	source_plane=1 shape=0 rot=0
terrain	void_overlay_no_floor_context	41	void overlay	1303	9940	0	20	155	source_plane=1 shape=0 rot=0
terrain	void_overlay_no_floor_context	41	void overlay	1303	9976	0	20	155	source_plane=1 shape=1 rot=1
terrain	void_overlay_no_floor_context	41	void overlay	1303	9977	0	20	155	source_plane=1 shape=0 rot=0
terrain	void_overlay_no_floor_context	41	void overlay	1303	9978	0	20	155	source_plane=1 shape=0 rot=0
terrain	void_overlay_no_floor_context	41	void overlay	1303	9979	0	20	155	source_plane=1 shape=0 rot=0
terrain	void_overlay_no_floor_context	41	void overlay	1303	9980	0	20	155	source_plane=1 shape=0 rot=0
terrain	void_overlay_no_floor_context	41	void overlay	1303	9981	0	20	155	source_plane=1 shape=0 rot=0
terrain	void_overlay_no_floor_context	41	void overlay	1303	9982	0	20	155	source_plane=1 shape=0 rot=0
terrain	void_overlay_no_floor_context	41	void overlay	1303	9983	0	20	155	source_plane=1 shape=0 rot=0
terrain	void_overlay_no_floor_context	41	void overlay	1304	9920	0	20	155	source_plane=1 shape=0 rot=0
terrain	void_overlay_no_floor_context	41	void overlay	1304	9921	0	20	155	source_plane=1 shape=0 rot=0
terrain	void_overlay_no_floor_context	41	void overlay	1304	9922	0	20	155	source_plane=1 shape=0 rot=0
terrain	void_overlay_no_floor_context	41	void overlay	1304	9923	0	20	155	source_plane=1 shape=0 rot=0
terrain	void_overlay_no_floor_context	41	void overlay	1304	9924	0	20	155	source_plane=1 shape=0 rot=0
terrain	void_overlay_no_floor_context	41	void overlay	1304	9925	0	20	155	source_plane=1 shape=0 rot=0
terrain	void_overlay_no_floor_context	41	void overlay	1304	9926	0	20	155	source_plane=1 shape=0 rot=0
terrain	void_overlay_no_floor_context	41	void overlay	1304	9927	0	20	155	source_plane=1 shape=0 rot=0
terrain	void_overlay_no_floor_context	41	void overlay	1304	9928	0	20	155	source_plane=1 shape=0 rot=0
terrain	void_overlay_no_floor_context	41	void overlay	1304	9929	0	20	155	source_plane=1 shape=0 rot=0
terrain	void_overlay_no_floor_context	41	void overlay	1304	9930	0	20	155	source_plane=1 shape=0 rot=0
terrain	void_overlay_no_floor_context	41	void overlay	1304	9931	0	20	155	source_plane=1 shape=0 rot=0
terrain	void_overlay_no_floor_context	41	void overlay	1304	9932	0	20	155	source_plane=1 shape=0 rot=0
terrain	void_overlay_no_floor_context	41	void overlay	1304	9933	0	20	155	source_plane=1 shape=0 rot=0
terrain	void_overlay_no_floor_context	41	void overlay	1304	9934	0	20	155	source_plane=1 shape=0 rot=0
terrain	void_overlay_no_floor_context	41	void overlay	1304	9935	0	20	155	source_plane=1 shape=0 rot=0
terrain	void_overlay_no_floor_context	41	void overlay	1304	9936	0	20	155	source_plane=1 shape=0 rot=0
terrain	void_overlay_no_floor_context	41	void overlay	1304	9937	0	20	155	source_plane=1 shape=0 rot=0
terrain	void_overlay_no_floor_context	41	void overlay	1304	9938	0	20	155	source_plane=1 shape=0 rot=0
terrain	void_overlay_no_floor_context	41	void overlay	1304	9939	0	20	155	source_plane=1 shape=0 rot=0
terrain	void_overlay_no_floor_context	41	void overlay	1304	9940	0	20	155	source_plane=1 shape=0 rot=0
terrain	void_overlay_no_floor_context	41	void overlay	1304	9977	0	20	155	source_plane=1 shape=0 rot=0
terrain	void_overlay_no_floor_context	41	void overlay	1304	9978	0	20	155	source_plane=1 shape=0 rot=0
terrain	void_overlay_no_floor_context	41	void overlay	1304	9979	0	20	155	source_plane=1 shape=0 rot=0
terrain	void_overlay_no_floor_context	41	void overlay	1304	9980	0	20	155	source_plane=1 shape=0 rot=0
terrain	void_overlay_no_floor_context	41	void overlay	1304	9981	0	20	155	source_plane=1 shape=0 rot=0
terrain	void_overlay_no_floor_context	41	void overlay	1304	9982	0	20	155	source_plane=1 shape=0 rot=0
terrain	void_overlay_no_floor_context	41	void overlay	1304	9983	0	20	155	source_plane=1 shape=0 rot=0
terrain	void_overlay_no_floor_context	41	void overlay	1305	9920	0	20	155	source_plane=1 shape=0 rot=0
terrain	void_overlay_no_floor_context	41	void overlay	1305	9921	0	20	155	source_plane=1 shape=0 rot=0
terrain	void_overlay_no_floor_context	41	void overlay	1305	9922	0	20	155	source_plane=1 shape=0 rot=0
terrain	void_overlay_no_floor_context	41	void overlay	1305	9923	0	20	155	source_plane=1 shape=0 rot=0
terrain	void_overlay_no_floor_context	41	void overlay	1305	9924	0	20	155	source_plane=1 shape=0 rot=0
terrain	void_overlay_no_floor_context	41	void overlay	1305	9925	0	20	155	source_plane=1 shape=0 rot=0
terrain	void_overlay_no_floor_context	41	void overlay	1305	9926	0	20	155	source_plane=1 shape=0 rot=0
terrain	void_overlay_no_floor_context	41	void overlay	1305	9927	0	20	155	source_plane=1 shape=0 rot=0
terrain	void_overlay_no_floor_context	41	void overlay	1305	9928	0	20	155	source_plane=1 shape=0 rot=0
terrain	void_overlay_no_floor_context	41	void overlay	1305	9929	0	20	155	source_plane=1 shape=0 rot=0
terrain	void_overlay_no_floor_context	41	void overlay	1305	9930	0	20	155	source_plane=1 shape=0 rot=0
terrain	void_overlay_no_floor_context	41	void overlay	1305	9931	0	20	155	source_plane=1 shape=0 rot=0
terrain	void_overlay_no_floor_context	41	void overlay	1305	9932	0	20	155	source_plane=1 shape=0 rot=0
terrain	void_overlay_no_floor_context	41	void overlay	1305	9933	0	20	155	source_plane=1 shape=0 rot=0
terrain	void_overlay_no_floor_context	41	void overlay	1305	9934	0	20	155	source_plane=1 shape=0 rot=0
terrain	void_overlay_no_floor_context	41	void overlay	1305	9935	0	20	155	source_plane=1 shape=0 rot=0
terrain	void_overlay_no_floor_context	41	void overlay	1305	9936	0	20	155	source_plane=1 shape=0 rot=0
terrain	void_overlay_no_floor_context	41	void overlay	1305	9937	0	20	155	source_plane=1 shape=0 rot=0
terrain	void_overlay_no_floor_context	41	void overlay	1305	9938	0	20	155	source_plane=1 shape=0 rot=0
terrain	void_overlay_no_floor_context	41	void overlay	1305	9939	0	20	155	source_plane=1 shape=0 rot=0
terrain	void_overlay_no_floor_context	41	void overlay	1305	9940	0	20	155	source_plane=1 shape=1 rot=0
terrain	void_overlay_no_floor_context	41	void overlay	1305	9977	0	20	155	source_plane=1 shape=0 rot=0
terrain	void_overlay_no_floor_context	41	void overlay	1305	9978	0	20	155	source_plane=1 shape=0 rot=0
terrain	void_overlay_no_floor_context	41	void overlay	1305	9979	0	20	155	source_plane=1 shape=0 rot=0
terrain	void_overlay_no_floor_context	41	void overlay	1305	9980	0	20	155	source_plane=1 shape=0 rot=0
terrain	void_overlay_no_floor_context	41	void overlay	1305	9981	0	20	155	source_plane=1 shape=0 rot=0
terrain	void_overlay_no_floor_context	41	void overlay	1305	9982	0	20	155	source_plane=1 shape=0 rot=0
terrain	void_overlay_no_floor_context	41	void overlay	1305	9983	0	20	155	source_plane=1 shape=0 rot=0
terrain	void_overlay_no_floor_context	41	void overlay	1306	9920	0	20	155	source_plane=1 shape=0 rot=0
terrain	void_overlay_no_floor_context	41	void overlay	1306	9921	0	20	155	source_plane=1 shape=0 rot=0
terrain	void_overlay_no_floor_context	41	void overlay	1306	9922	0	20	155	source_plane=1 shape=0 rot=0
terrain	void_overlay_no_floor_context	41	void overlay	1306	9923	0	20	155	source_plane=1 shape=0 rot=0
terrain	void_overlay_no_floor_context	41	void overlay	1306	9924	0	20	155	source_plane=1 shape=0 rot=0
terrain	void_overlay_no_floor_context	41	void overlay	1306	9925	0	20	155	source_plane=1 shape=0 rot=0
terrain	void_overlay_no_floor_context	41	void overlay	1306	9926	0	20	155	source_plane=1 shape=0 rot=0
terrain	void_overlay_no_floor_context	41	void overlay	1306	9927	0	20	155	source_plane=1 shape=0 rot=0
terrain	void_overlay_no_floor_context	41	void overlay	1306	9928	0	20	155	source_plane=1 shape=0 rot=0
terrain	void_overlay_no_floor_context	41	void overlay	1306	9929	0	20	155	source_plane=1 shape=0 rot=0
terrain	void_overlay_no_floor_context	41	void overlay	1306	9930	0	20	155	source_plane=1 shape=0 rot=0
terrain	void_overlay_no_floor_context	41	void overlay	1306	9931	0	20	155	source_plane=1 shape=0 rot=0
terrain	void_overlay_no_floor_context	41	void overlay	1306	9932	0	20	155	source_plane=1 shape=0 rot=0
terrain	void_overlay_no_floor_context	41	void overlay	1306	9933	0	20	155	source_plane=1 shape=0 rot=0
terrain	void_overlay_no_floor_context	41	void overlay	1306	9934	0	20	155	source_plane=1 shape=0 rot=0
terrain	void_overlay_no_floor_context	41	void overlay	1306	9935	0	20	155	source_plane=1 shape=0 rot=0
terrain	void_overlay_no_floor_context	41	void overlay	1306	9936	0	20	155	source_plane=1 shape=0 rot=0
terrain	void_overlay_no_floor_context	41	void overlay	1306	9937	0	20	155	source_plane=1 shape=0 rot=0
terrain	void_overlay_no_floor_context	41	void overlay	1306	9938	0	20	155	source_plane=1 shape=0 rot=0
terrain	void_overlay_no_floor_context	41	void overlay	1306	9939	0	20	155	source_plane=1 shape=0 rot=0
terrain	void_overlay_no_floor_context	41	void overlay	1306	9976	0	20	155	source_plane=1 shape=1 rot=2
terrain	void_overlay_no_floor_context	41	void overlay	1306	9977	0	20	155	source_plane=1 shape=0 rot=0
terrain	void_overlay_no_floor_context	41	void overlay	1306	9978	0	20	155	source_plane=1 shape=0 rot=0
terrain	void_overlay_no_floor_context	41	void overlay	1306	9979	0	20	155	source_plane=1 shape=0 rot=0
terrain	void_overlay_no_floor_context	41	void overlay	1306	9980	0	20	155	source_plane=1 shape=0 rot=0
terrain	void_overlay_no_floor_context	41	void overlay	1306	9981	0	20	155	source_plane=1 shape=0 rot=0
terrain	void_overlay_no_floor_context	41	void overlay	1306	9982	0	20	155	source_plane=1 shape=0 rot=0
terrain	void_overlay_no_floor_context	41	void overlay	1306	9983	0	20	155	source_plane=1 shape=0 rot=0
terrain	void_overlay_no_floor_context	41	void overlay	1307	9920	0	20	155	source_plane=1 shape=0 rot=0
terrain	void_overlay_no_floor_context	41	void overlay	1307	9921	0	20	155	source_plane=1 shape=0 rot=0
terrain	void_overlay_no_floor_context	41	void overlay	1307	9922	0	20	155	source_plane=1 shape=0 rot=0
terrain	void_overlay_no_floor_context	41	void overlay	1307	9923	0	20	155	source_plane=1 shape=0 rot=0
terrain	void_overlay_no_floor_context	41	void overlay	1307	9924	0	20	155	source_plane=1 shape=0 rot=0
terrain	void_overlay_no_floor_context	41	void overlay	1307	9925	0	20	155	source_plane=1 shape=0 rot=0
terrain	void_overlay_no_floor_context	41	void overlay	1307	9926	0	20	155	source_plane=1 shape=0 rot=0
terrain	void_overlay_no_floor_context	41	void overlay	1307	9927	0	20	155	source_plane=1 shape=0 rot=0
terrain	void_overlay_no_floor_context	41	void overlay	1307	9928	0	20	155	source_plane=1 shape=0 rot=0
terrain	void_overlay_no_floor_context	41	void overlay	1307	9929	0	20	155	source_plane=1 shape=0 rot=0
terrain	void_overlay_no_floor_context	41	void overlay	1307	9930	0	20	155	source_plane=1 shape=0 rot=0
terrain	void_overlay_no_floor_context	41	void overlay	1307	9931	0	20	155	source_plane=1 shape=0 rot=0
terrain	void_overlay_no_floor_context	41	void overlay	1307	9932	0	20	155	source_plane=1 shape=0 rot=0
terrain	void_overlay_no_floor_context	41	void overlay	1307	9933	0	20	155	source_plane=1 shape=0 rot=0
terrain	void_overlay_no_floor_context	41	void overlay	1307	9934	0	20	155	source_plane=1 shape=0 rot=0
terrain	void_overlay_no_floor_context	41	void overlay	1307	9935	0	20	155	source_plane=1 shape=0 rot=0
terrain	void_overlay_no_floor_context	41	void overlay	1307	9936	0	20	155	source_plane=1 shape=0 rot=0
terrain	void_overlay_no_floor_context	41	void overlay	1307	9937	0	20	155	source_plane=1 shape=0 rot=0
terrain	void_overlay_no_floor_context	41	void overlay	1307	9938	0	20	155	source_plane=1 shape=0 rot=0
terrain	void_overlay_no_floor_context	41	void overlay	1307	9939	0	20	155	source_plane=1 shape=0 rot=0
terrain	void_overlay_no_floor_context	41	void overlay	1307	9976	0	20	155	source_plane=1 shape=0 rot=0
terrain	void_overlay_no_floor_context	41	void overlay	1307	9977	0	20	155	source_plane=1 shape=0 rot=0
terrain	void_overlay_no_floor_context	41	void overlay	1307	9978	0	20	155	source_plane=1 shape=0 rot=0
terrain	void_overlay_no_floor_context	41	void overlay	1307	9979	0	20	155	source_plane=1 shape=0 rot=0
terrain	void_overlay_no_floor_context	41	void overlay	1307	9980	0	20	155	source_plane=1 shape=0 rot=0
terrain	void_overlay_no_floor_context	41	void overlay	1307	9981	0	20	155	source_plane=1 shape=0 rot=0
terrain	void_overlay_no_floor_context	41	void overlay	1307	9982	0	20	155	source_plane=1 shape=0 rot=0
terrain	void_overlay_no_floor_context	41	void overlay	1307	9983	0	20	155	source_plane=1 shape=0 rot=0
terrain	void_overlay_no_floor_context	41	void overlay	1308	9920	0	20	155	source_plane=1 shape=0 rot=0
terrain	void_overlay_no_floor_context	41	void overlay	1308	9921	0	20	155	source_plane=1 shape=0 rot=0
terrain	void_overlay_no_floor_context	41	void overlay	1308	9922	0	20	155	source_plane=1 shape=0 rot=0
terrain	void_overlay_no_floor_context	41	void overlay	1308	9923	0	20	155	source_plane=1 shape=0 rot=0
terrain	void_overlay_no_floor_context	41	void overlay	1308	9924	0	20	155	source_plane=1 shape=0 rot=0
terrain	void_overlay_no_floor_context	41	void overlay	1308	9925	0	20	155	source_plane=1 shape=0 rot=0
terrain	void_overlay_no_floor_context	41	void overlay	1308	9926	0	20	155	source_plane=1 shape=0 rot=0
terrain	void_overlay_no_floor_context	41	void overlay	1308	9927	0	20	155	source_plane=1 shape=0 rot=0
terrain	void_overlay_no_floor_context	41	void overlay	1308	9928	0	20	155	source_plane=1 shape=0 rot=0
terrain	void_overlay_no_floor_context	41	void overlay	1308	9929	0	20	155	source_plane=1 shape=0 rot=0
terrain	void_overlay_no_floor_context	41	void overlay	1308	9930	0	20	155	source_plane=1 shape=0 rot=0
terrain	void_overlay_no_floor_context	41	void overlay	1308	9931	0	20	155	source_plane=1 shape=0 rot=0
terrain	void_overlay_no_floor_context	41	void overlay	1308	9932	0	20	155	source_plane=1 shape=0 rot=0
terrain	void_overlay_no_floor_context	41	void overlay	1308	9933	0	20	155	source_plane=1 shape=0 rot=0
terrain	void_overlay_no_floor_context	41	void overlay	1308	9934	0	20	155	source_plane=1 shape=0 rot=0
terrain	void_overlay_no_floor_context	41	void overlay	1308	9935	0	20	155	source_plane=1 shape=0 rot=0
terrain	void_overlay_no_floor_context	41	void overlay	1308	9936	0	20	155	source_plane=1 shape=0 rot=0
terrain	void_overlay_no_floor_context	41	void overlay	1308	9937	0	20	155	source_plane=1 shape=0 rot=0
terrain	void_overlay_no_floor_context	41	void overlay	1308	9938	0	20	155	source_plane=1 shape=0 rot=0
terrain	void_overlay_no_floor_context	41	void overlay	1308	9939	0	20	155	source_plane=1 shape=0 rot=0
terrain	void_overlay_no_floor_context	41	void overlay	1308	9976	0	20	155	source_plane=1 shape=0 rot=0
terrain	void_overlay_no_floor_context	41	void overlay	1308	9977	0	20	155	source_plane=1 shape=0 rot=0
terrain	void_overlay_no_floor_context	41	void overlay	1308	9978	0	20	155	source_plane=1 shape=0 rot=0
terrain	void_overlay_no_floor_context	41	void overlay	1308	9979	0	20	155	source_plane=1 shape=0 rot=0
terrain	void_overlay_no_floor_context	41	void overlay	1308	9980	0	20	155	source_plane=1 shape=0 rot=0
terrain	void_overlay_no_floor_context	41	void overlay	1308	9981	0	20	155	source_plane=1 shape=0 rot=0
terrain	void_overlay_no_floor_context	41	void overlay	1308	9982	0	20	155	source_plane=1 shape=0 rot=0
terrain	void_overlay_no_floor_context	41	void overlay	1308	9983	0	20	155	source_plane=1 shape=0 rot=0
terrain	void_overlay_no_floor_context	41	void overlay	1309	9920	0	20	155	source_plane=1 shape=0 rot=0
terrain	void_overlay_no_floor_context	41	void overlay	1309	9921	0	20	155	source_plane=1 shape=0 rot=0
terrain	void_overlay_no_floor_context	41	void overlay	1309	9922	0	20	155	source_plane=1 shape=0 rot=0
terrain	void_overlay_no_floor_context	41	void overlay	1309	9923	0	20	155	source_plane=1 shape=0 rot=0
terrain	void_overlay_no_floor_context	41	void overlay	1309	9924	0	20	155	source_plane=1 shape=0 rot=0
terrain	void_overlay_no_floor_context	41	void overlay	1309	9925	0	20	155	source_plane=1 shape=0 rot=0
terrain	void_overlay_no_floor_context	41	void overlay	1309	9926	0	20	155	source_plane=1 shape=0 rot=0
terrain	void_overlay_no_floor_context	41	void overlay	1309	9927	0	20	155	source_plane=1 shape=0 rot=0
terrain	void_overlay_no_floor_context	41	void overlay	1309	9928	0	20	155	source_plane=1 shape=0 rot=0
terrain	void_overlay_no_floor_context	41	void overlay	1309	9929	0	20	155	source_plane=1 shape=0 rot=0
terrain	void_overlay_no_floor_context	41	void overlay	1309	9930	0	20	155	source_plane=1 shape=0 rot=0
terrain	void_overlay_no_floor_context	41	void overlay	1309	9931	0	20	155	source_plane=1 shape=0 rot=0
terrain	void_overlay_no_floor_context	41	void overlay	1309	9932	0	20	155	source_plane=1 shape=0 rot=0
terrain	void_overlay_no_floor_context	41	void overlay	1309	9933	0	20	155	source_plane=1 shape=0 rot=0
terrain	void_overlay_no_floor_context	41	void overlay	1309	9934	0	20	155	source_plane=1 shape=0 rot=0
terrain	void_overlay_no_floor_context	41	void overlay	1309	9935	0	20	155	source_plane=1 shape=0 rot=0
terrain	void_overlay_no_floor_context	41	void overlay	1309	9936	0	20	155	source_plane=1 shape=0 rot=0
terrain	void_overlay_no_floor_context	41	void overlay	1309	9937	0	20	155	source_plane=1 shape=0 rot=0
terrain	void_overlay_no_floor_context	41	void overlay	1309	9938	0	20	155	source_plane=1 shape=0 rot=0
terrain	void_overlay_no_floor_context	41	void overlay	1309	9939	0	20	155	source_plane=1 shape=0 rot=0
terrain	void_overlay_no_floor_context	41	void overlay	1309	9940	0	20	155	source_plane=1 shape=1 rot=3
terrain	void_overlay_no_floor_context	41	void overlay	1309	9976	0	20	155	source_plane=1 shape=0 rot=0
terrain	void_overlay_no_floor_context	41	void overlay	1309	9977	0	20	155	source_plane=1 shape=0 rot=0
terrain	void_overlay_no_floor_context	41	void overlay	1309	9978	0	20	155	source_plane=1 shape=0 rot=0
terrain	void_overlay_no_floor_context	41	void overlay	1309	9979	0	20	155	source_plane=1 shape=0 rot=0
terrain	void_overlay_no_floor_context	41	void overlay	1309	9980	0	20	155	source_plane=1 shape=0 rot=0
terrain	void_overlay_no_floor_context	41	void overlay	1309	9981	0	20	155	source_plane=1 shape=0 rot=0
terrain	void_overlay_no_floor_context	41	void overlay	1309	9982	0	20	155	source_plane=1 shape=0 rot=0
terrain	void_overlay_no_floor_context	41	void overlay	1309	9983	0	20	155	source_plane=1 shape=0 rot=0
terrain	void_overlay_no_floor_context	41	void overlay	1310	9920	0	20	155	source_plane=1 shape=0 rot=0
terrain	void_overlay_no_floor_context	41	void overlay	1310	9921	0	20	155	source_plane=1 shape=0 rot=0
terrain	void_overlay_no_floor_context	41	void overlay	1310	9922	0	20	155	source_plane=1 shape=0 rot=0
terrain	void_overlay_no_floor_context	41	void overlay	1310	9923	0	20	155	source_plane=1 shape=0 rot=0
terrain	void_overlay_no_floor_context	41	void overlay	1310	9924	0	20	155	source_plane=1 shape=0 rot=0
terrain	void_overlay_no_floor_context	41	void overlay	1310	9925	0	20	155	source_plane=1 shape=0 rot=0
terrain	void_overlay_no_floor_context	41	void overlay	1310	9926	0	20	155	source_plane=1 shape=0 rot=0
terrain	void_overlay_no_floor_context	41	void overlay	1310	9927	0	20	155	source_plane=1 shape=0 rot=0
terrain	void_overlay_no_floor_context	41	void overlay	1310	9928	0	20	155	source_plane=1 shape=0 rot=0
terrain	void_overlay_no_floor_context	41	void overlay	1310	9929	0	20	155	source_plane=1 shape=0 rot=0
terrain	void_overlay_no_floor_context	41	void overlay	1310	9930	0	20	155	source_plane=1 shape=0 rot=0
terrain	void_overlay_no_floor_context	41	void overlay	1310	9931	0	20	155	source_plane=1 shape=0 rot=0
terrain	void_overlay_no_floor_context	41	void overlay	1310	9932	0	20	155	source_plane=1 shape=0 rot=0
terrain	void_overlay_no_floor_context	41	void overlay	1310	9933	0	20	155	source_plane=1 shape=0 rot=0
terrain	void_overlay_no_floor_context	41	void overlay	1310	9934	0	20	155	source_plane=1 shape=0 rot=0
terrain	void_overlay_no_floor_context	41	void overlay	1310	9935	0	20	155	source_plane=1 shape=0 rot=0
terrain	void_overlay_no_floor_context	41	void overlay	1310	9936	0	20	155	source_plane=1 shape=0 rot=0
terrain	void_overlay_no_floor_context	41	void overlay	1310	9937	0	20	155	source_plane=1 shape=0 rot=0
terrain	void_overlay_no_floor_context	41	void overlay	1310	9938	0	20	155	source_plane=1 shape=0 rot=0
terrain	void_overlay_no_floor_context	41	void overlay	1310	9939	0	20	155	source_plane=1 shape=0 rot=0
terrain	void_overlay_no_floor_context	41	void overlay	1310	9940	0	20	155	source_plane=1 shape=0 rot=0
terrain	void_overlay_no_floor_context	41	void overlay	1310	9976	0	20	155	source_plane=1 shape=0 rot=0
terrain	void_overlay_no_floor_context	41	void overlay	1310	9977	0	20	155	source_plane=1 shape=0 rot=0
terrain	void_overlay_no_floor_context	41	void overlay	1310	9978	0	20	155	source_plane=1 shape=0 rot=0
terrain	void_overlay_no_floor_context	41	void overlay	1310	9979	0	20	155	source_plane=1 shape=0 rot=0
terrain	void_overlay_no_floor_context	41	void overlay	1310	9980	0	20	155	source_plane=1 shape=0 rot=0
terrain	void_overlay_no_floor_context	41	void overlay	1310	9981	0	20	155	source_plane=1 shape=0 rot=0
terrain	void_overlay_no_floor_context	41	void overlay	1310	9982	0	20	155	source_plane=1 shape=0 rot=0
terrain	void_overlay_no_floor_context	41	void overlay	1310	9983	0	20	155	source_plane=1 shape=0 rot=0
terrain	void_overlay_no_floor_context	41	void overlay	1311	9920	0	20	155	source_plane=1 shape=0 rot=0
terrain	void_overlay_no_floor_context	41	void overlay	1311	9921	0	20	155	source_plane=1 shape=0 rot=0
terrain	void_overlay_no_floor_context	41	void overlay	1311	9922	0	20	155	source_plane=1 shape=0 rot=0
terrain	void_overlay_no_floor_context	41	void overlay	1311	9923	0	20	155	source_plane=1 shape=0 rot=0
terrain	void_overlay_no_floor_context	41	void overlay	1311	9924	0	20	155	source_plane=1 shape=0 rot=0
terrain	void_overlay_no_floor_context	41	void overlay	1311	9925	0	20	155	source_plane=1 shape=0 rot=0
terrain	void_overlay_no_floor_context	41	void overlay	1311	9926	0	20	155	source_plane=1 shape=0 rot=0
terrain	void_overlay_no_floor_context	41	void overlay	1311	9927	0	20	155	source_plane=1 shape=0 rot=0
terrain	void_overlay_no_floor_context	41	void overlay	1311	9928	0	20	155	source_plane=1 shape=0 rot=0
terrain	void_overlay_no_floor_context	41	void overlay	1311	9929	0	20	155	source_plane=1 shape=0 rot=0
terrain	void_overlay_no_floor_context	41	void overlay	1311	9930	0	20	155	source_plane=1 shape=0 rot=0
terrain	void_overlay_no_floor_context	41	void overlay	1311	9931	0	20	155	source_plane=1 shape=0 rot=0
terrain	void_overlay_no_floor_context	41	void overlay	1311	9932	0	20	155	source_plane=1 shape=0 rot=0
terrain	void_overlay_no_floor_context	41	void overlay	1311	9933	0	20	155	source_plane=1 shape=0 rot=0
terrain	void_overlay_no_floor_context	41	void overlay	1311	9934	0	20	155	source_plane=1 shape=0 rot=0
terrain	void_overlay_no_floor_context	41	void overlay	1311	9935	0	20	155	source_plane=1 shape=0 rot=0
terrain	void_overlay_no_floor_context	41	void overlay	1311	9936	0	20	155	source_plane=1 shape=0 rot=0
terrain	void_overlay_no_floor_context	41	void overlay	1311	9937	0	20	155	source_plane=1 shape=0 rot=0
terrain	void_overlay_no_floor_context	41	void overlay	1311	9938	0	20	155	source_plane=1 shape=0 rot=0
terrain	void_overlay_no_floor_context	41	void overlay	1311	9939	0	20	155	source_plane=1 shape=0 rot=0
terrain	void_overlay_no_floor_context	41	void overlay	1311	9940	0	20	155	source_plane=1 shape=0 rot=0
terrain	void_overlay_no_floor_context	41	void overlay	1311	9975	0	20	155	source_plane=1 shape=1 rot=2
terrain	void_overlay_no_floor_context	41	void overlay	1311	9976	0	20	155	source_plane=1 shape=0 rot=0
terrain	void_overlay_no_floor_context	41	void overlay	1311	9977	0	20	155	source_plane=1 shape=0 rot=0
terrain	void_overlay_no_floor_context	41	void overlay	1311	9978	0	20	155	source_plane=1 shape=0 rot=0
terrain	void_overlay_no_floor_context	41	void overlay	1311	9979	0	20	155	source_plane=1 shape=0 rot=0
terrain	void_overlay_no_floor_context	41	void overlay	1311	9980	0	20	155	source_plane=1 shape=0 rot=0
terrain	void_overlay_no_floor_context	41	void overlay	1311	9981	0	20	155	source_plane=1 shape=0 rot=0
terrain	void_overlay_no_floor_context	41	void overlay	1311	9982	0	20	155	source_plane=1 shape=0 rot=0
terrain	void_overlay_no_floor_context	41	void overlay	1311	9983	0	20	155	source_plane=1 shape=0 rot=0
terrain	void_overlay_no_floor_context	41	void overlay	1312	9920	0	20	155	source_plane=1 shape=0 rot=0
terrain	void_overlay_no_floor_context	41	void overlay	1312	9921	0	20	155	source_plane=1 shape=0 rot=0
terrain	void_overlay_no_floor_context	41	void overlay	1312	9922	0	20	155	source_plane=1 shape=0 rot=0
terrain	void_overlay_no_floor_context	41	void overlay	1312	9923	0	20	155	source_plane=1 shape=0 rot=0
terrain	void_overlay_no_floor_context	41	void overlay	1312	9924	0	20	155	source_plane=1 shape=0 rot=0
terrain	void_overlay_no_floor_context	41	void overlay	1312	9925	0	20	155	source_plane=1 shape=0 rot=0
terrain	void_overlay_no_floor_context	41	void overlay	1312	9926	0	20	155	source_plane=1 shape=0 rot=0
terrain	void_overlay_no_floor_context	41	void overlay	1312	9927	0	20	155	source_plane=1 shape=0 rot=0
terrain	void_overlay_no_floor_context	41	void overlay	1312	9928	0	20	155	source_plane=1 shape=0 rot=0
terrain	void_overlay_no_floor_context	41	void overlay	1312	9929	0	20	155	source_plane=1 shape=0 rot=0
terrain	void_overlay_no_floor_context	41	void overlay	1312	9930	0	20	155	source_plane=1 shape=0 rot=0
terrain	void_overlay_no_floor_context	41	void overlay	1312	9931	0	20	155	source_plane=1 shape=0 rot=0
terrain	void_overlay_no_floor_context	41	void overlay	1312	9932	0	20	155	source_plane=1 shape=0 rot=0
terrain	void_overlay_no_floor_context	41	void overlay	1312	9933	0	20	155	source_plane=1 shape=0 rot=0
terrain	void_overlay_no_floor_context	41	void overlay	1312	9934	0	20	155	source_plane=1 shape=0 rot=0
terrain	void_overlay_no_floor_context	41	void overlay	1312	9935	0	20	155	source_plane=1 shape=0 rot=0
terrain	void_overlay_no_floor_context	41	void overlay	1312	9936	0	20	155	source_plane=1 shape=0 rot=0
terrain	void_overlay_no_floor_context	41	void overlay	1312	9937	0	20	155	source_plane=1 shape=0 rot=0
terrain	void_overlay_no_floor_context	41	void overlay	1312	9938	0	20	155	source_plane=1 shape=0 rot=0
terrain	void_overlay_no_floor_context	41	void overlay	1312	9939	0	20	155	source_plane=1 shape=0 rot=0
terrain	void_overlay_no_floor_context	41	void overlay	1312	9940	0	20	155	source_plane=1 shape=0 rot=0
terrain	void_overlay_no_floor_context	41	void overlay	1312	9941	0	20	155	source_plane=1 shape=1 rot=3
terrain	void_overlay_no_floor_context	41	void overlay	1312	9975	0	20	155	source_plane=1 shape=0 rot=0
terrain	void_overlay_no_floor_context	41	void overlay	1312	9976	0	20	155	source_plane=1 shape=0 rot=0
terrain	void_overlay_no_floor_context	41	void overlay	1312	9977	0	20	155	source_plane=1 shape=0 rot=0
terrain	void_overlay_no_floor_context	41	void overlay	1312	9978	0	20	155	source_plane=1 shape=0 rot=0
terrain	void_overlay_no_floor_context	41	void overlay	1312	9979	0	20	155	source_plane=1 shape=0 rot=0
terrain	void_overlay_no_floor_context	41	void overlay	1312	9980	0	20	155	source_plane=1 shape=0 rot=0
terrain	void_overlay_no_floor_context	41	void overlay	1312	9981	0	20	155	source_plane=1 shape=0 rot=0
terrain	void_overlay_no_floor_context	41	void overlay	1312	9982	0	20	155	source_plane=1 shape=0 rot=0
terrain	void_overlay_no_floor_context	41	void overlay	1312	9983	0	20	155	source_plane=1 shape=0 rot=0
terrain	void_overlay_no_floor_context	41	void overlay	1313	9920	0	20	155	source_plane=1 shape=0 rot=0
terrain	void_overlay_no_floor_context	41	void overlay	1313	9921	0	20	155	source_plane=1 shape=0 rot=0
terrain	void_overlay_no_floor_context	41	void overlay	1313	9922	0	20	155	source_plane=1 shape=0 rot=0
terrain	void_overlay_no_floor_context	41	void overlay	1313	9923	0	20	155	source_plane=1 shape=0 rot=0
terrain	void_overlay_no_floor_context	41	void overlay	1313	9924	0	20	155	source_plane=1 shape=0 rot=0
terrain	void_overlay_no_floor_context	41	void overlay	1313	9925	0	20	155	source_plane=1 shape=0 rot=0
terrain	void_overlay_no_floor_context	41	void overlay	1313	9926	0	20	155	source_plane=1 shape=0 rot=0
terrain	void_overlay_no_floor_context	41	void overlay	1313	9927	0	20	155	source_plane=1 shape=0 rot=0
terrain	void_overlay_no_floor_context	41	void overlay	1313	9928	0	20	155	source_plane=1 shape=0 rot=0
terrain	void_overlay_no_floor_context	41	void overlay	1313	9929	0	20	155	source_plane=1 shape=0 rot=0
terrain	void_overlay_no_floor_context	41	void overlay	1313	9930	0	20	155	source_plane=1 shape=0 rot=0
terrain	void_overlay_no_floor_context	41	void overlay	1313	9931	0	20	155	source_plane=1 shape=0 rot=0
terrain	void_overlay_no_floor_context	41	void overlay	1313	9932	0	20	155	source_plane=1 shape=0 rot=0
terrain	void_overlay_no_floor_context	41	void overlay	1313	9933	0	20	155	source_plane=1 shape=0 rot=0
terrain	void_overlay_no_floor_context	41	void overlay	1313	9934	0	20	155	source_plane=1 shape=0 rot=0
terrain	void_overlay_no_floor_context	41	void overlay	1313	9935	0	20	155	source_plane=1 shape=0 rot=0
terrain	void_overlay_no_floor_context	41	void overlay	1313	9936	0	20	155	source_plane=1 shape=0 rot=0
terrain	void_overlay_no_floor_context	41	void overlay	1313	9937	0	20	155	source_plane=1 shape=0 rot=0
terrain	void_overlay_no_floor_context	41	void overlay	1313	9938	0	20	155	source_plane=1 shape=0 rot=0
terrain	void_overlay_no_floor_context	41	void overlay	1313	9939	0	20	155	source_plane=1 shape=0 rot=0
terrain	void_overlay_no_floor_context	41	void overlay	1313	9940	0	20	155	source_plane=1 shape=0 rot=0
terrain	void_overlay_no_floor_context	41	void overlay	1313	9941	0	20	155	source_plane=1 shape=0 rot=0
terrain	void_overlay_no_floor_context	41	void overlay	1313	9942	0	20	155	source_plane=1 shape=0 rot=0
terrain	void_overlay_no_floor_context	41	void overlay	1313	9943	0	20	155	source_plane=1 shape=1 rot=3
terrain	void_overlay_no_floor_context	41	void overlay	1313	9975	0	20	155	source_plane=1 shape=0 rot=0
terrain	void_overlay_no_floor_context	41	void overlay	1313	9976	0	20	155	source_plane=1 shape=0 rot=0
terrain	void_overlay_no_floor_context	41	void overlay	1313	9977	0	20	155	source_plane=1 shape=0 rot=0
terrain	void_overlay_no_floor_context	41	void overlay	1313	9978	0	20	155	source_plane=1 shape=0 rot=0
terrain	void_overlay_no_floor_context	41	void overlay	1313	9979	0	20	155	source_plane=1 shape=0 rot=0
terrain	void_overlay_no_floor_context	41	void overlay	1313	9980	0	20	155	source_plane=1 shape=0 rot=0
terrain	void_overlay_no_floor_context	41	void overlay	1313	9981	0	20	155	source_plane=1 shape=0 rot=0
terrain	void_overlay_no_floor_context	41	void overlay	1313	9982	0	20	155	source_plane=1 shape=0 rot=0
terrain	void_overlay_no_floor_context	41	void overlay	1313	9983	0	20	155	source_plane=1 shape=0 rot=0
terrain	void_overlay_no_floor_context	41	void overlay	1314	9920	0	20	155	source_plane=1 shape=0 rot=0
terrain	void_overlay_no_floor_context	41	void overlay	1314	9921	0	20	155	source_plane=1 shape=0 rot=0
terrain	void_overlay_no_floor_context	41	void overlay	1314	9922	0	20	155	source_plane=1 shape=0 rot=0
terrain	void_overlay_no_floor_context	41	void overlay	1314	9923	0	20	155	source_plane=1 shape=0 rot=0
terrain	void_overlay_no_floor_context	41	void overlay	1314	9924	0	20	155	source_plane=1 shape=0 rot=0
terrain	void_overlay_no_floor_context	41	void overlay	1314	9925	0	20	155	source_plane=1 shape=0 rot=0
terrain	void_overlay_no_floor_context	41	void overlay	1314	9926	0	20	155	source_plane=1 shape=0 rot=0
terrain	void_overlay_no_floor_context	41	void overlay	1314	9927	0	20	155	source_plane=1 shape=0 rot=0
terrain	void_overlay_no_floor_context	41	void overlay	1314	9928	0	20	155	source_plane=1 shape=0 rot=0
terrain	void_overlay_no_floor_context	41	void overlay	1314	9929	0	20	155	source_plane=1 shape=0 rot=0
terrain	void_overlay_no_floor_context	41	void overlay	1314	9930	0	20	155	source_plane=1 shape=0 rot=0
terrain	void_overlay_no_floor_context	41	void overlay	1314	9931	0	20	155	source_plane=1 shape=0 rot=0
terrain	void_overlay_no_floor_context	41	void overlay	1314	9932	0	20	155	source_plane=1 shape=0 rot=0
terrain	void_overlay_no_floor_context	41	void overlay	1314	9933	0	20	155	source_plane=1 shape=0 rot=0
terrain	void_overlay_no_floor_context	41	void overlay	1314	9934	0	20	155	source_plane=1 shape=0 rot=0
terrain	void_overlay_no_floor_context	41	void overlay	1314	9935	0	20	155	source_plane=1 shape=0 rot=0
terrain	void_overlay_no_floor_context	41	void overlay	1314	9936	0	20	155	source_plane=1 shape=0 rot=0
terrain	void_overlay_no_floor_context	41	void overlay	1314	9937	0	20	155	source_plane=1 shape=0 rot=0
terrain	void_overlay_no_floor_context	41	void overlay	1314	9938	0	20	155	source_plane=1 shape=0 rot=0
terrain	void_overlay_no_floor_context	41	void overlay	1314	9939	0	20	155	source_plane=1 shape=0 rot=0
terrain	void_overlay_no_floor_context	41	void overlay	1314	9940	0	20	155	source_plane=1 shape=0 rot=0
terrain	void_overlay_no_floor_context	41	void overlay	1314	9941	0	20	155	source_plane=1 shape=0 rot=0
terrain	void_overlay_no_floor_context	41	void overlay	1314	9942	0	20	155	source_plane=1 shape=0 rot=0
terrain	void_overlay_no_floor_context	41	void overlay	1314	9943	0	20	155	source_plane=1 shape=0 rot=0
terrain	void_overlay_no_floor_context	41	void overlay	1314	9975	0	20	155	source_plane=1 shape=0 rot=0
terrain	void_overlay_no_floor_context	41	void overlay	1314	9976	0	20	155	source_plane=1 shape=0 rot=0
terrain	void_overlay_no_floor_context	41	void overlay	1314	9977	0	20	155	source_plane=1 shape=0 rot=0
terrain	void_overlay_no_floor_context	41	void overlay	1314	9978	0	20	155	source_plane=1 shape=0 rot=0
terrain	void_overlay_no_floor_context	41	void overlay	1314	9979	0	20	155	source_plane=1 shape=0 rot=0
terrain	void_overlay_no_floor_context	41	void overlay	1314	9980	0	20	155	source_plane=1 shape=0 rot=0
terrain	void_overlay_no_floor_context	41	void overlay	1314	9981	0	20	155	source_plane=1 shape=0 rot=0
terrain	void_overlay_no_floor_context	41	void overlay	1314	9982	0	20	155	source_plane=1 shape=0 rot=0
terrain	void_overlay_no_floor_context	41	void overlay	1314	9983	0	20	155	source_plane=1 shape=0 rot=0
terrain	void_overlay_no_floor_context	41	void overlay	1315	9920	0	20	155	source_plane=1 shape=0 rot=0
terrain	void_overlay_no_floor_context	41	void overlay	1315	9921	0	20	155	source_plane=1 shape=0 rot=0
terrain	void_overlay_no_floor_context	41	void overlay	1315	9922	0	20	155	source_plane=1 shape=0 rot=0
terrain	void_overlay_no_floor_context	41	void overlay	1315	9923	0	20	155	source_plane=1 shape=0 rot=0
terrain	void_overlay_no_floor_context	41	void overlay	1315	9924	0	20	155	source_plane=1 shape=0 rot=0
terrain	void_overlay_no_floor_context	41	void overlay	1315	9925	0	20	155	source_plane=1 shape=0 rot=0
terrain	void_overlay_no_floor_context	41	void overlay	1315	9926	0	20	155	source_plane=1 shape=0 rot=0
terrain	void_overlay_no_floor_context	41	void overlay	1315	9927	0	20	155	source_plane=1 shape=0 rot=0
terrain	void_overlay_no_floor_context	41	void overlay	1315	9928	0	20	155	source_plane=1 shape=0 rot=0
terrain	void_overlay_no_floor_context	41	void overlay	1315	9929	0	20	155	source_plane=1 shape=0 rot=0
terrain	void_overlay_no_floor_context	41	void overlay	1315	9930	0	20	155	source_plane=1 shape=0 rot=0
terrain	void_overlay_no_floor_context	41	void overlay	1315	9931	0	20	155	source_plane=1 shape=0 rot=0
terrain	void_overlay_no_floor_context	41	void overlay	1315	9932	0	20	155	source_plane=1 shape=0 rot=0
terrain	void_overlay_no_floor_context	41	void overlay	1315	9933	0	20	155	source_plane=1 shape=0 rot=0
terrain	void_overlay_no_floor_context	41	void overlay	1315	9934	0	20	155	source_plane=1 shape=0 rot=0
terrain	void_overlay_no_floor_context	41	void overlay	1315	9935	0	20	155	source_plane=1 shape=0 rot=0
terrain	void_overlay_no_floor_context	41	void overlay	1315	9936	0	20	155	source_plane=1 shape=0 rot=0
terrain	void_overlay_no_floor_context	41	void overlay	1315	9937	0	20	155	source_plane=1 shape=0 rot=0
terrain	void_overlay_no_floor_context	41	void overlay	1315	9938	0	20	155	source_plane=1 shape=0 rot=0
terrain	void_overlay_no_floor_context	41	void overlay	1315	9939	0	20	155	source_plane=1 shape=0 rot=0
terrain	void_overlay_no_floor_context	41	void overlay	1315	9940	0	20	155	source_plane=1 shape=0 rot=0
terrain	void_overlay_no_floor_context	41	void overlay	1315	9941	0	20	155	source_plane=1 shape=0 rot=0
terrain	void_overlay_no_floor_context	41	void overlay	1315	9942	0	20	155	source_plane=1 shape=0 rot=0
terrain	void_overlay_no_floor_context	41	void overlay	1315	9943	0	20	155	source_plane=1 shape=0 rot=0
terrain	void_overlay_no_floor_context	41	void overlay	1315	9974	0	20	155	source_plane=1 shape=1 rot=2
terrain	void_overlay_no_floor_context	41	void overlay	1315	9975	0	20	155	source_plane=1 shape=0 rot=0
terrain	void_overlay_no_floor_context	41	void overlay	1315	9976	0	20	155	source_plane=1 shape=0 rot=0
terrain	void_overlay_no_floor_context	41	void overlay	1315	9977	0	20	155	source_plane=1 shape=0 rot=0
terrain	void_overlay_no_floor_context	41	void overlay	1315	9978	0	20	155	source_plane=1 shape=0 rot=0
terrain	void_overlay_no_floor_context	41	void overlay	1315	9979	0	20	155	source_plane=1 shape=0 rot=0
terrain	void_overlay_no_floor_context	41	void overlay	1315	9980	0	20	155	source_plane=1 shape=0 rot=0
terrain	void_overlay_no_floor_context	41	void overlay	1315	9981	0	20	155	source_plane=1 shape=0 rot=0
terrain	void_overlay_no_floor_context	41	void overlay	1315	9982	0	20	155	source_plane=1 shape=0 rot=0
terrain	void_overlay_no_floor_context	41	void overlay	1315	9983	0	20	155	source_plane=1 shape=0 rot=0
terrain	void_overlay_no_floor_context	41	void overlay	1316	9920	0	20	155	source_plane=1 shape=0 rot=0
terrain	void_overlay_no_floor_context	41	void overlay	1316	9921	0	20	155	source_plane=1 shape=0 rot=0
terrain	void_overlay_no_floor_context	41	void overlay	1316	9922	0	20	155	source_plane=1 shape=0 rot=0
terrain	void_overlay_no_floor_context	41	void overlay	1316	9923	0	20	155	source_plane=1 shape=0 rot=0
terrain	void_overlay_no_floor_context	41	void overlay	1316	9924	0	20	155	source_plane=1 shape=0 rot=0
terrain	void_overlay_no_floor_context	41	void overlay	1316	9925	0	20	155	source_plane=1 shape=0 rot=0
terrain	void_overlay_no_floor_context	41	void overlay	1316	9926	0	20	155	source_plane=1 shape=0 rot=0
terrain	void_overlay_no_floor_context	41	void overlay	1316	9927	0	20	155	source_plane=1 shape=0 rot=0
terrain	void_overlay_no_floor_context	41	void overlay	1316	9928	0	20	155	source_plane=1 shape=0 rot=0
terrain	void_overlay_no_floor_context	41	void overlay	1316	9929	0	20	155	source_plane=1 shape=0 rot=0
terrain	void_overlay_no_floor_context	41	void overlay	1316	9930	0	20	155	source_plane=1 shape=0 rot=0
terrain	void_overlay_no_floor_context	41	void overlay	1316	9931	0	20	155	source_plane=1 shape=0 rot=0
terrain	void_overlay_no_floor_context	41	void overlay	1316	9932	0	20	155	source_plane=1 shape=0 rot=0
terrain	void_overlay_no_floor_context	41	void overlay	1316	9933	0	20	155	source_plane=1 shape=0 rot=0
terrain	void_overlay_no_floor_context	41	void overlay	1316	9934	0	20	155	source_plane=1 shape=0 rot=0
terrain	void_overlay_no_floor_context	41	void overlay	1316	9935	0	20	155	source_plane=1 shape=0 rot=0
terrain	void_overlay_no_floor_context	41	void overlay	1316	9936	0	20	155	source_plane=1 shape=0 rot=0
terrain	void_overlay_no_floor_context	41	void overlay	1316	9937	0	20	155	source_plane=1 shape=0 rot=0
terrain	void_overlay_no_floor_context	41	void overlay	1316	9938	0	20	155	source_plane=1 shape=0 rot=0
terrain	void_overlay_no_floor_context	41	void overlay	1316	9939	0	20	155	source_plane=1 shape=0 rot=0
terrain	void_overlay_no_floor_context	41	void overlay	1316	9940	0	20	155	source_plane=1 shape=0 rot=0
terrain	void_overlay_no_floor_context	41	void overlay	1316	9941	0	20	155	source_plane=1 shape=0 rot=0
terrain	void_overlay_no_floor_context	41	void overlay	1316	9942	0	20	155	source_plane=1 shape=0 rot=0
terrain	void_overlay_no_floor_context	41	void overlay	1316	9943	0	20	155	source_plane=1 shape=0 rot=0
terrain	void_overlay_no_floor_context	41	void overlay	1316	9974	0	20	155	source_plane=1 shape=0 rot=0
terrain	void_overlay_no_floor_context	41	void overlay	1316	9975	0	20	155	source_plane=1 shape=0 rot=0
terrain	void_overlay_no_floor_context	41	void overlay	1316	9976	0	20	155	source_plane=1 shape=0 rot=0
terrain	void_overlay_no_floor_context	41	void overlay	1316	9977	0	20	155	source_plane=1 shape=0 rot=0
terrain	void_overlay_no_floor_context	41	void overlay	1316	9978	0	20	155	source_plane=1 shape=0 rot=0
terrain	void_overlay_no_floor_context	41	void overlay	1316	9979	0	20	155	source_plane=1 shape=0 rot=0
terrain	void_overlay_no_floor_context	41	void overlay	1316	9980	0	20	155	source_plane=1 shape=0 rot=0
terrain	void_overlay_no_floor_context	41	void overlay	1316	9981	0	20	155	source_plane=1 shape=0 rot=0
terrain	void_overlay_no_floor_context	41	void overlay	1316	9982	0	20	155	source_plane=1 shape=0 rot=0
terrain	void_overlay_no_floor_context	41	void overlay	1316	9983	0	20	155	source_plane=1 shape=0 rot=0
terrain	void_overlay_no_floor_context	41	void overlay	1317	9920	0	20	155	source_plane=1 shape=0 rot=0
terrain	void_overlay_no_floor_context	41	void overlay	1317	9921	0	20	155	source_plane=1 shape=0 rot=0
terrain	void_overlay_no_floor_context	41	void overlay	1317	9922	0	20	155	source_plane=1 shape=0 rot=0
terrain	void_overlay_no_floor_context	41	void overlay	1317	9923	0	20	155	source_plane=1 shape=0 rot=0
terrain	void_overlay_no_floor_context	41	void overlay	1317	9924	0	20	155	source_plane=1 shape=0 rot=0
terrain	void_overlay_no_floor_context	41	void overlay	1317	9925	0	20	155	source_plane=1 shape=0 rot=0
terrain	void_overlay_no_floor_context	41	void overlay	1317	9926	0	20	155	source_plane=1 shape=0 rot=0
terrain	void_overlay_no_floor_context	41	void overlay	1317	9927	0	20	155	source_plane=1 shape=0 rot=0
terrain	void_overlay_no_floor_context	41	void overlay	1317	9928	0	20	155	source_plane=1 shape=0 rot=0
terrain	void_overlay_no_floor_context	41	void overlay	1317	9929	0	20	155	source_plane=1 shape=0 rot=0
terrain	void_overlay_no_floor_context	41	void overlay	1317	9930	0	20	155	source_plane=1 shape=0 rot=0
terrain	void_overlay_no_floor_context	41	void overlay	1317	9931	0	20	155	source_plane=1 shape=0 rot=0
terrain	void_overlay_no_floor_context	41	void overlay	1317	9932	0	20	155	source_plane=1 shape=0 rot=0
terrain	void_overlay_no_floor_context	41	void overlay	1317	9933	0	20	155	source_plane=1 shape=0 rot=0
terrain	void_overlay_no_floor_context	41	void overlay	1317	9934	0	20	155	source_plane=1 shape=0 rot=0
terrain	void_overlay_no_floor_context	41	void overlay	1317	9935	0	20	155	source_plane=1 shape=0 rot=0
terrain	void_overlay_no_floor_context	41	void overlay	1317	9936	0	20	155	source_plane=1 shape=0 rot=0
terrain	void_overlay_no_floor_context	41	void overlay	1317	9937	0	20	155	source_plane=1 shape=0 rot=0
terrain	void_overlay_no_floor_context	41	void overlay	1317	9938	0	20	155	source_plane=1 shape=0 rot=0
terrain	void_overlay_no_floor_context	41	void overlay	1317	9939	0	20	155	source_plane=1 shape=0 rot=0
terrain	void_overlay_no_floor_context	41	void overlay	1317	9940	0	20	155	source_plane=1 shape=0 rot=0
terrain	void_overlay_no_floor_context	41	void overlay	1317	9941	0	20	155	source_plane=1 shape=0 rot=0
terrain	void_overlay_no_floor_context	41	void overlay	1317	9942	0	20	155	source_plane=1 shape=0 rot=0
terrain	void_overlay_no_floor_context	41	void overlay	1317	9943	0	20	155	source_plane=1 shape=1 rot=0
terrain	void_overlay_no_floor_context	41	void overlay	1317	9973	0	20	155	source_plane=1 shape=1 rot=2
terrain	void_overlay_no_floor_context	41	void overlay	1317	9974	0	20	155	source_plane=1 shape=0 rot=0
terrain	void_overlay_no_floor_context	41	void overlay	1317	9975	0	20	155	source_plane=1 shape=0 rot=0
terrain	void_overlay_no_floor_context	41	void overlay	1317	9976	0	20	155	source_plane=1 shape=0 rot=0
terrain	void_overlay_no_floor_context	41	void overlay	1317	9977	0	20	155	source_plane=1 shape=0 rot=0
terrain	void_overlay_no_floor_context	41	void overlay	1317	9978	0	20	155	source_plane=1 shape=0 rot=0
terrain	void_overlay_no_floor_context	41	void overlay	1317	9979	0	20	155	source_plane=1 shape=0 rot=0
terrain	void_overlay_no_floor_context	41	void overlay	1317	9980	0	20	155	source_plane=1 shape=0 rot=0
terrain	void_overlay_no_floor_context	41	void overlay	1317	9981	0	20	155	source_plane=1 shape=0 rot=0
terrain	void_overlay_no_floor_context	41	void overlay	1317	9982	0	20	155	source_plane=1 shape=0 rot=0
terrain	void_overlay_no_floor_context	41	void overlay	1317	9983	0	20	155	source_plane=1 shape=0 rot=0
terrain	void_overlay_no_floor_context	41	void overlay	1318	9920	0	20	155	source_plane=1 shape=0 rot=0
terrain	void_overlay_no_floor_context	41	void overlay	1318	9921	0	20	155	source_plane=1 shape=0 rot=0
terrain	void_overlay_no_floor_context	41	void overlay	1318	9922	0	20	155	source_plane=1 shape=0 rot=0
terrain	void_overlay_no_floor_context	41	void overlay	1318	9923	0	20	155	source_plane=1 shape=0 rot=0
terrain	void_overlay_no_floor_context	41	void overlay	1318	9924	0	20	155	source_plane=1 shape=0 rot=0
terrain	void_overlay_no_floor_context	41	void overlay	1318	9925	0	20	155	source_plane=1 shape=0 rot=0
terrain	void_overlay_no_floor_context	41	void overlay	1318	9926	0	20	155	source_plane=1 shape=0 rot=0
terrain	void_overlay_no_floor_context	41	void overlay	1318	9927	0	20	155	source_plane=1 shape=0 rot=0
terrain	void_overlay_no_floor_context	41	void overlay	1318	9928	0	20	155	source_plane=1 shape=0 rot=0
terrain	void_overlay_no_floor_context	41	void overlay	1318	9929	0	20	155	source_plane=1 shape=0 rot=0
terrain	void_overlay_no_floor_context	41	void overlay	1318	9930	0	20	155	source_plane=1 shape=0 rot=0
terrain	void_overlay_no_floor_context	41	void overlay	1318	9931	0	20	155	source_plane=1 shape=0 rot=0
terrain	void_overlay_no_floor_context	41	void overlay	1318	9932	0	20	155	source_plane=1 shape=0 rot=0
terrain	void_overlay_no_floor_context	41	void overlay	1318	9933	0	20	155	source_plane=1 shape=0 rot=0
terrain	void_overlay_no_floor_context	41	void overlay	1318	9934	0	20	155	source_plane=1 shape=0 rot=0
terrain	void_overlay_no_floor_context	41	void overlay	1318	9935	0	20	155	source_plane=1 shape=0 rot=0
terrain	void_overlay_no_floor_context	41	void overlay	1318	9936	0	20	155	source_plane=1 shape=0 rot=0
terrain	void_overlay_no_floor_context	41	void overlay	1318	9937	0	20	155	source_plane=1 shape=0 rot=0
terrain	void_overlay_no_floor_context	41	void overlay	1318	9938	0	20	155	source_plane=1 shape=0 rot=0
terrain	void_overlay_no_floor_context	41	void overlay	1318	9939	0	20	155	source_plane=1 shape=0 rot=0
terrain	void_overlay_no_floor_context	41	void overlay	1318	9940	0	20	155	source_plane=1 shape=0 rot=0
terrain	void_overlay_no_floor_context	41	void overlay	1318	9941	0	20	155	source_plane=1 shape=0 rot=0
terrain	void_overlay_no_floor_context	41	void overlay	1318	9942	0	20	155	source_plane=1 shape=0 rot=0
terrain	void_overlay_no_floor_context	41	void overlay	1318	9973	0	20	155	source_plane=1 shape=0 rot=0
terrain	void_overlay_no_floor_context	41	void overlay	1318	9974	0	20	155	source_plane=1 shape=0 rot=0
terrain	void_overlay_no_floor_context	41	void overlay	1318	9975	0	20	155	source_plane=1 shape=0 rot=0
terrain	void_overlay_no_floor_context	41	void overlay	1318	9976	0	20	155	source_plane=1 shape=0 rot=0
terrain	void_overlay_no_floor_context	41	void overlay	1318	9977	0	20	155	source_plane=1 shape=0 rot=0
terrain	void_overlay_no_floor_context	41	void overlay	1318	9978	0	20	155	source_plane=1 shape=0 rot=0
terrain	void_overlay_no_floor_context	41	void overlay	1318	9979	0	20	155	source_plane=1 shape=0 rot=0
terrain	void_overlay_no_floor_context	41	void overlay	1318	9980	0	20	155	source_plane=1 shape=0 rot=0
terrain	void_overlay_no_floor_context	41	void overlay	1318	9981	0	20	155	source_plane=1 shape=0 rot=0
terrain	void_overlay_no_floor_context	41	void overlay	1318	9982	0	20	155	source_plane=1 shape=0 rot=0
terrain	void_overlay_no_floor_context	41	void overlay	1318	9983	0	20	155	source_plane=1 shape=0 rot=0
terrain	void_overlay_no_floor_context	41	void overlay	1319	9920	0	20	155	source_plane=1 shape=0 rot=0
terrain	void_overlay_no_floor_context	41	void overlay	1319	9921	0	20	155	source_plane=1 shape=0 rot=0
terrain	void_overlay_no_floor_context	41	void overlay	1319	9922	0	20	155	source_plane=1 shape=0 rot=0
terrain	void_overlay_no_floor_context	41	void overlay	1319	9923	0	20	155	source_plane=1 shape=0 rot=0
terrain	void_overlay_no_floor_context	41	void overlay	1319	9924	0	20	155	source_plane=1 shape=0 rot=0
terrain	void_overlay_no_floor_context	41	void overlay	1319	9925	0	20	155	source_plane=1 shape=0 rot=0
terrain	void_overlay_no_floor_context	41	void overlay	1319	9926	0	20	155	source_plane=1 shape=0 rot=0
terrain	void_overlay_no_floor_context	41	void overlay	1319	9927	0	20	155	source_plane=1 shape=0 rot=0
terrain	void_overlay_no_floor_context	41	void overlay	1319	9928	0	20	155	source_plane=1 shape=0 rot=0
terrain	void_overlay_no_floor_context	41	void overlay	1319	9929	0	20	155	source_plane=1 shape=0 rot=0
terrain	void_overlay_no_floor_context	41	void overlay	1319	9930	0	20	155	source_plane=1 shape=0 rot=0
terrain	void_overlay_no_floor_context	41	void overlay	1319	9931	0	20	155	source_plane=1 shape=0 rot=0
terrain	void_overlay_no_floor_context	41	void overlay	1319	9932	0	20	155	source_plane=1 shape=0 rot=0
terrain	void_overlay_no_floor_context	41	void overlay	1319	9933	0	20	155	source_plane=1 shape=0 rot=0
terrain	void_overlay_no_floor_context	41	void overlay	1319	9934	0	20	155	source_plane=1 shape=0 rot=0
terrain	void_overlay_no_floor_context	41	void overlay	1319	9935	0	20	155	source_plane=1 shape=0 rot=0
terrain	void_overlay_no_floor_context	41	void overlay	1319	9936	0	20	155	source_plane=1 shape=0 rot=0
terrain	void_overlay_no_floor_context	41	void overlay	1319	9937	0	20	155	source_plane=1 shape=0 rot=0
terrain	void_overlay_no_floor_context	41	void overlay	1319	9938	0	20	155	source_plane=1 shape=0 rot=0
terrain	void_overlay_no_floor_context	41	void overlay	1319	9939	0	20	155	source_plane=1 shape=0 rot=0
terrain	void_overlay_no_floor_context	41	void overlay	1319	9940	0	20	155	source_plane=1 shape=0 rot=0
terrain	void_overlay_no_floor_context	41	void overlay	1319	9941	0	20	155	source_plane=1 shape=0 rot=0
terrain	void_overlay_no_floor_context	41	void overlay	1319	9942	0	20	155	source_plane=1 shape=1 rot=0
terrain	void_overlay_no_floor_context	41	void overlay	1319	9973	0	20	155	source_plane=1 shape=0 rot=0
terrain	void_overlay_no_floor_context	41	void overlay	1319	9974	0	20	155	source_plane=1 shape=0 rot=0
terrain	void_overlay_no_floor_context	41	void overlay	1319	9975	0	20	155	source_plane=1 shape=0 rot=0
terrain	void_overlay_no_floor_context	41	void overlay	1319	9976	0	20	155	source_plane=1 shape=0 rot=0
terrain	void_overlay_no_floor_context	41	void overlay	1319	9977	0	20	155	source_plane=1 shape=0 rot=0
terrain	void_overlay_no_floor_context	41	void overlay	1319	9978	0	20	155	source_plane=1 shape=0 rot=0
terrain	void_overlay_no_floor_context	41	void overlay	1319	9979	0	20	155	source_plane=1 shape=0 rot=0
terrain	void_overlay_no_floor_context	41	void overlay	1319	9980	0	20	155	source_plane=1 shape=0 rot=0
terrain	void_overlay_no_floor_context	41	void overlay	1319	9981	0	20	155	source_plane=1 shape=0 rot=0
terrain	void_overlay_no_floor_context	41	void overlay	1319	9982	0	20	155	source_plane=1 shape=0 rot=0
terrain	void_overlay_no_floor_context	41	void overlay	1319	9983	0	20	155	source_plane=1 shape=0 rot=0
terrain	void_overlay_no_floor_context	41	void overlay	1320	9920	0	20	155	source_plane=1 shape=0 rot=0
terrain	void_overlay_no_floor_context	41	void overlay	1320	9921	0	20	155	source_plane=1 shape=0 rot=0
terrain	void_overlay_no_floor_context	41	void overlay	1320	9922	0	20	155	source_plane=1 shape=0 rot=0
terrain	void_overlay_no_floor_context	41	void overlay	1320	9923	0	20	155	source_plane=1 shape=0 rot=0
terrain	void_overlay_no_floor_context	41	void overlay	1320	9924	0	20	155	source_plane=1 shape=0 rot=0
terrain	void_overlay_no_floor_context	41	void overlay	1320	9925	0	20	155	source_plane=1 shape=0 rot=0
terrain	void_overlay_no_floor_context	41	void overlay	1320	9926	0	20	155	source_plane=1 shape=0 rot=0
terrain	void_overlay_no_floor_context	41	void overlay	1320	9927	0	20	155	source_plane=1 shape=0 rot=0
terrain	void_overlay_no_floor_context	41	void overlay	1320	9928	0	20	155	source_plane=1 shape=0 rot=0
terrain	void_overlay_no_floor_context	41	void overlay	1320	9929	0	20	155	source_plane=1 shape=0 rot=0
terrain	void_overlay_no_floor_context	41	void overlay	1320	9930	0	20	155	source_plane=1 shape=0 rot=0
terrain	void_overlay_no_floor_context	41	void overlay	1320	9931	0	20	155	source_plane=1 shape=0 rot=0
terrain	void_overlay_no_floor_context	41	void overlay	1320	9932	0	20	155	source_plane=1 shape=0 rot=0
terrain	void_overlay_no_floor_context	41	void overlay	1320	9933	0	20	155	source_plane=1 shape=0 rot=0
terrain	void_overlay_no_floor_context	41	void overlay	1320	9934	0	20	155	source_plane=1 shape=0 rot=0
terrain	void_overlay_no_floor_context	41	void overlay	1320	9935	0	20	155	source_plane=1 shape=0 rot=0
terrain	void_overlay_no_floor_context	41	void overlay	1320	9936	0	20	155	source_plane=1 shape=0 rot=0
terrain	void_overlay_no_floor_context	41	void overlay	1320	9937	0	20	155	source_plane=1 shape=0 rot=0
terrain	void_overlay_no_floor_context	41	void overlay	1320	9938	0	20	155	source_plane=1 shape=0 rot=0
terrain	void_overlay_no_floor_context	41	void overlay	1320	9939	0	20	155	source_plane=1 shape=0 rot=0
terrain	void_overlay_no_floor_context	41	void overlay	1320	9940	0	20	155	source_plane=1 shape=0 rot=0
terrain	void_overlay_no_floor_context	41	void overlay	1320	9941	0	20	155	source_plane=1 shape=0 rot=0
terrain	void_overlay_no_floor_context	41	void overlay	1320	9973	0	20	155	source_plane=1 shape=1 rot=1
terrain	void_overlay_no_floor_context	41	void overlay	1320	9974	0	20	155	source_plane=1 shape=0 rot=0
terrain	void_overlay_no_floor_context	41	void overlay	1320	9975	0	20	155	source_plane=1 shape=0 rot=0
terrain	void_overlay_no_floor_context	41	void overlay	1320	9976	0	20	155	source_plane=1 shape=0 rot=0
terrain	void_overlay_no_floor_context	41	void overlay	1320	9977	0	20	155	source_plane=1 shape=0 rot=0
terrain	void_overlay_no_floor_context	41	void overlay	1320	9978	0	20	155	source_plane=1 shape=0 rot=0
terrain	void_overlay_no_floor_context	41	void overlay	1320	9979	0	20	155	source_plane=1 shape=0 rot=0
terrain	void_overlay_no_floor_context	41	void overlay	1320	9980	0	20	155	source_plane=1 shape=0 rot=0
terrain	void_overlay_no_floor_context	41	void overlay	1320	9981	0	20	155	source_plane=1 shape=0 rot=0
terrain	void_overlay_no_floor_context	41	void overlay	1320	9982	0	20	155	source_plane=1 shape=0 rot=0
terrain	void_overlay_no_floor_context	41	void overlay	1320	9983	0	20	155	source_plane=1 shape=0 rot=0
terrain	void_overlay_no_floor_context	41	void overlay	1321	9920	0	20	155	source_plane=1 shape=0 rot=0
terrain	void_overlay_no_floor_context	41	void overlay	1321	9921	0	20	155	source_plane=1 shape=0 rot=0
terrain	void_overlay_no_floor_context	41	void overlay	1321	9922	0	20	155	source_plane=1 shape=0 rot=0
terrain	void_overlay_no_floor_context	41	void overlay	1321	9923	0	20	155	source_plane=1 shape=0 rot=0
terrain	void_overlay_no_floor_context	41	void overlay	1321	9924	0	20	155	source_plane=1 shape=0 rot=0
terrain	void_overlay_no_floor_context	41	void overlay	1321	9925	0	20	155	source_plane=1 shape=0 rot=0
terrain	void_overlay_no_floor_context	41	void overlay	1321	9926	0	20	155	source_plane=1 shape=0 rot=0
terrain	void_overlay_no_floor_context	41	void overlay	1321	9927	0	20	155	source_plane=1 shape=0 rot=0
terrain	void_overlay_no_floor_context	41	void overlay	1321	9928	0	20	155	source_plane=1 shape=0 rot=0
terrain	void_overlay_no_floor_context	41	void overlay	1321	9929	0	20	155	source_plane=1 shape=0 rot=0
terrain	void_overlay_no_floor_context	41	void overlay	1321	9930	0	20	155	source_plane=1 shape=0 rot=0
terrain	void_overlay_no_floor_context	41	void overlay	1321	9931	0	20	155	source_plane=1 shape=0 rot=0
terrain	void_overlay_no_floor_context	41	void overlay	1321	9932	0	20	155	source_plane=1 shape=0 rot=0
terrain	void_overlay_no_floor_context	41	void overlay	1321	9933	0	20	155	source_plane=1 shape=0 rot=0
terrain	void_overlay_no_floor_context	41	void overlay	1321	9934	0	20	155	source_plane=1 shape=0 rot=0
terrain	void_overlay_no_floor_context	41	void overlay	1321	9935	0	20	155	source_plane=1 shape=0 rot=0
terrain	void_overlay_no_floor_context	41	void overlay	1321	9936	0	20	155	source_plane=1 shape=0 rot=0
terrain	void_overlay_no_floor_context	41	void overlay	1321	9937	0	20	155	source_plane=1 shape=0 rot=0
terrain	void_overlay_no_floor_context	41	void overlay	1321	9938	0	20	155	source_plane=1 shape=0 rot=0
terrain	void_overlay_no_floor_context	41	void overlay	1321	9939	0	20	155	source_plane=1 shape=0 rot=0
terrain	void_overlay_no_floor_context	41	void overlay	1321	9940	0	20	155	source_plane=1 shape=0 rot=0
terrain	void_overlay_no_floor_context	41	void overlay	1321	9941	0	20	155	source_plane=1 shape=0 rot=0
terrain	void_overlay_no_floor_context	41	void overlay	1321	9974	0	20	155	source_plane=1 shape=1 rot=1
terrain	void_overlay_no_floor_context	41	void overlay	1321	9975	0	20	155	source_plane=1 shape=0 rot=0
terrain	void_overlay_no_floor_context	41	void overlay	1321	9976	0	20	155	source_plane=1 shape=0 rot=0
terrain	void_overlay_no_floor_context	41	void overlay	1321	9977	0	20	155	source_plane=1 shape=0 rot=0
terrain	void_overlay_no_floor_context	41	void overlay	1321	9978	0	20	155	source_plane=1 shape=0 rot=0
terrain	void_overlay_no_floor_context	41	void overlay	1321	9979	0	20	155	source_plane=1 shape=0 rot=0
terrain	void_overlay_no_floor_context	41	void overlay	1321	9980	0	20	155	source_plane=1 shape=0 rot=0
terrain	void_overlay_no_floor_context	41	void overlay	1321	9981	0	20	155	source_plane=1 shape=0 rot=0
terrain	void_overlay_no_floor_context	41	void overlay	1321	9982	0	20	155	source_plane=1 shape=0 rot=0
terrain	void_overlay_no_floor_context	41	void overlay	1321	9983	0	20	155	source_plane=1 shape=0 rot=0
terrain	void_overlay_no_floor_context	41	void overlay	1322	9920	0	20	155	source_plane=1 shape=0 rot=0
terrain	void_overlay_no_floor_context	41	void overlay	1322	9921	0	20	155	source_plane=1 shape=0 rot=0
terrain	void_overlay_no_floor_context	41	void overlay	1322	9922	0	20	155	source_plane=1 shape=0 rot=0
terrain	void_overlay_no_floor_context	41	void overlay	1322	9923	0	20	155	source_plane=1 shape=0 rot=0
terrain	void_overlay_no_floor_context	41	void overlay	1322	9924	0	20	155	source_plane=1 shape=0 rot=0
terrain	void_overlay_no_floor_context	41	void overlay	1322	9925	0	20	155	source_plane=1 shape=0 rot=0
terrain	void_overlay_no_floor_context	41	void overlay	1322	9926	0	20	155	source_plane=1 shape=0 rot=0
terrain	void_overlay_no_floor_context	41	void overlay	1322	9927	0	20	155	source_plane=1 shape=0 rot=0
terrain	void_overlay_no_floor_context	41	void overlay	1322	9928	0	20	155	source_plane=1 shape=0 rot=0
terrain	void_overlay_no_floor_context	41	void overlay	1322	9929	0	20	155	source_plane=1 shape=0 rot=0
terrain	void_overlay_no_floor_context	41	void overlay	1322	9930	0	20	155	source_plane=1 shape=0 rot=0
terrain	void_overlay_no_floor_context	41	void overlay	1322	9931	0	20	155	source_plane=1 shape=0 rot=0
terrain	void_overlay_no_floor_context	41	void overlay	1322	9932	0	20	155	source_plane=1 shape=0 rot=0
terrain	void_overlay_no_floor_context	41	void overlay	1322	9933	0	20	155	source_plane=1 shape=0 rot=0
terrain	void_overlay_no_floor_context	41	void overlay	1322	9934	0	20	155	source_plane=1 shape=0 rot=0
terrain	void_overlay_no_floor_context	41	void overlay	1322	9935	0	20	155	source_plane=1 shape=0 rot=0
terrain	void_overlay_no_floor_context	41	void overlay	1322	9936	0	20	155	source_plane=1 shape=0 rot=0
terrain	void_overlay_no_floor_context	41	void overlay	1322	9937	0	20	155	source_plane=1 shape=0 rot=0
terrain	void_overlay_no_floor_context	41	void overlay	1322	9938	0	20	155	source_plane=1 shape=0 rot=0
terrain	void_overlay_no_floor_context	41	void overlay	1322	9939	0	20	155	source_plane=1 shape=0 rot=0
terrain	void_overlay_no_floor_context	41	void overlay	1322	9940	0	20	155	source_plane=1 shape=0 rot=0
terrain	void_overlay_no_floor_context	41	void overlay	1322	9941	0	20	155	source_plane=1 shape=0 rot=0
terrain	void_overlay_no_floor_context	41	void overlay	1322	9975	0	20	155	source_plane=1 shape=0 rot=0
terrain	void_overlay_no_floor_context	41	void overlay	1322	9976	0	20	155	source_plane=1 shape=0 rot=0
terrain	void_overlay_no_floor_context	41	void overlay	1322	9977	0	20	155	source_plane=1 shape=0 rot=0
terrain	void_overlay_no_floor_context	41	void overlay	1322	9978	0	20	155	source_plane=1 shape=0 rot=0
terrain	void_overlay_no_floor_context	41	void overlay	1322	9979	0	20	155	source_plane=1 shape=0 rot=0
terrain	void_overlay_no_floor_context	41	void overlay	1322	9980	0	20	155	source_plane=1 shape=0 rot=0
terrain	void_overlay_no_floor_context	41	void overlay	1322	9981	0	20	155	source_plane=1 shape=0 rot=0
terrain	void_overlay_no_floor_context	41	void overlay	1322	9982	0	20	155	source_plane=1 shape=0 rot=0
terrain	void_overlay_no_floor_context	41	void overlay	1322	9983	0	20	155	source_plane=1 shape=0 rot=0
terrain	void_overlay_no_floor_context	41	void overlay	1323	9920	0	20	155	source_plane=1 shape=0 rot=0
terrain	void_overlay_no_floor_context	41	void overlay	1323	9921	0	20	155	source_plane=1 shape=0 rot=0
terrain	void_overlay_no_floor_context	41	void overlay	1323	9922	0	20	155	source_plane=1 shape=0 rot=0
terrain	void_overlay_no_floor_context	41	void overlay	1323	9923	0	20	155	source_plane=1 shape=0 rot=0
terrain	void_overlay_no_floor_context	41	void overlay	1323	9924	0	20	155	source_plane=1 shape=0 rot=0
terrain	void_overlay_no_floor_context	41	void overlay	1323	9925	0	20	155	source_plane=1 shape=0 rot=0
terrain	void_overlay_no_floor_context	41	void overlay	1323	9926	0	20	155	source_plane=1 shape=0 rot=0
terrain	void_overlay_no_floor_context	41	void overlay	1323	9927	0	20	155	source_plane=1 shape=0 rot=0
terrain	void_overlay_no_floor_context	41	void overlay	1323	9928	0	20	155	source_plane=1 shape=0 rot=0
terrain	void_overlay_no_floor_context	41	void overlay	1323	9929	0	20	155	source_plane=1 shape=0 rot=0
terrain	void_overlay_no_floor_context	41	void overlay	1323	9930	0	20	155	source_plane=1 shape=0 rot=0
terrain	void_overlay_no_floor_context	41	void overlay	1323	9931	0	20	155	source_plane=1 shape=0 rot=0
terrain	void_overlay_no_floor_context	41	void overlay	1323	9932	0	20	155	source_plane=1 shape=0 rot=0
terrain	void_overlay_no_floor_context	41	void overlay	1323	9933	0	20	155	source_plane=1 shape=0 rot=0
terrain	void_overlay_no_floor_context	41	void overlay	1323	9934	0	20	155	source_plane=1 shape=0 rot=0
terrain	void_overlay_no_floor_context	41	void overlay	1323	9935	0	20	155	source_plane=1 shape=0 rot=0
terrain	void_overlay_no_floor_context	41	void overlay	1323	9936	0	20	155	source_plane=1 shape=0 rot=0
terrain	void_overlay_no_floor_context	41	void overlay	1323	9937	0	20	155	source_plane=1 shape=0 rot=0
terrain	void_overlay_no_floor_context	41	void overlay	1323	9938	0	20	155	source_plane=1 shape=0 rot=0
terrain	void_overlay_no_floor_context	41	void overlay	1323	9939	0	20	155	source_plane=1 shape=0 rot=0
terrain	void_overlay_no_floor_context	41	void overlay	1323	9940	0	20	155	source_plane=1 shape=0 rot=0
terrain	void_overlay_no_floor_context	41	void overlay	1323	9941	0	20	155	source_plane=1 shape=0 rot=0
terrain	void_overlay_no_floor_context	41	void overlay	1323	9975	0	20	155	source_plane=1 shape=0 rot=0
terrain	void_overlay_no_floor_context	41	void overlay	1323	9976	0	20	155	source_plane=1 shape=0 rot=0
terrain	void_overlay_no_floor_context	41	void overlay	1323	9977	0	20	155	source_plane=1 shape=0 rot=0
terrain	void_overlay_no_floor_context	41	void overlay	1323	9978	0	20	155	source_plane=1 shape=0 rot=0
terrain	void_overlay_no_floor_context	41	void overlay	1323	9979	0	20	155	source_plane=1 shape=0 rot=0
terrain	void_overlay_no_floor_context	41	void overlay	1323	9980	0	20	155	source_plane=1 shape=0 rot=0
terrain	void_overlay_no_floor_context	41	void overlay	1323	9981	0	20	155	source_plane=1 shape=0 rot=0
terrain	void_overlay_no_floor_context	41	void overlay	1323	9982	0	20	155	source_plane=1 shape=0 rot=0
terrain	void_overlay_no_floor_context	41	void overlay	1323	9983	0	20	155	source_plane=1 shape=0 rot=0
terrain	void_overlay_no_floor_context	41	void overlay	1324	9920	0	20	155	source_plane=1 shape=0 rot=0
terrain	void_overlay_no_floor_context	41	void overlay	1324	9921	0	20	155	source_plane=1 shape=0 rot=0
terrain	void_overlay_no_floor_context	41	void overlay	1324	9922	0	20	155	source_plane=1 shape=0 rot=0
terrain	void_overlay_no_floor_context	41	void overlay	1324	9923	0	20	155	source_plane=1 shape=0 rot=0
terrain	void_overlay_no_floor_context	41	void overlay	1324	9924	0	20	155	source_plane=1 shape=0 rot=0
terrain	void_overlay_no_floor_context	41	void overlay	1324	9925	0	20	155	source_plane=1 shape=0 rot=0
terrain	void_overlay_no_floor_context	41	void overlay	1324	9926	0	20	155	source_plane=1 shape=0 rot=0
terrain	void_overlay_no_floor_context	41	void overlay	1324	9927	0	20	155	source_plane=1 shape=0 rot=0
terrain	void_overlay_no_floor_context	41	void overlay	1324	9928	0	20	155	source_plane=1 shape=0 rot=0
terrain	void_overlay_no_floor_context	41	void overlay	1324	9929	0	20	155	source_plane=1 shape=0 rot=0
terrain	void_overlay_no_floor_context	41	void overlay	1324	9930	0	20	155	source_plane=1 shape=0 rot=0
terrain	void_overlay_no_floor_context	41	void overlay	1324	9931	0	20	155	source_plane=1 shape=0 rot=0
terrain	void_overlay_no_floor_context	41	void overlay	1324	9932	0	20	155	source_plane=1 shape=0 rot=0
terrain	void_overlay_no_floor_context	41	void overlay	1324	9933	0	20	155	source_plane=1 shape=0 rot=0
terrain	void_overlay_no_floor_context	41	void overlay	1324	9934	0	20	155	source_plane=1 shape=0 rot=0
terrain	void_overlay_no_floor_context	41	void overlay	1324	9935	0	20	155	source_plane=1 shape=0 rot=0
terrain	void_overlay_no_floor_context	41	void overlay	1324	9936	0	20	155	source_plane=1 shape=0 rot=0
terrain	void_overlay_no_floor_context	41	void overlay	1324	9937	0	20	155	source_plane=1 shape=0 rot=0
terrain	void_overlay_no_floor_context	41	void overlay	1324	9938	0	20	155	source_plane=1 shape=0 rot=0
terrain	void_overlay_no_floor_context	41	void overlay	1324	9939	0	20	155	source_plane=1 shape=0 rot=0
terrain	void_overlay_no_floor_context	41	void overlay	1324	9940	0	20	155	source_plane=1 shape=0 rot=0
terrain	void_overlay_no_floor_context	41	void overlay	1324	9941	0	20	155	source_plane=1 shape=1 rot=0
terrain	void_overlay_no_floor_context	41	void overlay	1324	9975	0	20	155	source_plane=1 shape=1 rot=1
terrain	void_overlay_no_floor_context	41	void overlay	1324	9976	0	20	155	source_plane=1 shape=0 rot=0
terrain	void_overlay_no_floor_context	41	void overlay	1324	9977	0	20	155	source_plane=1 shape=0 rot=0
terrain	void_overlay_no_floor_context	41	void overlay	1324	9978	0	20	155	source_plane=1 shape=0 rot=0
terrain	void_overlay_no_floor_context	41	void overlay	1324	9979	0	20	155	source_plane=1 shape=0 rot=0
terrain	void_overlay_no_floor_context	41	void overlay	1324	9980	0	20	155	source_plane=1 shape=0 rot=0
terrain	void_overlay_no_floor_context	41	void overlay	1324	9981	0	20	155	source_plane=1 shape=0 rot=0
terrain	void_overlay_no_floor_context	41	void overlay	1324	9982	0	20	155	source_plane=1 shape=0 rot=0
terrain	void_overlay_no_floor_context	41	void overlay	1324	9983	0	20	155	source_plane=1 shape=0 rot=0
terrain	void_overlay_no_floor_context	41	void overlay	1325	9920	0	20	155	source_plane=1 shape=0 rot=0
terrain	void_overlay_no_floor_context	41	void overlay	1325	9921	0	20	155	source_plane=1 shape=0 rot=0
terrain	void_overlay_no_floor_context	41	void overlay	1325	9922	0	20	155	source_plane=1 shape=0 rot=0
terrain	void_overlay_no_floor_context	41	void overlay	1325	9923	0	20	155	source_plane=1 shape=0 rot=0
terrain	void_overlay_no_floor_context	41	void overlay	1325	9924	0	20	155	source_plane=1 shape=0 rot=0
terrain	void_overlay_no_floor_context	41	void overlay	1325	9925	0	20	155	source_plane=1 shape=0 rot=0
terrain	void_overlay_no_floor_context	41	void overlay	1325	9926	0	20	155	source_plane=1 shape=0 rot=0
terrain	void_overlay_no_floor_context	41	void overlay	1325	9927	0	20	155	source_plane=1 shape=0 rot=0
terrain	void_overlay_no_floor_context	41	void overlay	1325	9928	0	20	155	source_plane=1 shape=0 rot=0
terrain	void_overlay_no_floor_context	41	void overlay	1325	9929	0	20	155	source_plane=1 shape=0 rot=0
terrain	void_overlay_no_floor_context	41	void overlay	1325	9930	0	20	155	source_plane=1 shape=0 rot=0
terrain	void_overlay_no_floor_context	41	void overlay	1325	9931	0	20	155	source_plane=1 shape=0 rot=0
terrain	void_overlay_no_floor_context	41	void overlay	1325	9932	0	20	155	source_plane=1 shape=0 rot=0
terrain	void_overlay_no_floor_context	41	void overlay	1325	9933	0	20	155	source_plane=1 shape=0 rot=0
terrain	void_overlay_no_floor_context	41	void overlay	1325	9934	0	20	155	source_plane=1 shape=0 rot=0
terrain	void_overlay_no_floor_context	41	void overlay	1325	9935	0	20	155	source_plane=1 shape=0 rot=0
terrain	void_overlay_no_floor_context	41	void overlay	1325	9936	0	20	155	source_plane=1 shape=0 rot=0
terrain	void_overlay_no_floor_context	41	void overlay	1325	9937	0	20	155	source_plane=1 shape=0 rot=0
terrain	void_overlay_no_floor_context	41	void overlay	1325	9938	0	20	155	source_plane=1 shape=0 rot=0
terrain	void_overlay_no_floor_context	41	void overlay	1325	9939	0	20	155	source_plane=1 shape=0 rot=0
terrain	void_overlay_no_floor_context	41	void overlay	1325	9940	0	20	155	source_plane=1 shape=0 rot=0
terrain	void_overlay_no_floor_context	41	void overlay	1325	9976	0	20	155	source_plane=1 shape=0 rot=0
terrain	void_overlay_no_floor_context	41	void overlay	1325	9977	0	20	155	source_plane=1 shape=0 rot=0
terrain	void_overlay_no_floor_context	41	void overlay	1325	9978	0	20	155	source_plane=1 shape=0 rot=0
terrain	void_overlay_no_floor_context	41	void overlay	1325	9979	0	20	155	source_plane=1 shape=0 rot=0
terrain	void_overlay_no_floor_context	41	void overlay	1325	9980	0	20	155	source_plane=1 shape=0 rot=0
terrain	void_overlay_no_floor_context	41	void overlay	1325	9981	0	20	155	source_plane=1 shape=0 rot=0
terrain	void_overlay_no_floor_context	41	void overlay	1325	9982	0	20	155	source_plane=1 shape=0 rot=0
terrain	void_overlay_no_floor_context	41	void overlay	1325	9983	0	20	155	source_plane=1 shape=0 rot=0
terrain	void_overlay_no_floor_context	41	void overlay	1326	9920	0	20	155	source_plane=1 shape=0 rot=0
terrain	void_overlay_no_floor_context	41	void overlay	1326	9921	0	20	155	source_plane=1 shape=0 rot=0
terrain	void_overlay_no_floor_context	41	void overlay	1326	9922	0	20	155	source_plane=1 shape=0 rot=0
terrain	void_overlay_no_floor_context	41	void overlay	1326	9923	0	20	155	source_plane=1 shape=0 rot=0
terrain	void_overlay_no_floor_context	41	void overlay	1326	9924	0	20	155	source_plane=1 shape=0 rot=0
terrain	void_overlay_no_floor_context	41	void overlay	1326	9925	0	20	155	source_plane=1 shape=0 rot=0
terrain	void_overlay_no_floor_context	41	void overlay	1326	9926	0	20	155	source_plane=1 shape=0 rot=0
terrain	void_overlay_no_floor_context	41	void overlay	1326	9927	0	20	155	source_plane=1 shape=0 rot=0
terrain	void_overlay_no_floor_context	41	void overlay	1326	9928	0	20	155	source_plane=1 shape=0 rot=0
terrain	void_overlay_no_floor_context	41	void overlay	1326	9929	0	20	155	source_plane=1 shape=0 rot=0
terrain	void_overlay_no_floor_context	41	void overlay	1326	9930	0	20	155	source_plane=1 shape=0 rot=0
terrain	void_overlay_no_floor_context	41	void overlay	1326	9931	0	20	155	source_plane=1 shape=0 rot=0
terrain	void_overlay_no_floor_context	41	void overlay	1326	9932	0	20	155	source_plane=1 shape=0 rot=0
terrain	void_overlay_no_floor_context	41	void overlay	1326	9933	0	20	155	source_plane=1 shape=0 rot=0
terrain	void_overlay_no_floor_context	41	void overlay	1326	9934	0	20	155	source_plane=1 shape=0 rot=0
terrain	void_overlay_no_floor_context	41	void overlay	1326	9935	0	20	155	source_plane=1 shape=0 rot=0
terrain	void_overlay_no_floor_context	41	void overlay	1326	9936	0	20	155	source_plane=1 shape=0 rot=0
terrain	void_overlay_no_floor_context	41	void overlay	1326	9937	0	20	155	source_plane=1 shape=0 rot=0
terrain	void_overlay_no_floor_context	41	void overlay	1326	9938	0	20	155	source_plane=1 shape=0 rot=0
terrain	void_overlay_no_floor_context	41	void overlay	1326	9939	0	20	155	source_plane=1 shape=0 rot=0
terrain	void_overlay_no_floor_context	41	void overlay	1326	9940	0	20	155	source_plane=1 shape=0 rot=0
terrain	void_overlay_no_floor_context	41	void overlay	1326	9941	0	20	155	source_plane=1 shape=1 rot=3
terrain	void_overlay_no_floor_context	41	void overlay	1326	9976	0	20	155	source_plane=1 shape=0 rot=0
terrain	void_overlay_no_floor_context	41	void overlay	1326	9977	0	20	155	source_plane=1 shape=0 rot=0
terrain	void_overlay_no_floor_context	41	void overlay	1326	9978	0	20	155	source_plane=1 shape=0 rot=0
terrain	void_overlay_no_floor_context	41	void overlay	1326	9979	0	20	155	source_plane=1 shape=0 rot=0
terrain	void_overlay_no_floor_context	41	void overlay	1326	9980	0	20	155	source_plane=1 shape=0 rot=0
terrain	void_overlay_no_floor_context	41	void overlay	1326	9981	0	20	155	source_plane=1 shape=0 rot=0
terrain	void_overlay_no_floor_context	41	void overlay	1326	9982	0	20	155	source_plane=1 shape=0 rot=0
terrain	void_overlay_no_floor_context	41	void overlay	1326	9983	0	20	155	source_plane=1 shape=0 rot=0
terrain	void_overlay_no_floor_context	41	void overlay	1327	9920	0	20	155	source_plane=1 shape=0 rot=0
terrain	void_overlay_no_floor_context	41	void overlay	1327	9921	0	20	155	source_plane=1 shape=0 rot=0
terrain	void_overlay_no_floor_context	41	void overlay	1327	9922	0	20	155	source_plane=1 shape=0 rot=0
terrain	void_overlay_no_floor_context	41	void overlay	1327	9923	0	20	155	source_plane=1 shape=0 rot=0
terrain	void_overlay_no_floor_context	41	void overlay	1327	9924	0	20	155	source_plane=1 shape=0 rot=0
terrain	void_overlay_no_floor_context	41	void overlay	1327	9925	0	20	155	source_plane=1 shape=0 rot=0
terrain	void_overlay_no_floor_context	41	void overlay	1327	9926	0	20	155	source_plane=1 shape=0 rot=0
terrain	void_overlay_no_floor_context	41	void overlay	1327	9927	0	20	155	source_plane=1 shape=0 rot=0
terrain	void_overlay_no_floor_context	41	void overlay	1327	9928	0	20	155	source_plane=1 shape=0 rot=0
terrain	void_overlay_no_floor_context	41	void overlay	1327	9929	0	20	155	source_plane=1 shape=0 rot=0
terrain	void_overlay_no_floor_context	41	void overlay	1327	9930	0	20	155	source_plane=1 shape=0 rot=0
terrain	void_overlay_no_floor_context	41	void overlay	1327	9931	0	20	155	source_plane=1 shape=0 rot=0
terrain	void_overlay_no_floor_context	41	void overlay	1327	9932	0	20	155	source_plane=1 shape=0 rot=0
terrain	void_overlay_no_floor_context	41	void overlay	1327	9933	0	20	155	source_plane=1 shape=0 rot=0
terrain	void_overlay_no_floor_context	41	void overlay	1327	9934	0	20	155	source_plane=1 shape=0 rot=0
terrain	void_overlay_no_floor_context	41	void overlay	1327	9935	0	20	155	source_plane=1 shape=0 rot=0
terrain	void_overlay_no_floor_context	41	void overlay	1327	9936	0	20	155	source_plane=1 shape=0 rot=0
terrain	void_overlay_no_floor_context	41	void overlay	1327	9937	0	20	155	source_plane=1 shape=0 rot=0
terrain	void_overlay_no_floor_context	41	void overlay	1327	9938	0	20	155	source_plane=1 shape=0 rot=0
terrain	void_overlay_no_floor_context	41	void overlay	1327	9939	0	20	155	source_plane=1 shape=0 rot=0
terrain	void_overlay_no_floor_context	41	void overlay	1327	9940	0	20	155	source_plane=1 shape=0 rot=0
terrain	void_overlay_no_floor_context	41	void overlay	1327	9941	0	20	155	source_plane=1 shape=0 rot=0
terrain	void_overlay_no_floor_context	41	void overlay	1327	9942	0	20	155	source_plane=1 shape=0 rot=0
terrain	void_overlay_no_floor_context	41	void overlay	1327	9943	0	20	155	source_plane=1 shape=1 rot=3
terrain	void_overlay_no_floor_context	41	void overlay	1327	9975	0	20	155	source_plane=1 shape=1 rot=2
terrain	void_overlay_no_floor_context	41	void overlay	1327	9976	0	20	155	source_plane=1 shape=0 rot=0
terrain	void_overlay_no_floor_context	41	void overlay	1327	9977	0	20	155	source_plane=1 shape=0 rot=0
terrain	void_overlay_no_floor_context	41	void overlay	1327	9978	0	20	155	source_plane=1 shape=0 rot=0
terrain	void_overlay_no_floor_context	41	void overlay	1327	9979	0	20	155	source_plane=1 shape=0 rot=0
terrain	void_overlay_no_floor_context	41	void overlay	1327	9980	0	20	155	source_plane=1 shape=0 rot=0
terrain	void_overlay_no_floor_context	41	void overlay	1327	9981	0	20	155	source_plane=1 shape=0 rot=0
terrain	void_overlay_no_floor_context	41	void overlay	1327	9982	0	20	155	source_plane=1 shape=0 rot=0
terrain	void_overlay_no_floor_context	41	void overlay	1327	9983	0	20	155	source_plane=1 shape=0 rot=0
terrain	void_overlay_no_floor_context	41	void overlay	1328	9920	0	20	155	source_plane=1 shape=0 rot=0
terrain	void_overlay_no_floor_context	41	void overlay	1328	9921	0	20	155	source_plane=1 shape=0 rot=0
terrain	void_overlay_no_floor_context	41	void overlay	1328	9922	0	20	155	source_plane=1 shape=0 rot=0
terrain	void_overlay_no_floor_context	41	void overlay	1328	9923	0	20	155	source_plane=1 shape=0 rot=0
terrain	void_overlay_no_floor_context	41	void overlay	1328	9924	0	20	155	source_plane=1 shape=0 rot=0
terrain	void_overlay_no_floor_context	41	void overlay	1328	9925	0	20	155	source_plane=1 shape=0 rot=0
terrain	void_overlay_no_floor_context	41	void overlay	1328	9926	0	20	155	source_plane=1 shape=0 rot=0
terrain	void_overlay_no_floor_context	41	void overlay	1328	9927	0	20	155	source_plane=1 shape=0 rot=0
terrain	void_overlay_no_floor_context	41	void overlay	1328	9928	0	20	155	source_plane=1 shape=0 rot=0
terrain	void_overlay_no_floor_context	41	void overlay	1328	9929	0	20	155	source_plane=1 shape=0 rot=0
terrain	void_overlay_no_floor_context	41	void overlay	1328	9930	0	20	155	source_plane=1 shape=0 rot=0
terrain	void_overlay_no_floor_context	41	void overlay	1328	9931	0	20	155	source_plane=1 shape=0 rot=0
terrain	void_overlay_no_floor_context	41	void overlay	1328	9932	0	20	155	source_plane=1 shape=0 rot=0
terrain	void_overlay_no_floor_context	41	void overlay	1328	9933	0	20	155	source_plane=1 shape=0 rot=0
terrain	void_overlay_no_floor_context	41	void overlay	1328	9934	0	20	155	source_plane=1 shape=0 rot=0
terrain	void_overlay_no_floor_context	41	void overlay	1328	9935	0	20	155	source_plane=1 shape=0 rot=0
terrain	void_overlay_no_floor_context	41	void overlay	1328	9936	0	20	155	source_plane=1 shape=0 rot=0
terrain	void_overlay_no_floor_context	41	void overlay	1328	9937	0	20	155	source_plane=1 shape=0 rot=0
terrain	void_overlay_no_floor_context	41	void overlay	1328	9938	0	20	155	source_plane=1 shape=0 rot=0
terrain	void_overlay_no_floor_context	41	void overlay	1328	9939	0	20	155	source_plane=1 shape=0 rot=0
terrain	void_overlay_no_floor_context	41	void overlay	1328	9940	0	20	155	source_plane=1 shape=0 rot=0
terrain	void_overlay_no_floor_context	41	void overlay	1328	9941	0	20	155	source_plane=1 shape=0 rot=0
terrain	void_overlay_no_floor_context	41	void overlay	1328	9942	0	20	155	source_plane=1 shape=0 rot=0
terrain	void_overlay_no_floor_context	41	void overlay	1328	9943	0	20	155	source_plane=1 shape=0 rot=0
terrain	void_overlay_no_floor_context	41	void overlay	1328	9975	0	20	155	source_plane=1 shape=0 rot=0
terrain	void_overlay_no_floor_context	41	void overlay	1328	9976	0	20	155	source_plane=1 shape=0 rot=0
terrain	void_overlay_no_floor_context	41	void overlay	1328	9977	0	20	155	source_plane=1 shape=0 rot=0
terrain	void_overlay_no_floor_context	41	void overlay	1328	9978	0	20	155	source_plane=1 shape=0 rot=0
terrain	void_overlay_no_floor_context	41	void overlay	1328	9979	0	20	155	source_plane=1 shape=0 rot=0
terrain	void_overlay_no_floor_context	41	void overlay	1328	9980	0	20	155	source_plane=1 shape=0 rot=0
terrain	void_overlay_no_floor_context	41	void overlay	1328	9981	0	20	155	source_plane=1 shape=0 rot=0
terrain	void_overlay_no_floor_context	41	void overlay	1328	9982	0	20	155	source_plane=1 shape=0 rot=0
terrain	void_overlay_no_floor_context	41	void overlay	1328	9983	0	20	155	source_plane=1 shape=0 rot=0
terrain	void_overlay_no_floor_context	41	void overlay	1329	9920	0	20	155	source_plane=1 shape=0 rot=0
terrain	void_overlay_no_floor_context	41	void overlay	1329	9921	0	20	155	source_plane=1 shape=0 rot=0
terrain	void_overlay_no_floor_context	41	void overlay	1329	9922	0	20	155	source_plane=1 shape=0 rot=0
terrain	void_overlay_no_floor_context	41	void overlay	1329	9923	0	20	155	source_plane=1 shape=0 rot=0
terrain	void_overlay_no_floor_context	41	void overlay	1329	9924	0	20	155	source_plane=1 shape=0 rot=0
terrain	void_overlay_no_floor_context	41	void overlay	1329	9925	0	20	155	source_plane=1 shape=0 rot=0
terrain	void_overlay_no_floor_context	41	void overlay	1329	9926	0	20	155	source_plane=1 shape=0 rot=0
terrain	void_overlay_no_floor_context	41	void overlay	1329	9927	0	20	155	source_plane=1 shape=0 rot=0
terrain	void_overlay_no_floor_context	41	void overlay	1329	9928	0	20	155	source_plane=1 shape=0 rot=0
terrain	void_overlay_no_floor_context	41	void overlay	1329	9929	0	20	155	source_plane=1 shape=0 rot=0
terrain	void_overlay_no_floor_context	41	void overlay	1329	9930	0	20	155	source_plane=1 shape=0 rot=0
terrain	void_overlay_no_floor_context	41	void overlay	1329	9931	0	20	155	source_plane=1 shape=0 rot=0
terrain	void_overlay_no_floor_context	41	void overlay	1329	9932	0	20	155	source_plane=1 shape=0 rot=0
terrain	void_overlay_no_floor_context	41	void overlay	1329	9933	0	20	155	source_plane=1 shape=0 rot=0
terrain	void_overlay_no_floor_context	41	void overlay	1329	9934	0	20	155	source_plane=1 shape=0 rot=0
terrain	void_overlay_no_floor_context	41	void overlay	1329	9935	0	20	155	source_plane=1 shape=0 rot=0
terrain	void_overlay_no_floor_context	41	void overlay	1329	9936	0	20	155	source_plane=1 shape=0 rot=0
terrain	void_overlay_no_floor_context	41	void overlay	1329	9937	0	20	155	source_plane=1 shape=0 rot=0
terrain	void_overlay_no_floor_context	41	void overlay	1329	9938	0	20	155	source_plane=1 shape=0 rot=0
terrain	void_overlay_no_floor_context	41	void overlay	1329	9939	0	20	155	source_plane=1 shape=0 rot=0
terrain	void_overlay_no_floor_context	41	void overlay	1329	9940	0	20	155	source_plane=1 shape=0 rot=0
terrain	void_overlay_no_floor_context	41	void overlay	1329	9941	0	20	155	source_plane=1 shape=0 rot=0
terrain	void_overlay_no_floor_context	41	void overlay	1329	9942	0	20	155	source_plane=1 shape=0 rot=0
terrain	void_overlay_no_floor_context	41	void overlay	1329	9943	0	20	155	source_plane=1 shape=0 rot=0
terrain	void_overlay_no_floor_context	41	void overlay	1329	9975	0	20	155	source_plane=1 shape=1 rot=1
terrain	void_overlay_no_floor_context	41	void overlay	1329	9976	0	20	155	source_plane=1 shape=0 rot=0
terrain	void_overlay_no_floor_context	41	void overlay	1329	9977	0	20	155	source_plane=1 shape=0 rot=0
terrain	void_overlay_no_floor_context	41	void overlay	1329	9978	0	20	155	source_plane=1 shape=0 rot=0
terrain	void_overlay_no_floor_context	41	void overlay	1329	9979	0	20	155	source_plane=1 shape=0 rot=0
terrain	void_overlay_no_floor_context	41	void overlay	1329	9980	0	20	155	source_plane=1 shape=0 rot=0
terrain	void_overlay_no_floor_context	41	void overlay	1329	9981	0	20	155	source_plane=1 shape=0 rot=0
terrain	void_overlay_no_floor_context	41	void overlay	1329	9982	0	20	155	source_plane=1 shape=0 rot=0
terrain	void_overlay_no_floor_context	41	void overlay	1329	9983	0	20	155	source_plane=1 shape=0 rot=0
terrain	void_overlay_no_floor_context	41	void overlay	1330	9920	0	20	155	source_plane=1 shape=0 rot=0
terrain	void_overlay_no_floor_context	41	void overlay	1330	9921	0	20	155	source_plane=1 shape=0 rot=0
terrain	void_overlay_no_floor_context	41	void overlay	1330	9922	0	20	155	source_plane=1 shape=0 rot=0
terrain	void_overlay_no_floor_context	41	void overlay	1330	9923	0	20	155	source_plane=1 shape=0 rot=0
terrain	void_overlay_no_floor_context	41	void overlay	1330	9924	0	20	155	source_plane=1 shape=0 rot=0
terrain	void_overlay_no_floor_context	41	void overlay	1330	9925	0	20	155	source_plane=1 shape=0 rot=0
terrain	void_overlay_no_floor_context	41	void overlay	1330	9926	0	20	155	source_plane=1 shape=0 rot=0
terrain	void_overlay_no_floor_context	41	void overlay	1330	9927	0	20	155	source_plane=1 shape=0 rot=0
terrain	void_overlay_no_floor_context	41	void overlay	1330	9928	0	20	155	source_plane=1 shape=0 rot=0
terrain	void_overlay_no_floor_context	41	void overlay	1330	9929	0	20	155	source_plane=1 shape=0 rot=0
terrain	void_overlay_no_floor_context	41	void overlay	1330	9930	0	20	155	source_plane=1 shape=0 rot=0
terrain	void_overlay_no_floor_context	41	void overlay	1330	9931	0	20	155	source_plane=1 shape=0 rot=0
terrain	void_overlay_no_floor_context	41	void overlay	1330	9932	0	20	155	source_plane=1 shape=0 rot=0
terrain	void_overlay_no_floor_context	41	void overlay	1330	9933	0	20	155	source_plane=1 shape=0 rot=0
terrain	void_overlay_no_floor_context	41	void overlay	1330	9934	0	20	155	source_plane=1 shape=0 rot=0
terrain	void_overlay_no_floor_context	41	void overlay	1330	9935	0	20	155	source_plane=1 shape=0 rot=0
terrain	void_overlay_no_floor_context	41	void overlay	1330	9936	0	20	155	source_plane=1 shape=0 rot=0
terrain	void_overlay_no_floor_context	41	void overlay	1330	9937	0	20	155	source_plane=1 shape=0 rot=0
terrain	void_overlay_no_floor_context	41	void overlay	1330	9938	0	20	155	source_plane=1 shape=0 rot=0
terrain	void_overlay_no_floor_context	41	void overlay	1330	9939	0	20	155	source_plane=1 shape=0 rot=0
terrain	void_overlay_no_floor_context	41	void overlay	1330	9940	0	20	155	source_plane=1 shape=0 rot=0
terrain	void_overlay_no_floor_context	41	void overlay	1330	9941	0	20	155	source_plane=1 shape=0 rot=0
terrain	void_overlay_no_floor_context	41	void overlay	1330	9942	0	20	155	source_plane=1 shape=0 rot=0
terrain	void_overlay_no_floor_context	41	void overlay	1330	9943	0	20	155	source_plane=1 shape=0 rot=0
terrain	void_overlay_no_floor_context	41	void overlay	1330	9976	0	20	155	source_plane=1 shape=0 rot=0
terrain	void_overlay_no_floor_context	41	void overlay	1330	9977	0	20	155	source_plane=1 shape=0 rot=0
terrain	void_overlay_no_floor_context	41	void overlay	1330	9978	0	20	155	source_plane=1 shape=0 rot=0
terrain	void_overlay_no_floor_context	41	void overlay	1330	9979	0	20	155	source_plane=1 shape=0 rot=0
terrain	void_overlay_no_floor_context	41	void overlay	1330	9980	0	20	155	source_plane=1 shape=0 rot=0
terrain	void_overlay_no_floor_context	41	void overlay	1330	9981	0	20	155	source_plane=1 shape=0 rot=0
terrain	void_overlay_no_floor_context	41	void overlay	1330	9982	0	20	155	source_plane=1 shape=0 rot=0
terrain	void_overlay_no_floor_context	41	void overlay	1330	9983	0	20	155	source_plane=1 shape=0 rot=0
terrain	void_overlay_no_floor_context	41	void overlay	1331	9920	0	20	155	source_plane=1 shape=0 rot=0
terrain	void_overlay_no_floor_context	41	void overlay	1331	9921	0	20	155	source_plane=1 shape=0 rot=0
terrain	void_overlay_no_floor_context	41	void overlay	1331	9922	0	20	155	source_plane=1 shape=0 rot=0
terrain	void_overlay_no_floor_context	41	void overlay	1331	9923	0	20	155	source_plane=1 shape=0 rot=0
terrain	void_overlay_no_floor_context	41	void overlay	1331	9924	0	20	155	source_plane=1 shape=0 rot=0
terrain	void_overlay_no_floor_context	41	void overlay	1331	9925	0	20	155	source_plane=1 shape=0 rot=0
terrain	void_overlay_no_floor_context	41	void overlay	1331	9926	0	20	155	source_plane=1 shape=0 rot=0
terrain	void_overlay_no_floor_context	41	void overlay	1331	9927	0	20	155	source_plane=1 shape=0 rot=0
terrain	void_overlay_no_floor_context	41	void overlay	1331	9928	0	20	155	source_plane=1 shape=0 rot=0
terrain	void_overlay_no_floor_context	41	void overlay	1331	9929	0	20	155	source_plane=1 shape=0 rot=0
terrain	void_overlay_no_floor_context	41	void overlay	1331	9930	0	20	155	source_plane=1 shape=0 rot=0
terrain	void_overlay_no_floor_context	41	void overlay	1331	9931	0	20	155	source_plane=1 shape=0 rot=0
terrain	void_overlay_no_floor_context	41	void overlay	1331	9932	0	20	155	source_plane=1 shape=0 rot=0
terrain	void_overlay_no_floor_context	41	void overlay	1331	9933	0	20	155	source_plane=1 shape=0 rot=0
terrain	void_overlay_no_floor_context	41	void overlay	1331	9934	0	20	155	source_plane=1 shape=0 rot=0
terrain	void_overlay_no_floor_context	41	void overlay	1331	9935	0	20	155	source_plane=1 shape=0 rot=0
terrain	void_overlay_no_floor_context	41	void overlay	1331	9936	0	20	155	source_plane=1 shape=0 rot=0
terrain	void_overlay_no_floor_context	41	void overlay	1331	9937	0	20	155	source_plane=1 shape=0 rot=0
terrain	void_overlay_no_floor_context	41	void overlay	1331	9938	0	20	155	source_plane=1 shape=0 rot=0
terrain	void_overlay_no_floor_context	41	void overlay	1331	9939	0	20	155	source_plane=1 shape=0 rot=0
terrain	void_overlay_no_floor_context	41	void overlay	1331	9940	0	20	155	source_plane=1 shape=0 rot=0
terrain	void_overlay_no_floor_context	41	void overlay	1331	9941	0	20	155	source_plane=1 shape=0 rot=0
terrain	void_overlay_no_floor_context	41	void overlay	1331	9942	0	20	155	source_plane=1 shape=0 rot=0
terrain	void_overlay_no_floor_context	41	void overlay	1331	9943	0	20	155	source_plane=1 shape=0 rot=0
terrain	void_overlay_no_floor_context	41	void overlay	1331	9944	0	20	155	source_plane=1 shape=1 rot=3
terrain	void_overlay_no_floor_context	41	void overlay	1331	9976	0	20	155	source_plane=1 shape=0 rot=0
terrain	void_overlay_no_floor_context	41	void overlay	1331	9977	0	20	155	source_plane=1 shape=0 rot=0
terrain	void_overlay_no_floor_context	41	void overlay	1331	9978	0	20	155	source_plane=1 shape=0 rot=0
terrain	void_overlay_no_floor_context	41	void overlay	1331	9979	0	20	155	source_plane=1 shape=0 rot=0
terrain	void_overlay_no_floor_context	41	void overlay	1331	9980	0	20	155	source_plane=1 shape=0 rot=0
terrain	void_overlay_no_floor_context	41	void overlay	1331	9981	0	20	155	source_plane=1 shape=0 rot=0
terrain	void_overlay_no_floor_context	41	void overlay	1331	9982	0	20	155	source_plane=1 shape=0 rot=0
terrain	void_overlay_no_floor_context	41	void overlay	1331	9983	0	20	155	source_plane=1 shape=0 rot=0
terrain	void_overlay_no_floor_context	41	void overlay	1332	9920	0	20	155	source_plane=1 shape=0 rot=0
terrain	void_overlay_no_floor_context	41	void overlay	1332	9921	0	20	155	source_plane=1 shape=0 rot=0
terrain	void_overlay_no_floor_context	41	void overlay	1332	9922	0	20	155	source_plane=1 shape=0 rot=0
terrain	void_overlay_no_floor_context	41	void overlay	1332	9923	0	20	155	source_plane=1 shape=0 rot=0
terrain	void_overlay_no_floor_context	41	void overlay	1332	9924	0	20	155	source_plane=1 shape=0 rot=0
terrain	void_overlay_no_floor_context	41	void overlay	1332	9925	0	20	155	source_plane=1 shape=0 rot=0
terrain	void_overlay_no_floor_context	41	void overlay	1332	9926	0	20	155	source_plane=1 shape=0 rot=0
terrain	void_overlay_no_floor_context	41	void overlay	1332	9927	0	20	155	source_plane=1 shape=0 rot=0
terrain	void_overlay_no_floor_context	41	void overlay	1332	9928	0	20	155	source_plane=1 shape=0 rot=0
terrain	void_overlay_no_floor_context	41	void overlay	1332	9929	0	20	155	source_plane=1 shape=0 rot=0
terrain	void_overlay_no_floor_context	41	void overlay	1332	9930	0	20	155	source_plane=1 shape=0 rot=0
terrain	void_overlay_no_floor_context	41	void overlay	1332	9931	0	20	155	source_plane=1 shape=0 rot=0
terrain	void_overlay_no_floor_context	41	void overlay	1332	9932	0	20	155	source_plane=1 shape=0 rot=0
terrain	void_overlay_no_floor_context	41	void overlay	1332	9933	0	20	155	source_plane=1 shape=0 rot=0
terrain	void_overlay_no_floor_context	41	void overlay	1332	9934	0	20	155	source_plane=1 shape=0 rot=0
terrain	void_overlay_no_floor_context	41	void overlay	1332	9935	0	20	155	source_plane=1 shape=0 rot=0
terrain	void_overlay_no_floor_context	41	void overlay	1332	9936	0	20	155	source_plane=1 shape=0 rot=0
terrain	void_overlay_no_floor_context	41	void overlay	1332	9937	0	20	155	source_plane=1 shape=0 rot=0
terrain	void_overlay_no_floor_context	41	void overlay	1332	9938	0	20	155	source_plane=1 shape=0 rot=0
terrain	void_overlay_no_floor_context	41	void overlay	1332	9939	0	20	155	source_plane=1 shape=0 rot=0
terrain	void_overlay_no_floor_context	41	void overlay	1332	9940	0	20	155	source_plane=1 shape=0 rot=0
terrain	void_overlay_no_floor_context	41	void overlay	1332	9941	0	20	155	source_plane=1 shape=0 rot=0
terrain	void_overlay_no_floor_context	41	void overlay	1332	9942	0	20	155	source_plane=1 shape=0 rot=0
terrain	void_overlay_no_floor_context	41	void overlay	1332	9943	0	20	155	source_plane=1 shape=0 rot=0
terrain	void_overlay_no_floor_context	41	void overlay	1332	9944	0	20	155	source_plane=1 shape=0 rot=0
terrain	void_overlay_no_floor_context	41	void overlay	1332	9945	0	20	155	source_plane=1 shape=1 rot=3
terrain	void_overlay_no_floor_context	41	void overlay	1332	9953	0	20	155	source_plane=1 shape=1 rot=2
terrain	void_overlay_no_floor_context	41	void overlay	1332	9954	0	20	155	source_plane=1 shape=0 rot=0
terrain	void_overlay_no_floor_context	41	void overlay	1332	9955	0	20	155	source_plane=1 shape=0 rot=0
terrain	void_overlay_no_floor_context	41	void overlay	1332	9956	0	20	155	source_plane=1 shape=1 rot=3
terrain	void_overlay_no_floor_context	41	void overlay	1332	9976	0	20	155	source_plane=1 shape=0 rot=0
terrain	void_overlay_no_floor_context	41	void overlay	1332	9977	0	20	155	source_plane=1 shape=0 rot=0
terrain	void_overlay_no_floor_context	41	void overlay	1332	9978	0	20	155	source_plane=1 shape=0 rot=0
terrain	void_overlay_no_floor_context	41	void overlay	1332	9979	0	20	155	source_plane=1 shape=0 rot=0
terrain	void_overlay_no_floor_context	41	void overlay	1332	9980	0	20	155	source_plane=1 shape=0 rot=0
terrain	void_overlay_no_floor_context	41	void overlay	1332	9981	0	20	155	source_plane=1 shape=0 rot=0
terrain	void_overlay_no_floor_context	41	void overlay	1332	9982	0	20	155	source_plane=1 shape=0 rot=0
terrain	void_overlay_no_floor_context	41	void overlay	1332	9983	0	20	155	source_plane=1 shape=0 rot=0
terrain	void_overlay_no_floor_context	41	void overlay	1333	9920	0	20	155	source_plane=1 shape=0 rot=0
terrain	void_overlay_no_floor_context	41	void overlay	1333	9921	0	20	155	source_plane=1 shape=0 rot=0
terrain	void_overlay_no_floor_context	41	void overlay	1333	9922	0	20	155	source_plane=1 shape=0 rot=0
terrain	void_overlay_no_floor_context	41	void overlay	1333	9923	0	20	155	source_plane=1 shape=0 rot=0
terrain	void_overlay_no_floor_context	41	void overlay	1333	9924	0	20	155	source_plane=1 shape=0 rot=0
terrain	void_overlay_no_floor_context	41	void overlay	1333	9925	0	20	155	source_plane=1 shape=0 rot=0
terrain	void_overlay_no_floor_context	41	void overlay	1333	9926	0	20	155	source_plane=1 shape=0 rot=0
terrain	void_overlay_no_floor_context	41	void overlay	1333	9927	0	20	155	source_plane=1 shape=0 rot=0
terrain	void_overlay_no_floor_context	41	void overlay	1333	9928	0	20	155	source_plane=1 shape=0 rot=0
terrain	void_overlay_no_floor_context	41	void overlay	1333	9929	0	20	155	source_plane=1 shape=0 rot=0
terrain	void_overlay_no_floor_context	41	void overlay	1333	9930	0	20	155	source_plane=1 shape=0 rot=0
terrain	void_overlay_no_floor_context	41	void overlay	1333	9931	0	20	155	source_plane=1 shape=0 rot=0
terrain	void_overlay_no_floor_context	41	void overlay	1333	9932	0	20	155	source_plane=1 shape=0 rot=0
terrain	void_overlay_no_floor_context	41	void overlay	1333	9933	0	20	155	source_plane=1 shape=0 rot=0
terrain	void_overlay_no_floor_context	41	void overlay	1333	9934	0	20	155	source_plane=1 shape=0 rot=0
terrain	void_overlay_no_floor_context	41	void overlay	1333	9935	0	20	155	source_plane=1 shape=0 rot=0
terrain	void_overlay_no_floor_context	41	void overlay	1333	9936	0	20	155	source_plane=1 shape=0 rot=0
terrain	void_overlay_no_floor_context	41	void overlay	1333	9937	0	20	155	source_plane=1 shape=0 rot=0
terrain	void_overlay_no_floor_context	41	void overlay	1333	9938	0	20	155	source_plane=1 shape=0 rot=0
terrain	void_overlay_no_floor_context	41	void overlay	1333	9939	0	20	155	source_plane=1 shape=0 rot=0
terrain	void_overlay_no_floor_context	41	void overlay	1333	9940	0	20	155	source_plane=1 shape=0 rot=0
terrain	void_overlay_no_floor_context	41	void overlay	1333	9941	0	20	155	source_plane=1 shape=0 rot=0
terrain	void_overlay_no_floor_context	41	void overlay	1333	9942	0	20	155	source_plane=1 shape=0 rot=0
terrain	void_overlay_no_floor_context	41	void overlay	1333	9943	0	20	155	source_plane=1 shape=0 rot=0
terrain	void_overlay_no_floor_context	41	void overlay	1333	9944	0	20	155	source_plane=1 shape=0 rot=0
terrain	void_overlay_no_floor_context	41	void overlay	1333	9945	0	20	155	source_plane=1 shape=0 rot=0
terrain	void_overlay_no_floor_context	41	void overlay	1333	9946	0	20	155	source_plane=1 shape=0 rot=0
terrain	void_overlay_no_floor_context	41	void overlay	1333	9947	0	20	155	source_plane=1 shape=0 rot=0
terrain	void_overlay_no_floor_context	41	void overlay	1333	9948	0	20	155	source_plane=1 shape=1 rot=3
terrain	void_overlay_no_floor_context	41	void overlay	1333	9952	0	20	155	source_plane=1 shape=1 rot=2
terrain	void_overlay_no_floor_context	41	void overlay	1333	9953	0	20	155	source_plane=1 shape=0 rot=0
terrain	void_overlay_no_floor_context	41	void overlay	1333	9954	0	20	155	source_plane=1 shape=0 rot=0
terrain	void_overlay_no_floor_context	41	void overlay	1333	9955	0	20	155	source_plane=1 shape=0 rot=0
terrain	void_overlay_no_floor_context	41	void overlay	1333	9956	0	20	155	source_plane=1 shape=0 rot=0
terrain	void_overlay_no_floor_context	41	void overlay	1333	9957	0	20	155	source_plane=1 shape=0 rot=0
terrain	void_overlay_no_floor_context	41	void overlay	1333	9958	0	20	155	source_plane=1 shape=1 rot=3
terrain	void_overlay_no_floor_context	41	void overlay	1333	9976	0	20	155	source_plane=1 shape=0 rot=0
terrain	void_overlay_no_floor_context	41	void overlay	1333	9977	0	20	155	source_plane=1 shape=0 rot=0
terrain	void_overlay_no_floor_context	41	void overlay	1333	9978	0	20	155	source_plane=1 shape=0 rot=0
terrain	void_overlay_no_floor_context	41	void overlay	1333	9979	0	20	155	source_plane=1 shape=0 rot=0
terrain	void_overlay_no_floor_context	41	void overlay	1333	9980	0	20	155	source_plane=1 shape=0 rot=0
terrain	void_overlay_no_floor_context	41	void overlay	1333	9981	0	20	155	source_plane=1 shape=0 rot=0
terrain	void_overlay_no_floor_context	41	void overlay	1333	9982	0	20	155	source_plane=1 shape=0 rot=0
terrain	void_overlay_no_floor_context	41	void overlay	1333	9983	0	20	155	source_plane=1 shape=0 rot=0
terrain	void_overlay_no_floor_context	41	void overlay	1334	9920	0	20	155	source_plane=1 shape=0 rot=0
terrain	void_overlay_no_floor_context	41	void overlay	1334	9921	0	20	155	source_plane=1 shape=0 rot=0
terrain	void_overlay_no_floor_context	41	void overlay	1334	9922	0	20	155	source_plane=1 shape=0 rot=0
terrain	void_overlay_no_floor_context	41	void overlay	1334	9923	0	20	155	source_plane=1 shape=0 rot=0
terrain	void_overlay_no_floor_context	41	void overlay	1334	9924	0	20	155	source_plane=1 shape=0 rot=0
terrain	void_overlay_no_floor_context	41	void overlay	1334	9925	0	20	155	source_plane=1 shape=0 rot=0
terrain	void_overlay_no_floor_context	41	void overlay	1334	9926	0	20	155	source_plane=1 shape=0 rot=0
terrain	void_overlay_no_floor_context	41	void overlay	1334	9927	0	20	155	source_plane=1 shape=0 rot=0
terrain	void_overlay_no_floor_context	41	void overlay	1334	9928	0	20	155	source_plane=1 shape=0 rot=0
terrain	void_overlay_no_floor_context	41	void overlay	1334	9929	0	20	155	source_plane=1 shape=0 rot=0
terrain	void_overlay_no_floor_context	41	void overlay	1334	9930	0	20	155	source_plane=1 shape=0 rot=0
terrain	void_overlay_no_floor_context	41	void overlay	1334	9931	0	20	155	source_plane=1 shape=0 rot=0
terrain	void_overlay_no_floor_context	41	void overlay	1334	9932	0	20	155	source_plane=1 shape=0 rot=0
terrain	void_overlay_no_floor_context	41	void overlay	1334	9933	0	20	155	source_plane=1 shape=0 rot=0
terrain	void_overlay_no_floor_context	41	void overlay	1334	9934	0	20	155	source_plane=1 shape=0 rot=0
terrain	void_overlay_no_floor_context	41	void overlay	1334	9935	0	20	155	source_plane=1 shape=0 rot=0
terrain	void_overlay_no_floor_context	41	void overlay	1334	9936	0	20	155	source_plane=1 shape=0 rot=0
terrain	void_overlay_no_floor_context	41	void overlay	1334	9937	0	20	155	source_plane=1 shape=0 rot=0
terrain	void_overlay_no_floor_context	41	void overlay	1334	9938	0	20	155	source_plane=1 shape=0 rot=0
terrain	void_overlay_no_floor_context	41	void overlay	1334	9939	0	20	155	source_plane=1 shape=0 rot=0
terrain	void_overlay_no_floor_context	41	void overlay	1334	9940	0	20	155	source_plane=1 shape=0 rot=0
terrain	void_overlay_no_floor_context	41	void overlay	1334	9941	0	20	155	source_plane=1 shape=0 rot=0
terrain	void_overlay_no_floor_context	41	void overlay	1334	9942	0	20	155	source_plane=1 shape=0 rot=0
terrain	void_overlay_no_floor_context	41	void overlay	1334	9943	0	20	155	source_plane=1 shape=0 rot=0
terrain	void_overlay_no_floor_context	41	void overlay	1334	9944	0	20	155	source_plane=1 shape=0 rot=0
terrain	void_overlay_no_floor_context	41	void overlay	1334	9945	0	20	155	source_plane=1 shape=0 rot=0
terrain	void_overlay_no_floor_context	41	void overlay	1334	9946	0	20	155	source_plane=1 shape=0 rot=0
terrain	void_overlay_no_floor_context	41	void overlay	1334	9947	0	20	155	source_plane=1 shape=0 rot=0
terrain	void_overlay_no_floor_context	41	void overlay	1334	9948	0	20	155	source_plane=1 shape=0 rot=0
terrain	void_overlay_no_floor_context	41	void overlay	1334	9949	0	20	155	source_plane=1 shape=0 rot=0
terrain	void_overlay_no_floor_context	41	void overlay	1334	9950	0	20	155	source_plane=1 shape=0 rot=0
terrain	void_overlay_no_floor_context	41	void overlay	1334	9951	0	20	155	source_plane=1 shape=0 rot=0
terrain	void_overlay_no_floor_context	41	void overlay	1334	9952	0	20	155	source_plane=1 shape=0 rot=0
terrain	void_overlay_no_floor_context	41	void overlay	1334	9953	0	20	155	source_plane=1 shape=0 rot=0
terrain	void_overlay_no_floor_context	41	void overlay	1334	9954	0	20	155	source_plane=1 shape=0 rot=0
terrain	void_overlay_no_floor_context	41	void overlay	1334	9955	0	20	155	source_plane=1 shape=0 rot=0
terrain	void_overlay_no_floor_context	41	void overlay	1334	9956	0	20	155	source_plane=1 shape=0 rot=0
terrain	void_overlay_no_floor_context	41	void overlay	1334	9957	0	20	155	source_plane=1 shape=0 rot=0
terrain	void_overlay_no_floor_context	41	void overlay	1334	9958	0	20	155	source_plane=1 shape=0 rot=0
terrain	void_overlay_no_floor_context	41	void overlay	1334	9976	0	20	155	source_plane=1 shape=0 rot=0
terrain	void_overlay_no_floor_context	41	void overlay	1334	9977	0	20	155	source_plane=1 shape=0 rot=0
terrain	void_overlay_no_floor_context	41	void overlay	1334	9978	0	20	155	source_plane=1 shape=0 rot=0
terrain	void_overlay_no_floor_context	41	void overlay	1334	9979	0	20	155	source_plane=1 shape=0 rot=0
terrain	void_overlay_no_floor_context	41	void overlay	1334	9980	0	20	155	source_plane=1 shape=0 rot=0
terrain	void_overlay_no_floor_context	41	void overlay	1334	9981	0	20	155	source_plane=1 shape=0 rot=0
terrain	void_overlay_no_floor_context	41	void overlay	1334	9982	0	20	155	source_plane=1 shape=0 rot=0
terrain	void_overlay_no_floor_context	41	void overlay	1334	9983	0	20	155	source_plane=1 shape=0 rot=0
terrain	void_overlay_no_floor_context	41	void overlay	1335	9920	0	20	155	source_plane=1 shape=0 rot=0
terrain	void_overlay_no_floor_context	41	void overlay	1335	9921	0	20	155	source_plane=1 shape=0 rot=0
terrain	void_overlay_no_floor_context	41	void overlay	1335	9922	0	20	155	source_plane=1 shape=0 rot=0
terrain	void_overlay_no_floor_context	41	void overlay	1335	9923	0	20	155	source_plane=1 shape=0 rot=0
terrain	void_overlay_no_floor_context	41	void overlay	1335	9924	0	20	155	source_plane=1 shape=0 rot=0
terrain	void_overlay_no_floor_context	41	void overlay	1335	9925	0	20	155	source_plane=1 shape=0 rot=0
terrain	void_overlay_no_floor_context	41	void overlay	1335	9926	0	20	155	source_plane=1 shape=0 rot=0
terrain	void_overlay_no_floor_context	41	void overlay	1335	9927	0	20	155	source_plane=1 shape=0 rot=0
terrain	void_overlay_no_floor_context	41	void overlay	1335	9928	0	20	155	source_plane=1 shape=0 rot=0
terrain	void_overlay_no_floor_context	41	void overlay	1335	9929	0	20	155	source_plane=1 shape=0 rot=0
terrain	void_overlay_no_floor_context	41	void overlay	1335	9930	0	20	155	source_plane=1 shape=0 rot=0
terrain	void_overlay_no_floor_context	41	void overlay	1335	9931	0	20	155	source_plane=1 shape=0 rot=0
terrain	void_overlay_no_floor_context	41	void overlay	1335	9932	0	20	155	source_plane=1 shape=0 rot=0
terrain	void_overlay_no_floor_context	41	void overlay	1335	9933	0	20	155	source_plane=1 shape=0 rot=0
terrain	void_overlay_no_floor_context	41	void overlay	1335	9934	0	20	155	source_plane=1 shape=0 rot=0
terrain	void_overlay_no_floor_context	41	void overlay	1335	9935	0	20	155	source_plane=1 shape=0 rot=0
terrain	void_overlay_no_floor_context	41	void overlay	1335	9936	0	20	155	source_plane=1 shape=0 rot=0
terrain	void_overlay_no_floor_context	41	void overlay	1335	9937	0	20	155	source_plane=1 shape=0 rot=0
terrain	void_overlay_no_floor_context	41	void overlay	1335	9938	0	20	155	source_plane=1 shape=0 rot=0
terrain	void_overlay_no_floor_context	41	void overlay	1335	9939	0	20	155	source_plane=1 shape=0 rot=0
terrain	void_overlay_no_floor_context	41	void overlay	1335	9940	0	20	155	source_plane=1 shape=0 rot=0
terrain	void_overlay_no_floor_context	41	void overlay	1335	9941	0	20	155	source_plane=1 shape=0 rot=0
terrain	void_overlay_no_floor_context	41	void overlay	1335	9942	0	20	155	source_plane=1 shape=0 rot=0
terrain	void_overlay_no_floor_context	41	void overlay	1335	9943	0	20	155	source_plane=1 shape=0 rot=0
terrain	void_overlay_no_floor_context	41	void overlay	1335	9944	0	20	155	source_plane=1 shape=0 rot=0
terrain	void_overlay_no_floor_context	41	void overlay	1335	9945	0	20	155	source_plane=1 shape=0 rot=0
terrain	void_overlay_no_floor_context	41	void overlay	1335	9946	0	20	155	source_plane=1 shape=0 rot=0
terrain	void_overlay_no_floor_context	41	void overlay	1335	9947	0	20	155	source_plane=1 shape=0 rot=0
terrain	void_overlay_no_floor_context	41	void overlay	1335	9948	0	20	155	source_plane=1 shape=0 rot=0
terrain	void_overlay_no_floor_context	41	void overlay	1335	9949	0	20	155	source_plane=1 shape=0 rot=0
terrain	void_overlay_no_floor_context	41	void overlay	1335	9950	0	20	155	source_plane=1 shape=0 rot=0
terrain	void_overlay_no_floor_context	41	void overlay	1335	9951	0	20	155	source_plane=1 shape=0 rot=0
terrain	void_overlay_no_floor_context	41	void overlay	1335	9952	0	20	155	source_plane=1 shape=0 rot=0
terrain	void_overlay_no_floor_context	41	void overlay	1335	9953	0	20	155	source_plane=1 shape=0 rot=0
terrain	void_overlay_no_floor_context	41	void overlay	1335	9954	0	20	155	source_plane=1 shape=0 rot=0
terrain	void_overlay_no_floor_context	41	void overlay	1335	9955	0	20	155	source_plane=1 shape=0 rot=0
terrain	void_overlay_no_floor_context	41	void overlay	1335	9956	0	20	155	source_plane=1 shape=0 rot=0
terrain	void_overlay_no_floor_context	41	void overlay	1335	9957	0	20	155	source_plane=1 shape=0 rot=0
terrain	void_overlay_no_floor_context	41	void overlay	1335	9958	0	20	155	source_plane=1 shape=0 rot=0
terrain	void_overlay_no_floor_context	41	void overlay	1335	9975	0	20	155	source_plane=1 shape=1 rot=2
terrain	void_overlay_no_floor_context	41	void overlay	1335	9976	0	20	155	source_plane=1 shape=0 rot=0
terrain	void_overlay_no_floor_context	41	void overlay	1335	9977	0	20	155	source_plane=1 shape=0 rot=0
terrain	void_overlay_no_floor_context	41	void overlay	1335	9978	0	20	155	source_plane=1 shape=0 rot=0
terrain	void_overlay_no_floor_context	41	void overlay	1335	9979	0	20	155	source_plane=1 shape=0 rot=0
terrain	void_overlay_no_floor_context	41	void overlay	1335	9980	0	20	155	source_plane=1 shape=0 rot=0
terrain	void_overlay_no_floor_context	41	void overlay	1335	9981	0	20	155	source_plane=1 shape=0 rot=0
terrain	void_overlay_no_floor_context	41	void overlay	1335	9982	0	20	155	source_plane=1 shape=0 rot=0
terrain	void_overlay_no_floor_context	41	void overlay	1335	9983	0	20	155	source_plane=1 shape=0 rot=0
terrain	void_overlay_no_floor_context	41	void overlay	1336	9920	0	20	155	source_plane=1 shape=0 rot=0
terrain	void_overlay_no_floor_context	41	void overlay	1336	9921	0	20	155	source_plane=1 shape=0 rot=0
terrain	void_overlay_no_floor_context	41	void overlay	1336	9922	0	20	155	source_plane=1 shape=0 rot=0
terrain	void_overlay_no_floor_context	41	void overlay	1336	9923	0	20	155	source_plane=1 shape=0 rot=0
terrain	void_overlay_no_floor_context	41	void overlay	1336	9924	0	20	155	source_plane=1 shape=0 rot=0
terrain	void_overlay_no_floor_context	41	void overlay	1336	9925	0	20	155	source_plane=1 shape=0 rot=0
terrain	void_overlay_no_floor_context	41	void overlay	1336	9926	0	20	155	source_plane=1 shape=0 rot=0
terrain	void_overlay_no_floor_context	41	void overlay	1336	9927	0	20	155	source_plane=1 shape=0 rot=0
terrain	void_overlay_no_floor_context	41	void overlay	1336	9928	0	20	155	source_plane=1 shape=0 rot=0
terrain	void_overlay_no_floor_context	41	void overlay	1336	9929	0	20	155	source_plane=1 shape=0 rot=0
terrain	void_overlay_no_floor_context	41	void overlay	1336	9930	0	20	155	source_plane=1 shape=0 rot=0
terrain	void_overlay_no_floor_context	41	void overlay	1336	9931	0	20	155	source_plane=1 shape=0 rot=0
terrain	void_overlay_no_floor_context	41	void overlay	1336	9932	0	20	155	source_plane=1 shape=0 rot=0
terrain	void_overlay_no_floor_context	41	void overlay	1336	9933	0	20	155	source_plane=1 shape=0 rot=0
terrain	void_overlay_no_floor_context	41	void overlay	1336	9934	0	20	155	source_plane=1 shape=0 rot=0
terrain	void_overlay_no_floor_context	41	void overlay	1336	9935	0	20	155	source_plane=1 shape=0 rot=0
terrain	void_overlay_no_floor_context	41	void overlay	1336	9936	0	20	155	source_plane=1 shape=0 rot=0
terrain	void_overlay_no_floor_context	41	void overlay	1336	9937	0	20	155	source_plane=1 shape=0 rot=0
terrain	void_overlay_no_floor_context	41	void overlay	1336	9938	0	20	155	source_plane=1 shape=0 rot=0
terrain	void_overlay_no_floor_context	41	void overlay	1336	9939	0	20	155	source_plane=1 shape=0 rot=0
terrain	void_overlay_no_floor_context	41	void overlay	1336	9940	0	20	155	source_plane=1 shape=0 rot=0
terrain	void_overlay_no_floor_context	41	void overlay	1336	9941	0	20	155	source_plane=1 shape=0 rot=0
terrain	void_overlay_no_floor_context	41	void overlay	1336	9942	0	20	155	source_plane=1 shape=0 rot=0
terrain	void_overlay_no_floor_context	41	void overlay	1336	9943	0	20	155	source_plane=1 shape=0 rot=0
terrain	void_overlay_no_floor_context	41	void overlay	1336	9944	0	20	155	source_plane=1 shape=0 rot=0
terrain	void_overlay_no_floor_context	41	void overlay	1336	9945	0	20	155	source_plane=1 shape=0 rot=0
terrain	void_overlay_no_floor_context	41	void overlay	1336	9946	0	20	155	source_plane=1 shape=0 rot=0
terrain	void_overlay_no_floor_context	41	void overlay	1336	9947	0	20	155	source_plane=1 shape=0 rot=0
terrain	void_overlay_no_floor_context	41	void overlay	1336	9948	0	20	155	source_plane=1 shape=0 rot=0
terrain	void_overlay_no_floor_context	41	void overlay	1336	9949	0	20	155	source_plane=1 shape=0 rot=0
terrain	void_overlay_no_floor_context	41	void overlay	1336	9950	0	20	155	source_plane=1 shape=0 rot=0
terrain	void_overlay_no_floor_context	41	void overlay	1336	9951	0	20	155	source_plane=1 shape=0 rot=0
terrain	void_overlay_no_floor_context	41	void overlay	1336	9952	0	20	155	source_plane=1 shape=0 rot=0
terrain	void_overlay_no_floor_context	41	void overlay	1336	9953	0	20	155	source_plane=1 shape=0 rot=0
terrain	void_overlay_no_floor_context	41	void overlay	1336	9954	0	20	155	source_plane=1 shape=0 rot=0
terrain	void_overlay_no_floor_context	41	void overlay	1336	9955	0	20	155	source_plane=1 shape=0 rot=0
terrain	void_overlay_no_floor_context	41	void overlay	1336	9956	0	20	155	source_plane=1 shape=0 rot=0
terrain	void_overlay_no_floor_context	41	void overlay	1336	9957	0	20	155	source_plane=1 shape=0 rot=0
terrain	void_overlay_no_floor_context	41	void overlay	1336	9958	0	20	155	source_plane=1 shape=0 rot=0
terrain	void_overlay_no_floor_context	41	void overlay	1336	9959	0	20	155	source_plane=1 shape=1 rot=3
terrain	void_overlay_no_floor_context	41	void overlay	1336	9974	0	20	155	source_plane=1 shape=1 rot=2
terrain	void_overlay_no_floor_context	41	void overlay	1336	9975	0	20	155	source_plane=1 shape=0 rot=0
terrain	void_overlay_no_floor_context	41	void overlay	1336	9976	0	20	155	source_plane=1 shape=0 rot=0
terrain	void_overlay_no_floor_context	41	void overlay	1336	9977	0	20	155	source_plane=1 shape=0 rot=0
terrain	void_overlay_no_floor_context	41	void overlay	1336	9978	0	20	155	source_plane=1 shape=0 rot=0
terrain	void_overlay_no_floor_context	41	void overlay	1336	9979	0	20	155	source_plane=1 shape=0 rot=0
terrain	void_overlay_no_floor_context	41	void overlay	1336	9980	0	20	155	source_plane=1 shape=0 rot=0
terrain	void_overlay_no_floor_context	41	void overlay	1336	9981	0	20	155	source_plane=1 shape=0 rot=0
terrain	void_overlay_no_floor_context	41	void overlay	1336	9982	0	20	155	source_plane=1 shape=0 rot=0
terrain	void_overlay_no_floor_context	41	void overlay	1336	9983	0	20	155	source_plane=1 shape=0 rot=0
terrain	void_overlay_no_floor_context	41	void overlay	1337	9920	0	20	155	source_plane=1 shape=0 rot=0
terrain	void_overlay_no_floor_context	41	void overlay	1337	9921	0	20	155	source_plane=1 shape=0 rot=0
terrain	void_overlay_no_floor_context	41	void overlay	1337	9922	0	20	155	source_plane=1 shape=0 rot=0
terrain	void_overlay_no_floor_context	41	void overlay	1337	9923	0	20	155	source_plane=1 shape=0 rot=0
terrain	void_overlay_no_floor_context	41	void overlay	1337	9924	0	20	155	source_plane=1 shape=0 rot=0
terrain	void_overlay_no_floor_context	41	void overlay	1337	9925	0	20	155	source_plane=1 shape=0 rot=0
terrain	void_overlay_no_floor_context	41	void overlay	1337	9926	0	20	155	source_plane=1 shape=0 rot=0
terrain	void_overlay_no_floor_context	41	void overlay	1337	9927	0	20	155	source_plane=1 shape=0 rot=0
terrain	void_overlay_no_floor_context	41	void overlay	1337	9928	0	20	155	source_plane=1 shape=0 rot=0
terrain	void_overlay_no_floor_context	41	void overlay	1337	9929	0	20	155	source_plane=1 shape=0 rot=0
terrain	void_overlay_no_floor_context	41	void overlay	1337	9930	0	20	155	source_plane=1 shape=0 rot=0
terrain	void_overlay_no_floor_context	41	void overlay	1337	9931	0	20	155	source_plane=1 shape=0 rot=0
terrain	void_overlay_no_floor_context	41	void overlay	1337	9932	0	20	155	source_plane=1 shape=0 rot=0
terrain	void_overlay_no_floor_context	41	void overlay	1337	9933	0	20	155	source_plane=1 shape=0 rot=0
terrain	void_overlay_no_floor_context	41	void overlay	1337	9934	0	20	155	source_plane=1 shape=0 rot=0
terrain	void_overlay_no_floor_context	41	void overlay	1337	9935	0	20	155	source_plane=1 shape=0 rot=0
terrain	void_overlay_no_floor_context	41	void overlay	1337	9936	0	20	155	source_plane=1 shape=0 rot=0
terrain	void_overlay_no_floor_context	41	void overlay	1337	9937	0	20	155	source_plane=1 shape=0 rot=0
terrain	void_overlay_no_floor_context	41	void overlay	1337	9938	0	20	155	source_plane=1 shape=0 rot=0
terrain	void_overlay_no_floor_context	41	void overlay	1337	9939	0	20	155	source_plane=1 shape=0 rot=0
terrain	void_overlay_no_floor_context	41	void overlay	1337	9940	0	20	155	source_plane=1 shape=0 rot=0
terrain	void_overlay_no_floor_context	41	void overlay	1337	9941	0	20	155	source_plane=1 shape=0 rot=0
terrain	void_overlay_no_floor_context	41	void overlay	1337	9942	0	20	155	source_plane=1 shape=0 rot=0
terrain	void_overlay_no_floor_context	41	void overlay	1337	9943	0	20	155	source_plane=1 shape=0 rot=0
terrain	void_overlay_no_floor_context	41	void overlay	1337	9944	0	20	155	source_plane=1 shape=0 rot=0
terrain	void_overlay_no_floor_context	41	void overlay	1337	9945	0	20	155	source_plane=1 shape=0 rot=0
terrain	void_overlay_no_floor_context	41	void overlay	1337	9946	0	20	155	source_plane=1 shape=0 rot=0
terrain	void_overlay_no_floor_context	41	void overlay	1337	9947	0	20	155	source_plane=1 shape=0 rot=0
terrain	void_overlay_no_floor_context	41	void overlay	1337	9948	0	20	155	source_plane=1 shape=0 rot=0
terrain	void_overlay_no_floor_context	41	void overlay	1337	9949	0	20	155	source_plane=1 shape=0 rot=0
terrain	void_overlay_no_floor_context	41	void overlay	1337	9950	0	20	155	source_plane=1 shape=0 rot=0
terrain	void_overlay_no_floor_context	41	void overlay	1337	9951	0	20	155	source_plane=1 shape=0 rot=0
terrain	void_overlay_no_floor_context	41	void overlay	1337	9952	0	20	155	source_plane=1 shape=0 rot=0
terrain	void_overlay_no_floor_context	41	void overlay	1337	9953	0	20	155	source_plane=1 shape=0 rot=0
terrain	void_overlay_no_floor_context	41	void overlay	1337	9954	0	20	155	source_plane=1 shape=0 rot=0
terrain	void_overlay_no_floor_context	41	void overlay	1337	9955	0	20	155	source_plane=1 shape=0 rot=0
terrain	void_overlay_no_floor_context	41	void overlay	1337	9956	0	20	155	source_plane=1 shape=0 rot=0
terrain	void_overlay_no_floor_context	41	void overlay	1337	9957	0	20	155	source_plane=1 shape=0 rot=0
terrain	void_overlay_no_floor_context	41	void overlay	1337	9958	0	20	155	source_plane=1 shape=0 rot=0
terrain	void_overlay_no_floor_context	41	void overlay	1337	9959	0	20	155	source_plane=1 shape=0 rot=0
terrain	void_overlay_no_floor_context	41	void overlay	1337	9960	0	20	155	source_plane=1 shape=0 rot=0
terrain	void_overlay_no_floor_context	41	void overlay	1337	9961	0	20	155	source_plane=1 shape=0 rot=0
terrain	void_overlay_no_floor_context	41	void overlay	1337	9962	0	20	155	source_plane=1 shape=0 rot=0
terrain	void_overlay_no_floor_context	41	void overlay	1337	9963	0	20	155	source_plane=1 shape=1 rot=3
terrain	void_overlay_no_floor_context	41	void overlay	1337	9973	0	20	155	source_plane=1 shape=1 rot=2
terrain	void_overlay_no_floor_context	41	void overlay	1337	9974	0	20	155	source_plane=1 shape=0 rot=0
terrain	void_overlay_no_floor_context	41	void overlay	1337	9975	0	20	155	source_plane=1 shape=0 rot=0
terrain	void_overlay_no_floor_context	41	void overlay	1337	9976	0	20	155	source_plane=1 shape=0 rot=0
terrain	void_overlay_no_floor_context	41	void overlay	1337	9977	0	20	155	source_plane=1 shape=0 rot=0
terrain	void_overlay_no_floor_context	41	void overlay	1337	9978	0	20	155	source_plane=1 shape=0 rot=0
terrain	void_overlay_no_floor_context	41	void overlay	1337	9979	0	20	155	source_plane=1 shape=0 rot=0
terrain	void_overlay_no_floor_context	41	void overlay	1337	9980	0	20	155	source_plane=1 shape=0 rot=0
terrain	void_overlay_no_floor_context	41	void overlay	1337	9981	0	20	155	source_plane=1 shape=0 rot=0
terrain	void_overlay_no_floor_context	41	void overlay	1337	9982	0	20	155	source_plane=1 shape=0 rot=0
terrain	void_overlay_no_floor_context	41	void overlay	1337	9983	0	20	155	source_plane=1 shape=0 rot=0
terrain	void_overlay_no_floor_context	41	void overlay	1338	9920	0	20	155	source_plane=1 shape=0 rot=0
terrain	void_overlay_no_floor_context	41	void overlay	1338	9921	0	20	155	source_plane=1 shape=0 rot=0
terrain	void_overlay_no_floor_context	41	void overlay	1338	9922	0	20	155	source_plane=1 shape=0 rot=0
terrain	void_overlay_no_floor_context	41	void overlay	1338	9923	0	20	155	source_plane=1 shape=0 rot=0
terrain	void_overlay_no_floor_context	41	void overlay	1338	9924	0	20	155	source_plane=1 shape=0 rot=0
terrain	void_overlay_no_floor_context	41	void overlay	1338	9925	0	20	155	source_plane=1 shape=0 rot=0
terrain	void_overlay_no_floor_context	41	void overlay	1338	9926	0	20	155	source_plane=1 shape=0 rot=0
terrain	void_overlay_no_floor_context	41	void overlay	1338	9927	0	20	155	source_plane=1 shape=0 rot=0
terrain	void_overlay_no_floor_context	41	void overlay	1338	9928	0	20	155	source_plane=1 shape=0 rot=0
terrain	void_overlay_no_floor_context	41	void overlay	1338	9929	0	20	155	source_plane=1 shape=0 rot=0
terrain	void_overlay_no_floor_context	41	void overlay	1338	9930	0	20	155	source_plane=1 shape=0 rot=0
terrain	void_overlay_no_floor_context	41	void overlay	1338	9931	0	20	155	source_plane=1 shape=0 rot=0
terrain	void_overlay_no_floor_context	41	void overlay	1338	9932	0	20	155	source_plane=1 shape=0 rot=0
terrain	void_overlay_no_floor_context	41	void overlay	1338	9933	0	20	155	source_plane=1 shape=0 rot=0
terrain	void_overlay_no_floor_context	41	void overlay	1338	9934	0	20	155	source_plane=1 shape=0 rot=0
terrain	void_overlay_no_floor_context	41	void overlay	1338	9935	0	20	155	source_plane=1 shape=0 rot=0
terrain	void_overlay_no_floor_context	41	void overlay	1338	9936	0	20	155	source_plane=1 shape=0 rot=0
terrain	void_overlay_no_floor_context	41	void overlay	1338	9937	0	20	155	source_plane=1 shape=0 rot=0
terrain	void_overlay_no_floor_context	41	void overlay	1338	9938	0	20	155	source_plane=1 shape=0 rot=0
terrain	void_overlay_no_floor_context	41	void overlay	1338	9939	0	20	155	source_plane=1 shape=0 rot=0
terrain	void_overlay_no_floor_context	41	void overlay	1338	9940	0	20	155	source_plane=1 shape=0 rot=0
terrain	void_overlay_no_floor_context	41	void overlay	1338	9941	0	20	155	source_plane=1 shape=0 rot=0
terrain	void_overlay_no_floor_context	41	void overlay	1338	9942	0	20	155	source_plane=1 shape=0 rot=0
terrain	void_overlay_no_floor_context	41	void overlay	1338	9943	0	20	155	source_plane=1 shape=0 rot=0
terrain	void_overlay_no_floor_context	41	void overlay	1338	9944	0	20	155	source_plane=1 shape=0 rot=0
terrain	void_overlay_no_floor_context	41	void overlay	1338	9945	0	20	155	source_plane=1 shape=0 rot=0
terrain	void_overlay_no_floor_context	41	void overlay	1338	9946	0	20	155	source_plane=1 shape=0 rot=0
terrain	void_overlay_no_floor_context	41	void overlay	1338	9947	0	20	155	source_plane=1 shape=0 rot=0
terrain	void_overlay_no_floor_context	41	void overlay	1338	9948	0	20	155	source_plane=1 shape=0 rot=0
terrain	void_overlay_no_floor_context	41	void overlay	1338	9949	0	20	155	source_plane=1 shape=0 rot=0
terrain	void_overlay_no_floor_context	41	void overlay	1338	9950	0	20	155	source_plane=1 shape=0 rot=0
terrain	void_overlay_no_floor_context	41	void overlay	1338	9951	0	20	155	source_plane=1 shape=0 rot=0
terrain	void_overlay_no_floor_context	41	void overlay	1338	9952	0	20	155	source_plane=1 shape=0 rot=0
terrain	void_overlay_no_floor_context	41	void overlay	1338	9953	0	20	155	source_plane=1 shape=0 rot=0
terrain	void_overlay_no_floor_context	41	void overlay	1338	9954	0	20	155	source_plane=1 shape=0 rot=0
terrain	void_overlay_no_floor_context	41	void overlay	1338	9955	0	20	155	source_plane=1 shape=0 rot=0
terrain	void_overlay_no_floor_context	41	void overlay	1338	9956	0	20	155	source_plane=1 shape=0 rot=0
terrain	void_overlay_no_floor_context	41	void overlay	1338	9957	0	20	155	source_plane=1 shape=0 rot=0
terrain	void_overlay_no_floor_context	41	void overlay	1338	9958	0	20	155	source_plane=1 shape=0 rot=0
terrain	void_overlay_no_floor_context	41	void overlay	1338	9959	0	20	155	source_plane=1 shape=0 rot=0
terrain	void_overlay_no_floor_context	41	void overlay	1338	9960	0	20	155	source_plane=1 shape=0 rot=0
terrain	void_overlay_no_floor_context	41	void overlay	1338	9961	0	20	155	source_plane=1 shape=0 rot=0
terrain	void_overlay_no_floor_context	41	void overlay	1338	9962	0	20	155	source_plane=1 shape=0 rot=0
terrain	void_overlay_no_floor_context	41	void overlay	1338	9963	0	20	155	source_plane=1 shape=0 rot=0
terrain	void_overlay_no_floor_context	41	void overlay	1338	9964	0	20	155	source_plane=1 shape=0 rot=0
terrain	void_overlay_no_floor_context	41	void overlay	1338	9965	0	20	155	source_plane=1 shape=0 rot=0
terrain	void_overlay_no_floor_context	41	void overlay	1338	9966	0	20	155	source_plane=1 shape=0 rot=0
terrain	void_overlay_no_floor_context	41	void overlay	1338	9967	0	20	155	source_plane=1 shape=1 rot=3
terrain	void_overlay_no_floor_context	41	void overlay	1338	9970	0	20	155	source_plane=1 shape=1 rot=2
terrain	void_overlay_no_floor_context	41	void overlay	1338	9971	0	20	155	source_plane=1 shape=0 rot=0
terrain	void_overlay_no_floor_context	41	void overlay	1338	9972	0	20	155	source_plane=1 shape=0 rot=0
terrain	void_overlay_no_floor_context	41	void overlay	1338	9973	0	20	155	source_plane=1 shape=0 rot=0
terrain	void_overlay_no_floor_context	41	void overlay	1338	9974	0	20	155	source_plane=1 shape=0 rot=0
terrain	void_overlay_no_floor_context	41	void overlay	1338	9975	0	20	155	source_plane=1 shape=0 rot=0
terrain	void_overlay_no_floor_context	41	void overlay	1338	9976	0	20	155	source_plane=1 shape=0 rot=0
terrain	void_overlay_no_floor_context	41	void overlay	1338	9977	0	20	155	source_plane=1 shape=0 rot=0
terrain	void_overlay_no_floor_context	41	void overlay	1338	9978	0	20	155	source_plane=1 shape=0 rot=0
terrain	void_overlay_no_floor_context	41	void overlay	1338	9979	0	20	155	source_plane=1 shape=0 rot=0
terrain	void_overlay_no_floor_context	41	void overlay	1338	9980	0	20	155	source_plane=1 shape=0 rot=0
terrain	void_overlay_no_floor_context	41	void overlay	1338	9981	0	20	155	source_plane=1 shape=0 rot=0
terrain	void_overlay_no_floor_context	41	void overlay	1338	9982	0	20	155	source_plane=1 shape=0 rot=0
terrain	void_overlay_no_floor_context	41	void overlay	1338	9983	0	20	155	source_plane=1 shape=0 rot=0
terrain	void_overlay_no_floor_context	41	void overlay	1339	9920	0	20	155	source_plane=1 shape=0 rot=0
terrain	void_overlay_no_floor_context	41	void overlay	1339	9921	0	20	155	source_plane=1 shape=0 rot=0
terrain	void_overlay_no_floor_context	41	void overlay	1339	9922	0	20	155	source_plane=1 shape=0 rot=0
terrain	void_overlay_no_floor_context	41	void overlay	1339	9923	0	20	155	source_plane=1 shape=0 rot=0
terrain	void_overlay_no_floor_context	41	void overlay	1339	9924	0	20	155	source_plane=1 shape=0 rot=0
terrain	void_overlay_no_floor_context	41	void overlay	1339	9925	0	20	155	source_plane=1 shape=0 rot=0
terrain	void_overlay_no_floor_context	41	void overlay	1339	9926	0	20	155	source_plane=1 shape=0 rot=0
terrain	void_overlay_no_floor_context	41	void overlay	1339	9927	0	20	155	source_plane=1 shape=0 rot=0
terrain	void_overlay_no_floor_context	41	void overlay	1339	9928	0	20	155	source_plane=1 shape=0 rot=0
terrain	void_overlay_no_floor_context	41	void overlay	1339	9929	0	20	155	source_plane=1 shape=0 rot=0
terrain	void_overlay_no_floor_context	41	void overlay	1339	9930	0	20	155	source_plane=1 shape=0 rot=0
terrain	void_overlay_no_floor_context	41	void overlay	1339	9931	0	20	155	source_plane=1 shape=0 rot=0
terrain	void_overlay_no_floor_context	41	void overlay	1339	9932	0	20	155	source_plane=1 shape=0 rot=0
terrain	void_overlay_no_floor_context	41	void overlay	1339	9933	0	20	155	source_plane=1 shape=0 rot=0
terrain	void_overlay_no_floor_context	41	void overlay	1339	9934	0	20	155	source_plane=1 shape=0 rot=0
terrain	void_overlay_no_floor_context	41	void overlay	1339	9935	0	20	155	source_plane=1 shape=0 rot=0
terrain	void_overlay_no_floor_context	41	void overlay	1339	9936	0	20	155	source_plane=1 shape=0 rot=0
terrain	void_overlay_no_floor_context	41	void overlay	1339	9937	0	20	155	source_plane=1 shape=0 rot=0
terrain	void_overlay_no_floor_context	41	void overlay	1339	9938	0	20	155	source_plane=1 shape=0 rot=0
terrain	void_overlay_no_floor_context	41	void overlay	1339	9939	0	20	155	source_plane=1 shape=0 rot=0
terrain	void_overlay_no_floor_context	41	void overlay	1339	9940	0	20	155	source_plane=1 shape=0 rot=0
terrain	void_overlay_no_floor_context	41	void overlay	1339	9941	0	20	155	source_plane=1 shape=0 rot=0
terrain	void_overlay_no_floor_context	41	void overlay	1339	9942	0	20	155	source_plane=1 shape=0 rot=0
terrain	void_overlay_no_floor_context	41	void overlay	1339	9943	0	20	155	source_plane=1 shape=0 rot=0
terrain	void_overlay_no_floor_context	41	void overlay	1339	9944	0	20	155	source_plane=1 shape=0 rot=0
terrain	void_overlay_no_floor_context	41	void overlay	1339	9945	0	20	155	source_plane=1 shape=0 rot=0
terrain	void_overlay_no_floor_context	41	void overlay	1339	9946	0	20	155	source_plane=1 shape=0 rot=0
terrain	void_overlay_no_floor_context	41	void overlay	1339	9947	0	20	155	source_plane=1 shape=0 rot=0
terrain	void_overlay_no_floor_context	41	void overlay	1339	9948	0	20	155	source_plane=1 shape=0 rot=0
terrain	void_overlay_no_floor_context	41	void overlay	1339	9949	0	20	155	source_plane=1 shape=0 rot=0
terrain	void_overlay_no_floor_context	41	void overlay	1339	9950	0	20	155	source_plane=1 shape=0 rot=0
terrain	void_overlay_no_floor_context	41	void overlay	1339	9951	0	20	155	source_plane=1 shape=0 rot=0
terrain	void_overlay_no_floor_context	41	void overlay	1339	9952	0	20	155	source_plane=1 shape=0 rot=0
terrain	void_overlay_no_floor_context	41	void overlay	1339	9953	0	20	155	source_plane=1 shape=0 rot=0
terrain	void_overlay_no_floor_context	41	void overlay	1339	9954	0	20	155	source_plane=1 shape=0 rot=0
terrain	void_overlay_no_floor_context	41	void overlay	1339	9955	0	20	155	source_plane=1 shape=0 rot=0
terrain	void_overlay_no_floor_context	41	void overlay	1339	9956	0	20	155	source_plane=1 shape=0 rot=0
terrain	void_overlay_no_floor_context	41	void overlay	1339	9957	0	20	155	source_plane=1 shape=0 rot=0
terrain	void_overlay_no_floor_context	41	void overlay	1339	9958	0	20	155	source_plane=1 shape=0 rot=0
terrain	void_overlay_no_floor_context	41	void overlay	1339	9959	0	20	155	source_plane=1 shape=0 rot=0
terrain	void_overlay_no_floor_context	41	void overlay	1339	9960	0	20	155	source_plane=1 shape=0 rot=0
terrain	void_overlay_no_floor_context	41	void overlay	1339	9961	0	20	155	source_plane=1 shape=0 rot=0
terrain	void_overlay_no_floor_context	41	void overlay	1339	9962	0	20	155	source_plane=1 shape=0 rot=0
terrain	void_overlay_no_floor_context	41	void overlay	1339	9963	0	20	155	source_plane=1 shape=0 rot=0
terrain	void_overlay_no_floor_context	41	void overlay	1339	9964	0	20	155	source_plane=1 shape=0 rot=0
terrain	void_overlay_no_floor_context	41	void overlay	1339	9965	0	20	155	source_plane=1 shape=0 rot=0
terrain	void_overlay_no_floor_context	41	void overlay	1339	9966	0	20	155	source_plane=1 shape=0 rot=0
terrain	void_overlay_no_floor_context	41	void overlay	1339	9967	0	20	155	source_plane=1 shape=0 rot=0
terrain	void_overlay_no_floor_context	41	void overlay	1339	9968	0	20	155	source_plane=1 shape=0 rot=0
terrain	void_overlay_no_floor_context	41	void overlay	1339	9969	0	20	155	source_plane=1 shape=0 rot=0
terrain	void_overlay_no_floor_context	41	void overlay	1339	9970	0	20	155	source_plane=1 shape=0 rot=0
terrain	void_overlay_no_floor_context	41	void overlay	1339	9971	0	20	155	source_plane=1 shape=0 rot=0
terrain	void_overlay_no_floor_context	41	void overlay	1339	9972	0	20	155	source_plane=1 shape=0 rot=0
terrain	void_overlay_no_floor_context	41	void overlay	1339	9973	0	20	155	source_plane=1 shape=0 rot=0
terrain	void_overlay_no_floor_context	41	void overlay	1339	9974	0	20	155	source_plane=1 shape=0 rot=0
terrain	void_overlay_no_floor_context	41	void overlay	1339	9975	0	20	155	source_plane=1 shape=0 rot=0
terrain	void_overlay_no_floor_context	41	void overlay	1339	9976	0	20	155	source_plane=1 shape=0 rot=0
terrain	void_overlay_no_floor_context	41	void overlay	1339	9977	0	20	155	source_plane=1 shape=0 rot=0
terrain	void_overlay_no_floor_context	41	void overlay	1339	9978	0	20	155	source_plane=1 shape=0 rot=0
terrain	void_overlay_no_floor_context	41	void overlay	1339	9979	0	20	155	source_plane=1 shape=0 rot=0
terrain	void_overlay_no_floor_context	41	void overlay	1339	9980	0	20	155	source_plane=1 shape=0 rot=0
terrain	void_overlay_no_floor_context	41	void overlay	1339	9981	0	20	155	source_plane=1 shape=0 rot=0
terrain	void_overlay_no_floor_context	41	void overlay	1339	9982	0	20	155	source_plane=1 shape=0 rot=0
terrain	void_overlay_no_floor_context	41	void overlay	1339	9983	0	20	155	source_plane=1 shape=0 rot=0
terrain	void_overlay_no_floor_context	41	void overlay	1340	9920	0	20	155	source_plane=1 shape=0 rot=0
terrain	void_overlay_no_floor_context	41	void overlay	1340	9921	0	20	155	source_plane=1 shape=0 rot=0
terrain	void_overlay_no_floor_context	41	void overlay	1340	9922	0	20	155	source_plane=1 shape=0 rot=0
terrain	void_overlay_no_floor_context	41	void overlay	1340	9923	0	20	155	source_plane=1 shape=0 rot=0
terrain	void_overlay_no_floor_context	41	void overlay	1340	9924	0	20	155	source_plane=1 shape=0 rot=0
terrain	void_overlay_no_floor_context	41	void overlay	1340	9925	0	20	155	source_plane=1 shape=0 rot=0
terrain	void_overlay_no_floor_context	41	void overlay	1340	9926	0	20	155	source_plane=1 shape=0 rot=0
terrain	void_overlay_no_floor_context	41	void overlay	1340	9927	0	20	155	source_plane=1 shape=0 rot=0
terrain	void_overlay_no_floor_context	41	void overlay	1340	9928	0	20	155	source_plane=1 shape=0 rot=0
terrain	void_overlay_no_floor_context	41	void overlay	1340	9929	0	20	155	source_plane=1 shape=0 rot=0
terrain	void_overlay_no_floor_context	41	void overlay	1340	9930	0	20	155	source_plane=1 shape=0 rot=0
terrain	void_overlay_no_floor_context	41	void overlay	1340	9931	0	20	155	source_plane=1 shape=0 rot=0
terrain	void_overlay_no_floor_context	41	void overlay	1340	9932	0	20	155	source_plane=1 shape=0 rot=0
terrain	void_overlay_no_floor_context	41	void overlay	1340	9933	0	20	155	source_plane=1 shape=0 rot=0
terrain	void_overlay_no_floor_context	41	void overlay	1340	9934	0	20	155	source_plane=1 shape=0 rot=0
terrain	void_overlay_no_floor_context	41	void overlay	1340	9935	0	20	155	source_plane=1 shape=0 rot=0
terrain	void_overlay_no_floor_context	41	void overlay	1340	9936	0	20	155	source_plane=1 shape=0 rot=0
terrain	void_overlay_no_floor_context	41	void overlay	1340	9937	0	20	155	source_plane=1 shape=0 rot=0
terrain	void_overlay_no_floor_context	41	void overlay	1340	9938	0	20	155	source_plane=1 shape=0 rot=0
terrain	void_overlay_no_floor_context	41	void overlay	1340	9939	0	20	155	source_plane=1 shape=0 rot=0
terrain	void_overlay_no_floor_context	41	void overlay	1340	9940	0	20	155	source_plane=1 shape=0 rot=0
terrain	void_overlay_no_floor_context	41	void overlay	1340	9941	0	20	155	source_plane=1 shape=0 rot=0
terrain	void_overlay_no_floor_context	41	void overlay	1340	9942	0	20	155	source_plane=1 shape=0 rot=0
terrain	void_overlay_no_floor_context	41	void overlay	1340	9943	0	20	155	source_plane=1 shape=0 rot=0
terrain	void_overlay_no_floor_context	41	void overlay	1340	9944	0	20	155	source_plane=1 shape=0 rot=0
terrain	void_overlay_no_floor_context	41	void overlay	1340	9945	0	20	155	source_plane=1 shape=0 rot=0
terrain	void_overlay_no_floor_context	41	void overlay	1340	9946	0	20	155	source_plane=1 shape=0 rot=0
terrain	void_overlay_no_floor_context	41	void overlay	1340	9947	0	20	155	source_plane=1 shape=0 rot=0
terrain	void_overlay_no_floor_context	41	void overlay	1340	9948	0	20	155	source_plane=1 shape=0 rot=0
terrain	void_overlay_no_floor_context	41	void overlay	1340	9949	0	20	155	source_plane=1 shape=0 rot=0
terrain	void_overlay_no_floor_context	41	void overlay	1340	9950	0	20	155	source_plane=1 shape=0 rot=0
terrain	void_overlay_no_floor_context	41	void overlay	1340	9951	0	20	155	source_plane=1 shape=0 rot=0
terrain	void_overlay_no_floor_context	41	void overlay	1340	9952	0	20	155	source_plane=1 shape=0 rot=0
terrain	void_overlay_no_floor_context	41	void overlay	1340	9953	0	20	155	source_plane=1 shape=0 rot=0
terrain	void_overlay_no_floor_context	41	void overlay	1340	9954	0	20	155	source_plane=1 shape=0 rot=0
terrain	void_overlay_no_floor_context	41	void overlay	1340	9955	0	20	155	source_plane=1 shape=0 rot=0
terrain	void_overlay_no_floor_context	41	void overlay	1340	9956	0	20	155	source_plane=1 shape=0 rot=0
terrain	void_overlay_no_floor_context	41	void overlay	1340	9957	0	20	155	source_plane=1 shape=0 rot=0
terrain	void_overlay_no_floor_context	41	void overlay	1340	9958	0	20	155	source_plane=1 shape=0 rot=0
terrain	void_overlay_no_floor_context	41	void overlay	1340	9959	0	20	155	source_plane=1 shape=0 rot=0
terrain	void_overlay_no_floor_context	41	void overlay	1340	9960	0	20	155	source_plane=1 shape=0 rot=0
terrain	void_overlay_no_floor_context	41	void overlay	1340	9961	0	20	155	source_plane=1 shape=0 rot=0
terrain	void_overlay_no_floor_context	41	void overlay	1340	9962	0	20	155	source_plane=1 shape=0 rot=0
terrain	void_overlay_no_floor_context	41	void overlay	1340	9963	0	20	155	source_plane=1 shape=0 rot=0
terrain	void_overlay_no_floor_context	41	void overlay	1340	9964	0	20	155	source_plane=1 shape=0 rot=0
terrain	void_overlay_no_floor_context	41	void overlay	1340	9965	0	20	155	source_plane=1 shape=0 rot=0
terrain	void_overlay_no_floor_context	41	void overlay	1340	9966	0	20	155	source_plane=1 shape=0 rot=0
terrain	void_overlay_no_floor_context	41	void overlay	1340	9967	0	20	155	source_plane=1 shape=0 rot=0
terrain	void_overlay_no_floor_context	41	void overlay	1340	9968	0	20	155	source_plane=1 shape=0 rot=0
terrain	void_overlay_no_floor_context	41	void overlay	1340	9969	0	20	155	source_plane=1 shape=0 rot=0
terrain	void_overlay_no_floor_context	41	void overlay	1340	9970	0	20	155	source_plane=1 shape=0 rot=0
terrain	void_overlay_no_floor_context	41	void overlay	1340	9971	0	20	155	source_plane=1 shape=0 rot=0
terrain	void_overlay_no_floor_context	41	void overlay	1340	9972	0	20	155	source_plane=1 shape=0 rot=0
terrain	void_overlay_no_floor_context	41	void overlay	1340	9973	0	20	155	source_plane=1 shape=0 rot=0
terrain	void_overlay_no_floor_context	41	void overlay	1340	9974	0	20	155	source_plane=1 shape=0 rot=0
terrain	void_overlay_no_floor_context	41	void overlay	1340	9975	0	20	155	source_plane=1 shape=0 rot=0
terrain	void_overlay_no_floor_context	41	void overlay	1340	9976	0	20	155	source_plane=1 shape=0 rot=0
terrain	void_overlay_no_floor_context	41	void overlay	1340	9977	0	20	155	source_plane=1 shape=0 rot=0
terrain	void_overlay_no_floor_context	41	void overlay	1340	9978	0	20	155	source_plane=1 shape=0 rot=0
terrain	void_overlay_no_floor_context	41	void overlay	1340	9979	0	20	155	source_plane=1 shape=0 rot=0
terrain	void_overlay_no_floor_context	41	void overlay	1340	9980	0	20	155	source_plane=1 shape=0 rot=0
terrain	void_overlay_no_floor_context	41	void overlay	1340	9981	0	20	155	source_plane=1 shape=0 rot=0
terrain	void_overlay_no_floor_context	41	void overlay	1340	9982	0	20	155	source_plane=1 shape=0 rot=0
terrain	void_overlay_no_floor_context	41	void overlay	1340	9983	0	20	155	source_plane=1 shape=0 rot=0
terrain	void_overlay_no_floor_context	41	void overlay	1341	9920	0	20	155	source_plane=1 shape=0 rot=0
terrain	void_overlay_no_floor_context	41	void overlay	1341	9921	0	20	155	source_plane=1 shape=0 rot=0
terrain	void_overlay_no_floor_context	41	void overlay	1341	9922	0	20	155	source_plane=1 shape=0 rot=0
terrain	void_overlay_no_floor_context	41	void overlay	1341	9923	0	20	155	source_plane=1 shape=0 rot=0
terrain	void_overlay_no_floor_context	41	void overlay	1341	9924	0	20	155	source_plane=1 shape=0 rot=0
terrain	void_overlay_no_floor_context	41	void overlay	1341	9925	0	20	155	source_plane=1 shape=0 rot=0
terrain	void_overlay_no_floor_context	41	void overlay	1341	9926	0	20	155	source_plane=1 shape=0 rot=0
terrain	void_overlay_no_floor_context	41	void overlay	1341	9927	0	20	155	source_plane=1 shape=0 rot=0
terrain	void_overlay_no_floor_context	41	void overlay	1341	9928	0	20	155	source_plane=1 shape=0 rot=0
terrain	void_overlay_no_floor_context	41	void overlay	1341	9929	0	20	155	source_plane=1 shape=0 rot=0
terrain	void_overlay_no_floor_context	41	void overlay	1341	9930	0	20	155	source_plane=1 shape=0 rot=0
terrain	void_overlay_no_floor_context	41	void overlay	1341	9931	0	20	155	source_plane=1 shape=0 rot=0
terrain	void_overlay_no_floor_context	41	void overlay	1341	9932	0	20	155	source_plane=1 shape=0 rot=0
terrain	void_overlay_no_floor_context	41	void overlay	1341	9933	0	20	155	source_plane=1 shape=0 rot=0
terrain	void_overlay_no_floor_context	41	void overlay	1341	9934	0	20	155	source_plane=1 shape=0 rot=0
terrain	void_overlay_no_floor_context	41	void overlay	1341	9935	0	20	155	source_plane=1 shape=0 rot=0
terrain	void_overlay_no_floor_context	41	void overlay	1341	9936	0	20	155	source_plane=1 shape=0 rot=0
terrain	void_overlay_no_floor_context	41	void overlay	1341	9937	0	20	155	source_plane=1 shape=0 rot=0
terrain	void_overlay_no_floor_context	41	void overlay	1341	9938	0	20	155	source_plane=1 shape=0 rot=0
terrain	void_overlay_no_floor_context	41	void overlay	1341	9939	0	20	155	source_plane=1 shape=0 rot=0
terrain	void_overlay_no_floor_context	41	void overlay	1341	9940	0	20	155	source_plane=1 shape=0 rot=0
terrain	void_overlay_no_floor_context	41	void overlay	1341	9941	0	20	155	source_plane=1 shape=0 rot=0
terrain	void_overlay_no_floor_context	41	void overlay	1341	9942	0	20	155	source_plane=1 shape=0 rot=0
terrain	void_overlay_no_floor_context	41	void overlay	1341	9943	0	20	155	source_plane=1 shape=0 rot=0
terrain	void_overlay_no_floor_context	41	void overlay	1341	9944	0	20	155	source_plane=1 shape=0 rot=0
terrain	void_overlay_no_floor_context	41	void overlay	1341	9945	0	20	155	source_plane=1 shape=0 rot=0
terrain	void_overlay_no_floor_context	41	void overlay	1341	9946	0	20	155	source_plane=1 shape=0 rot=0
terrain	void_overlay_no_floor_context	41	void overlay	1341	9947	0	20	155	source_plane=1 shape=0 rot=0
terrain	void_overlay_no_floor_context	41	void overlay	1341	9948	0	20	155	source_plane=1 shape=0 rot=0
terrain	void_overlay_no_floor_context	41	void overlay	1341	9949	0	20	155	source_plane=1 shape=0 rot=0
terrain	void_overlay_no_floor_context	41	void overlay	1341	9950	0	20	155	source_plane=1 shape=0 rot=0
terrain	void_overlay_no_floor_context	41	void overlay	1341	9951	0	20	155	source_plane=1 shape=0 rot=0
terrain	void_overlay_no_floor_context	41	void overlay	1341	9952	0	20	155	source_plane=1 shape=0 rot=0
terrain	void_overlay_no_floor_context	41	void overlay	1341	9953	0	20	155	source_plane=1 shape=0 rot=0
terrain	void_overlay_no_floor_context	41	void overlay	1341	9954	0	20	155	source_plane=1 shape=0 rot=0
terrain	void_overlay_no_floor_context	41	void overlay	1341	9955	0	20	155	source_plane=1 shape=0 rot=0
terrain	void_overlay_no_floor_context	41	void overlay	1341	9956	0	20	155	source_plane=1 shape=0 rot=0
terrain	void_overlay_no_floor_context	41	void overlay	1341	9957	0	20	155	source_plane=1 shape=0 rot=0
terrain	void_overlay_no_floor_context	41	void overlay	1341	9958	0	20	155	source_plane=1 shape=0 rot=0
terrain	void_overlay_no_floor_context	41	void overlay	1341	9959	0	20	155	source_plane=1 shape=0 rot=0
terrain	void_overlay_no_floor_context	41	void overlay	1341	9960	0	20	155	source_plane=1 shape=0 rot=0
terrain	void_overlay_no_floor_context	41	void overlay	1341	9961	0	20	155	source_plane=1 shape=0 rot=0
terrain	void_overlay_no_floor_context	41	void overlay	1341	9962	0	20	155	source_plane=1 shape=0 rot=0
terrain	void_overlay_no_floor_context	41	void overlay	1341	9963	0	20	155	source_plane=1 shape=0 rot=0
terrain	void_overlay_no_floor_context	41	void overlay	1341	9964	0	20	155	source_plane=1 shape=0 rot=0
terrain	void_overlay_no_floor_context	41	void overlay	1341	9965	0	20	155	source_plane=1 shape=0 rot=0
terrain	void_overlay_no_floor_context	41	void overlay	1341	9966	0	20	155	source_plane=1 shape=0 rot=0
terrain	void_overlay_no_floor_context	41	void overlay	1341	9967	0	20	155	source_plane=1 shape=0 rot=0
terrain	void_overlay_no_floor_context	41	void overlay	1341	9968	0	20	155	source_plane=1 shape=0 rot=0
terrain	void_overlay_no_floor_context	41	void overlay	1341	9969	0	20	155	source_plane=1 shape=0 rot=0
terrain	void_overlay_no_floor_context	41	void overlay	1341	9970	0	20	155	source_plane=1 shape=0 rot=0
terrain	void_overlay_no_floor_context	41	void overlay	1341	9971	0	20	155	source_plane=1 shape=0 rot=0
terrain	void_overlay_no_floor_context	41	void overlay	1341	9972	0	20	155	source_plane=1 shape=0 rot=0
terrain	void_overlay_no_floor_context	41	void overlay	1341	9973	0	20	155	source_plane=1 shape=0 rot=0
terrain	void_overlay_no_floor_context	41	void overlay	1341	9974	0	20	155	source_plane=1 shape=0 rot=0
terrain	void_overlay_no_floor_context	41	void overlay	1341	9975	0	20	155	source_plane=1 shape=0 rot=0
terrain	void_overlay_no_floor_context	41	void overlay	1341	9976	0	20	155	source_plane=1 shape=0 rot=0
terrain	void_overlay_no_floor_context	41	void overlay	1341	9977	0	20	155	source_plane=1 shape=0 rot=0
terrain	void_overlay_no_floor_context	41	void overlay	1341	9978	0	20	155	source_plane=1 shape=0 rot=0
terrain	void_overlay_no_floor_context	41	void overlay	1341	9979	0	20	155	source_plane=1 shape=0 rot=0
terrain	void_overlay_no_floor_context	41	void overlay	1341	9980	0	20	155	source_plane=1 shape=0 rot=0
terrain	void_overlay_no_floor_context	41	void overlay	1341	9981	0	20	155	source_plane=1 shape=0 rot=0
terrain	void_overlay_no_floor_context	41	void overlay	1341	9982	0	20	155	source_plane=1 shape=0 rot=0
terrain	void_overlay_no_floor_context	41	void overlay	1341	9983	0	20	155	source_plane=1 shape=0 rot=0
terrain	void_overlay_no_floor_context	41	void overlay	1342	9920	0	20	155	source_plane=1 shape=0 rot=0
terrain	void_overlay_no_floor_context	41	void overlay	1342	9921	0	20	155	source_plane=1 shape=0 rot=0
terrain	void_overlay_no_floor_context	41	void overlay	1342	9922	0	20	155	source_plane=1 shape=0 rot=0
terrain	void_overlay_no_floor_context	41	void overlay	1342	9923	0	20	155	source_plane=1 shape=0 rot=0
terrain	void_overlay_no_floor_context	41	void overlay	1342	9924	0	20	155	source_plane=1 shape=0 rot=0
terrain	void_overlay_no_floor_context	41	void overlay	1342	9925	0	20	155	source_plane=1 shape=0 rot=0
terrain	void_overlay_no_floor_context	41	void overlay	1342	9926	0	20	155	source_plane=1 shape=0 rot=0
terrain	void_overlay_no_floor_context	41	void overlay	1342	9927	0	20	155	source_plane=1 shape=0 rot=0
terrain	void_overlay_no_floor_context	41	void overlay	1342	9928	0	20	155	source_plane=1 shape=0 rot=0
terrain	void_overlay_no_floor_context	41	void overlay	1342	9929	0	20	155	source_plane=1 shape=0 rot=0
terrain	void_overlay_no_floor_context	41	void overlay	1342	9930	0	20	155	source_plane=1 shape=0 rot=0
terrain	void_overlay_no_floor_context	41	void overlay	1342	9931	0	20	155	source_plane=1 shape=0 rot=0
terrain	void_overlay_no_floor_context	41	void overlay	1342	9932	0	20	155	source_plane=1 shape=0 rot=0
terrain	void_overlay_no_floor_context	41	void overlay	1342	9933	0	20	155	source_plane=1 shape=0 rot=0
terrain	void_overlay_no_floor_context	41	void overlay	1342	9934	0	20	155	source_plane=1 shape=0 rot=0
terrain	void_overlay_no_floor_context	41	void overlay	1342	9935	0	20	155	source_plane=1 shape=0 rot=0
terrain	void_overlay_no_floor_context	41	void overlay	1342	9936	0	20	155	source_plane=1 shape=0 rot=0
terrain	void_overlay_no_floor_context	41	void overlay	1342	9937	0	20	155	source_plane=1 shape=0 rot=0
terrain	void_overlay_no_floor_context	41	void overlay	1342	9938	0	20	155	source_plane=1 shape=0 rot=0
terrain	void_overlay_no_floor_context	41	void overlay	1342	9939	0	20	155	source_plane=1 shape=0 rot=0
terrain	void_overlay_no_floor_context	41	void overlay	1342	9940	0	20	155	source_plane=1 shape=0 rot=0
terrain	void_overlay_no_floor_context	41	void overlay	1342	9941	0	20	155	source_plane=1 shape=0 rot=0
terrain	void_overlay_no_floor_context	41	void overlay	1342	9942	0	20	155	source_plane=1 shape=0 rot=0
terrain	void_overlay_no_floor_context	41	void overlay	1342	9943	0	20	155	source_plane=1 shape=0 rot=0
terrain	void_overlay_no_floor_context	41	void overlay	1342	9944	0	20	155	source_plane=1 shape=0 rot=0
terrain	void_overlay_no_floor_context	41	void overlay	1342	9945	0	20	155	source_plane=1 shape=0 rot=0
terrain	void_overlay_no_floor_context	41	void overlay	1342	9946	0	20	155	source_plane=1 shape=0 rot=0
terrain	void_overlay_no_floor_context	41	void overlay	1342	9947	0	20	155	source_plane=1 shape=0 rot=0
terrain	void_overlay_no_floor_context	41	void overlay	1342	9948	0	20	155	source_plane=1 shape=0 rot=0
terrain	void_overlay_no_floor_context	41	void overlay	1342	9949	0	20	155	source_plane=1 shape=0 rot=0
terrain	void_overlay_no_floor_context	41	void overlay	1342	9950	0	20	155	source_plane=1 shape=0 rot=0
terrain	void_overlay_no_floor_context	41	void overlay	1342	9951	0	20	155	source_plane=1 shape=0 rot=0
terrain	void_overlay_no_floor_context	41	void overlay	1342	9952	0	20	155	source_plane=1 shape=0 rot=0
terrain	void_overlay_no_floor_context	41	void overlay	1342	9953	0	20	155	source_plane=1 shape=0 rot=0
terrain	void_overlay_no_floor_context	41	void overlay	1342	9954	0	20	155	source_plane=1 shape=0 rot=0
terrain	void_overlay_no_floor_context	41	void overlay	1342	9955	0	20	155	source_plane=1 shape=0 rot=0
terrain	void_overlay_no_floor_context	41	void overlay	1342	9956	0	20	155	source_plane=1 shape=0 rot=0
terrain	void_overlay_no_floor_context	41	void overlay	1342	9957	0	20	155	source_plane=1 shape=0 rot=0
terrain	void_overlay_no_floor_context	41	void overlay	1342	9958	0	20	155	source_plane=1 shape=0 rot=0
terrain	void_overlay_no_floor_context	41	void overlay	1342	9959	0	20	155	source_plane=1 shape=0 rot=0
terrain	void_overlay_no_floor_context	41	void overlay	1342	9960	0	20	155	source_plane=1 shape=0 rot=0
terrain	void_overlay_no_floor_context	41	void overlay	1342	9961	0	20	155	source_plane=1 shape=0 rot=0
terrain	void_overlay_no_floor_context	41	void overlay	1342	9962	0	20	155	source_plane=1 shape=0 rot=0
terrain	void_overlay_no_floor_context	41	void overlay	1342	9963	0	20	155	source_plane=1 shape=0 rot=0
terrain	void_overlay_no_floor_context	41	void overlay	1342	9964	0	20	155	source_plane=1 shape=0 rot=0
terrain	void_overlay_no_floor_context	41	void overlay	1342	9965	0	20	155	source_plane=1 shape=0 rot=0
terrain	void_overlay_no_floor_context	41	void overlay	1342	9966	0	20	155	source_plane=1 shape=0 rot=0
terrain	void_overlay_no_floor_context	41	void overlay	1342	9967	0	20	155	source_plane=1 shape=0 rot=0
terrain	void_overlay_no_floor_context	41	void overlay	1342	9968	0	20	155	source_plane=1 shape=0 rot=0
terrain	void_overlay_no_floor_context	41	void overlay	1342	9969	0	20	155	source_plane=1 shape=0 rot=0
terrain	void_overlay_no_floor_context	41	void overlay	1342	9970	0	20	155	source_plane=1 shape=0 rot=0
terrain	void_overlay_no_floor_context	41	void overlay	1342	9971	0	20	155	source_plane=1 shape=0 rot=0
terrain	void_overlay_no_floor_context	41	void overlay	1342	9972	0	20	155	source_plane=1 shape=0 rot=0
terrain	void_overlay_no_floor_context	41	void overlay	1342	9973	0	20	155	source_plane=1 shape=0 rot=0
terrain	void_overlay_no_floor_context	41	void overlay	1342	9974	0	20	155	source_plane=1 shape=0 rot=0
terrain	void_overlay_no_floor_context	41	void overlay	1342	9975	0	20	155	source_plane=1 shape=0 rot=0
terrain	void_overlay_no_floor_context	41	void overlay	1342	9976	0	20	155	source_plane=1 shape=0 rot=0
terrain	void_overlay_no_floor_context	41	void overlay	1342	9977	0	20	155	source_plane=1 shape=0 rot=0
terrain	void_overlay_no_floor_context	41	void overlay	1342	9978	0	20	155	source_plane=1 shape=0 rot=0
terrain	void_overlay_no_floor_context	41	void overlay	1342	9979	0	20	155	source_plane=1 shape=0 rot=0
terrain	void_overlay_no_floor_context	41	void overlay	1342	9980	0	20	155	source_plane=1 shape=0 rot=0
terrain	void_overlay_no_floor_context	41	void overlay	1342	9981	0	20	155	source_plane=1 shape=0 rot=0
terrain	void_overlay_no_floor_context	41	void overlay	1342	9982	0	20	155	source_plane=1 shape=0 rot=0
terrain	void_overlay_no_floor_context	41	void overlay	1342	9983	0	20	155	source_plane=1 shape=0 rot=0
terrain	void_overlay_no_floor_context	41	void overlay	1343	9920	0	20	155	source_plane=1 shape=0 rot=0
terrain	void_overlay_no_floor_context	41	void overlay	1343	9921	0	20	155	source_plane=1 shape=0 rot=0
terrain	void_overlay_no_floor_context	41	void overlay	1343	9922	0	20	155	source_plane=1 shape=0 rot=0
terrain	void_overlay_no_floor_context	41	void overlay	1343	9923	0	20	155	source_plane=1 shape=0 rot=0
terrain	void_overlay_no_floor_context	41	void overlay	1343	9924	0	20	155	source_plane=1 shape=0 rot=0
terrain	void_overlay_no_floor_context	41	void overlay	1343	9925	0	20	155	source_plane=1 shape=0 rot=0
terrain	void_overlay_no_floor_context	41	void overlay	1343	9926	0	20	155	source_plane=1 shape=0 rot=0
terrain	void_overlay_no_floor_context	41	void overlay	1343	9927	0	20	155	source_plane=1 shape=0 rot=0
terrain	void_overlay_no_floor_context	41	void overlay	1343	9928	0	20	155	source_plane=1 shape=0 rot=0
terrain	void_overlay_no_floor_context	41	void overlay	1343	9929	0	20	155	source_plane=1 shape=0 rot=0
terrain	void_overlay_no_floor_context	41	void overlay	1343	9930	0	20	155	source_plane=1 shape=0 rot=0
terrain	void_overlay_no_floor_context	41	void overlay	1343	9931	0	20	155	source_plane=1 shape=0 rot=0
terrain	void_overlay_no_floor_context	41	void overlay	1343	9932	0	20	155	source_plane=1 shape=0 rot=0
terrain	void_overlay_no_floor_context	41	void overlay	1343	9933	0	20	155	source_plane=1 shape=0 rot=0
terrain	void_overlay_no_floor_context	41	void overlay	1343	9934	0	20	155	source_plane=1 shape=0 rot=0
terrain	void_overlay_no_floor_context	41	void overlay	1343	9935	0	20	155	source_plane=1 shape=0 rot=0
terrain	void_overlay_no_floor_context	41	void overlay	1343	9936	0	20	155	source_plane=1 shape=0 rot=0
terrain	void_overlay_no_floor_context	41	void overlay	1343	9937	0	20	155	source_plane=1 shape=0 rot=0
terrain	void_overlay_no_floor_context	41	void overlay	1343	9938	0	20	155	source_plane=1 shape=0 rot=0
terrain	void_overlay_no_floor_context	41	void overlay	1343	9939	0	20	155	source_plane=1 shape=0 rot=0
terrain	void_overlay_no_floor_context	41	void overlay	1343	9940	0	20	155	source_plane=1 shape=0 rot=0
terrain	void_overlay_no_floor_context	41	void overlay	1343	9941	0	20	155	source_plane=1 shape=0 rot=0
terrain	void_overlay_no_floor_context	41	void overlay	1343	9942	0	20	155	source_plane=1 shape=0 rot=0
terrain	void_overlay_no_floor_context	41	void overlay	1343	9943	0	20	155	source_plane=1 shape=0 rot=0
terrain	void_overlay_no_floor_context	41	void overlay	1343	9944	0	20	155	source_plane=1 shape=0 rot=0
terrain	void_overlay_no_floor_context	41	void overlay	1343	9945	0	20	155	source_plane=1 shape=0 rot=0
terrain	void_overlay_no_floor_context	41	void overlay	1343	9946	0	20	155	source_plane=1 shape=0 rot=0
terrain	void_overlay_no_floor_context	41	void overlay	1343	9947	0	20	155	source_plane=1 shape=0 rot=0
terrain	void_overlay_no_floor_context	41	void overlay	1343	9948	0	20	155	source_plane=1 shape=0 rot=0
terrain	void_overlay_no_floor_context	41	void overlay	1343	9949	0	20	155	source_plane=1 shape=0 rot=0
terrain	void_overlay_no_floor_context	41	void overlay	1343	9950	0	20	155	source_plane=1 shape=0 rot=0
terrain	void_overlay_no_floor_context	41	void overlay	1343	9951	0	20	155	source_plane=1 shape=0 rot=0
terrain	void_overlay_no_floor_context	41	void overlay	1343	9952	0	20	155	source_plane=1 shape=0 rot=0
terrain	void_overlay_no_floor_context	41	void overlay	1343	9953	0	20	155	source_plane=1 shape=0 rot=0
terrain	void_overlay_no_floor_context	41	void overlay	1343	9954	0	20	155	source_plane=1 shape=0 rot=0
terrain	void_overlay_no_floor_context	41	void overlay	1343	9955	0	20	155	source_plane=1 shape=0 rot=0
terrain	void_overlay_no_floor_context	41	void overlay	1343	9956	0	20	155	source_plane=1 shape=0 rot=0
terrain	void_overlay_no_floor_context	41	void overlay	1343	9957	0	20	155	source_plane=1 shape=0 rot=0
terrain	void_overlay_no_floor_context	41	void overlay	1343	9958	0	20	155	source_plane=1 shape=0 rot=0
terrain	void_overlay_no_floor_context	41	void overlay	1343	9959	0	20	155	source_plane=1 shape=0 rot=0
terrain	void_overlay_no_floor_context	41	void overlay	1343	9960	0	20	155	source_plane=1 shape=0 rot=0
terrain	void_overlay_no_floor_context	41	void overlay	1343	9961	0	20	155	source_plane=1 shape=0 rot=0
terrain	void_overlay_no_floor_context	41	void overlay	1343	9962	0	20	155	source_plane=1 shape=0 rot=0
terrain	void_overlay_no_floor_context	41	void overlay	1343	9963	0	20	155	source_plane=1 shape=0 rot=0
terrain	void_overlay_no_floor_context	41	void overlay	1343	9964	0	20	155	source_plane=1 shape=0 rot=0
terrain	void_overlay_no_floor_context	41	void overlay	1343	9965	0	20	155	source_plane=1 shape=0 rot=0
terrain	void_overlay_no_floor_context	41	void overlay	1343	9966	0	20	155	source_plane=1 shape=0 rot=0
terrain	void_overlay_no_floor_context	41	void overlay	1343	9967	0	20	155	source_plane=1 shape=0 rot=0
terrain	void_overlay_no_floor_context	41	void overlay	1343	9968	0	20	155	source_plane=1 shape=0 rot=0
terrain	void_overlay_no_floor_context	41	void overlay	1343	9969	0	20	155	source_plane=1 shape=0 rot=0
terrain	void_overlay_no_floor_context	41	void overlay	1343	9970	0	20	155	source_plane=1 shape=0 rot=0
terrain	void_overlay_no_floor_context	41	void overlay	1343	9971	0	20	155	source_plane=1 shape=0 rot=0
terrain	void_overlay_no_floor_context	41	void overlay	1343	9972	0	20	155	source_plane=1 shape=0 rot=0
terrain	void_overlay_no_floor_context	41	void overlay	1343	9973	0	20	155	source_plane=1 shape=0 rot=0
terrain	void_overlay_no_floor_context	41	void overlay	1343	9974	0	20	155	source_plane=1 shape=0 rot=0
terrain	void_overlay_no_floor_context	41	void overlay	1343	9975	0	20	155	source_plane=1 shape=0 rot=0
terrain	void_overlay_no_floor_context	41	void overlay	1343	9976	0	20	155	source_plane=1 shape=0 rot=0
terrain	void_overlay_no_floor_context	41	void overlay	1343	9977	0	20	155	source_plane=1 shape=0 rot=0
terrain	void_overlay_no_floor_context	41	void overlay	1343	9978	0	20	155	source_plane=1 shape=0 rot=0
terrain	void_overlay_no_floor_context	41	void overlay	1343	9979	0	20	155	source_plane=1 shape=0 rot=0
terrain	void_overlay_no_floor_context	41	void overlay	1343	9980	0	20	155	source_plane=1 shape=0 rot=0
terrain	void_overlay_no_floor_context	41	void overlay	1343	9981	0	20	155	source_plane=1 shape=0 rot=0
terrain	void_overlay_no_floor_context	41	void overlay	1343	9982	0	20	155	source_plane=1 shape=0 rot=0
terrain	void_overlay_no_floor_context	41	void overlay	1343	9983	0	20	155	source_plane=1 shape=0 rot=0
terrain	void_overlay_no_floor_context	41	void overlay	1375	3308	0	21	51	source_plane=1 shape=0 rot=0
terrain	void_overlay_no_floor_context	41	void overlay	1375	3309	0	21	51	source_plane=1 shape=0 rot=0
terrain	void_overlay_no_floor_context	41	void overlay	1376	3308	0	21	51	source_plane=1 shape=0 rot=0
terrain	void_overlay_no_floor_context	41	void overlay	1376	3309	0	21	51	source_plane=1 shape=0 rot=0
terrain	void_overlay_no_floor_context	41	void overlay	1377	3308	0	21	51	source_plane=1 shape=0 rot=0
terrain	void_overlay_no_floor_context	41	void overlay	1377	3309	0	21	51	source_plane=1 shape=0 rot=0
terrain	void_overlay_no_floor_context	41	void overlay	1378	3308	0	21	51	source_plane=1 shape=0 rot=0
terrain	void_overlay_no_floor_context	41	void overlay	1378	3309	0	21	51	source_plane=1 shape=0 rot=0
terrain	void_overlay_no_floor_context	41	void overlay	1379	3308	0	21	51	source_plane=1 shape=0 rot=0
terrain	void_overlay_no_floor_context	41	void overlay	1379	3309	0	21	51	source_plane=1 shape=0 rot=0
terrain	void_overlay_no_floor_context	41	void overlay	1380	3308	0	21	51	source_plane=1 shape=0 rot=0
terrain	void_overlay_no_floor_context	41	void overlay	1380	3309	0	21	51	source_plane=1 shape=0 rot=0
terrain	void_overlay_no_floor_context	41	void overlay	1381	3308	0	21	51	source_plane=1 shape=0 rot=0
terrain	void_overlay_no_floor_context	41	void overlay	1381	3309	0	21	51	source_plane=1 shape=0 rot=0
terrain	void_overlay_no_floor_context	41	void overlay	1382	3308	0	21	51	source_plane=1 shape=0 rot=0
terrain	void_overlay_no_floor_context	41	void overlay	1382	3309	0	21	51	source_plane=1 shape=0 rot=0
terrain	void_overlay_no_floor_context	41	void overlay	1390	3296	0	21	51	source_plane=1 shape=0 rot=0
terrain	void_overlay_no_floor_context	41	void overlay	1390	3297	0	21	51	source_plane=1 shape=0 rot=0
terrain	void_overlay_no_floor_context	41	void overlay	1391	3296	0	21	51	source_plane=1 shape=0 rot=0
terrain	void_overlay_no_floor_context	41	void overlay	1391	3297	0	21	51	source_plane=1 shape=0 rot=0
terrain	void_overlay_no_floor_context	41	void overlay	1392	3296	0	21	51	source_plane=1 shape=0 rot=0
terrain	void_overlay_no_floor_context	41	void overlay	1392	3297	0	21	51	source_plane=1 shape=0 rot=0
terrain	void_overlay_no_floor_context	41	void overlay	1393	3296	0	21	51	source_plane=1 shape=0 rot=0
terrain	void_overlay_no_floor_context	41	void overlay	1393	3297	0	21	51	source_plane=1 shape=0 rot=0
terrain	void_overlay_no_floor_context	41	void overlay	1394	3296	0	21	51	source_plane=1 shape=0 rot=0
terrain	void_overlay_no_floor_context	41	void overlay	1394	3297	0	21	51	source_plane=1 shape=0 rot=0
terrain	void_overlay_no_floor_context	41	void overlay	1395	3296	0	21	51	source_plane=1 shape=0 rot=0
terrain	void_overlay_no_floor_context	41	void overlay	1395	3297	0	21	51	source_plane=1 shape=0 rot=0
terrain	void_overlay_no_floor_context	160	void overlay	1401	3284	0	21	51	source_plane=1 shape=0 rot=0
terrain	void_overlay_no_floor_context	160	void overlay	1401	3285	0	21	51	source_plane=1 shape=0 rot=0
terrain	void_overlay_no_floor_context	160	void overlay	1401	3286	0	21	51	source_plane=1 shape=0 rot=0
terrain	void_overlay_no_floor_context	160	void overlay	1401	3287	0	21	51	source_plane=1 shape=0 rot=0
terrain	void_overlay_no_floor_context	160	void overlay	1401	3288	0	21	51	source_plane=1 shape=0 rot=0
terrain	void_overlay_no_floor_context	160	void overlay	1401	3289	0	21	51	source_plane=1 shape=0 rot=0
terrain	void_overlay_no_floor_context	160	void overlay	1401	3290	0	21	51	source_plane=1 shape=0 rot=0
terrain	void_overlay_no_floor_context	99	void overlay	1368	3415	0	21	53	source_plane=1 shape=0 rot=0
terrain	void_overlay_no_floor_context	99	void overlay	1369	3415	0	21	53	source_plane=1 shape=0 rot=0
terrain	void_overlay_no_floor_context	99	void overlay	1370	3415	0	21	53	source_plane=1 shape=0 rot=0
terrain	void_overlay_no_floor_context	99	void overlay	1370	3416	0	21	53	source_plane=1 shape=0 rot=0
terrain	void_overlay_no_floor_context	99	void overlay	1371	3415	0	21	53	source_plane=1 shape=0 rot=0
terrain	void_overlay_no_floor_context	99	void overlay	1371	3416	0	21	53	source_plane=1 shape=0 rot=0
terrain	void_overlay_no_floor_context	99	void overlay	1372	3415	0	21	53	source_plane=1 shape=0 rot=0
terrain	void_overlay_no_floor_context	99	void overlay	1372	3416	0	21	53	source_plane=1 shape=0 rot=0
terrain	void_overlay_no_floor_context	99	void overlay	1373	3415	0	21	53	source_plane=1 shape=0 rot=0
terrain	void_overlay_no_floor_context	99	void overlay	1373	3416	0	21	53	source_plane=1 shape=0 rot=0
terrain	void_overlay_no_floor_context	99	void overlay	1374	3415	0	21	53	source_plane=1 shape=0 rot=0
terrain	void_overlay_no_floor_context	99	void overlay	1374	3416	0	21	53	source_plane=1 shape=0 rot=0
terrain	void_overlay_no_floor_context	99	void overlay	1375	3415	0	21	53	source_plane=1 shape=0 rot=0
terrain	void_overlay_no_floor_context	99	void overlay	1375	3416	0	21	53	source_plane=1 shape=0 rot=0
terrain	void_overlay_no_floor_context	99	void overlay	1376	3415	0	21	53	source_plane=1 shape=0 rot=0
terrain	void_overlay_no_floor_context	99	void overlay	1376	3416	0	21	53	source_plane=1 shape=0 rot=0
terrain	void_overlay_no_floor_context	99	void overlay	1377	3415	0	21	53	source_plane=1 shape=0 rot=0
terrain	void_overlay_no_floor_context	99	void overlay	1377	3416	0	21	53	source_plane=1 shape=0 rot=0
terrain	void_overlay_no_floor_context	99	void overlay	1378	3415	0	21	53	source_plane=1 shape=0 rot=0
terrain	void_overlay_no_floor_context	99	void overlay	1378	3416	0	21	53	source_plane=1 shape=0 rot=0
terrain	void_overlay_no_floor_context	60	void overlay	1391	3504	0	21	54	source_plane=1 shape=0 rot=0
terrain	void_overlay_no_floor_context	60	void overlay	1391	3505	0	21	54	source_plane=1 shape=0 rot=0
terrain	void_overlay_no_floor_context	60	void overlay	1392	3504	0	21	54	source_plane=1 shape=0 rot=0
terrain	void_overlay_no_floor_context	60	void overlay	1392	3505	0	21	54	source_plane=1 shape=0 rot=0
terrain	void_overlay_no_floor_context	60	void overlay	1393	3504	0	21	54	source_plane=1 shape=0 rot=0
terrain	void_overlay_no_floor_context	60	void overlay	1393	3505	0	21	54	source_plane=1 shape=0 rot=0
terrain	void_overlay_no_floor_context	60	void overlay	1394	3504	0	21	54	source_plane=1 shape=0 rot=0
terrain	void_overlay_no_floor_context	60	void overlay	1394	3505	0	21	54	source_plane=1 shape=0 rot=0
terrain	void_overlay_no_floor_context	60	void overlay	1395	3504	0	21	54	source_plane=1 shape=0 rot=0
terrain	void_overlay_no_floor_context	60	void overlay	1395	3505	0	21	54	source_plane=1 shape=0 rot=0
terrain	void_overlay_no_floor_context	60	void overlay	1396	3504	0	21	54	source_plane=1 shape=0 rot=0
terrain	void_overlay_no_floor_context	60	void overlay	1396	3505	0	21	54	source_plane=1 shape=0 rot=0
terrain	void_overlay_no_floor_context	60	void overlay	1381	3523	0	21	55	source_plane=1 shape=0 rot=0
terrain	void_overlay_no_floor_context	60	void overlay	1381	3524	0	21	55	source_plane=1 shape=0 rot=0
terrain	void_overlay_no_floor_context	60	void overlay	1382	3523	0	21	55	source_plane=1 shape=0 rot=0
terrain	void_overlay_no_floor_context	60	void overlay	1382	3524	0	21	55	source_plane=1 shape=0 rot=0
terrain	void_overlay_no_floor_context	60	void overlay	1383	3524	0	21	55	source_plane=1 shape=0 rot=0
terrain	void_overlay_no_floor_context	60	void overlay	1383	3571	0	21	55	source_plane=1 shape=1 rot=2
terrain	void_overlay_no_floor_context	60	void overlay	1383	3572	0	21	55	source_plane=1 shape=1 rot=3
terrain	void_overlay_no_floor_context	60	void overlay	1384	3543	0	21	55	source_plane=1 shape=0 rot=0
terrain	void_overlay_no_floor_context	60	void overlay	1384	3544	0	21	55	source_plane=1 shape=0 rot=0
terrain	void_overlay_no_floor_context	60	void overlay	1384	3570	0	21	55	source_plane=1 shape=1 rot=2
terrain	void_overlay_no_floor_context	60	void overlay	1384	3571	0	21	55	source_plane=1 shape=0 rot=0
terrain	void_overlay_no_floor_context	60	void overlay	1384	3572	0	21	55	source_plane=1 shape=0 rot=0
terrain	void_overlay_no_floor_context	60	void overlay	1384	3573	0	21	55	source_plane=1 shape=1 rot=3
terrain	void_overlay_no_floor_context	60	void overlay	1385	3543	0	21	55	source_plane=1 shape=0 rot=0
terrain	void_overlay_no_floor_context	60	void overlay	1385	3544	0	21	55	source_plane=1 shape=0 rot=0
terrain	void_overlay_no_floor_context	60	void overlay	1385	3569	0	21	55	source_plane=1 shape=1 rot=2
terrain	void_overlay_no_floor_context	60	void overlay	1385	3570	0	21	55	source_plane=1 shape=0 rot=0
terrain	void_overlay_no_floor_context	60	void overlay	1385	3571	0	21	55	source_plane=1 shape=0 rot=0
terrain	void_overlay_no_floor_context	60	void overlay	1385	3572	0	21	55	source_plane=1 shape=0 rot=0
terrain	void_overlay_no_floor_context	60	void overlay	1385	3573	0	21	55	source_plane=1 shape=1 rot=0
terrain	void_overlay_no_floor_context	60	void overlay	1386	3523	0	21	55	source_plane=1 shape=0 rot=0
terrain	void_overlay_no_floor_context	60	void overlay	1386	3524	0	21	55	source_plane=1 shape=0 rot=0
terrain	void_overlay_no_floor_context	60	void overlay	1386	3543	0	21	55	source_plane=1 shape=0 rot=0
terrain	void_overlay_no_floor_context	60	void overlay	1386	3544	0	21	55	source_plane=1 shape=0 rot=0
terrain	void_overlay_no_floor_context	60	void overlay	1386	3568	0	21	55	source_plane=1 shape=1 rot=2
terrain	void_overlay_no_floor_context	60	void overlay	1386	3569	0	21	55	source_plane=1 shape=0 rot=0
terrain	void_overlay_no_floor_context	60	void overlay	1386	3570	0	21	55	source_plane=1 shape=0 rot=0
terrain	void_overlay_no_floor_context	60	void overlay	1386	3571	0	21	55	source_plane=1 shape=0 rot=0
terrain	void_overlay_no_floor_context	60	void overlay	1386	3572	0	21	55	source_plane=1 shape=1 rot=0
terrain	void_overlay_no_floor_context	60	void overlay	1387	3523	0	21	55	source_plane=1 shape=0 rot=0
terrain	void_overlay_no_floor_context	60	void overlay	1387	3524	0	21	55	source_plane=1 shape=0 rot=0
terrain	void_overlay_no_floor_context	60	void overlay	1387	3543	0	21	55	source_plane=1 shape=0 rot=0
terrain	void_overlay_no_floor_context	60	void overlay	1387	3544	0	21	55	source_plane=1 shape=0 rot=0
terrain	void_overlay_no_floor_context	60	void overlay	1387	3568	0	21	55	source_plane=1 shape=1 rot=1
terrain	void_overlay_no_floor_context	60	void overlay	1387	3569	0	21	55	source_plane=1 shape=0 rot=0
terrain	void_overlay_no_floor_context	60	void overlay	1387	3570	0	21	55	source_plane=1 shape=0 rot=0
terrain	void_overlay_no_floor_context	60	void overlay	1387	3571	0	21	55	source_plane=1 shape=1 rot=0
terrain	void_overlay_no_floor_context	60	void overlay	1388	3543	0	21	55	source_plane=1 shape=0 rot=0
terrain	void_overlay_no_floor_context	60	void overlay	1388	3544	0	21	55	source_plane=1 shape=0 rot=0
terrain	void_overlay_no_floor_context	60	void overlay	1388	3569	0	21	55	source_plane=1 shape=1 rot=1
terrain	void_overlay_no_floor_context	60	void overlay	1388	3570	0	21	55	source_plane=1 shape=1 rot=0
terrain	void_overlay_no_floor_context	60	void overlay	1389	3543	0	21	55	source_plane=1 shape=0 rot=0
terrain	void_overlay_no_floor_context	60	void overlay	1389	3544	0	21	55	source_plane=1 shape=0 rot=0
terrain	void_overlay_no_floor_context	60	void overlay	1390	3543	0	21	55	source_plane=1 shape=0 rot=0
terrain	void_overlay_no_floor_context	60	void overlay	1390	3544	0	21	55	source_plane=1 shape=0 rot=0
terrain	void_overlay_no_floor_context	60	void overlay	1391	3543	0	21	55	source_plane=1 shape=0 rot=0
terrain	void_overlay_no_floor_context	60	void overlay	1391	3544	0	21	55	source_plane=1 shape=0 rot=0
terrain	void_overlay_no_floor_context	60	void overlay	1383	3665	0	21	57	source_plane=1 shape=0 rot=0
terrain	void_overlay_no_floor_context	60	void overlay	1383	3666	0	21	57	source_plane=1 shape=0 rot=0
terrain	void_overlay_no_floor_context	60	void overlay	1383	3667	0	21	57	source_plane=1 shape=0 rot=0
terrain	void_overlay_no_floor_context	60	void overlay	1383	3668	0	21	57	source_plane=1 shape=0 rot=0
terrain	void_overlay_no_floor_context	60	void overlay	1383	3669	0	21	57	source_plane=1 shape=0 rot=0
terrain	void_overlay_no_floor_context	60	void overlay	1383	3670	0	21	57	source_plane=1 shape=0 rot=0
terrain	void_overlay_no_floor_context	60	void overlay	1383	3671	0	21	57	source_plane=1 shape=0 rot=0
terrain	void_overlay_no_floor_context	60	void overlay	1383	3672	0	21	57	source_plane=1 shape=0 rot=0
terrain	void_overlay_no_floor_context	60	void overlay	1383	3673	0	21	57	source_plane=1 shape=0 rot=0
terrain	void_overlay_no_floor_context	60	void overlay	1383	3674	0	21	57	source_plane=1 shape=0 rot=0
terrain	void_overlay_no_floor_context	60	void overlay	1384	3665	0	21	57	source_plane=1 shape=0 rot=0
terrain	void_overlay_no_floor_context	60	void overlay	1384	3666	0	21	57	source_plane=1 shape=0 rot=0
terrain	void_overlay_no_floor_context	60	void overlay	1384	3667	0	21	57	source_plane=1 shape=0 rot=0
terrain	void_overlay_no_floor_context	60	void overlay	1384	3668	0	21	57	source_plane=1 shape=0 rot=0
terrain	void_overlay_no_floor_context	60	void overlay	1384	3669	0	21	57	source_plane=1 shape=0 rot=0
terrain	void_overlay_no_floor_context	60	void overlay	1384	3670	0	21	57	source_plane=1 shape=0 rot=0
terrain	void_overlay_no_floor_context	60	void overlay	1384	3671	0	21	57	source_plane=1 shape=0 rot=0
terrain	void_overlay_no_floor_context	60	void overlay	1384	3672	0	21	57	source_plane=1 shape=0 rot=0
terrain	void_overlay_no_floor_context	60	void overlay	1384	3673	0	21	57	source_plane=1 shape=0 rot=0
terrain	void_overlay_no_floor_context	60	void overlay	1384	3674	0	21	57	source_plane=1 shape=0 rot=0
terrain	void_overlay_no_floor_context	60	void overlay	1385	3665	0	21	57	source_plane=1 shape=0 rot=0
terrain	void_overlay_no_floor_context	60	void overlay	1385	3666	0	21	57	source_plane=1 shape=0 rot=0
terrain	void_overlay_no_floor_context	60	void overlay	1385	3667	0	21	57	source_plane=1 shape=0 rot=0
terrain	void_overlay_no_floor_context	60	void overlay	1385	3668	0	21	57	source_plane=1 shape=0 rot=0
terrain	void_overlay_no_floor_context	60	void overlay	1385	3669	0	21	57	source_plane=1 shape=0 rot=0
terrain	void_overlay_no_floor_context	60	void overlay	1385	3670	0	21	57	source_plane=1 shape=0 rot=0
terrain	void_overlay_no_floor_context	60	void overlay	1385	3671	0	21	57	source_plane=1 shape=0 rot=0
terrain	void_overlay_no_floor_context	60	void overlay	1385	3672	0	21	57	source_plane=1 shape=0 rot=0
terrain	void_overlay_no_floor_context	60	void overlay	1385	3673	0	21	57	source_plane=1 shape=0 rot=0
terrain	void_overlay_no_floor_context	60	void overlay	1385	3674	0	21	57	source_plane=1 shape=0 rot=0
terrain	void_overlay_no_floor_context	199	void overlay	1349	4234	0	21	66	source_plane=0 shape=0 rot=0
terrain	void_overlay_no_floor_context	199	void overlay	1349	4235	0	21	66	source_plane=0 shape=0 rot=0
terrain	void_overlay_no_floor_context	199	void overlay	1349	4236	0	21	66	source_plane=0 shape=0 rot=0
terrain	void_overlay_no_floor_context	199	void overlay	1349	4237	0	21	66	source_plane=0 shape=0 rot=0
terrain	void_overlay_no_floor_context	199	void overlay	1350	4234	0	21	66	source_plane=0 shape=0 rot=0
terrain	void_overlay_no_floor_context	199	void overlay	1350	4235	0	21	66	source_plane=0 shape=0 rot=0
terrain	void_overlay_no_floor_context	199	void overlay	1350	4236	0	21	66	source_plane=0 shape=0 rot=0
terrain	void_overlay_no_floor_context	199	void overlay	1350	4237	0	21	66	source_plane=0 shape=0 rot=0
terrain	void_overlay_no_floor_context	199	void overlay	1351	4234	0	21	66	source_plane=0 shape=0 rot=0
terrain	void_overlay_no_floor_context	199	void overlay	1351	4235	0	21	66	source_plane=0 shape=0 rot=0
terrain	void_overlay_no_floor_context	199	void overlay	1351	4236	0	21	66	source_plane=0 shape=0 rot=0
terrain	void_overlay_no_floor_context	199	void overlay	1351	4237	0	21	66	source_plane=0 shape=0 rot=0
terrain	void_overlay_no_floor_context	199	void overlay	1352	4234	0	21	66	source_plane=0 shape=0 rot=0
terrain	void_overlay_no_floor_context	199	void overlay	1352	4235	0	21	66	source_plane=0 shape=0 rot=0
terrain	void_overlay_no_floor_context	199	void overlay	1352	4236	0	21	66	source_plane=0 shape=0 rot=0
terrain	void_overlay_no_floor_context	199	void overlay	1352	4237	0	21	66	source_plane=0 shape=0 rot=0
terrain	void_overlay_no_floor_context	199	void overlay	1353	4234	0	21	66	source_plane=0 shape=0 rot=0
terrain	void_overlay_no_floor_context	199	void overlay	1353	4235	0	21	66	source_plane=0 shape=0 rot=0
terrain	void_overlay_no_floor_context	199	void overlay	1353	4236	0	21	66	source_plane=0 shape=0 rot=0
terrain	void_overlay_no_floor_context	199	void overlay	1353	4237	0	21	66	source_plane=0 shape=0 rot=0
terrain	void_overlay_no_floor_context	199	void overlay	1354	4234	0	21	66	source_plane=0 shape=0 rot=0
terrain	void_overlay_no_floor_context	199	void overlay	1354	4235	0	21	66	source_plane=0 shape=0 rot=0
terrain	void_overlay_no_floor_context	199	void overlay	1354	4236	0	21	66	source_plane=0 shape=0 rot=0
terrain	void_overlay_no_floor_context	199	void overlay	1354	4237	0	21	66	source_plane=0 shape=0 rot=0
terrain	void_overlay_no_floor_context	199	void overlay	1355	4234	0	21	66	source_plane=0 shape=0 rot=0
terrain	void_overlay_no_floor_context	199	void overlay	1355	4235	0	21	66	source_plane=0 shape=0 rot=0
terrain	void_overlay_no_floor_context	199	void overlay	1355	4236	0	21	66	source_plane=0 shape=0 rot=0
terrain	void_overlay_no_floor_context	199	void overlay	1355	4237	0	21	66	source_plane=0 shape=0 rot=0
terrain	void_overlay_no_floor_context	199	void overlay	1356	4234	0	21	66	source_plane=0 shape=0 rot=0
terrain	void_overlay_no_floor_context	199	void overlay	1356	4235	0	21	66	source_plane=0 shape=0 rot=0
terrain	void_overlay_no_floor_context	199	void overlay	1356	4236	0	21	66	source_plane=0 shape=0 rot=0
terrain	void_overlay_no_floor_context	199	void overlay	1356	4237	0	21	66	source_plane=0 shape=0 rot=0
terrain	void_overlay_no_floor_context	41	void overlay	1388	9994	0	21	156	source_plane=1 shape=0 rot=0
terrain	void_overlay_no_floor_context	41	void overlay	1344	10280	0	21	160	source_plane=0 shape=0 rot=0
terrain	void_overlay_no_floor_context	41	void overlay	1344	10281	0	21	160	source_plane=0 shape=0 rot=0
terrain	void_overlay_no_floor_context	41	void overlay	1344	10282	0	21	160	source_plane=0 shape=0 rot=0
terrain	void_overlay_no_floor_context	41	void overlay	1345	10280	0	21	160	source_plane=0 shape=0 rot=0
terrain	void_overlay_no_floor_context	41	void overlay	1345	10281	0	21	160	source_plane=0 shape=0 rot=0
terrain	void_overlay_no_floor_context	41	void overlay	1345	10282	0	21	160	source_plane=0 shape=0 rot=0
terrain	void_overlay_no_floor_context	41	void overlay	1346	10280	0	21	160	source_plane=0 shape=0 rot=0
terrain	void_overlay_no_floor_context	41	void overlay	1346	10281	0	21	160	source_plane=0 shape=0 rot=0
terrain	void_overlay_no_floor_context	41	void overlay	1346	10282	0	21	160	source_plane=0 shape=0 rot=0
terrain	void_overlay_no_floor_context	41	void overlay	1347	10280	0	21	160	source_plane=0 shape=0 rot=0
terrain	void_overlay_no_floor_context	41	void overlay	1347	10281	0	21	160	source_plane=0 shape=0 rot=0
terrain	void_overlay_no_floor_context	41	void overlay	1347	10282	0	21	160	source_plane=0 shape=0 rot=0
terrain	void_overlay_no_floor_context	41	void overlay	1348	10280	0	21	160	source_plane=0 shape=0 rot=0
terrain	void_overlay_no_floor_context	41	void overlay	1348	10281	0	21	160	source_plane=0 shape=0 rot=0
terrain	void_overlay_no_floor_context	41	void overlay	1348	10282	0	21	160	source_plane=0 shape=0 rot=0
terrain	void_overlay_no_floor_context	41	void overlay	1349	10280	0	21	160	source_plane=0 shape=0 rot=0
terrain	void_overlay_no_floor_context	41	void overlay	1349	10281	0	21	160	source_plane=0 shape=0 rot=0
terrain	void_overlay_no_floor_context	41	void overlay	1349	10282	0	21	160	source_plane=0 shape=0 rot=0
terrain	void_overlay_no_floor_context	41	void overlay	1350	10280	0	21	160	source_plane=0 shape=0 rot=0
terrain	void_overlay_no_floor_context	41	void overlay	1350	10281	0	21	160	source_plane=0 shape=0 rot=0
terrain	void_overlay_no_floor_context	41	void overlay	1350	10282	0	21	160	source_plane=0 shape=0 rot=0
terrain	void_overlay_no_floor_context	41	void overlay	1351	10280	0	21	160	source_plane=0 shape=0 rot=0
terrain	void_overlay_no_floor_context	41	void overlay	1351	10281	0	21	160	source_plane=0 shape=0 rot=0
terrain	void_overlay_no_floor_context	41	void overlay	1351	10282	0	21	160	source_plane=0 shape=0 rot=0
terrain	void_overlay_no_floor_context	41	void overlay	1352	10280	0	21	160	source_plane=0 shape=0 rot=0
terrain	void_overlay_no_floor_context	41	void overlay	1352	10281	0	21	160	source_plane=0 shape=0 rot=0
terrain	void_overlay_no_floor_context	41	void overlay	1352	10282	0	21	160	source_plane=0 shape=0 rot=0
terrain	void_overlay_no_floor_context	41	void overlay	1353	10282	0	21	160	source_plane=0 shape=0 rot=0
terrain	void_overlay_no_floor_context	41	void overlay	1354	10282	0	21	160	source_plane=0 shape=0 rot=0
terrain	void_overlay_no_floor_context	41	void overlay	1355	10282	0	21	160	source_plane=0 shape=0 rot=0
terrain	void_overlay_no_floor_context	41	void overlay	1356	10282	0	21	160	source_plane=0 shape=0 rot=0
terrain	void_overlay_no_floor_context	41	void overlay	1357	10282	0	21	160	source_plane=0 shape=0 rot=0
terrain	void_overlay_no_floor_context	41	void overlay	1358	10282	0	21	160	source_plane=0 shape=0 rot=0
terrain	void_overlay_no_floor_context	41	void overlay	1375	10253	0	21	160	source_plane=0 shape=0 rot=0
terrain	void_overlay_no_floor_context	41	void overlay	1375	10282	0	21	160	source_plane=0 shape=0 rot=0
terrain	void_overlay_no_floor_context	41	void overlay	1376	10253	0	21	160	source_plane=0 shape=0 rot=0
terrain	void_overlay_no_floor_context	41	void overlay	1376	10282	0	21	160	source_plane=0 shape=0 rot=0
terrain	void_overlay_no_floor_context	41	void overlay	1377	10253	0	21	160	source_plane=0 shape=0 rot=0
terrain	void_overlay_no_floor_context	41	void overlay	1377	10282	0	21	160	source_plane=0 shape=0 rot=0
terrain	void_overlay_no_floor_context	41	void overlay	1378	10253	0	21	160	source_plane=0 shape=0 rot=0
terrain	void_overlay_no_floor_context	41	void overlay	1378	10282	0	21	160	source_plane=0 shape=0 rot=0
terrain	void_overlay_no_floor_context	41	void overlay	1379	10253	0	21	160	source_plane=0 shape=0 rot=0
terrain	void_overlay_no_floor_context	41	void overlay	1379	10282	0	21	160	source_plane=0 shape=0 rot=0
terrain	void_overlay_no_floor_context	41	void overlay	1380	10253	0	21	160	source_plane=0 shape=0 rot=0
terrain	void_overlay_no_floor_context	41	void overlay	1380	10282	0	21	160	source_plane=0 shape=0 rot=0
terrain	void_overlay_no_floor_context	41	void overlay	1381	10253	0	21	160	source_plane=0 shape=0 rot=0
terrain	void_overlay_no_floor_context	41	void overlay	1381	10254	0	21	160	source_plane=0 shape=0 rot=0
terrain	void_overlay_no_floor_context	41	void overlay	1381	10255	0	21	160	source_plane=0 shape=0 rot=0
terrain	void_overlay_no_floor_context	41	void overlay	1381	10256	0	21	160	source_plane=0 shape=0 rot=0
terrain	void_overlay_no_floor_context	41	void overlay	1381	10257	0	21	160	source_plane=0 shape=0 rot=0
terrain	void_overlay_no_floor_context	41	void overlay	1381	10258	0	21	160	source_plane=0 shape=0 rot=0
terrain	void_overlay_no_floor_context	41	void overlay	1381	10259	0	21	160	source_plane=0 shape=0 rot=0
terrain	void_overlay_no_floor_context	41	void overlay	1381	10276	0	21	160	source_plane=0 shape=0 rot=0
terrain	void_overlay_no_floor_context	41	void overlay	1381	10277	0	21	160	source_plane=0 shape=0 rot=0
terrain	void_overlay_no_floor_context	41	void overlay	1381	10278	0	21	160	source_plane=0 shape=0 rot=0
terrain	void_overlay_no_floor_context	41	void overlay	1381	10279	0	21	160	source_plane=0 shape=0 rot=0
terrain	void_overlay_no_floor_context	41	void overlay	1381	10280	0	21	160	source_plane=0 shape=0 rot=0
terrain	void_overlay_no_floor_context	41	void overlay	1381	10281	0	21	160	source_plane=0 shape=0 rot=0
terrain	void_overlay_no_floor_context	41	void overlay	1381	10282	0	21	160	source_plane=0 shape=0 rot=0
terrain	void_overlay_no_floor_context	440	void overlay	1436	2967	0	22	46	source_plane=1 shape=0 rot=0
terrain	void_overlay_no_floor_context	440	void overlay	1436	2968	0	22	46	source_plane=1 shape=0 rot=0
terrain	void_overlay_no_floor_context	440	void overlay	1436	2969	0	22	46	source_plane=1 shape=0 rot=0
terrain	void_overlay_no_floor_context	440	void overlay	1437	2967	0	22	46	source_plane=1 shape=0 rot=0
terrain	void_overlay_no_floor_context	440	void overlay	1437	2968	0	22	46	source_plane=1 shape=0 rot=0
terrain	void_overlay_no_floor_context	440	void overlay	1437	2969	0	22	46	source_plane=1 shape=0 rot=0
terrain	void_overlay_no_floor_context	440	void overlay	1438	2967	0	22	46	source_plane=1 shape=0 rot=0
terrain	void_overlay_no_floor_context	440	void overlay	1438	2968	0	22	46	source_plane=1 shape=0 rot=0
terrain	void_overlay_no_floor_context	440	void overlay	1438	2969	0	22	46	source_plane=1 shape=0 rot=0
terrain	void_overlay_no_floor_context	440	void overlay	1439	2967	0	22	46	source_plane=1 shape=0 rot=0
terrain	void_overlay_no_floor_context	440	void overlay	1439	2968	0	22	46	source_plane=1 shape=0 rot=0
terrain	void_overlay_no_floor_context	440	void overlay	1439	2969	0	22	46	source_plane=1 shape=0 rot=0
terrain	void_overlay_no_floor_context	440	void overlay	1440	2967	0	22	46	source_plane=1 shape=0 rot=0
terrain	void_overlay_no_floor_context	440	void overlay	1440	2968	0	22	46	source_plane=1 shape=0 rot=0
terrain	void_overlay_no_floor_context	440	void overlay	1440	2969	0	22	46	source_plane=1 shape=0 rot=0
terrain	void_overlay_no_floor_context	440	void overlay	1441	2967	0	22	46	source_plane=1 shape=0 rot=0
terrain	void_overlay_no_floor_context	440	void overlay	1441	2968	0	22	46	source_plane=1 shape=0 rot=0
terrain	void_overlay_no_floor_context	440	void overlay	1441	2969	0	22	46	source_plane=1 shape=0 rot=0
terrain	void_overlay_no_floor_context	440	void overlay	1441	2970	0	22	46	source_plane=1 shape=0 rot=0
terrain	void_overlay_no_floor_context	440	void overlay	1441	2971	0	22	46	source_plane=1 shape=0 rot=0
terrain	void_overlay_no_floor_context	440	void overlay	1441	2972	0	22	46	source_plane=1 shape=0 rot=0
terrain	void_overlay_no_floor_context	440	void overlay	1441	2973	0	22	46	source_plane=1 shape=0 rot=0
terrain	void_overlay_no_floor_context	440	void overlay	1441	2974	0	22	46	source_plane=1 shape=0 rot=0
terrain	void_overlay_no_floor_context	440	void overlay	1441	2975	0	22	46	source_plane=1 shape=0 rot=0
terrain	void_overlay_no_floor_context	440	void overlay	1441	2976	0	22	46	source_plane=1 shape=0 rot=0
terrain	void_overlay_no_floor_context	440	void overlay	1441	2977	0	22	46	source_plane=1 shape=0 rot=0
terrain	void_overlay_no_floor_context	440	void overlay	1441	2978	0	22	46	source_plane=1 shape=0 rot=0
terrain	void_overlay_no_floor_context	440	void overlay	1442	2967	0	22	46	source_plane=1 shape=0 rot=0
terrain	void_overlay_no_floor_context	440	void overlay	1442	2968	0	22	46	source_plane=1 shape=0 rot=0
terrain	void_overlay_no_floor_context	440	void overlay	1442	2969	0	22	46	source_plane=1 shape=0 rot=0
terrain	void_overlay_no_floor_context	440	void overlay	1442	2970	0	22	46	source_plane=1 shape=0 rot=0
terrain	void_overlay_no_floor_context	440	void overlay	1442	2971	0	22	46	source_plane=1 shape=0 rot=0
terrain	void_overlay_no_floor_context	440	void overlay	1442	2972	0	22	46	source_plane=1 shape=0 rot=0
terrain	void_overlay_no_floor_context	440	void overlay	1442	2973	0	22	46	source_plane=1 shape=0 rot=0
terrain	void_overlay_no_floor_context	440	void overlay	1442	2974	0	22	46	source_plane=1 shape=0 rot=0
terrain	void_overlay_no_floor_context	440	void overlay	1442	2975	0	22	46	source_plane=1 shape=0 rot=0
terrain	void_overlay_no_floor_context	440	void overlay	1442	2976	0	22	46	source_plane=1 shape=0 rot=0
terrain	void_overlay_no_floor_context	440	void overlay	1442	2977	0	22	46	source_plane=1 shape=0 rot=0
terrain	void_overlay_no_floor_context	440	void overlay	1442	2978	0	22	46	source_plane=1 shape=0 rot=0
terrain	void_overlay_no_floor_context	440	void overlay	1443	2967	0	22	46	source_plane=1 shape=0 rot=0
terrain	void_overlay_no_floor_context	440	void overlay	1443	2968	0	22	46	source_plane=1 shape=0 rot=0
terrain	void_overlay_no_floor_context	440	void overlay	1443	2969	0	22	46	source_plane=1 shape=0 rot=0
terrain	void_overlay_no_floor_context	440	void overlay	1443	2970	0	22	46	source_plane=1 shape=0 rot=0
terrain	void_overlay_no_floor_context	440	void overlay	1443	2971	0	22	46	source_plane=1 shape=0 rot=0
terrain	void_overlay_no_floor_context	440	void overlay	1443	2972	0	22	46	source_plane=1 shape=0 rot=0
terrain	void_overlay_no_floor_context	440	void overlay	1443	2973	0	22	46	source_plane=1 shape=0 rot=0
terrain	void_overlay_no_floor_context	440	void overlay	1443	2974	0	22	46	source_plane=1 shape=0 rot=0
terrain	void_overlay_no_floor_context	440	void overlay	1443	2975	0	22	46	source_plane=1 shape=0 rot=0
terrain	void_overlay_no_floor_context	440	void overlay	1443	2976	0	22	46	source_plane=1 shape=0 rot=0
terrain	void_overlay_no_floor_context	440	void overlay	1443	2977	0	22	46	source_plane=1 shape=0 rot=0
terrain	void_overlay_no_floor_context	440	void overlay	1443	2978	0	22	46	source_plane=1 shape=0 rot=0
terrain	void_overlay_no_floor_context	440	void overlay	1444	2962	0	22	46	source_plane=1 shape=0 rot=0
terrain	void_overlay_no_floor_context	440	void overlay	1444	2963	0	22	46	source_plane=1 shape=0 rot=0
terrain	void_overlay_no_floor_context	440	void overlay	1444	2964	0	22	46	source_plane=1 shape=0 rot=0
terrain	void_overlay_no_floor_context	440	void overlay	1444	2965	0	22	46	source_plane=1 shape=0 rot=0
terrain	void_overlay_no_floor_context	440	void overlay	1444	2966	0	22	46	source_plane=1 shape=0 rot=0
