content	cause	id	name	x	y	plane	region_x	region_y	extra
ground_item	static_world_spawn_source_empty	0	all static ground item spawns	0	0	0	0	0	export/load path exists, but approved source has zero rows
terrain	cache_region_terrain_file_missing	7506	mapsquare	1856	5248	0	29	82	
terrain	cache_region_terrain_file_missing	7761	mapsquare	1920	5184	0	30	81	
terrain	cache_region_terrain_file_missing	7762	mapsquare	1920	5248	0	30	82	
terrain	cache_region_terrain_file_missing	8016	mapsquare	1984	5120	0	31	80	
terrain	cache_region_terrain_file_missing	8018	mapsquare	1984	5248	0	31	82	
terrain	cache_region_terrain_file_missing	8272	mapsquare	2048	5120	0	32	80	
terrain	cache_region_terrain_file_missing	8273	mapsquare	2048	5184	0	32	81	
terrain	cache_region_terrain_file_missing	8274	mapsquare	2048	5248	0	32	82	
terrain	cache_region_terrain_file_missing	8529	mapsquare	2112	5184	0	33	81	
terrain	cache_region_terrain_file_missing	8531	mapsquare	2112	5312	0	33	83	
terrain	cache_region_terrain_file_missing	8785	mapsquare	2176	5184	0	34	81	
terrain	cache_region_terrain_file_missing	8786	mapsquare	2176	5248	0	34	82	
terrain	cache_region_terrain_file_missing	8787	mapsquare	2176	5312	0	34	83	
terrain	cache_region_terrain_file_missing	9032	mapsquare	2240	4608	0	35	72	
terrain	cache_region_terrain_file_missing	9040	mapsquare	2240	5120	0	35	80	
terrain	cache_region_terrain_file_missing	9041	mapsquare	2240	5184	0	35	81	
terrain	cache_region_terrain_file_missing	9042	mapsquare	2240	5248	0	35	82	
terrain	cache_region_terrain_file_missing	9296	mapsquare	2304	5120	0	36	80	
terrain	cache_region_terrain_file_missing	9298	mapsquare	2304	5248	0	36	82	
terrain	cache_region_terrain_file_missing	9553	mapsquare	2368	5184	0	37	81	
terrain	cache_region_terrain_file_missing	9554	mapsquare	2368	5248	0	37	82	
terrain	cache_region_terrain_file_missing	11090	mapsquare	2752	5248	0	43	82	
terrain	cache_region_terrain_file_missing	11091	mapsquare	2752	5312	0	43	83	
terrain	cache_region_terrain_file_missing	11092	mapsquare	2752	5376	0	43	84	
terrain	cache_region_terrain_file_missing	11342	mapsquare	2816	4992	0	44	78	
terrain	cache_region_terrain_file_missing	11344	mapsquare	2816	5120	0	44	80	
terrain	cache_region_terrain_file_missing	11348	mapsquare	2816	5376	0	44	84	
terrain	cache_region_terrain_file_missing	11598	mapsquare	2880	4992	0	45	78	
terrain	cache_region_terrain_file_missing	11600	mapsquare	2880	5120	0	45	80	
terrain	cache_region_terrain_file_missing	11604	mapsquare	2880	5376	0	45	84	
terrain	cache_region_terrain_file_missing	11856	mapsquare	2944	5120	0	46	80	
terrain	cache_region_terrain_file_missing	13209	mapsquare	3264	9792	0	51	153	
terrain	cache_region_terrain_file_missing	13211	mapsquare	3264	9920	0	51	155	
terrain	empty_terrain_no_floor_context	0	empty terrain tile	1792	5120	0	28	80	source_plane=0
terrain	empty_terrain_no_floor_context	0	empty terrain tile	1792	5121	0	28	80	source_plane=0
terrain	empty_terrain_no_floor_context	0	empty terrain tile	1793	5120	0	28	80	source_plane=0
terrain	empty_terrain_no_floor_context	0	empty terrain tile	1793	5121	0	28	80	source_plane=0
terrain	empty_terrain_no_floor_context	0	empty terrain tile	1794	5120	0	28	80	source_plane=0
terrain	empty_terrain_no_floor_context	0	empty terrain tile	1794	5121	0	28	80	source_plane=0
terrain	empty_terrain_no_floor_context	0	empty terrain tile	1795	5120	0	28	80	source_plane=0
terrain	empty_terrain_no_floor_context	0	empty terrain tile	1795	5121	0	28	80	source_plane=0
terrain	empty_terrain_no_floor_context	0	empty terrain tile	1796	5120	0	28	80	source_plane=0
terrain	empty_terrain_no_floor_context	0	empty terrain tile	1796	5121	0	28	80	source_plane=0
terrain	empty_terrain_no_floor_context	0	empty terrain tile	1797	5120	0	28	80	source_plane=0
terrain	empty_terrain_no_floor_context	0	empty terrain tile	1797	5121	0	28	80	source_plane=0
terrain	empty_terrain_no_floor_context	0	empty terrain tile	1798	5120	0	28	80	source_plane=0
terrain	empty_terrain_no_floor_context	0	empty terrain tile	1798	5121	0	28	80	source_plane=0
terrain	empty_terrain_no_floor_context	0	empty terrain tile	1799	5120	0	28	80	source_plane=0
terrain	empty_terrain_no_floor_context	0	empty terrain tile	1799	5121	0	28	80	source_plane=0
terrain	empty_terrain_no_floor_context	0	empty terrain tile	1800	5120	0	28	80	source_plane=0
terrain	empty_terrain_no_floor_context	0	empty terrain tile	1800	5121	0	28	80	source_plane=0
terrain	empty_terrain_no_floor_context	0	empty terrain tile	1801	5120	0	28	80	source_plane=0
terrain	empty_terrain_no_floor_context	0	empty terrain tile	1801	5121	0	28	80	source_plane=0
terrain	empty_terrain_no_floor_context	0	empty terrain tile	1802	5120	0	28	80	source_plane=0
terrain	empty_terrain_no_floor_context	0	empty terrain tile	1802	5121	0	28	80	source_plane=0
terrain	empty_terrain_no_floor_context	0	empty terrain tile	1803	5120	0	28	80	source_plane=0
terrain	empty_terrain_no_floor_context	0	empty terrain tile	1803	5121	0	28	80	source_plane=0
terrain	empty_terrain_no_floor_context	0	empty terrain tile	1804	5120	0	28	80	source_plane=0
terrain	empty_terrain_no_floor_context	0	empty terrain tile	1804	5121	0	28	80	source_plane=0
terrain	empty_terrain_no_floor_context	0	empty terrain tile	1805	5120	0	28	80	source_plane=0
terrain	empty_terrain_no_floor_context	0	empty terrain tile	1805	5121	0	28	80	source_plane=0
terrain	empty_terrain_no_floor_context	0	empty terrain tile	1806	5120	0	28	80	source_plane=0
terrain	empty_terrain_no_floor_context	0	empty terrain tile	1806	5121	0	28	80	source_plane=0
terrain	empty_terrain_no_floor_context	0	empty terrain tile	1807	5120	0	28	80	source_plane=0
terrain	empty_terrain_no_floor_context	0	empty terrain tile	1807	5121	0	28	80	source_plane=0
terrain	empty_terrain_no_floor_context	0	empty terrain tile	1808	5120	0	28	80	source_plane=0
terrain	empty_terrain_no_floor_context	0	empty terrain tile	1808	5121	0	28	80	source_plane=0
terrain	empty_terrain_no_floor_context	0	empty terrain tile	1809	5120	0	28	80	source_plane=0
terrain	empty_terrain_no_floor_context	0	empty terrain tile	1809	5121	0	28	80	source_plane=0
terrain	empty_terrain_no_floor_context	0	empty terrain tile	1810	5120	0	28	80	source_plane=0
terrain	empty_terrain_no_floor_context	0	empty terrain tile	1810	5121	0	28	80	source_plane=0
terrain	empty_terrain_no_floor_context	0	empty terrain tile	1811	5120	0	28	80	source_plane=0
terrain	empty_terrain_no_floor_context	0	empty terrain tile	1811	5121	0	28	80	source_plane=0
terrain	empty_terrain_no_floor_context	0	empty terrain tile	1812	5120	0	28	80	source_plane=0
terrain	empty_terrain_no_floor_context	0	empty terrain tile	1812	5121	0	28	80	source_plane=0
terrain	empty_terrain_no_floor_context	0	empty terrain tile	1813	5120	0	28	80	source_plane=0
terrain	empty_terrain_no_floor_context	0	empty terrain tile	1813	5121	0	28	80	source_plane=0
terrain	empty_terrain_no_floor_context	0	empty terrain tile	1814	5120	0	28	80	source_plane=0
terrain	empty_terrain_no_floor_context	0	empty terrain tile	1814	5121	0	28	80	source_plane=0
terrain	empty_terrain_no_floor_context	0	empty terrain tile	1815	5120	0	28	80	source_plane=0
terrain	empty_terrain_no_floor_context	0	empty terrain tile	1815	5121	0	28	80	source_plane=0
terrain	empty_terrain_no_floor_context	0	empty terrain tile	1816	5120	0	28	80	source_plane=0
terrain	empty_terrain_no_floor_context	0	empty terrain tile	1816	5121	0	28	80	source_plane=0
terrain	empty_terrain_no_floor_context	0	empty terrain tile	1817	5120	0	28	80	source_plane=0
terrain	empty_terrain_no_floor_context	0	empty terrain tile	1817	5121	0	28	80	source_plane=0
terrain	empty_terrain_no_floor_context	0	empty terrain tile	1818	5120	0	28	80	source_plane=0
terrain	empty_terrain_no_floor_context	0	empty terrain tile	1818	5121	0	28	80	source_plane=0
terrain	empty_terrain_no_floor_context	0	empty terrain tile	1819	5120	0	28	80	source_plane=0
terrain	empty_terrain_no_floor_context	0	empty terrain tile	1819	5121	0	28	80	source_plane=0
terrain	empty_terrain_no_floor_context	0	empty terrain tile	1820	5120	0	28	80	source_plane=0
terrain	empty_terrain_no_floor_context	0	empty terrain tile	1820	5121	0	28	80	source_plane=0
terrain	empty_terrain_no_floor_context	0	empty terrain tile	1821	5120	0	28	80	source_plane=0
terrain	empty_terrain_no_floor_context	0	empty terrain tile	1821	5121	0	28	80	source_plane=0
terrain	empty_terrain_no_floor_context	0	empty terrain tile	1822	5120	0	28	80	source_plane=0
terrain	empty_terrain_no_floor_context	0	empty terrain tile	1822	5121	0	28	80	source_plane=0
terrain	empty_terrain_no_floor_context	0	empty terrain tile	1823	5120	0	28	80	source_plane=0
terrain	empty_terrain_no_floor_context	0	empty terrain tile	1823	5121	0	28	80	source_plane=0
terrain	empty_terrain_no_floor_context	0	empty terrain tile	1824	5120	0	28	80	source_plane=0
terrain	empty_terrain_no_floor_context	0	empty terrain tile	1824	5121	0	28	80	source_plane=0
terrain	empty_terrain_no_floor_context	0	empty terrain tile	1825	5120	0	28	80	source_plane=0
terrain	empty_terrain_no_floor_context	0	empty terrain tile	1825	5121	0	28	80	source_plane=0
terrain	empty_terrain_no_floor_context	0	empty terrain tile	1826	5120	0	28	80	source_plane=0
terrain	empty_terrain_no_floor_context	0	empty terrain tile	1826	5121	0	28	80	source_plane=0
terrain	empty_terrain_no_floor_context	0	empty terrain tile	1827	5120	0	28	80	source_plane=0
terrain	empty_terrain_no_floor_context	0	empty terrain tile	1827	5121	0	28	80	source_plane=0
terrain	empty_terrain_no_floor_context	0	empty terrain tile	1828	5120	0	28	80	source_plane=0
terrain	empty_terrain_no_floor_context	0	empty terrain tile	1828	5121	0	28	80	source_plane=0
terrain	empty_terrain_no_floor_context	0	empty terrain tile	1829	5120	0	28	80	source_plane=0
terrain	empty_terrain_no_floor_context	0	empty terrain tile	1829	5121	0	28	80	source_plane=0
terrain	empty_terrain_no_floor_context	0	empty terrain tile	1830	5120	0	28	80	source_plane=0
terrain	empty_terrain_no_floor_context	0	empty terrain tile	1830	5121	0	28	80	source_plane=0
terrain	empty_terrain_no_floor_context	0	empty terrain tile	1831	5120	0	28	80	source_plane=0
terrain	empty_terrain_no_floor_context	0	empty terrain tile	1831	5121	0	28	80	source_plane=0
terrain	empty_terrain_no_floor_context	0	empty terrain tile	1832	5120	0	28	80	source_plane=0
terrain	empty_terrain_no_floor_context	0	empty terrain tile	1832	5121	0	28	80	source_plane=0
terrain	empty_terrain_no_floor_context	0	empty terrain tile	1833	5120	0	28	80	source_plane=0
terrain	empty_terrain_no_floor_context	0	empty terrain tile	1833	5121	0	28	80	source_plane=0
terrain	empty_terrain_no_floor_context	0	empty terrain tile	1834	5120	0	28	80	source_plane=0
terrain	empty_terrain_no_floor_context	0	empty terrain tile	1834	5121	0	28	80	source_plane=0
terrain	empty_terrain_no_floor_context	0	empty terrain tile	1835	5120	0	28	80	source_plane=0
terrain	empty_terrain_no_floor_context	0	empty terrain tile	1835	5121	0	28	80	source_plane=0
terrain	empty_terrain_no_floor_context	0	empty terrain tile	1836	5120	0	28	80	source_plane=0
terrain	empty_terrain_no_floor_context	0	empty terrain tile	1836	5121	0	28	80	source_plane=0
terrain	empty_terrain_no_floor_context	0	empty terrain tile	1837	5120	0	28	80	source_plane=0
terrain	empty_terrain_no_floor_context	0	empty terrain tile	1837	5121	0	28	80	source_plane=0
terrain	empty_terrain_no_floor_context	0	empty terrain tile	1838	5120	0	28	80	source_plane=0
terrain	empty_terrain_no_floor_context	0	empty terrain tile	1838	5121	0	28	80	source_plane=0
terrain	empty_terrain_no_floor_context	0	empty terrain tile	1839	5120	0	28	80	source_plane=0
terrain	empty_terrain_no_floor_context	0	empty terrain tile	1839	5121	0	28	80	source_plane=0
terrain	empty_terrain_no_floor_context	0	empty terrain tile	1840	5120	0	28	80	source_plane=0
terrain	empty_terrain_no_floor_context	0	empty terrain tile	1840	5121	0	28	80	source_plane=0
terrain	empty_terrain_no_floor_context	0	empty terrain tile	1841	5120	0	28	80	source_plane=0
terrain	empty_terrain_no_floor_context	0	empty terrain tile	1841	5121	0	28	80	source_plane=0
terrain	empty_terrain_no_floor_context	0	empty terrain tile	1842	5120	0	28	80	source_plane=0
terrain	empty_terrain_no_floor_context	0	empty terrain tile	1842	5121	0	28	80	source_plane=0
terrain	empty_terrain_no_floor_context	0	empty terrain tile	1843	5120	0	28	80	source_plane=0
terrain	empty_terrain_no_floor_context	0	empty terrain tile	1843	5121	0	28	80	source_plane=0
terrain	empty_terrain_no_floor_context	0	empty terrain tile	1844	5120	0	28	80	source_plane=0
terrain	empty_terrain_no_floor_context	0	empty terrain tile	1844	5121	0	28	80	source_plane=0
terrain	empty_terrain_no_floor_context	0	empty terrain tile	1845	5120	0	28	80	source_plane=0
terrain	empty_terrain_no_floor_context	0	empty terrain tile	1845	5121	0	28	80	source_plane=0
terrain	empty_terrain_no_floor_context	0	empty terrain tile	1846	5120	0	28	80	source_plane=0
terrain	empty_terrain_no_floor_context	0	empty terrain tile	1846	5121	0	28	80	source_plane=0
terrain	empty_terrain_no_floor_context	0	empty terrain tile	1847	5120	0	28	80	source_plane=0
terrain	empty_terrain_no_floor_context	0	empty terrain tile	1847	5121	0	28	80	source_plane=0
terrain	empty_terrain_no_floor_context	0	empty terrain tile	1848	5120	0	28	80	source_plane=0
terrain	empty_terrain_no_floor_context	0	empty terrain tile	1848	5121	0	28	80	source_plane=0
terrain	empty_terrain_no_floor_context	0	empty terrain tile	1849	5120	0	28	80	source_plane=0
terrain	empty_terrain_no_floor_context	0	empty terrain tile	1849	5121	0	28	80	source_plane=0
terrain	empty_terrain_no_floor_context	0	empty terrain tile	1850	5120	0	28	80	source_plane=0
terrain	empty_terrain_no_floor_context	0	empty terrain tile	1850	5121	0	28	80	source_plane=0
terrain	empty_terrain_no_floor_context	0	empty terrain tile	1851	5120	0	28	80	source_plane=0
terrain	empty_terrain_no_floor_context	0	empty terrain tile	1851	5121	0	28	80	source_plane=0
terrain	empty_terrain_no_floor_context	0	empty terrain tile	1852	5120	0	28	80	source_plane=0
terrain	empty_terrain_no_floor_context	0	empty terrain tile	1852	5121	0	28	80	source_plane=0
terrain	empty_terrain_no_floor_context	0	empty terrain tile	1853	5120	0	28	80	source_plane=0
terrain	empty_terrain_no_floor_context	0	empty terrain tile	1853	5121	0	28	80	source_plane=0
terrain	empty_terrain_no_floor_context	0	empty terrain tile	1854	5120	0	28	80	source_plane=0
terrain	empty_terrain_no_floor_context	0	empty terrain tile	1854	5121	0	28	80	source_plane=0
terrain	empty_terrain_no_floor_context	0	empty terrain tile	1855	5120	0	28	80	source_plane=0
terrain	empty_terrain_no_floor_context	0	empty terrain tile	1855	5121	0	28	80	source_plane=0
terrain	empty_terrain_no_floor_context	0	empty terrain tile	1792	5120	1	28	80	source_plane=1
terrain	empty_terrain_no_floor_context	0	empty terrain tile	1792	5121	1	28	80	source_plane=1
terrain	empty_terrain_no_floor_context	0	empty terrain tile	1792	5122	1	28	80	source_plane=1
terrain	empty_terrain_no_floor_context	0	empty terrain tile	1792	5123	1	28	80	source_plane=1
terrain	empty_terrain_no_floor_context	0	empty terrain tile	1792	5124	1	28	80	source_plane=1
terrain	empty_terrain_no_floor_context	0	empty terrain tile	1792	5125	1	28	80	source_plane=1
terrain	empty_terrain_no_floor_context	0	empty terrain tile	1792	5126	1	28	80	source_plane=1
terrain	empty_terrain_no_floor_context	0	empty terrain tile	1792	5127	1	28	80	source_plane=1
terrain	empty_terrain_no_floor_context	0	empty terrain tile	1792	5128	1	28	80	source_plane=1
terrain	empty_terrain_no_floor_context	0	empty terrain tile	1792	5129	1	28	80	source_plane=1
terrain	empty_terrain_no_floor_context	0	empty terrain tile	1792	5130	1	28	80	source_plane=1
terrain	empty_terrain_no_floor_context	0	empty terrain tile	1792	5131	1	28	80	source_plane=1
terrain	empty_terrain_no_floor_context	0	empty terrain tile	1792	5132	1	28	80	source_plane=1
terrain	empty_terrain_no_floor_context	0	empty terrain tile	1792	5133	1	28	80	source_plane=1
terrain	empty_terrain_no_floor_context	0	empty terrain tile	1792	5134	1	28	80	source_plane=1
terrain	empty_terrain_no_floor_context	0	empty terrain tile	1792	5135	1	28	80	source_plane=1
terrain	empty_terrain_no_floor_context	0	empty terrain tile	1792	5136	1	28	80	source_plane=1
terrain	empty_terrain_no_floor_context	0	empty terrain tile	1792	5137	1	28	80	source_plane=1
terrain	empty_terrain_no_floor_context	0	empty terrain tile	1792	5138	1	28	80	source_plane=1
terrain	empty_terrain_no_floor_context	0	empty terrain tile	1792	5139	1	28	80	source_plane=1
terrain	empty_terrain_no_floor_context	0	empty terrain tile	1792	5140	1	28	80	source_plane=1
terrain	empty_terrain_no_floor_context	0	empty terrain tile	1792	5141	1	28	80	source_plane=1
terrain	empty_terrain_no_floor_context	0	empty terrain tile	1792	5142	1	28	80	source_plane=1
terrain	empty_terrain_no_floor_context	0	empty terrain tile	1792	5143	1	28	80	source_plane=1
terrain	empty_terrain_no_floor_context	0	empty terrain tile	1792	5144	1	28	80	source_plane=1
terrain	empty_terrain_no_floor_context	0	empty terrain tile	1792	5145	1	28	80	source_plane=1
terrain	empty_terrain_no_floor_context	0	empty terrain tile	1792	5146	1	28	80	source_plane=1
terrain	empty_terrain_no_floor_context	0	empty terrain tile	1792	5147	1	28	80	source_plane=1
terrain	empty_terrain_no_floor_context	0	empty terrain tile	1792	5148	1	28	80	source_plane=1
terrain	empty_terrain_no_floor_context	0	empty terrain tile	1792	5149	1	28	80	source_plane=1
terrain	empty_terrain_no_floor_context	0	empty terrain tile	1792	5150	1	28	80	source_plane=1
terrain	empty_terrain_no_floor_context	0	empty terrain tile	1792	5151	1	28	80	source_plane=1
terrain	empty_terrain_no_floor_context	0	empty terrain tile	1792	5152	1	28	80	source_plane=1
terrain	empty_terrain_no_floor_context	0	empty terrain tile	1792	5153	1	28	80	source_plane=1
terrain	empty_terrain_no_floor_context	0	empty terrain tile	1792	5154	1	28	80	source_plane=1
terrain	empty_terrain_no_floor_context	0	empty terrain tile	1792	5155	1	28	80	source_plane=1
terrain	empty_terrain_no_floor_context	0	empty terrain tile	1792	5156	1	28	80	source_plane=1
terrain	empty_terrain_no_floor_context	0	empty terrain tile	1792	5157	1	28	80	source_plane=1
terrain	empty_terrain_no_floor_context	0	empty terrain tile	1792	5158	1	28	80	source_plane=1
terrain	empty_terrain_no_floor_context	0	empty terrain tile	1792	5159	1	28	80	source_plane=1
terrain	empty_terrain_no_floor_context	0	empty terrain tile	1792	5160	1	28	80	source_plane=1
terrain	empty_terrain_no_floor_context	0	empty terrain tile	1792	5161	1	28	80	source_plane=1
terrain	empty_terrain_no_floor_context	0	empty terrain tile	1792	5162	1	28	80	source_plane=1
terrain	empty_terrain_no_floor_context	0	empty terrain tile	1792	5163	1	28	80	source_plane=1
terrain	empty_terrain_no_floor_context	0	empty terrain tile	1792	5164	1	28	80	source_plane=1
terrain	empty_terrain_no_floor_context	0	empty terrain tile	1792	5165	1	28	80	source_plane=1
terrain	empty_terrain_no_floor_context	0	empty terrain tile	1792	5166	1	28	80	source_plane=1
terrain	empty_terrain_no_floor_context	0	empty terrain tile	1792	5167	1	28	80	source_plane=1
terrain	empty_terrain_no_floor_context	0	empty terrain tile	1792	5168	1	28	80	source_plane=1
terrain	empty_terrain_no_floor_context	0	empty terrain tile	1792	5169	1	28	80	source_plane=1
terrain	empty_terrain_no_floor_context	0	empty terrain tile	1792	5170	1	28	80	source_plane=1
terrain	empty_terrain_no_floor_context	0	empty terrain tile	1792	5171	1	28	80	source_plane=1
terrain	empty_terrain_no_floor_context	0	empty terrain tile	1792	5172	1	28	80	source_plane=1
terrain	empty_terrain_no_floor_context	0	empty terrain tile	1792	5173	1	28	80	source_plane=1
terrain	empty_terrain_no_floor_context	0	empty terrain tile	1792	5174	1	28	80	source_plane=1
terrain	empty_terrain_no_floor_context	0	empty terrain tile	1792	5175	1	28	80	source_plane=1
terrain	empty_terrain_no_floor_context	0	empty terrain tile	1792	5176	1	28	80	source_plane=1
terrain	empty_terrain_no_floor_context	0	empty terrain tile	1792	5177	1	28	80	source_plane=1
terrain	empty_terrain_no_floor_context	0	empty terrain tile	1792	5178	1	28	80	source_plane=1
terrain	empty_terrain_no_floor_context	0	empty terrain tile	1792	5179	1	28	80	source_plane=1
terrain	empty_terrain_no_floor_context	0	empty terrain tile	1792	5180	1	28	80	source_plane=1
terrain	empty_terrain_no_floor_context	0	empty terrain tile	1792	5181	1	28	80	source_plane=1
terrain	empty_terrain_no_floor_context	0	empty terrain tile	1792	5182	1	28	80	source_plane=1
terrain	empty_terrain_no_floor_context	0	empty terrain tile	1792	5183	1	28	80	source_plane=1
terrain	empty_terrain_no_floor_context	0	empty terrain tile	1793	5120	1	28	80	source_plane=1
terrain	empty_terrain_no_floor_context	0	empty terrain tile	1793	5121	1	28	80	source_plane=1
terrain	empty_terrain_no_floor_context	0	empty terrain tile	1793	5122	1	28	80	source_plane=1
terrain	empty_terrain_no_floor_context	0	empty terrain tile	1793	5123	1	28	80	source_plane=1
terrain	empty_terrain_no_floor_context	0	empty terrain tile	1793	5124	1	28	80	source_plane=1
terrain	empty_terrain_no_floor_context	0	empty terrain tile	1793	5125	1	28	80	source_plane=1
terrain	empty_terrain_no_floor_context	0	empty terrain tile	1793	5126	1	28	80	source_plane=1
terrain	empty_terrain_no_floor_context	0	empty terrain tile	1793	5127	1	28	80	source_plane=1
terrain	empty_terrain_no_floor_context	0	empty terrain tile	1793	5128	1	28	80	source_plane=1
terrain	empty_terrain_no_floor_context	0	empty terrain tile	1793	5129	1	28	80	source_plane=1
terrain	empty_terrain_no_floor_context	0	empty terrain tile	1793	5130	1	28	80	source_plane=1
terrain	empty_terrain_no_floor_context	0	empty terrain tile	1793	5131	1	28	80	source_plane=1
terrain	empty_terrain_no_floor_context	0	empty terrain tile	1793	5132	1	28	80	source_plane=1
terrain	empty_terrain_no_floor_context	0	empty terrain tile	1793	5133	1	28	80	source_plane=1
terrain	empty_terrain_no_floor_context	0	empty terrain tile	1793	5134	1	28	80	source_plane=1
terrain	empty_terrain_no_floor_context	0	empty terrain tile	1793	5135	1	28	80	source_plane=1
terrain	empty_terrain_no_floor_context	0	empty terrain tile	1793	5136	1	28	80	source_plane=1
terrain	empty_terrain_no_floor_context	0	empty terrain tile	1793	5137	1	28	80	source_plane=1
terrain	empty_terrain_no_floor_context	0	empty terrain tile	1793	5138	1	28	80	source_plane=1
terrain	empty_terrain_no_floor_context	0	empty terrain tile	1793	5139	1	28	80	source_plane=1
terrain	empty_terrain_no_floor_context	0	empty terrain tile	1793	5140	1	28	80	source_plane=1
terrain	empty_terrain_no_floor_context	0	empty terrain tile	1793	5141	1	28	80	source_plane=1
terrain	empty_terrain_no_floor_context	0	empty terrain tile	1793	5142	1	28	80	source_plane=1
terrain	empty_terrain_no_floor_context	0	empty terrain tile	1793	5143	1	28	80	source_plane=1
terrain	empty_terrain_no_floor_context	0	empty terrain tile	1793	5144	1	28	80	source_plane=1
terrain	empty_terrain_no_floor_context	0	empty terrain tile	1793	5145	1	28	80	source_plane=1
terrain	empty_terrain_no_floor_context	0	empty terrain tile	1793	5146	1	28	80	source_plane=1
terrain	empty_terrain_no_floor_context	0	empty terrain tile	1793	5147	1	28	80	source_plane=1
terrain	empty_terrain_no_floor_context	0	empty terrain tile	1793	5148	1	28	80	source_plane=1
terrain	empty_terrain_no_floor_context	0	empty terrain tile	1793	5149	1	28	80	source_plane=1
terrain	empty_terrain_no_floor_context	0	empty terrain tile	1793	5150	1	28	80	source_plane=1
terrain	empty_terrain_no_floor_context	0	empty terrain tile	1793	5151	1	28	80	source_plane=1
terrain	empty_terrain_no_floor_context	0	empty terrain tile	1793	5152	1	28	80	source_plane=1
terrain	empty_terrain_no_floor_context	0	empty terrain tile	1793	5153	1	28	80	source_plane=1
terrain	empty_terrain_no_floor_context	0	empty terrain tile	1793	5154	1	28	80	source_plane=1
terrain	empty_terrain_no_floor_context	0	empty terrain tile	1793	5155	1	28	80	source_plane=1
terrain	empty_terrain_no_floor_context	0	empty terrain tile	1793	5156	1	28	80	source_plane=1
terrain	empty_terrain_no_floor_context	0	empty terrain tile	1793	5157	1	28	80	source_plane=1
terrain	empty_terrain_no_floor_context	0	empty terrain tile	1793	5158	1	28	80	source_plane=1
terrain	empty_terrain_no_floor_context	0	empty terrain tile	1793	5159	1	28	80	source_plane=1
terrain	empty_terrain_no_floor_context	0	empty terrain tile	1793	5160	1	28	80	source_plane=1
terrain	empty_terrain_no_floor_context	0	empty terrain tile	1793	5161	1	28	80	source_plane=1
terrain	empty_terrain_no_floor_context	0	empty terrain tile	1793	5162	1	28	80	source_plane=1
terrain	empty_terrain_no_floor_context	0	empty terrain tile	1793	5163	1	28	80	source_plane=1
terrain	empty_terrain_no_floor_context	0	empty terrain tile	1793	5164	1	28	80	source_plane=1
terrain	empty_terrain_no_floor_context	0	empty terrain tile	1793	5165	1	28	80	source_plane=1
terrain	empty_terrain_no_floor_context	0	empty terrain tile	1793	5166	1	28	80	source_plane=1
terrain	empty_terrain_no_floor_context	0	empty terrain tile	1793	5167	1	28	80	source_plane=1
terrain	empty_terrain_no_floor_context	0	empty terrain tile	1793	5168	1	28	80	source_plane=1
terrain	empty_terrain_no_floor_context	0	empty terrain tile	1793	5169	1	28	80	source_plane=1
terrain	empty_terrain_no_floor_context	0	empty terrain tile	1793	5170	1	28	80	source_plane=1
terrain	empty_terrain_no_floor_context	0	empty terrain tile	1793	5171	1	28	80	source_plane=1
terrain	empty_terrain_no_floor_context	0	empty terrain tile	1793	5172	1	28	80	source_plane=1
terrain	empty_terrain_no_floor_context	0	empty terrain tile	1793	5173	1	28	80	source_plane=1
terrain	empty_terrain_no_floor_context	0	empty terrain tile	1793	5174	1	28	80	source_plane=1
terrain	empty_terrain_no_floor_context	0	empty terrain tile	1793	5175	1	28	80	source_plane=1
terrain	empty_terrain_no_floor_context	0	empty terrain tile	1793	5176	1	28	80	source_plane=1
terrain	empty_terrain_no_floor_context	0	empty terrain tile	1793	5177	1	28	80	source_plane=1
terrain	empty_terrain_no_floor_context	0	empty terrain tile	1793	5178	1	28	80	source_plane=1
terrain	empty_terrain_no_floor_context	0	empty terrain tile	1793	5179	1	28	80	source_plane=1
terrain	empty_terrain_no_floor_context	0	empty terrain tile	1793	5180	1	28	80	source_plane=1
terrain	empty_terrain_no_floor_context	0	empty terrain tile	1793	5181	1	28	80	source_plane=1
terrain	empty_terrain_no_floor_context	0	empty terrain tile	1793	5182	1	28	80	source_plane=1
terrain	empty_terrain_no_floor_context	0	empty terrain tile	1793	5183	1	28	80	source_plane=1
terrain	empty_terrain_no_floor_context	0	empty terrain tile	1794	5120	1	28	80	source_plane=1
terrain	empty_terrain_no_floor_context	0	empty terrain tile	1794	5121	1	28	80	source_plane=1
terrain	empty_terrain_no_floor_context	0	empty terrain tile	1794	5122	1	28	80	source_plane=1
terrain	empty_terrain_no_floor_context	0	empty terrain tile	1794	5123	1	28	80	source_plane=1
terrain	empty_terrain_no_floor_context	0	empty terrain tile	1794	5124	1	28	80	source_plane=1
terrain	empty_terrain_no_floor_context	0	empty terrain tile	1794	5125	1	28	80	source_plane=1
terrain	empty_terrain_no_floor_context	0	empty terrain tile	1794	5126	1	28	80	source_plane=1
terrain	empty_terrain_no_floor_context	0	empty terrain tile	1794	5127	1	28	80	source_plane=1
terrain	empty_terrain_no_floor_context	0	empty terrain tile	1794	5128	1	28	80	source_plane=1
terrain	empty_terrain_no_floor_context	0	empty terrain tile	1794	5129	1	28	80	source_plane=1
terrain	empty_terrain_no_floor_context	0	empty terrain tile	1794	5130	1	28	80	source_plane=1
terrain	empty_terrain_no_floor_context	0	empty terrain tile	1794	5131	1	28	80	source_plane=1
terrain	empty_terrain_no_floor_context	0	empty terrain tile	1794	5132	1	28	80	source_plane=1
terrain	empty_terrain_no_floor_context	0	empty terrain tile	1794	5133	1	28	80	source_plane=1
terrain	empty_terrain_no_floor_context	0	empty terrain tile	1794	5134	1	28	80	source_plane=1
terrain	empty_terrain_no_floor_context	0	empty terrain tile	1794	5135	1	28	80	source_plane=1
terrain	empty_terrain_no_floor_context	0	empty terrain tile	1794	5136	1	28	80	source_plane=1
terrain	empty_terrain_no_floor_context	0	empty terrain tile	1794	5137	1	28	80	source_plane=1
terrain	empty_terrain_no_floor_context	0	empty terrain tile	1794	5138	1	28	80	source_plane=1
terrain	empty_terrain_no_floor_context	0	empty terrain tile	1794	5139	1	28	80	source_plane=1
terrain	empty_terrain_no_floor_context	0	empty terrain tile	1794	5140	1	28	80	source_plane=1
terrain	empty_terrain_no_floor_context	0	empty terrain tile	1794	5141	1	28	80	source_plane=1
terrain	empty_terrain_no_floor_context	0	empty terrain tile	1794	5142	1	28	80	source_plane=1
terrain	empty_terrain_no_floor_context	0	empty terrain tile	1794	5143	1	28	80	source_plane=1
terrain	empty_terrain_no_floor_context	0	empty terrain tile	1794	5144	1	28	80	source_plane=1
terrain	empty_terrain_no_floor_context	0	empty terrain tile	1794	5145	1	28	80	source_plane=1
terrain	empty_terrain_no_floor_context	0	empty terrain tile	1794	5146	1	28	80	source_plane=1
terrain	empty_terrain_no_floor_context	0	empty terrain tile	1794	5147	1	28	80	source_plane=1
terrain	empty_terrain_no_floor_context	0	empty terrain tile	1794	5148	1	28	80	source_plane=1
terrain	empty_terrain_no_floor_context	0	empty terrain tile	1794	5149	1	28	80	source_plane=1
terrain	empty_terrain_no_floor_context	0	empty terrain tile	1794	5150	1	28	80	source_plane=1
terrain	empty_terrain_no_floor_context	0	empty terrain tile	1794	5151	1	28	80	source_plane=1
terrain	empty_terrain_no_floor_context	0	empty terrain tile	1794	5152	1	28	80	source_plane=1
terrain	empty_terrain_no_floor_context	0	empty terrain tile	1794	5153	1	28	80	source_plane=1
terrain	empty_terrain_no_floor_context	0	empty terrain tile	1794	5154	1	28	80	source_plane=1
terrain	empty_terrain_no_floor_context	0	empty terrain tile	1794	5155	1	28	80	source_plane=1
terrain	empty_terrain_no_floor_context	0	empty terrain tile	1794	5156	1	28	80	source_plane=1
terrain	empty_terrain_no_floor_context	0	empty terrain tile	1794	5157	1	28	80	source_plane=1
terrain	empty_terrain_no_floor_context	0	empty terrain tile	1794	5158	1	28	80	source_plane=1
terrain	empty_terrain_no_floor_context	0	empty terrain tile	1794	5159	1	28	80	source_plane=1
terrain	empty_terrain_no_floor_context	0	empty terrain tile	1794	5160	1	28	80	source_plane=1
terrain	empty_terrain_no_floor_context	0	empty terrain tile	1794	5161	1	28	80	source_plane=1
terrain	empty_terrain_no_floor_context	0	empty terrain tile	1794	5162	1	28	80	source_plane=1
terrain	empty_terrain_no_floor_context	0	empty terrain tile	1794	5163	1	28	80	source_plane=1
terrain	empty_terrain_no_floor_context	0	empty terrain tile	1794	5164	1	28	80	source_plane=1
terrain	empty_terrain_no_floor_context	0	empty terrain tile	1794	5165	1	28	80	source_plane=1
terrain	empty_terrain_no_floor_context	0	empty terrain tile	1794	5166	1	28	80	source_plane=1
terrain	empty_terrain_no_floor_context	0	empty terrain tile	1794	5167	1	28	80	source_plane=1
terrain	empty_terrain_no_floor_context	0	empty terrain tile	1794	5168	1	28	80	source_plane=1
terrain	empty_terrain_no_floor_context	0	empty terrain tile	1794	5169	1	28	80	source_plane=1
terrain	empty_terrain_no_floor_context	0	empty terrain tile	1794	5170	1	28	80	source_plane=1
terrain	empty_terrain_no_floor_context	0	empty terrain tile	1794	5171	1	28	80	source_plane=1
terrain	empty_terrain_no_floor_context	0	empty terrain tile	1794	5172	1	28	80	source_plane=1
terrain	empty_terrain_no_floor_context	0	empty terrain tile	1794	5173	1	28	80	source_plane=1
terrain	empty_terrain_no_floor_context	0	empty terrain tile	1794	5174	1	28	80	source_plane=1
terrain	empty_terrain_no_floor_context	0	empty terrain tile	1794	5175	1	28	80	source_plane=1
terrain	empty_terrain_no_floor_context	0	empty terrain tile	1794	5176	1	28	80	source_plane=1
terrain	empty_terrain_no_floor_context	0	empty terrain tile	1794	5177	1	28	80	source_plane=1
terrain	empty_terrain_no_floor_context	0	empty terrain tile	1794	5178	1	28	80	source_plane=1
terrain	empty_terrain_no_floor_context	0	empty terrain tile	1794	5179	1	28	80	source_plane=1
terrain	empty_terrain_no_floor_context	0	empty terrain tile	1794	5180	1	28	80	source_plane=1
terrain	empty_terrain_no_floor_context	0	empty terrain tile	1794	5181	1	28	80	source_plane=1
terrain	empty_terrain_no_floor_context	0	empty terrain tile	1794	5182	1	28	80	source_plane=1
terrain	empty_terrain_no_floor_context	0	empty terrain tile	1794	5183	1	28	80	source_plane=1
terrain	empty_terrain_no_floor_context	0	empty terrain tile	1795	5120	1	28	80	source_plane=1
terrain	empty_terrain_no_floor_context	0	empty terrain tile	1795	5121	1	28	80	source_plane=1
terrain	empty_terrain_no_floor_context	0	empty terrain tile	1795	5122	1	28	80	source_plane=1
terrain	empty_terrain_no_floor_context	0	empty terrain tile	1795	5123	1	28	80	source_plane=1
terrain	empty_terrain_no_floor_context	0	empty terrain tile	1795	5124	1	28	80	source_plane=1
terrain	empty_terrain_no_floor_context	0	empty terrain tile	1795	5125	1	28	80	source_plane=1
terrain	empty_terrain_no_floor_context	0	empty terrain tile	1795	5126	1	28	80	source_plane=1
terrain	empty_terrain_no_floor_context	0	empty terrain tile	1795	5127	1	28	80	source_plane=1
terrain	empty_terrain_no_floor_context	0	empty terrain tile	1795	5128	1	28	80	source_plane=1
terrain	empty_terrain_no_floor_context	0	empty terrain tile	1795	5129	1	28	80	source_plane=1
terrain	empty_terrain_no_floor_context	0	empty terrain tile	1795	5130	1	28	80	source_plane=1
terrain	empty_terrain_no_floor_context	0	empty terrain tile	1795	5131	1	28	80	source_plane=1
terrain	empty_terrain_no_floor_context	0	empty terrain tile	1795	5132	1	28	80	source_plane=1
terrain	empty_terrain_no_floor_context	0	empty terrain tile	1795	5133	1	28	80	source_plane=1
terrain	empty_terrain_no_floor_context	0	empty terrain tile	1795	5134	1	28	80	source_plane=1
terrain	empty_terrain_no_floor_context	0	empty terrain tile	1795	5135	1	28	80	source_plane=1
terrain	empty_terrain_no_floor_context	0	empty terrain tile	1795	5136	1	28	80	source_plane=1
terrain	empty_terrain_no_floor_context	0	empty terrain tile	1795	5137	1	28	80	source_plane=1
terrain	empty_terrain_no_floor_context	0	empty terrain tile	1795	5138	1	28	80	source_plane=1
terrain	empty_terrain_no_floor_context	0	empty terrain tile	1795	5139	1	28	80	source_plane=1
terrain	empty_terrain_no_floor_context	0	empty terrain tile	1795	5140	1	28	80	source_plane=1
terrain	empty_terrain_no_floor_context	0	empty terrain tile	1795	5141	1	28	80	source_plane=1
terrain	empty_terrain_no_floor_context	0	empty terrain tile	1795	5142	1	28	80	source_plane=1
terrain	empty_terrain_no_floor_context	0	empty terrain tile	1795	5143	1	28	80	source_plane=1
terrain	empty_terrain_no_floor_context	0	empty terrain tile	1795	5144	1	28	80	source_plane=1
terrain	empty_terrain_no_floor_context	0	empty terrain tile	1795	5145	1	28	80	source_plane=1
terrain	empty_terrain_no_floor_context	0	empty terrain tile	1795	5146	1	28	80	source_plane=1
terrain	empty_terrain_no_floor_context	0	empty terrain tile	1795	5147	1	28	80	source_plane=1
terrain	empty_terrain_no_floor_context	0	empty terrain tile	1795	5148	1	28	80	source_plane=1
terrain	empty_terrain_no_floor_context	0	empty terrain tile	1795	5149	1	28	80	source_plane=1
terrain	empty_terrain_no_floor_context	0	empty terrain tile	1795	5150	1	28	80	source_plane=1
terrain	empty_terrain_no_floor_context	0	empty terrain tile	1795	5151	1	28	80	source_plane=1
terrain	empty_terrain_no_floor_context	0	empty terrain tile	1795	5152	1	28	80	source_plane=1
terrain	empty_terrain_no_floor_context	0	empty terrain tile	1795	5153	1	28	80	source_plane=1
terrain	empty_terrain_no_floor_context	0	empty terrain tile	1795	5154	1	28	80	source_plane=1
terrain	empty_terrain_no_floor_context	0	empty terrain tile	1795	5155	1	28	80	source_plane=1
terrain	empty_terrain_no_floor_context	0	empty terrain tile	1795	5156	1	28	80	source_plane=1
terrain	empty_terrain_no_floor_context	0	empty terrain tile	1795	5157	1	28	80	source_plane=1
terrain	empty_terrain_no_floor_context	0	empty terrain tile	1795	5158	1	28	80	source_plane=1
terrain	empty_terrain_no_floor_context	0	empty terrain tile	1795	5159	1	28	80	source_plane=1
terrain	empty_terrain_no_floor_context	0	empty terrain tile	1795	5160	1	28	80	source_plane=1
terrain	empty_terrain_no_floor_context	0	empty terrain tile	1795	5161	1	28	80	source_plane=1
terrain	empty_terrain_no_floor_context	0	empty terrain tile	1795	5162	1	28	80	source_plane=1
terrain	empty_terrain_no_floor_context	0	empty terrain tile	1795	5163	1	28	80	source_plane=1
terrain	empty_terrain_no_floor_context	0	empty terrain tile	1795	5164	1	28	80	source_plane=1
terrain	empty_terrain_no_floor_context	0	empty terrain tile	1795	5165	1	28	80	source_plane=1
terrain	empty_terrain_no_floor_context	0	empty terrain tile	1795	5166	1	28	80	source_plane=1
terrain	empty_terrain_no_floor_context	0	empty terrain tile	1795	5167	1	28	80	source_plane=1
terrain	empty_terrain_no_floor_context	0	empty terrain tile	1795	5168	1	28	80	source_plane=1
terrain	empty_terrain_no_floor_context	0	empty terrain tile	1795	5169	1	28	80	source_plane=1
terrain	empty_terrain_no_floor_context	0	empty terrain tile	1795	5170	1	28	80	source_plane=1
terrain	empty_terrain_no_floor_context	0	empty terrain tile	1795	5171	1	28	80	source_plane=1
terrain	empty_terrain_no_floor_context	0	empty terrain tile	1795	5172	1	28	80	source_plane=1
terrain	empty_terrain_no_floor_context	0	empty terrain tile	1795	5173	1	28	80	source_plane=1
terrain	empty_terrain_no_floor_context	0	empty terrain tile	1795	5174	1	28	80	source_plane=1
terrain	empty_terrain_no_floor_context	0	empty terrain tile	1795	5175	1	28	80	source_plane=1
terrain	empty_terrain_no_floor_context	0	empty terrain tile	1795	5176	1	28	80	source_plane=1
terrain	empty_terrain_no_floor_context	0	empty terrain tile	1795	5177	1	28	80	source_plane=1
terrain	empty_terrain_no_floor_context	0	empty terrain tile	1795	5178	1	28	80	source_plane=1
terrain	empty_terrain_no_floor_context	0	empty terrain tile	1795	5179	1	28	80	source_plane=1
terrain	empty_terrain_no_floor_context	0	empty terrain tile	1795	5180	1	28	80	source_plane=1
terrain	empty_terrain_no_floor_context	0	empty terrain tile	1795	5181	1	28	80	source_plane=1
terrain	empty_terrain_no_floor_context	0	empty terrain tile	1795	5182	1	28	80	source_plane=1
terrain	empty_terrain_no_floor_context	0	empty terrain tile	1795	5183	1	28	80	source_plane=1
terrain	empty_terrain_no_floor_context	0	empty terrain tile	1796	5120	1	28	80	source_plane=1
terrain	empty_terrain_no_floor_context	0	empty terrain tile	1796	5121	1	28	80	source_plane=1
terrain	empty_terrain_no_floor_context	0	empty terrain tile	1796	5122	1	28	80	source_plane=1
terrain	empty_terrain_no_floor_context	0	empty terrain tile	1796	5123	1	28	80	source_plane=1
terrain	empty_terrain_no_floor_context	0	empty terrain tile	1796	5124	1	28	80	source_plane=1
terrain	empty_terrain_no_floor_context	0	empty terrain tile	1796	5125	1	28	80	source_plane=1
terrain	empty_terrain_no_floor_context	0	empty terrain tile	1796	5126	1	28	80	source_plane=1
terrain	empty_terrain_no_floor_context	0	empty terrain tile	1796	5127	1	28	80	source_plane=1
terrain	empty_terrain_no_floor_context	0	empty terrain tile	1796	5128	1	28	80	source_plane=1
terrain	empty_terrain_no_floor_context	0	empty terrain tile	1796	5129	1	28	80	source_plane=1
terrain	empty_terrain_no_floor_context	0	empty terrain tile	1796	5130	1	28	80	source_plane=1
terrain	empty_terrain_no_floor_context	0	empty terrain tile	1796	5131	1	28	80	source_plane=1
terrain	empty_terrain_no_floor_context	0	empty terrain tile	1796	5132	1	28	80	source_plane=1
terrain	empty_terrain_no_floor_context	0	empty terrain tile	1796	5133	1	28	80	source_plane=1
terrain	empty_terrain_no_floor_context	0	empty terrain tile	1796	5134	1	28	80	source_plane=1
terrain	empty_terrain_no_floor_context	0	empty terrain tile	1796	5135	1	28	80	source_plane=1
terrain	empty_terrain_no_floor_context	0	empty terrain tile	1796	5136	1	28	80	source_plane=1
terrain	empty_terrain_no_floor_context	0	empty terrain tile	1796	5137	1	28	80	source_plane=1
terrain	empty_terrain_no_floor_context	0	empty terrain tile	1796	5138	1	28	80	source_plane=1
terrain	empty_terrain_no_floor_context	0	empty terrain tile	1796	5139	1	28	80	source_plane=1
terrain	empty_terrain_no_floor_context	0	empty terrain tile	1796	5140	1	28	80	source_plane=1
terrain	empty_terrain_no_floor_context	0	empty terrain tile	1796	5141	1	28	80	source_plane=1
terrain	empty_terrain_no_floor_context	0	empty terrain tile	1796	5142	1	28	80	source_plane=1
terrain	empty_terrain_no_floor_context	0	empty terrain tile	1796	5143	1	28	80	source_plane=1
terrain	empty_terrain_no_floor_context	0	empty terrain tile	1796	5144	1	28	80	source_plane=1
terrain	empty_terrain_no_floor_context	0	empty terrain tile	1796	5145	1	28	80	source_plane=1
terrain	empty_terrain_no_floor_context	0	empty terrain tile	1796	5146	1	28	80	source_plane=1
terrain	empty_terrain_no_floor_context	0	empty terrain tile	1796	5147	1	28	80	source_plane=1
terrain	empty_terrain_no_floor_context	0	empty terrain tile	1796	5148	1	28	80	source_plane=1
terrain	empty_terrain_no_floor_context	0	empty terrain tile	1796	5149	1	28	80	source_plane=1
terrain	empty_terrain_no_floor_context	0	empty terrain tile	1796	5150	1	28	80	source_plane=1
terrain	empty_terrain_no_floor_context	0	empty terrain tile	1796	5151	1	28	80	source_plane=1
terrain	empty_terrain_no_floor_context	0	empty terrain tile	1796	5152	1	28	80	source_plane=1
terrain	empty_terrain_no_floor_context	0	empty terrain tile	1796	5153	1	28	80	source_plane=1
terrain	empty_terrain_no_floor_context	0	empty terrain tile	1796	5154	1	28	80	source_plane=1
terrain	empty_terrain_no_floor_context	0	empty terrain tile	1796	5155	1	28	80	source_plane=1
terrain	empty_terrain_no_floor_context	0	empty terrain tile	1796	5156	1	28	80	source_plane=1
terrain	empty_terrain_no_floor_context	0	empty terrain tile	1796	5157	1	28	80	source_plane=1
terrain	empty_terrain_no_floor_context	0	empty terrain tile	1796	5158	1	28	80	source_plane=1
terrain	empty_terrain_no_floor_context	0	empty terrain tile	1796	5159	1	28	80	source_plane=1
terrain	empty_terrain_no_floor_context	0	empty terrain tile	1796	5160	1	28	80	source_plane=1
terrain	empty_terrain_no_floor_context	0	empty terrain tile	1796	5161	1	28	80	source_plane=1
terrain	empty_terrain_no_floor_context	0	empty terrain tile	1796	5162	1	28	80	source_plane=1
terrain	empty_terrain_no_floor_context	0	empty terrain tile	1796	5163	1	28	80	source_plane=1
terrain	empty_terrain_no_floor_context	0	empty terrain tile	1796	5164	1	28	80	source_plane=1
terrain	empty_terrain_no_floor_context	0	empty terrain tile	1796	5165	1	28	80	source_plane=1
terrain	empty_terrain_no_floor_context	0	empty terrain tile	1796	5166	1	28	80	source_plane=1
terrain	empty_terrain_no_floor_context	0	empty terrain tile	1796	5167	1	28	80	source_plane=1
terrain	empty_terrain_no_floor_context	0	empty terrain tile	1796	5168	1	28	80	source_plane=1
terrain	empty_terrain_no_floor_context	0	empty terrain tile	1796	5169	1	28	80	source_plane=1
terrain	empty_terrain_no_floor_context	0	empty terrain tile	1796	5170	1	28	80	source_plane=1
terrain	empty_terrain_no_floor_context	0	empty terrain tile	1796	5171	1	28	80	source_plane=1
terrain	empty_terrain_no_floor_context	0	empty terrain tile	1796	5172	1	28	80	source_plane=1
terrain	empty_terrain_no_floor_context	0	empty terrain tile	1796	5173	1	28	80	source_plane=1
terrain	empty_terrain_no_floor_context	0	empty terrain tile	1796	5174	1	28	80	source_plane=1
terrain	empty_terrain_no_floor_context	0	empty terrain tile	1796	5175	1	28	80	source_plane=1
terrain	empty_terrain_no_floor_context	0	empty terrain tile	1796	5176	1	28	80	source_plane=1
terrain	empty_terrain_no_floor_context	0	empty terrain tile	1796	5177	1	28	80	source_plane=1
terrain	empty_terrain_no_floor_context	0	empty terrain tile	1796	5178	1	28	80	source_plane=1
terrain	empty_terrain_no_floor_context	0	empty terrain tile	1796	5179	1	28	80	source_plane=1
terrain	empty_terrain_no_floor_context	0	empty terrain tile	1796	5180	1	28	80	source_plane=1
terrain	empty_terrain_no_floor_context	0	empty terrain tile	1796	5181	1	28	80	source_plane=1
terrain	empty_terrain_no_floor_context	0	empty terrain tile	1796	5182	1	28	80	source_plane=1
terrain	empty_terrain_no_floor_context	0	empty terrain tile	1796	5183	1	28	80	source_plane=1
terrain	empty_terrain_no_floor_context	0	empty terrain tile	1797	5120	1	28	80	source_plane=1
terrain	empty_terrain_no_floor_context	0	empty terrain tile	1797	5121	1	28	80	source_plane=1
terrain	empty_terrain_no_floor_context	0	empty terrain tile	1797	5122	1	28	80	source_plane=1
terrain	empty_terrain_no_floor_context	0	empty terrain tile	1797	5123	1	28	80	source_plane=1
terrain	empty_terrain_no_floor_context	0	empty terrain tile	1797	5124	1	28	80	source_plane=1
terrain	empty_terrain_no_floor_context	0	empty terrain tile	1797	5125	1	28	80	source_plane=1
terrain	empty_terrain_no_floor_context	0	empty terrain tile	1797	5126	1	28	80	source_plane=1
terrain	empty_terrain_no_floor_context	0	empty terrain tile	1797	5127	1	28	80	source_plane=1
terrain	empty_terrain_no_floor_context	0	empty terrain tile	1797	5128	1	28	80	source_plane=1
terrain	empty_terrain_no_floor_context	0	empty terrain tile	1797	5129	1	28	80	source_plane=1
terrain	empty_terrain_no_floor_context	0	empty terrain tile	1797	5130	1	28	80	source_plane=1
terrain	empty_terrain_no_floor_context	0	empty terrain tile	1797	5131	1	28	80	source_plane=1
terrain	empty_terrain_no_floor_context	0	empty terrain tile	1797	5132	1	28	80	source_plane=1
terrain	empty_terrain_no_floor_context	0	empty terrain tile	1797	5133	1	28	80	source_plane=1
terrain	empty_terrain_no_floor_context	0	empty terrain tile	1797	5134	1	28	80	source_plane=1
terrain	empty_terrain_no_floor_context	0	empty terrain tile	1797	5135	1	28	80	source_plane=1
terrain	empty_terrain_no_floor_context	0	empty terrain tile	1797	5136	1	28	80	source_plane=1
terrain	empty_terrain_no_floor_context	0	empty terrain tile	1797	5137	1	28	80	source_plane=1
terrain	empty_terrain_no_floor_context	0	empty terrain tile	1797	5138	1	28	80	source_plane=1
terrain	empty_terrain_no_floor_context	0	empty terrain tile	1797	5139	1	28	80	source_plane=1
terrain	empty_terrain_no_floor_context	0	empty terrain tile	1797	5140	1	28	80	source_plane=1
terrain	empty_terrain_no_floor_context	0	empty terrain tile	1797	5141	1	28	80	source_plane=1
terrain	empty_terrain_no_floor_context	0	empty terrain tile	1797	5142	1	28	80	source_plane=1
terrain	empty_terrain_no_floor_context	0	empty terrain tile	1797	5143	1	28	80	source_plane=1
terrain	empty_terrain_no_floor_context	0	empty terrain tile	1797	5144	1	28	80	source_plane=1
terrain	empty_terrain_no_floor_context	0	empty terrain tile	1797	5145	1	28	80	source_plane=1
terrain	empty_terrain_no_floor_context	0	empty terrain tile	1797	5146	1	28	80	source_plane=1
terrain	empty_terrain_no_floor_context	0	empty terrain tile	1797	5147	1	28	80	source_plane=1
terrain	empty_terrain_no_floor_context	0	empty terrain tile	1797	5148	1	28	80	source_plane=1
terrain	empty_terrain_no_floor_context	0	empty terrain tile	1797	5149	1	28	80	source_plane=1
terrain	empty_terrain_no_floor_context	0	empty terrain tile	1797	5150	1	28	80	source_plane=1
terrain	empty_terrain_no_floor_context	0	empty terrain tile	1797	5151	1	28	80	source_plane=1
terrain	empty_terrain_no_floor_context	0	empty terrain tile	1797	5152	1	28	80	source_plane=1
terrain	empty_terrain_no_floor_context	0	empty terrain tile	1797	5153	1	28	80	source_plane=1
terrain	empty_terrain_no_floor_context	0	empty terrain tile	1797	5154	1	28	80	source_plane=1
terrain	empty_terrain_no_floor_context	0	empty terrain tile	1797	5155	1	28	80	source_plane=1
terrain	empty_terrain_no_floor_context	0	empty terrain tile	1797	5156	1	28	80	source_plane=1
terrain	empty_terrain_no_floor_context	0	empty terrain tile	1797	5157	1	28	80	source_plane=1
terrain	empty_terrain_no_floor_context	0	empty terrain tile	1797	5158	1	28	80	source_plane=1
terrain	empty_terrain_no_floor_context	0	empty terrain tile	1797	5159	1	28	80	source_plane=1
terrain	empty_terrain_no_floor_context	0	empty terrain tile	1797	5160	1	28	80	source_plane=1
terrain	empty_terrain_no_floor_context	0	empty terrain tile	1797	5161	1	28	80	source_plane=1
terrain	empty_terrain_no_floor_context	0	empty terrain tile	1797	5162	1	28	80	source_plane=1
terrain	empty_terrain_no_floor_context	0	empty terrain tile	1797	5163	1	28	80	source_plane=1
terrain	empty_terrain_no_floor_context	0	empty terrain tile	1797	5164	1	28	80	source_plane=1
terrain	empty_terrain_no_floor_context	0	empty terrain tile	1797	5165	1	28	80	source_plane=1
terrain	empty_terrain_no_floor_context	0	empty terrain tile	1797	5166	1	28	80	source_plane=1
terrain	empty_terrain_no_floor_context	0	empty terrain tile	1797	5167	1	28	80	source_plane=1
terrain	empty_terrain_no_floor_context	0	empty terrain tile	1797	5168	1	28	80	source_plane=1
terrain	empty_terrain_no_floor_context	0	empty terrain tile	1797	5169	1	28	80	source_plane=1
terrain	empty_terrain_no_floor_context	0	empty terrain tile	1797	5170	1	28	80	source_plane=1
terrain	empty_terrain_no_floor_context	0	empty terrain tile	1797	5171	1	28	80	source_plane=1
terrain	empty_terrain_no_floor_context	0	empty terrain tile	1797	5172	1	28	80	source_plane=1
terrain	empty_terrain_no_floor_context	0	empty terrain tile	1797	5173	1	28	80	source_plane=1
terrain	empty_terrain_no_floor_context	0	empty terrain tile	1797	5174	1	28	80	source_plane=1
terrain	empty_terrain_no_floor_context	0	empty terrain tile	1797	5175	1	28	80	source_plane=1
terrain	empty_terrain_no_floor_context	0	empty terrain tile	1797	5176	1	28	80	source_plane=1
terrain	empty_terrain_no_floor_context	0	empty terrain tile	1797	5177	1	28	80	source_plane=1
terrain	empty_terrain_no_floor_context	0	empty terrain tile	1797	5178	1	28	80	source_plane=1
terrain	empty_terrain_no_floor_context	0	empty terrain tile	1797	5179	1	28	80	source_plane=1
terrain	empty_terrain_no_floor_context	0	empty terrain tile	1797	5180	1	28	80	source_plane=1
terrain	empty_terrain_no_floor_context	0	empty terrain tile	1797	5181	1	28	80	source_plane=1
terrain	empty_terrain_no_floor_context	0	empty terrain tile	1797	5182	1	28	80	source_plane=1
terrain	empty_terrain_no_floor_context	0	empty terrain tile	1797	5183	1	28	80	source_plane=1
terrain	empty_terrain_no_floor_context	0	empty terrain tile	1798	5120	1	28	80	source_plane=1
terrain	empty_terrain_no_floor_context	0	empty terrain tile	1798	5121	1	28	80	source_plane=1
terrain	empty_terrain_no_floor_context	0	empty terrain tile	1798	5122	1	28	80	source_plane=1
terrain	empty_terrain_no_floor_context	0	empty terrain tile	1798	5123	1	28	80	source_plane=1
terrain	empty_terrain_no_floor_context	0	empty terrain tile	1798	5124	1	28	80	source_plane=1
terrain	empty_terrain_no_floor_context	0	empty terrain tile	1798	5125	1	28	80	source_plane=1
terrain	empty_terrain_no_floor_context	0	empty terrain tile	1798	5126	1	28	80	source_plane=1
terrain	empty_terrain_no_floor_context	0	empty terrain tile	1798	5127	1	28	80	source_plane=1
terrain	empty_terrain_no_floor_context	0	empty terrain tile	1798	5128	1	28	80	source_plane=1
terrain	empty_terrain_no_floor_context	0	empty terrain tile	1798	5129	1	28	80	source_plane=1
terrain	empty_terrain_no_floor_context	0	empty terrain tile	1798	5130	1	28	80	source_plane=1
terrain	empty_terrain_no_floor_context	0	empty terrain tile	1798	5131	1	28	80	source_plane=1
terrain	empty_terrain_no_floor_context	0	empty terrain tile	1798	5132	1	28	80	source_plane=1
terrain	empty_terrain_no_floor_context	0	empty terrain tile	1798	5133	1	28	80	source_plane=1
terrain	empty_terrain_no_floor_context	0	empty terrain tile	1798	5134	1	28	80	source_plane=1
terrain	empty_terrain_no_floor_context	0	empty terrain tile	1798	5135	1	28	80	source_plane=1
terrain	empty_terrain_no_floor_context	0	empty terrain tile	1798	5136	1	28	80	source_plane=1
terrain	empty_terrain_no_floor_context	0	empty terrain tile	1798	5137	1	28	80	source_plane=1
terrain	empty_terrain_no_floor_context	0	empty terrain tile	1798	5138	1	28	80	source_plane=1
terrain	empty_terrain_no_floor_context	0	empty terrain tile	1798	5139	1	28	80	source_plane=1
terrain	empty_terrain_no_floor_context	0	empty terrain tile	1798	5140	1	28	80	source_plane=1
terrain	empty_terrain_no_floor_context	0	empty terrain tile	1798	5141	1	28	80	source_plane=1
terrain	empty_terrain_no_floor_context	0	empty terrain tile	1798	5142	1	28	80	source_plane=1
terrain	empty_terrain_no_floor_context	0	empty terrain tile	1798	5143	1	28	80	source_plane=1
terrain	empty_terrain_no_floor_context	0	empty terrain tile	1798	5144	1	28	80	source_plane=1
terrain	empty_terrain_no_floor_context	0	empty terrain tile	1798	5145	1	28	80	source_plane=1
terrain	empty_terrain_no_floor_context	0	empty terrain tile	1798	5146	1	28	80	source_plane=1
terrain	empty_terrain_no_floor_context	0	empty terrain tile	1798	5147	1	28	80	source_plane=1
terrain	empty_terrain_no_floor_context	0	empty terrain tile	1798	5148	1	28	80	source_plane=1
terrain	empty_terrain_no_floor_context	0	empty terrain tile	1798	5149	1	28	80	source_plane=1
terrain	empty_terrain_no_floor_context	0	empty terrain tile	1798	5150	1	28	80	source_plane=1
terrain	empty_terrain_no_floor_context	0	empty terrain tile	1798	5151	1	28	80	source_plane=1
terrain	empty_terrain_no_floor_context	0	empty terrain tile	1798	5152	1	28	80	source_plane=1
terrain	empty_terrain_no_floor_context	0	empty terrain tile	1798	5153	1	28	80	source_plane=1
terrain	empty_terrain_no_floor_context	0	empty terrain tile	1798	5154	1	28	80	source_plane=1
terrain	empty_terrain_no_floor_context	0	empty terrain tile	1798	5155	1	28	80	source_plane=1
terrain	empty_terrain_no_floor_context	0	empty terrain tile	1798	5156	1	28	80	source_plane=1
terrain	empty_terrain_no_floor_context	0	empty terrain tile	1798	5157	1	28	80	source_plane=1
terrain	empty_terrain_no_floor_context	0	empty terrain tile	1798	5158	1	28	80	source_plane=1
terrain	empty_terrain_no_floor_context	0	empty terrain tile	1798	5159	1	28	80	source_plane=1
terrain	empty_terrain_no_floor_context	0	empty terrain tile	1798	5160	1	28	80	source_plane=1
terrain	empty_terrain_no_floor_context	0	empty terrain tile	1798	5161	1	28	80	source_plane=1
terrain	empty_terrain_no_floor_context	0	empty terrain tile	1798	5162	1	28	80	source_plane=1
terrain	empty_terrain_no_floor_context	0	empty terrain tile	1798	5163	1	28	80	source_plane=1
terrain	empty_terrain_no_floor_context	0	empty terrain tile	1798	5164	1	28	80	source_plane=1
terrain	empty_terrain_no_floor_context	0	empty terrain tile	1798	5165	1	28	80	source_plane=1
terrain	empty_terrain_no_floor_context	0	empty terrain tile	1798	5166	1	28	80	source_plane=1
terrain	empty_terrain_no_floor_context	0	empty terrain tile	1798	5167	1	28	80	source_plane=1
terrain	empty_terrain_no_floor_context	0	empty terrain tile	1798	5168	1	28	80	source_plane=1
terrain	empty_terrain_no_floor_context	0	empty terrain tile	1798	5169	1	28	80	source_plane=1
terrain	empty_terrain_no_floor_context	0	empty terrain tile	1798	5170	1	28	80	source_plane=1
terrain	empty_terrain_no_floor_context	0	empty terrain tile	1798	5171	1	28	80	source_plane=1
terrain	empty_terrain_no_floor_context	0	empty terrain tile	1798	5172	1	28	80	source_plane=1
terrain	empty_terrain_no_floor_context	0	empty terrain tile	1798	5173	1	28	80	source_plane=1
terrain	empty_terrain_no_floor_context	0	empty terrain tile	1798	5174	1	28	80	source_plane=1
terrain	empty_terrain_no_floor_context	0	empty terrain tile	1798	5175	1	28	80	source_plane=1
terrain	empty_terrain_no_floor_context	0	empty terrain tile	1798	5176	1	28	80	source_plane=1
terrain	empty_terrain_no_floor_context	0	empty terrain tile	1798	5177	1	28	80	source_plane=1
terrain	empty_terrain_no_floor_context	0	empty terrain tile	1798	5178	1	28	80	source_plane=1
terrain	empty_terrain_no_floor_context	0	empty terrain tile	1798	5179	1	28	80	source_plane=1
terrain	empty_terrain_no_floor_context	0	empty terrain tile	1798	5180	1	28	80	source_plane=1
terrain	empty_terrain_no_floor_context	0	empty terrain tile	1798	5181	1	28	80	source_plane=1
terrain	empty_terrain_no_floor_context	0	empty terrain tile	1798	5182	1	28	80	source_plane=1
terrain	empty_terrain_no_floor_context	0	empty terrain tile	1798	5183	1	28	80	source_plane=1
terrain	empty_terrain_no_floor_context	0	empty terrain tile	1799	5120	1	28	80	source_plane=1
terrain	empty_terrain_no_floor_context	0	empty terrain tile	1799	5121	1	28	80	source_plane=1
terrain	empty_terrain_no_floor_context	0	empty terrain tile	1799	5122	1	28	80	source_plane=1
terrain	empty_terrain_no_floor_context	0	empty terrain tile	1799	5123	1	28	80	source_plane=1
terrain	empty_terrain_no_floor_context	0	empty terrain tile	1799	5124	1	28	80	source_plane=1
terrain	empty_terrain_no_floor_context	0	empty terrain tile	1799	5125	1	28	80	source_plane=1
terrain	empty_terrain_no_floor_context	0	empty terrain tile	1799	5126	1	28	80	source_plane=1
terrain	empty_terrain_no_floor_context	0	empty terrain tile	1799	5127	1	28	80	source_plane=1
terrain	empty_terrain_no_floor_context	0	empty terrain tile	1799	5128	1	28	80	source_plane=1
terrain	empty_terrain_no_floor_context	0	empty terrain tile	1799	5129	1	28	80	source_plane=1
terrain	empty_terrain_no_floor_context	0	empty terrain tile	1799	5130	1	28	80	source_plane=1
terrain	empty_terrain_no_floor_context	0	empty terrain tile	1799	5131	1	28	80	source_plane=1
terrain	empty_terrain_no_floor_context	0	empty terrain tile	1799	5132	1	28	80	source_plane=1
terrain	empty_terrain_no_floor_context	0	empty terrain tile	1799	5133	1	28	80	source_plane=1
terrain	empty_terrain_no_floor_context	0	empty terrain tile	1799	5134	1	28	80	source_plane=1
terrain	empty_terrain_no_floor_context	0	empty terrain tile	1799	5135	1	28	80	source_plane=1
terrain	empty_terrain_no_floor_context	0	empty terrain tile	1799	5136	1	28	80	source_plane=1
terrain	empty_terrain_no_floor_context	0	empty terrain tile	1799	5137	1	28	80	source_plane=1
terrain	empty_terrain_no_floor_context	0	empty terrain tile	1799	5138	1	28	80	source_plane=1
terrain	empty_terrain_no_floor_context	0	empty terrain tile	1799	5139	1	28	80	source_plane=1
terrain	empty_terrain_no_floor_context	0	empty terrain tile	1799	5140	1	28	80	source_plane=1
terrain	empty_terrain_no_floor_context	0	empty terrain tile	1799	5141	1	28	80	source_plane=1
terrain	empty_terrain_no_floor_context	0	empty terrain tile	1799	5142	1	28	80	source_plane=1
terrain	empty_terrain_no_floor_context	0	empty terrain tile	1799	5143	1	28	80	source_plane=1
terrain	empty_terrain_no_floor_context	0	empty terrain tile	1799	5144	1	28	80	source_plane=1
terrain	empty_terrain_no_floor_context	0	empty terrain tile	1799	5145	1	28	80	source_plane=1
terrain	empty_terrain_no_floor_context	0	empty terrain tile	1799	5146	1	28	80	source_plane=1
terrain	empty_terrain_no_floor_context	0	empty terrain tile	1799	5147	1	28	80	source_plane=1
terrain	empty_terrain_no_floor_context	0	empty terrain tile	1799	5148	1	28	80	source_plane=1
terrain	empty_terrain_no_floor_context	0	empty terrain tile	1799	5149	1	28	80	source_plane=1
terrain	empty_terrain_no_floor_context	0	empty terrain tile	1799	5150	1	28	80	source_plane=1
terrain	empty_terrain_no_floor_context	0	empty terrain tile	1799	5151	1	28	80	source_plane=1
terrain	empty_terrain_no_floor_context	0	empty terrain tile	1799	5152	1	28	80	source_plane=1
terrain	empty_terrain_no_floor_context	0	empty terrain tile	1799	5153	1	28	80	source_plane=1
terrain	empty_terrain_no_floor_context	0	empty terrain tile	1799	5154	1	28	80	source_plane=1
terrain	empty_terrain_no_floor_context	0	empty terrain tile	1799	5155	1	28	80	source_plane=1
terrain	empty_terrain_no_floor_context	0	empty terrain tile	1799	5156	1	28	80	source_plane=1
terrain	empty_terrain_no_floor_context	0	empty terrain tile	1799	5157	1	28	80	source_plane=1
terrain	empty_terrain_no_floor_context	0	empty terrain tile	1799	5158	1	28	80	source_plane=1
terrain	empty_terrain_no_floor_context	0	empty terrain tile	1799	5159	1	28	80	source_plane=1
terrain	empty_terrain_no_floor_context	0	empty terrain tile	1799	5160	1	28	80	source_plane=1
terrain	empty_terrain_no_floor_context	0	empty terrain tile	1799	5161	1	28	80	source_plane=1
terrain	empty_terrain_no_floor_context	0	empty terrain tile	1799	5162	1	28	80	source_plane=1
terrain	empty_terrain_no_floor_context	0	empty terrain tile	1799	5163	1	28	80	source_plane=1
terrain	empty_terrain_no_floor_context	0	empty terrain tile	1799	5164	1	28	80	source_plane=1
terrain	empty_terrain_no_floor_context	0	empty terrain tile	1799	5165	1	28	80	source_plane=1
terrain	empty_terrain_no_floor_context	0	empty terrain tile	1799	5166	1	28	80	source_plane=1
terrain	empty_terrain_no_floor_context	0	empty terrain tile	1799	5167	1	28	80	source_plane=1
terrain	empty_terrain_no_floor_context	0	empty terrain tile	1799	5168	1	28	80	source_plane=1
terrain	empty_terrain_no_floor_context	0	empty terrain tile	1799	5169	1	28	80	source_plane=1
terrain	empty_terrain_no_floor_context	0	empty terrain tile	1799	5170	1	28	80	source_plane=1
terrain	empty_terrain_no_floor_context	0	empty terrain tile	1799	5171	1	28	80	source_plane=1
terrain	empty_terrain_no_floor_context	0	empty terrain tile	1799	5172	1	28	80	source_plane=1
terrain	empty_terrain_no_floor_context	0	empty terrain tile	1799	5173	1	28	80	source_plane=1
terrain	empty_terrain_no_floor_context	0	empty terrain tile	1799	5174	1	28	80	source_plane=1
terrain	empty_terrain_no_floor_context	0	empty terrain tile	1799	5175	1	28	80	source_plane=1
terrain	empty_terrain_no_floor_context	0	empty terrain tile	1799	5176	1	28	80	source_plane=1
terrain	empty_terrain_no_floor_context	0	empty terrain tile	1799	5177	1	28	80	source_plane=1
terrain	empty_terrain_no_floor_context	0	empty terrain tile	1799	5178	1	28	80	source_plane=1
terrain	empty_terrain_no_floor_context	0	empty terrain tile	1799	5179	1	28	80	source_plane=1
terrain	empty_terrain_no_floor_context	0	empty terrain tile	1799	5180	1	28	80	source_plane=1
terrain	empty_terrain_no_floor_context	0	empty terrain tile	1799	5181	1	28	80	source_plane=1
terrain	empty_terrain_no_floor_context	0	empty terrain tile	1799	5182	1	28	80	source_plane=1
terrain	empty_terrain_no_floor_context	0	empty terrain tile	1799	5183	1	28	80	source_plane=1
terrain	empty_terrain_no_floor_context	0	empty terrain tile	1800	5120	1	28	80	source_plane=1
terrain	empty_terrain_no_floor_context	0	empty terrain tile	1800	5121	1	28	80	source_plane=1
terrain	empty_terrain_no_floor_context	0	empty terrain tile	1800	5122	1	28	80	source_plane=1
terrain	empty_terrain_no_floor_context	0	empty terrain tile	1800	5123	1	28	80	source_plane=1
terrain	empty_terrain_no_floor_context	0	empty terrain tile	1800	5124	1	28	80	source_plane=1
terrain	empty_terrain_no_floor_context	0	empty terrain tile	1800	5125	1	28	80	source_plane=1
terrain	empty_terrain_no_floor_context	0	empty terrain tile	1800	5126	1	28	80	source_plane=1
terrain	empty_terrain_no_floor_context	0	empty terrain tile	1800	5127	1	28	80	source_plane=1
terrain	empty_terrain_no_floor_context	0	empty terrain tile	1800	5128	1	28	80	source_plane=1
terrain	empty_terrain_no_floor_context	0	empty terrain tile	1800	5129	1	28	80	source_plane=1
terrain	empty_terrain_no_floor_context	0	empty terrain tile	1800	5130	1	28	80	source_plane=1
terrain	empty_terrain_no_floor_context	0	empty terrain tile	1800	5131	1	28	80	source_plane=1
terrain	empty_terrain_no_floor_context	0	empty terrain tile	1800	5132	1	28	80	source_plane=1
terrain	empty_terrain_no_floor_context	0	empty terrain tile	1800	5133	1	28	80	source_plane=1
terrain	empty_terrain_no_floor_context	0	empty terrain tile	1800	5134	1	28	80	source_plane=1
terrain	empty_terrain_no_floor_context	0	empty terrain tile	1800	5135	1	28	80	source_plane=1
terrain	empty_terrain_no_floor_context	0	empty terrain tile	1800	5136	1	28	80	source_plane=1
terrain	empty_terrain_no_floor_context	0	empty terrain tile	1800	5137	1	28	80	source_plane=1
terrain	empty_terrain_no_floor_context	0	empty terrain tile	1800	5138	1	28	80	source_plane=1
terrain	empty_terrain_no_floor_context	0	empty terrain tile	1800	5139	1	28	80	source_plane=1
terrain	empty_terrain_no_floor_context	0	empty terrain tile	1800	5140	1	28	80	source_plane=1
terrain	empty_terrain_no_floor_context	0	empty terrain tile	1800	5141	1	28	80	source_plane=1
terrain	empty_terrain_no_floor_context	0	empty terrain tile	1800	5142	1	28	80	source_plane=1
terrain	empty_terrain_no_floor_context	0	empty terrain tile	1800	5143	1	28	80	source_plane=1
terrain	empty_terrain_no_floor_context	0	empty terrain tile	1800	5144	1	28	80	source_plane=1
terrain	empty_terrain_no_floor_context	0	empty terrain tile	1800	5145	1	28	80	source_plane=1
terrain	empty_terrain_no_floor_context	0	empty terrain tile	1800	5146	1	28	80	source_plane=1
terrain	empty_terrain_no_floor_context	0	empty terrain tile	1800	5147	1	28	80	source_plane=1
terrain	empty_terrain_no_floor_context	0	empty terrain tile	1800	5148	1	28	80	source_plane=1
terrain	empty_terrain_no_floor_context	0	empty terrain tile	1800	5149	1	28	80	source_plane=1
terrain	empty_terrain_no_floor_context	0	empty terrain tile	1800	5150	1	28	80	source_plane=1
terrain	empty_terrain_no_floor_context	0	empty terrain tile	1800	5151	1	28	80	source_plane=1
terrain	empty_terrain_no_floor_context	0	empty terrain tile	1800	5152	1	28	80	source_plane=1
terrain	empty_terrain_no_floor_context	0	empty terrain tile	1800	5153	1	28	80	source_plane=1
terrain	empty_terrain_no_floor_context	0	empty terrain tile	1800	5154	1	28	80	source_plane=1
terrain	empty_terrain_no_floor_context	0	empty terrain tile	1800	5155	1	28	80	source_plane=1
terrain	empty_terrain_no_floor_context	0	empty terrain tile	1800	5156	1	28	80	source_plane=1
terrain	empty_terrain_no_floor_context	0	empty terrain tile	1800	5157	1	28	80	source_plane=1
terrain	empty_terrain_no_floor_context	0	empty terrain tile	1800	5158	1	28	80	source_plane=1
terrain	empty_terrain_no_floor_context	0	empty terrain tile	1800	5159	1	28	80	source_plane=1
terrain	empty_terrain_no_floor_context	0	empty terrain tile	1800	5160	1	28	80	source_plane=1
terrain	empty_terrain_no_floor_context	0	empty terrain tile	1800	5161	1	28	80	source_plane=1
terrain	empty_terrain_no_floor_context	0	empty terrain tile	1800	5162	1	28	80	source_plane=1
terrain	empty_terrain_no_floor_context	0	empty terrain tile	1800	5163	1	28	80	source_plane=1
terrain	empty_terrain_no_floor_context	0	empty terrain tile	1800	5164	1	28	80	source_plane=1
terrain	empty_terrain_no_floor_context	0	empty terrain tile	1800	5165	1	28	80	source_plane=1
terrain	empty_terrain_no_floor_context	0	empty terrain tile	1800	5166	1	28	80	source_plane=1
terrain	empty_terrain_no_floor_context	0	empty terrain tile	1800	5167	1	28	80	source_plane=1
terrain	empty_terrain_no_floor_context	0	empty terrain tile	1800	5168	1	28	80	source_plane=1
terrain	empty_terrain_no_floor_context	0	empty terrain tile	1800	5169	1	28	80	source_plane=1
terrain	empty_terrain_no_floor_context	0	empty terrain tile	1800	5170	1	28	80	source_plane=1
terrain	empty_terrain_no_floor_context	0	empty terrain tile	1800	5171	1	28	80	source_plane=1
terrain	empty_terrain_no_floor_context	0	empty terrain tile	1800	5172	1	28	80	source_plane=1
terrain	empty_terrain_no_floor_context	0	empty terrain tile	1800	5173	1	28	80	source_plane=1
terrain	empty_terrain_no_floor_context	0	empty terrain tile	1800	5174	1	28	80	source_plane=1
terrain	empty_terrain_no_floor_context	0	empty terrain tile	1800	5175	1	28	80	source_plane=1
terrain	empty_terrain_no_floor_context	0	empty terrain tile	1800	5176	1	28	80	source_plane=1
terrain	empty_terrain_no_floor_context	0	empty terrain tile	1800	5177	1	28	80	source_plane=1
terrain	empty_terrain_no_floor_context	0	empty terrain tile	1800	5178	1	28	80	source_plane=1
terrain	empty_terrain_no_floor_context	0	empty terrain tile	1800	5179	1	28	80	source_plane=1
terrain	empty_terrain_no_floor_context	0	empty terrain tile	1800	5180	1	28	80	source_plane=1
terrain	empty_terrain_no_floor_context	0	empty terrain tile	1800	5181	1	28	80	source_plane=1
terrain	empty_terrain_no_floor_context	0	empty terrain tile	1800	5182	1	28	80	source_plane=1
terrain	empty_terrain_no_floor_context	0	empty terrain tile	1800	5183	1	28	80	source_plane=1
terrain	empty_terrain_no_floor_context	0	empty terrain tile	1801	5120	1	28	80	source_plane=1
terrain	empty_terrain_no_floor_context	0	empty terrain tile	1801	5121	1	28	80	source_plane=1
terrain	empty_terrain_no_floor_context	0	empty terrain tile	1801	5122	1	28	80	source_plane=1
terrain	empty_terrain_no_floor_context	0	empty terrain tile	1801	5123	1	28	80	source_plane=1
terrain	empty_terrain_no_floor_context	0	empty terrain tile	1801	5124	1	28	80	source_plane=1
terrain	empty_terrain_no_floor_context	0	empty terrain tile	1801	5125	1	28	80	source_plane=1
terrain	empty_terrain_no_floor_context	0	empty terrain tile	1801	5126	1	28	80	source_plane=1
terrain	empty_terrain_no_floor_context	0	empty terrain tile	1801	5127	1	28	80	source_plane=1
terrain	empty_terrain_no_floor_context	0	empty terrain tile	1801	5128	1	28	80	source_plane=1
terrain	empty_terrain_no_floor_context	0	empty terrain tile	1801	5129	1	28	80	source_plane=1
terrain	empty_terrain_no_floor_context	0	empty terrain tile	1801	5130	1	28	80	source_plane=1
terrain	empty_terrain_no_floor_context	0	empty terrain tile	1801	5131	1	28	80	source_plane=1
terrain	empty_terrain_no_floor_context	0	empty terrain tile	1801	5132	1	28	80	source_plane=1
terrain	empty_terrain_no_floor_context	0	empty terrain tile	1801	5133	1	28	80	source_plane=1
terrain	empty_terrain_no_floor_context	0	empty terrain tile	1801	5134	1	28	80	source_plane=1
terrain	empty_terrain_no_floor_context	0	empty terrain tile	1801	5135	1	28	80	source_plane=1
terrain	empty_terrain_no_floor_context	0	empty terrain tile	1801	5136	1	28	80	source_plane=1
terrain	empty_terrain_no_floor_context	0	empty terrain tile	1801	5137	1	28	80	source_plane=1
terrain	empty_terrain_no_floor_context	0	empty terrain tile	1801	5138	1	28	80	source_plane=1
terrain	empty_terrain_no_floor_context	0	empty terrain tile	1801	5139	1	28	80	source_plane=1
terrain	empty_terrain_no_floor_context	0	empty terrain tile	1801	5140	1	28	80	source_plane=1
terrain	empty_terrain_no_floor_context	0	empty terrain tile	1801	5141	1	28	80	source_plane=1
terrain	empty_terrain_no_floor_context	0	empty terrain tile	1801	5142	1	28	80	source_plane=1
terrain	empty_terrain_no_floor_context	0	empty terrain tile	1801	5143	1	28	80	source_plane=1
terrain	empty_terrain_no_floor_context	0	empty terrain tile	1801	5144	1	28	80	source_plane=1
terrain	empty_terrain_no_floor_context	0	empty terrain tile	1801	5145	1	28	80	source_plane=1
terrain	empty_terrain_no_floor_context	0	empty terrain tile	1801	5146	1	28	80	source_plane=1
terrain	empty_terrain_no_floor_context	0	empty terrain tile	1801	5147	1	28	80	source_plane=1
terrain	empty_terrain_no_floor_context	0	empty terrain tile	1801	5148	1	28	80	source_plane=1
terrain	empty_terrain_no_floor_context	0	empty terrain tile	1801	5149	1	28	80	source_plane=1
terrain	empty_terrain_no_floor_context	0	empty terrain tile	1801	5150	1	28	80	source_plane=1
terrain	empty_terrain_no_floor_context	0	empty terrain tile	1801	5151	1	28	80	source_plane=1
terrain	empty_terrain_no_floor_context	0	empty terrain tile	1801	5152	1	28	80	source_plane=1
terrain	empty_terrain_no_floor_context	0	empty terrain tile	1801	5153	1	28	80	source_plane=1
terrain	empty_terrain_no_floor_context	0	empty terrain tile	1801	5154	1	28	80	source_plane=1
terrain	empty_terrain_no_floor_context	0	empty terrain tile	1801	5155	1	28	80	source_plane=1
terrain	empty_terrain_no_floor_context	0	empty terrain tile	1801	5156	1	28	80	source_plane=1
terrain	empty_terrain_no_floor_context	0	empty terrain tile	1801	5157	1	28	80	source_plane=1
terrain	empty_terrain_no_floor_context	0	empty terrain tile	1801	5158	1	28	80	source_plane=1
terrain	empty_terrain_no_floor_context	0	empty terrain tile	1801	5159	1	28	80	source_plane=1
terrain	empty_terrain_no_floor_context	0	empty terrain tile	1801	5160	1	28	80	source_plane=1
terrain	empty_terrain_no_floor_context	0	empty terrain tile	1801	5161	1	28	80	source_plane=1
terrain	empty_terrain_no_floor_context	0	empty terrain tile	1801	5162	1	28	80	source_plane=1
terrain	empty_terrain_no_floor_context	0	empty terrain tile	1801	5163	1	28	80	source_plane=1
terrain	empty_terrain_no_floor_context	0	empty terrain tile	1801	5164	1	28	80	source_plane=1
terrain	empty_terrain_no_floor_context	0	empty terrain tile	1801	5165	1	28	80	source_plane=1
terrain	empty_terrain_no_floor_context	0	empty terrain tile	1801	5166	1	28	80	source_plane=1
terrain	empty_terrain_no_floor_context	0	empty terrain tile	1801	5167	1	28	80	source_plane=1
terrain	empty_terrain_no_floor_context	0	empty terrain tile	1801	5168	1	28	80	source_plane=1
terrain	empty_terrain_no_floor_context	0	empty terrain tile	1801	5169	1	28	80	source_plane=1
terrain	empty_terrain_no_floor_context	0	empty terrain tile	1801	5170	1	28	80	source_plane=1
terrain	empty_terrain_no_floor_context	0	empty terrain tile	1801	5171	1	28	80	source_plane=1
terrain	empty_terrain_no_floor_context	0	empty terrain tile	1801	5172	1	28	80	source_plane=1
terrain	empty_terrain_no_floor_context	0	empty terrain tile	1801	5173	1	28	80	source_plane=1
terrain	empty_terrain_no_floor_context	0	empty terrain tile	1801	5174	1	28	80	source_plane=1
terrain	empty_terrain_no_floor_context	0	empty terrain tile	1801	5175	1	28	80	source_plane=1
terrain	empty_terrain_no_floor_context	0	empty terrain tile	1801	5176	1	28	80	source_plane=1
terrain	empty_terrain_no_floor_context	0	empty terrain tile	1801	5177	1	28	80	source_plane=1
terrain	empty_terrain_no_floor_context	0	empty terrain tile	1801	5178	1	28	80	source_plane=1
terrain	empty_terrain_no_floor_context	0	empty terrain tile	1801	5179	1	28	80	source_plane=1
terrain	empty_terrain_no_floor_context	0	empty terrain tile	1801	5180	1	28	80	source_plane=1
terrain	empty_terrain_no_floor_context	0	empty terrain tile	1801	5181	1	28	80	source_plane=1
terrain	empty_terrain_no_floor_context	0	empty terrain tile	1801	5182	1	28	80	source_plane=1
terrain	empty_terrain_no_floor_context	0	empty terrain tile	1801	5183	1	28	80	source_plane=1
terrain	empty_terrain_no_floor_context	0	empty terrain tile	1802	5120	1	28	80	source_plane=1
terrain	empty_terrain_no_floor_context	0	empty terrain tile	1802	5121	1	28	80	source_plane=1
terrain	empty_terrain_no_floor_context	0	empty terrain tile	1802	5122	1	28	80	source_plane=1
terrain	empty_terrain_no_floor_context	0	empty terrain tile	1802	5123	1	28	80	source_plane=1
terrain	empty_terrain_no_floor_context	0	empty terrain tile	1802	5124	1	28	80	source_plane=1
terrain	empty_terrain_no_floor_context	0	empty terrain tile	1802	5125	1	28	80	source_plane=1
terrain	empty_terrain_no_floor_context	0	empty terrain tile	1802	5126	1	28	80	source_plane=1
terrain	empty_terrain_no_floor_context	0	empty terrain tile	1802	5127	1	28	80	source_plane=1
terrain	empty_terrain_no_floor_context	0	empty terrain tile	1802	5128	1	28	80	source_plane=1
terrain	empty_terrain_no_floor_context	0	empty terrain tile	1802	5129	1	28	80	source_plane=1
terrain	empty_terrain_no_floor_context	0	empty terrain tile	1802	5130	1	28	80	source_plane=1
terrain	empty_terrain_no_floor_context	0	empty terrain tile	1802	5131	1	28	80	source_plane=1
terrain	empty_terrain_no_floor_context	0	empty terrain tile	1802	5132	1	28	80	source_plane=1
terrain	empty_terrain_no_floor_context	0	empty terrain tile	1802	5133	1	28	80	source_plane=1
terrain	empty_terrain_no_floor_context	0	empty terrain tile	1802	5134	1	28	80	source_plane=1
terrain	empty_terrain_no_floor_context	0	empty terrain tile	1802	5135	1	28	80	source_plane=1
terrain	empty_terrain_no_floor_context	0	empty terrain tile	1802	5136	1	28	80	source_plane=1
terrain	empty_terrain_no_floor_context	0	empty terrain tile	1802	5137	1	28	80	source_plane=1
terrain	empty_terrain_no_floor_context	0	empty terrain tile	1802	5138	1	28	80	source_plane=1
terrain	empty_terrain_no_floor_context	0	empty terrain tile	1802	5139	1	28	80	source_plane=1
terrain	empty_terrain_no_floor_context	0	empty terrain tile	1802	5140	1	28	80	source_plane=1
terrain	empty_terrain_no_floor_context	0	empty terrain tile	1802	5141	1	28	80	source_plane=1
terrain	empty_terrain_no_floor_context	0	empty terrain tile	1802	5142	1	28	80	source_plane=1
terrain	empty_terrain_no_floor_context	0	empty terrain tile	1802	5143	1	28	80	source_plane=1
terrain	empty_terrain_no_floor_context	0	empty terrain tile	1802	5144	1	28	80	source_plane=1
terrain	empty_terrain_no_floor_context	0	empty terrain tile	1802	5145	1	28	80	source_plane=1
terrain	empty_terrain_no_floor_context	0	empty terrain tile	1802	5146	1	28	80	source_plane=1
terrain	empty_terrain_no_floor_context	0	empty terrain tile	1802	5147	1	28	80	source_plane=1
terrain	empty_terrain_no_floor_context	0	empty terrain tile	1802	5148	1	28	80	source_plane=1
terrain	empty_terrain_no_floor_context	0	empty terrain tile	1802	5149	1	28	80	source_plane=1
terrain	empty_terrain_no_floor_context	0	empty terrain tile	1802	5150	1	28	80	source_plane=1
terrain	empty_terrain_no_floor_context	0	empty terrain tile	1802	5151	1	28	80	source_plane=1
terrain	empty_terrain_no_floor_context	0	empty terrain tile	1802	5152	1	28	80	source_plane=1
terrain	empty_terrain_no_floor_context	0	empty terrain tile	1802	5153	1	28	80	source_plane=1
terrain	empty_terrain_no_floor_context	0	empty terrain tile	1802	5154	1	28	80	source_plane=1
terrain	empty_terrain_no_floor_context	0	empty terrain tile	1802	5155	1	28	80	source_plane=1
terrain	empty_terrain_no_floor_context	0	empty terrain tile	1802	5156	1	28	80	source_plane=1
terrain	empty_terrain_no_floor_context	0	empty terrain tile	1802	5157	1	28	80	source_plane=1
terrain	empty_terrain_no_floor_context	0	empty terrain tile	1802	5158	1	28	80	source_plane=1
terrain	empty_terrain_no_floor_context	0	empty terrain tile	1802	5159	1	28	80	source_plane=1
terrain	empty_terrain_no_floor_context	0	empty terrain tile	1802	5160	1	28	80	source_plane=1
terrain	empty_terrain_no_floor_context	0	empty terrain tile	1802	5161	1	28	80	source_plane=1
terrain	empty_terrain_no_floor_context	0	empty terrain tile	1802	5162	1	28	80	source_plane=1
terrain	empty_terrain_no_floor_context	0	empty terrain tile	1802	5163	1	28	80	source_plane=1
terrain	empty_terrain_no_floor_context	0	empty terrain tile	1802	5164	1	28	80	source_plane=1
terrain	empty_terrain_no_floor_context	0	empty terrain tile	1802	5165	1	28	80	source_plane=1
terrain	empty_terrain_no_floor_context	0	empty terrain tile	1802	5166	1	28	80	source_plane=1
terrain	empty_terrain_no_floor_context	0	empty terrain tile	1802	5167	1	28	80	source_plane=1
terrain	empty_terrain_no_floor_context	0	empty terrain tile	1802	5168	1	28	80	source_plane=1
terrain	empty_terrain_no_floor_context	0	empty terrain tile	1802	5169	1	28	80	source_plane=1
terrain	empty_terrain_no_floor_context	0	empty terrain tile	1802	5170	1	28	80	source_plane=1
terrain	empty_terrain_no_floor_context	0	empty terrain tile	1802	5171	1	28	80	source_plane=1
terrain	empty_terrain_no_floor_context	0	empty terrain tile	1802	5172	1	28	80	source_plane=1
terrain	empty_terrain_no_floor_context	0	empty terrain tile	1802	5173	1	28	80	source_plane=1
terrain	empty_terrain_no_floor_context	0	empty terrain tile	1802	5174	1	28	80	source_plane=1
terrain	empty_terrain_no_floor_context	0	empty terrain tile	1802	5175	1	28	80	source_plane=1
terrain	empty_terrain_no_floor_context	0	empty terrain tile	1802	5176	1	28	80	source_plane=1
terrain	empty_terrain_no_floor_context	0	empty terrain tile	1802	5177	1	28	80	source_plane=1
terrain	empty_terrain_no_floor_context	0	empty terrain tile	1802	5178	1	28	80	source_plane=1
terrain	empty_terrain_no_floor_context	0	empty terrain tile	1802	5179	1	28	80	source_plane=1
terrain	empty_terrain_no_floor_context	0	empty terrain tile	1802	5180	1	28	80	source_plane=1
terrain	empty_terrain_no_floor_context	0	empty terrain tile	1802	5181	1	28	80	source_plane=1
terrain	empty_terrain_no_floor_context	0	empty terrain tile	1802	5182	1	28	80	source_plane=1
terrain	empty_terrain_no_floor_context	0	empty terrain tile	1802	5183	1	28	80	source_plane=1
terrain	empty_terrain_no_floor_context	0	empty terrain tile	1803	5120	1	28	80	source_plane=1
terrain	empty_terrain_no_floor_context	0	empty terrain tile	1803	5121	1	28	80	source_plane=1
terrain	empty_terrain_no_floor_context	0	empty terrain tile	1803	5122	1	28	80	source_plane=1
terrain	empty_terrain_no_floor_context	0	empty terrain tile	1803	5123	1	28	80	source_plane=1
terrain	empty_terrain_no_floor_context	0	empty terrain tile	1803	5124	1	28	80	source_plane=1
terrain	empty_terrain_no_floor_context	0	empty terrain tile	1803	5125	1	28	80	source_plane=1
terrain	empty_terrain_no_floor_context	0	empty terrain tile	1803	5126	1	28	80	source_plane=1
terrain	empty_terrain_no_floor_context	0	empty terrain tile	1803	5127	1	28	80	source_plane=1
terrain	empty_terrain_no_floor_context	0	empty terrain tile	1803	5128	1	28	80	source_plane=1
terrain	empty_terrain_no_floor_context	0	empty terrain tile	1803	5129	1	28	80	source_plane=1
terrain	empty_terrain_no_floor_context	0	empty terrain tile	1803	5130	1	28	80	source_plane=1
terrain	empty_terrain_no_floor_context	0	empty terrain tile	1803	5131	1	28	80	source_plane=1
terrain	empty_terrain_no_floor_context	0	empty terrain tile	1803	5132	1	28	80	source_plane=1
terrain	empty_terrain_no_floor_context	0	empty terrain tile	1803	5133	1	28	80	source_plane=1
terrain	empty_terrain_no_floor_context	0	empty terrain tile	1803	5134	1	28	80	source_plane=1
terrain	empty_terrain_no_floor_context	0	empty terrain tile	1803	5135	1	28	80	source_plane=1
terrain	empty_terrain_no_floor_context	0	empty terrain tile	1803	5136	1	28	80	source_plane=1
terrain	empty_terrain_no_floor_context	0	empty terrain tile	1803	5137	1	28	80	source_plane=1
terrain	empty_terrain_no_floor_context	0	empty terrain tile	1803	5138	1	28	80	source_plane=1
terrain	empty_terrain_no_floor_context	0	empty terrain tile	1803	5139	1	28	80	source_plane=1
terrain	empty_terrain_no_floor_context	0	empty terrain tile	1803	5140	1	28	80	source_plane=1
terrain	empty_terrain_no_floor_context	0	empty terrain tile	1803	5141	1	28	80	source_plane=1
terrain	empty_terrain_no_floor_context	0	empty terrain tile	1803	5142	1	28	80	source_plane=1
terrain	empty_terrain_no_floor_context	0	empty terrain tile	1803	5143	1	28	80	source_plane=1
terrain	empty_terrain_no_floor_context	0	empty terrain tile	1803	5144	1	28	80	source_plane=1
terrain	empty_terrain_no_floor_context	0	empty terrain tile	1803	5145	1	28	80	source_plane=1
terrain	empty_terrain_no_floor_context	0	empty terrain tile	1803	5146	1	28	80	source_plane=1
terrain	empty_terrain_no_floor_context	0	empty terrain tile	1803	5147	1	28	80	source_plane=1
terrain	empty_terrain_no_floor_context	0	empty terrain tile	1803	5148	1	28	80	source_plane=1
terrain	empty_terrain_no_floor_context	0	empty terrain tile	1803	5149	1	28	80	source_plane=1
terrain	empty_terrain_no_floor_context	0	empty terrain tile	1803	5150	1	28	80	source_plane=1
terrain	empty_terrain_no_floor_context	0	empty terrain tile	1803	5151	1	28	80	source_plane=1
terrain	empty_terrain_no_floor_context	0	empty terrain tile	1803	5152	1	28	80	source_plane=1
terrain	empty_terrain_no_floor_context	0	empty terrain tile	1803	5153	1	28	80	source_plane=1
terrain	empty_terrain_no_floor_context	0	empty terrain tile	1803	5154	1	28	80	source_plane=1
terrain	empty_terrain_no_floor_context	0	empty terrain tile	1803	5155	1	28	80	source_plane=1
terrain	empty_terrain_no_floor_context	0	empty terrain tile	1803	5156	1	28	80	source_plane=1
terrain	empty_terrain_no_floor_context	0	empty terrain tile	1803	5157	1	28	80	source_plane=1
terrain	empty_terrain_no_floor_context	0	empty terrain tile	1803	5158	1	28	80	source_plane=1
terrain	empty_terrain_no_floor_context	0	empty terrain tile	1803	5159	1	28	80	source_plane=1
terrain	empty_terrain_no_floor_context	0	empty terrain tile	1803	5160	1	28	80	source_plane=1
terrain	empty_terrain_no_floor_context	0	empty terrain tile	1803	5161	1	28	80	source_plane=1
terrain	empty_terrain_no_floor_context	0	empty terrain tile	1803	5162	1	28	80	source_plane=1
terrain	empty_terrain_no_floor_context	0	empty terrain tile	1803	5163	1	28	80	source_plane=1
terrain	empty_terrain_no_floor_context	0	empty terrain tile	1803	5164	1	28	80	source_plane=1
terrain	empty_terrain_no_floor_context	0	empty terrain tile	1803	5165	1	28	80	source_plane=1
terrain	empty_terrain_no_floor_context	0	empty terrain tile	1803	5166	1	28	80	source_plane=1
terrain	empty_terrain_no_floor_context	0	empty terrain tile	1803	5167	1	28	80	source_plane=1
terrain	empty_terrain_no_floor_context	0	empty terrain tile	1803	5168	1	28	80	source_plane=1
terrain	empty_terrain_no_floor_context	0	empty terrain tile	1803	5169	1	28	80	source_plane=1
terrain	empty_terrain_no_floor_context	0	empty terrain tile	1803	5170	1	28	80	source_plane=1
terrain	empty_terrain_no_floor_context	0	empty terrain tile	1803	5171	1	28	80	source_plane=1
terrain	empty_terrain_no_floor_context	0	empty terrain tile	1803	5172	1	28	80	source_plane=1
terrain	empty_terrain_no_floor_context	0	empty terrain tile	1803	5173	1	28	80	source_plane=1
terrain	empty_terrain_no_floor_context	0	empty terrain tile	1803	5174	1	28	80	source_plane=1
terrain	empty_terrain_no_floor_context	0	empty terrain tile	1803	5175	1	28	80	source_plane=1
terrain	empty_terrain_no_floor_context	0	empty terrain tile	1803	5176	1	28	80	source_plane=1
terrain	empty_terrain_no_floor_context	0	empty terrain tile	1803	5177	1	28	80	source_plane=1
terrain	empty_terrain_no_floor_context	0	empty terrain tile	1803	5178	1	28	80	source_plane=1
terrain	empty_terrain_no_floor_context	0	empty terrain tile	1803	5179	1	28	80	source_plane=1
terrain	empty_terrain_no_floor_context	0	empty terrain tile	1803	5180	1	28	80	source_plane=1
terrain	empty_terrain_no_floor_context	0	empty terrain tile	1803	5181	1	28	80	source_plane=1
terrain	empty_terrain_no_floor_context	0	empty terrain tile	1803	5182	1	28	80	source_plane=1
terrain	empty_terrain_no_floor_context	0	empty terrain tile	1803	5183	1	28	80	source_plane=1
terrain	empty_terrain_no_floor_context	0	empty terrain tile	1804	5120	1	28	80	source_plane=1
terrain	empty_terrain_no_floor_context	0	empty terrain tile	1804	5121	1	28	80	source_plane=1
terrain	empty_terrain_no_floor_context	0	empty terrain tile	1804	5122	1	28	80	source_plane=1
terrain	empty_terrain_no_floor_context	0	empty terrain tile	1804	5123	1	28	80	source_plane=1
terrain	empty_terrain_no_floor_context	0	empty terrain tile	1804	5124	1	28	80	source_plane=1
terrain	empty_terrain_no_floor_context	0	empty terrain tile	1804	5125	1	28	80	source_plane=1
terrain	empty_terrain_no_floor_context	0	empty terrain tile	1804	5126	1	28	80	source_plane=1
terrain	empty_terrain_no_floor_context	0	empty terrain tile	1804	5127	1	28	80	source_plane=1
terrain	empty_terrain_no_floor_context	0	empty terrain tile	1804	5128	1	28	80	source_plane=1
terrain	empty_terrain_no_floor_context	0	empty terrain tile	1804	5129	1	28	80	source_plane=1
terrain	empty_terrain_no_floor_context	0	empty terrain tile	1804	5130	1	28	80	source_plane=1
terrain	empty_terrain_no_floor_context	0	empty terrain tile	1804	5131	1	28	80	source_plane=1
terrain	empty_terrain_no_floor_context	0	empty terrain tile	1804	5132	1	28	80	source_plane=1
terrain	empty_terrain_no_floor_context	0	empty terrain tile	1804	5133	1	28	80	source_plane=1
terrain	empty_terrain_no_floor_context	0	empty terrain tile	1804	5134	1	28	80	source_plane=1
terrain	empty_terrain_no_floor_context	0	empty terrain tile	1804	5135	1	28	80	source_plane=1
terrain	empty_terrain_no_floor_context	0	empty terrain tile	1804	5136	1	28	80	source_plane=1
terrain	empty_terrain_no_floor_context	0	empty terrain tile	1804	5137	1	28	80	source_plane=1
terrain	empty_terrain_no_floor_context	0	empty terrain tile	1804	5138	1	28	80	source_plane=1
terrain	empty_terrain_no_floor_context	0	empty terrain tile	1804	5139	1	28	80	source_plane=1
terrain	empty_terrain_no_floor_context	0	empty terrain tile	1804	5140	1	28	80	source_plane=1
terrain	empty_terrain_no_floor_context	0	empty terrain tile	1804	5141	1	28	80	source_plane=1
terrain	empty_terrain_no_floor_context	0	empty terrain tile	1804	5142	1	28	80	source_plane=1
terrain	empty_terrain_no_floor_context	0	empty terrain tile	1804	5143	1	28	80	source_plane=1
terrain	empty_terrain_no_floor_context	0	empty terrain tile	1804	5144	1	28	80	source_plane=1
terrain	empty_terrain_no_floor_context	0	empty terrain tile	1804	5145	1	28	80	source_plane=1
terrain	empty_terrain_no_floor_context	0	empty terrain tile	1804	5146	1	28	80	source_plane=1
terrain	empty_terrain_no_floor_context	0	empty terrain tile	1804	5147	1	28	80	source_plane=1
terrain	empty_terrain_no_floor_context	0	empty terrain tile	1804	5148	1	28	80	source_plane=1
terrain	empty_terrain_no_floor_context	0	empty terrain tile	1804	5149	1	28	80	source_plane=1
terrain	empty_terrain_no_floor_context	0	empty terrain tile	1804	5150	1	28	80	source_plane=1
terrain	empty_terrain_no_floor_context	0	empty terrain tile	1804	5151	1	28	80	source_plane=1
terrain	empty_terrain_no_floor_context	0	empty terrain tile	1804	5152	1	28	80	source_plane=1
terrain	empty_terrain_no_floor_context	0	empty terrain tile	1804	5153	1	28	80	source_plane=1
terrain	empty_terrain_no_floor_context	0	empty terrain tile	1804	5154	1	28	80	source_plane=1
terrain	empty_terrain_no_floor_context	0	empty terrain tile	1804	5155	1	28	80	source_plane=1
terrain	empty_terrain_no_floor_context	0	empty terrain tile	1804	5156	1	28	80	source_plane=1
terrain	empty_terrain_no_floor_context	0	empty terrain tile	1804	5157	1	28	80	source_plane=1
terrain	empty_terrain_no_floor_context	0	empty terrain tile	1804	5158	1	28	80	source_plane=1
terrain	empty_terrain_no_floor_context	0	empty terrain tile	1804	5159	1	28	80	source_plane=1
terrain	empty_terrain_no_floor_context	0	empty terrain tile	1804	5160	1	28	80	source_plane=1
terrain	empty_terrain_no_floor_context	0	empty terrain tile	1804	5161	1	28	80	source_plane=1
terrain	empty_terrain_no_floor_context	0	empty terrain tile	1804	5162	1	28	80	source_plane=1
terrain	empty_terrain_no_floor_context	0	empty terrain tile	1804	5163	1	28	80	source_plane=1
terrain	empty_terrain_no_floor_context	0	empty terrain tile	1804	5164	1	28	80	source_plane=1
terrain	empty_terrain_no_floor_context	0	empty terrain tile	1804	5165	1	28	80	source_plane=1
terrain	empty_terrain_no_floor_context	0	empty terrain tile	1804	5166	1	28	80	source_plane=1
terrain	empty_terrain_no_floor_context	0	empty terrain tile	1804	5167	1	28	80	source_plane=1
terrain	empty_terrain_no_floor_context	0	empty terrain tile	1804	5168	1	28	80	source_plane=1
terrain	empty_terrain_no_floor_context	0	empty terrain tile	1804	5169	1	28	80	source_plane=1
terrain	empty_terrain_no_floor_context	0	empty terrain tile	1804	5170	1	28	80	source_plane=1
terrain	empty_terrain_no_floor_context	0	empty terrain tile	1804	5171	1	28	80	source_plane=1
terrain	empty_terrain_no_floor_context	0	empty terrain tile	1804	5172	1	28	80	source_plane=1
terrain	empty_terrain_no_floor_context	0	empty terrain tile	1804	5173	1	28	80	source_plane=1
terrain	empty_terrain_no_floor_context	0	empty terrain tile	1804	5174	1	28	80	source_plane=1
terrain	empty_terrain_no_floor_context	0	empty terrain tile	1804	5175	1	28	80	source_plane=1
terrain	empty_terrain_no_floor_context	0	empty terrain tile	1804	5176	1	28	80	source_plane=1
terrain	empty_terrain_no_floor_context	0	empty terrain tile	1804	5177	1	28	80	source_plane=1
terrain	empty_terrain_no_floor_context	0	empty terrain tile	1804	5178	1	28	80	source_plane=1
terrain	empty_terrain_no_floor_context	0	empty terrain tile	1804	5179	1	28	80	source_plane=1
terrain	empty_terrain_no_floor_context	0	empty terrain tile	1804	5180	1	28	80	source_plane=1
terrain	empty_terrain_no_floor_context	0	empty terrain tile	1804	5181	1	28	80	source_plane=1
terrain	empty_terrain_no_floor_context	0	empty terrain tile	1804	5182	1	28	80	source_plane=1
terrain	empty_terrain_no_floor_context	0	empty terrain tile	1804	5183	1	28	80	source_plane=1
terrain	empty_terrain_no_floor_context	0	empty terrain tile	1805	5120	1	28	80	source_plane=1
terrain	empty_terrain_no_floor_context	0	empty terrain tile	1805	5121	1	28	80	source_plane=1
terrain	empty_terrain_no_floor_context	0	empty terrain tile	1805	5122	1	28	80	source_plane=1
terrain	empty_terrain_no_floor_context	0	empty terrain tile	1805	5123	1	28	80	source_plane=1
terrain	empty_terrain_no_floor_context	0	empty terrain tile	1805	5124	1	28	80	source_plane=1
terrain	empty_terrain_no_floor_context	0	empty terrain tile	1805	5125	1	28	80	source_plane=1
terrain	empty_terrain_no_floor_context	0	empty terrain tile	1805	5126	1	28	80	source_plane=1
terrain	empty_terrain_no_floor_context	0	empty terrain tile	1805	5127	1	28	80	source_plane=1
terrain	empty_terrain_no_floor_context	0	empty terrain tile	1805	5128	1	28	80	source_plane=1
terrain	empty_terrain_no_floor_context	0	empty terrain tile	1805	5129	1	28	80	source_plane=1
terrain	empty_terrain_no_floor_context	0	empty terrain tile	1805	5130	1	28	80	source_plane=1
terrain	empty_terrain_no_floor_context	0	empty terrain tile	1805	5131	1	28	80	source_plane=1
terrain	empty_terrain_no_floor_context	0	empty terrain tile	1805	5132	1	28	80	source_plane=1
terrain	empty_terrain_no_floor_context	0	empty terrain tile	1805	5133	1	28	80	source_plane=1
terrain	empty_terrain_no_floor_context	0	empty terrain tile	1805	5134	1	28	80	source_plane=1
terrain	empty_terrain_no_floor_context	0	empty terrain tile	1805	5135	1	28	80	source_plane=1
terrain	empty_terrain_no_floor_context	0	empty terrain tile	1805	5136	1	28	80	source_plane=1
terrain	empty_terrain_no_floor_context	0	empty terrain tile	1805	5137	1	28	80	source_plane=1
terrain	empty_terrain_no_floor_context	0	empty terrain tile	1805	5138	1	28	80	source_plane=1
terrain	empty_terrain_no_floor_context	0	empty terrain tile	1805	5139	1	28	80	source_plane=1
terrain	empty_terrain_no_floor_context	0	empty terrain tile	1805	5140	1	28	80	source_plane=1
terrain	empty_terrain_no_floor_context	0	empty terrain tile	1805	5141	1	28	80	source_plane=1
terrain	empty_terrain_no_floor_context	0	empty terrain tile	1805	5142	1	28	80	source_plane=1
terrain	empty_terrain_no_floor_context	0	empty terrain tile	1805	5143	1	28	80	source_plane=1
terrain	empty_terrain_no_floor_context	0	empty terrain tile	1805	5144	1	28	80	source_plane=1
terrain	empty_terrain_no_floor_context	0	empty terrain tile	1805	5145	1	28	80	source_plane=1
terrain	empty_terrain_no_floor_context	0	empty terrain tile	1805	5146	1	28	80	source_plane=1
terrain	empty_terrain_no_floor_context	0	empty terrain tile	1805	5147	1	28	80	source_plane=1
terrain	empty_terrain_no_floor_context	0	empty terrain tile	1805	5148	1	28	80	source_plane=1
terrain	empty_terrain_no_floor_context	0	empty terrain tile	1805	5149	1	28	80	source_plane=1
terrain	empty_terrain_no_floor_context	0	empty terrain tile	1805	5150	1	28	80	source_plane=1
terrain	empty_terrain_no_floor_context	0	empty terrain tile	1805	5151	1	28	80	source_plane=1
terrain	empty_terrain_no_floor_context	0	empty terrain tile	1805	5152	1	28	80	source_plane=1
terrain	empty_terrain_no_floor_context	0	empty terrain tile	1805	5153	1	28	80	source_plane=1
terrain	empty_terrain_no_floor_context	0	empty terrain tile	1805	5154	1	28	80	source_plane=1
terrain	empty_terrain_no_floor_context	0	empty terrain tile	1805	5155	1	28	80	source_plane=1
terrain	empty_terrain_no_floor_context	0	empty terrain tile	1805	5156	1	28	80	source_plane=1
terrain	empty_terrain_no_floor_context	0	empty terrain tile	1805	5157	1	28	80	source_plane=1
terrain	empty_terrain_no_floor_context	0	empty terrain tile	1805	5158	1	28	80	source_plane=1
terrain	empty_terrain_no_floor_context	0	empty terrain tile	1805	5159	1	28	80	source_plane=1
terrain	empty_terrain_no_floor_context	0	empty terrain tile	1805	5160	1	28	80	source_plane=1
terrain	empty_terrain_no_floor_context	0	empty terrain tile	1805	5161	1	28	80	source_plane=1
terrain	empty_terrain_no_floor_context	0	empty terrain tile	1805	5162	1	28	80	source_plane=1
terrain	empty_terrain_no_floor_context	0	empty terrain tile	1805	5163	1	28	80	source_plane=1
terrain	empty_terrain_no_floor_context	0	empty terrain tile	1805	5164	1	28	80	source_plane=1
terrain	empty_terrain_no_floor_context	0	empty terrain tile	1805	5165	1	28	80	source_plane=1
terrain	empty_terrain_no_floor_context	0	empty terrain tile	1805	5166	1	28	80	source_plane=1
terrain	empty_terrain_no_floor_context	0	empty terrain tile	1805	5167	1	28	80	source_plane=1
terrain	empty_terrain_no_floor_context	0	empty terrain tile	1805	5168	1	28	80	source_plane=1
terrain	empty_terrain_no_floor_context	0	empty terrain tile	1805	5169	1	28	80	source_plane=1
terrain	empty_terrain_no_floor_context	0	empty terrain tile	1805	5170	1	28	80	source_plane=1
terrain	empty_terrain_no_floor_context	0	empty terrain tile	1805	5171	1	28	80	source_plane=1
terrain	empty_terrain_no_floor_context	0	empty terrain tile	1805	5172	1	28	80	source_plane=1
terrain	empty_terrain_no_floor_context	0	empty terrain tile	1805	5173	1	28	80	source_plane=1
terrain	empty_terrain_no_floor_context	0	empty terrain tile	1805	5174	1	28	80	source_plane=1
terrain	empty_terrain_no_floor_context	0	empty terrain tile	1805	5175	1	28	80	source_plane=1
terrain	empty_terrain_no_floor_context	0	empty terrain tile	1805	5176	1	28	80	source_plane=1
terrain	empty_terrain_no_floor_context	0	empty terrain tile	1805	5177	1	28	80	source_plane=1
terrain	empty_terrain_no_floor_context	0	empty terrain tile	1805	5178	1	28	80	source_plane=1
terrain	empty_terrain_no_floor_context	0	empty terrain tile	1805	5179	1	28	80	source_plane=1
terrain	empty_terrain_no_floor_context	0	empty terrain tile	1805	5180	1	28	80	source_plane=1
terrain	empty_terrain_no_floor_context	0	empty terrain tile	1805	5181	1	28	80	source_plane=1
terrain	empty_terrain_no_floor_context	0	empty terrain tile	1805	5182	1	28	80	source_plane=1
terrain	empty_terrain_no_floor_context	0	empty terrain tile	1805	5183	1	28	80	source_plane=1
terrain	empty_terrain_no_floor_context	0	empty terrain tile	1806	5120	1	28	80	source_plane=1
terrain	empty_terrain_no_floor_context	0	empty terrain tile	1806	5121	1	28	80	source_plane=1
terrain	empty_terrain_no_floor_context	0	empty terrain tile	1806	5122	1	28	80	source_plane=1
terrain	empty_terrain_no_floor_context	0	empty terrain tile	1806	5123	1	28	80	source_plane=1
terrain	empty_terrain_no_floor_context	0	empty terrain tile	1806	5124	1	28	80	source_plane=1
terrain	empty_terrain_no_floor_context	0	empty terrain tile	1806	5125	1	28	80	source_plane=1
terrain	empty_terrain_no_floor_context	0	empty terrain tile	1806	5126	1	28	80	source_plane=1
terrain	empty_terrain_no_floor_context	0	empty terrain tile	1806	5127	1	28	80	source_plane=1
terrain	empty_terrain_no_floor_context	0	empty terrain tile	1806	5128	1	28	80	source_plane=1
terrain	empty_terrain_no_floor_context	0	empty terrain tile	1806	5129	1	28	80	source_plane=1
terrain	empty_terrain_no_floor_context	0	empty terrain tile	1806	5130	1	28	80	source_plane=1
terrain	empty_terrain_no_floor_context	0	empty terrain tile	1806	5131	1	28	80	source_plane=1
terrain	empty_terrain_no_floor_context	0	empty terrain tile	1806	5132	1	28	80	source_plane=1
terrain	empty_terrain_no_floor_context	0	empty terrain tile	1806	5133	1	28	80	source_plane=1
terrain	empty_terrain_no_floor_context	0	empty terrain tile	1806	5134	1	28	80	source_plane=1
terrain	empty_terrain_no_floor_context	0	empty terrain tile	1806	5135	1	28	80	source_plane=1
terrain	empty_terrain_no_floor_context	0	empty terrain tile	1806	5136	1	28	80	source_plane=1
terrain	empty_terrain_no_floor_context	0	empty terrain tile	1806	5137	1	28	80	source_plane=1
terrain	empty_terrain_no_floor_context	0	empty terrain tile	1806	5138	1	28	80	source_plane=1
terrain	empty_terrain_no_floor_context	0	empty terrain tile	1806	5139	1	28	80	source_plane=1
terrain	empty_terrain_no_floor_context	0	empty terrain tile	1806	5140	1	28	80	source_plane=1
terrain	empty_terrain_no_floor_context	0	empty terrain tile	1806	5141	1	28	80	source_plane=1
terrain	empty_terrain_no_floor_context	0	empty terrain tile	1806	5142	1	28	80	source_plane=1
terrain	empty_terrain_no_floor_context	0	empty terrain tile	1806	5143	1	28	80	source_plane=1
terrain	empty_terrain_no_floor_context	0	empty terrain tile	1806	5144	1	28	80	source_plane=1
terrain	empty_terrain_no_floor_context	0	empty terrain tile	1806	5145	1	28	80	source_plane=1
terrain	empty_terrain_no_floor_context	0	empty terrain tile	1806	5146	1	28	80	source_plane=1
terrain	empty_terrain_no_floor_context	0	empty terrain tile	1806	5147	1	28	80	source_plane=1
terrain	empty_terrain_no_floor_context	0	empty terrain tile	1806	5148	1	28	80	source_plane=1
terrain	empty_terrain_no_floor_context	0	empty terrain tile	1806	5149	1	28	80	source_plane=1
terrain	empty_terrain_no_floor_context	0	empty terrain tile	1806	5150	1	28	80	source_plane=1
terrain	empty_terrain_no_floor_context	0	empty terrain tile	1806	5151	1	28	80	source_plane=1
terrain	empty_terrain_no_floor_context	0	empty terrain tile	1806	5152	1	28	80	source_plane=1
terrain	empty_terrain_no_floor_context	0	empty terrain tile	1806	5153	1	28	80	source_plane=1
terrain	empty_terrain_no_floor_context	0	empty terrain tile	1806	5154	1	28	80	source_plane=1
terrain	empty_terrain_no_floor_context	0	empty terrain tile	1806	5155	1	28	80	source_plane=1
terrain	empty_terrain_no_floor_context	0	empty terrain tile	1806	5156	1	28	80	source_plane=1
terrain	empty_terrain_no_floor_context	0	empty terrain tile	1806	5157	1	28	80	source_plane=1
terrain	empty_terrain_no_floor_context	0	empty terrain tile	1806	5158	1	28	80	source_plane=1
terrain	empty_terrain_no_floor_context	0	empty terrain tile	1806	5159	1	28	80	source_plane=1
terrain	empty_terrain_no_floor_context	0	empty terrain tile	1806	5160	1	28	80	source_plane=1
terrain	empty_terrain_no_floor_context	0	empty terrain tile	1806	5161	1	28	80	source_plane=1
terrain	empty_terrain_no_floor_context	0	empty terrain tile	1806	5162	1	28	80	source_plane=1
terrain	empty_terrain_no_floor_context	0	empty terrain tile	1806	5163	1	28	80	source_plane=1
terrain	empty_terrain_no_floor_context	0	empty terrain tile	1806	5164	1	28	80	source_plane=1
terrain	empty_terrain_no_floor_context	0	empty terrain tile	1806	5165	1	28	80	source_plane=1
terrain	empty_terrain_no_floor_context	0	empty terrain tile	1806	5166	1	28	80	source_plane=1
terrain	empty_terrain_no_floor_context	0	empty terrain tile	1806	5167	1	28	80	source_plane=1
terrain	empty_terrain_no_floor_context	0	empty terrain tile	1806	5168	1	28	80	source_plane=1
terrain	empty_terrain_no_floor_context	0	empty terrain tile	1806	5169	1	28	80	source_plane=1
terrain	empty_terrain_no_floor_context	0	empty terrain tile	1806	5170	1	28	80	source_plane=1
terrain	empty_terrain_no_floor_context	0	empty terrain tile	1806	5171	1	28	80	source_plane=1
terrain	empty_terrain_no_floor_context	0	empty terrain tile	1806	5172	1	28	80	source_plane=1
terrain	empty_terrain_no_floor_context	0	empty terrain tile	1806	5173	1	28	80	source_plane=1
terrain	empty_terrain_no_floor_context	0	empty terrain tile	1806	5174	1	28	80	source_plane=1
terrain	empty_terrain_no_floor_context	0	empty terrain tile	1806	5175	1	28	80	source_plane=1
terrain	empty_terrain_no_floor_context	0	empty terrain tile	1806	5176	1	28	80	source_plane=1
terrain	empty_terrain_no_floor_context	0	empty terrain tile	1806	5177	1	28	80	source_plane=1
terrain	empty_terrain_no_floor_context	0	empty terrain tile	1806	5178	1	28	80	source_plane=1
terrain	empty_terrain_no_floor_context	0	empty terrain tile	1806	5179	1	28	80	source_plane=1
terrain	empty_terrain_no_floor_context	0	empty terrain tile	1806	5180	1	28	80	source_plane=1
terrain	empty_terrain_no_floor_context	0	empty terrain tile	1806	5181	1	28	80	source_plane=1
terrain	empty_terrain_no_floor_context	0	empty terrain tile	1806	5182	1	28	80	source_plane=1
terrain	empty_terrain_no_floor_context	0	empty terrain tile	1806	5183	1	28	80	source_plane=1
terrain	empty_terrain_no_floor_context	0	empty terrain tile	1807	5120	1	28	80	source_plane=1
terrain	empty_terrain_no_floor_context	0	empty terrain tile	1807	5121	1	28	80	source_plane=1
terrain	empty_terrain_no_floor_context	0	empty terrain tile	1807	5122	1	28	80	source_plane=1
terrain	empty_terrain_no_floor_context	0	empty terrain tile	1807	5123	1	28	80	source_plane=1
terrain	empty_terrain_no_floor_context	0	empty terrain tile	1807	5124	1	28	80	source_plane=1
terrain	empty_terrain_no_floor_context	0	empty terrain tile	1807	5125	1	28	80	source_plane=1
terrain	empty_terrain_no_floor_context	0	empty terrain tile	1807	5126	1	28	80	source_plane=1
terrain	empty_terrain_no_floor_context	0	empty terrain tile	1807	5127	1	28	80	source_plane=1
terrain	empty_terrain_no_floor_context	0	empty terrain tile	1807	5128	1	28	80	source_plane=1
terrain	empty_terrain_no_floor_context	0	empty terrain tile	1807	5129	1	28	80	source_plane=1
terrain	empty_terrain_no_floor_context	0	empty terrain tile	1807	5130	1	28	80	source_plane=1
terrain	empty_terrain_no_floor_context	0	empty terrain tile	1807	5131	1	28	80	source_plane=1
terrain	empty_terrain_no_floor_context	0	empty terrain tile	1807	5132	1	28	80	source_plane=1
terrain	empty_terrain_no_floor_context	0	empty terrain tile	1807	5133	1	28	80	source_plane=1
terrain	empty_terrain_no_floor_context	0	empty terrain tile	1807	5134	1	28	80	source_plane=1
terrain	empty_terrain_no_floor_context	0	empty terrain tile	1807	5135	1	28	80	source_plane=1
terrain	empty_terrain_no_floor_context	0	empty terrain tile	1807	5136	1	28	80	source_plane=1
terrain	empty_terrain_no_floor_context	0	empty terrain tile	1807	5137	1	28	80	source_plane=1
terrain	empty_terrain_no_floor_context	0	empty terrain tile	1807	5138	1	28	80	source_plane=1
terrain	empty_terrain_no_floor_context	0	empty terrain tile	1807	5139	1	28	80	source_plane=1
terrain	empty_terrain_no_floor_context	0	empty terrain tile	1807	5140	1	28	80	source_plane=1
terrain	empty_terrain_no_floor_context	0	empty terrain tile	1807	5141	1	28	80	source_plane=1
terrain	empty_terrain_no_floor_context	0	empty terrain tile	1807	5142	1	28	80	source_plane=1
terrain	empty_terrain_no_floor_context	0	empty terrain tile	1807	5143	1	28	80	source_plane=1
terrain	empty_terrain_no_floor_context	0	empty terrain tile	1807	5144	1	28	80	source_plane=1
terrain	empty_terrain_no_floor_context	0	empty terrain tile	1807	5145	1	28	80	source_plane=1
terrain	empty_terrain_no_floor_context	0	empty terrain tile	1807	5146	1	28	80	source_plane=1
terrain	empty_terrain_no_floor_context	0	empty terrain tile	1807	5147	1	28	80	source_plane=1
terrain	empty_terrain_no_floor_context	0	empty terrain tile	1807	5148	1	28	80	source_plane=1
terrain	empty_terrain_no_floor_context	0	empty terrain tile	1807	5149	1	28	80	source_plane=1
terrain	empty_terrain_no_floor_context	0	empty terrain tile	1807	5150	1	28	80	source_plane=1
terrain	empty_terrain_no_floor_context	0	empty terrain tile	1807	5151	1	28	80	source_plane=1
terrain	empty_terrain_no_floor_context	0	empty terrain tile	1807	5152	1	28	80	source_plane=1
terrain	empty_terrain_no_floor_context	0	empty terrain tile	1807	5153	1	28	80	source_plane=1
terrain	empty_terrain_no_floor_context	0	empty terrain tile	1807	5154	1	28	80	source_plane=1
terrain	empty_terrain_no_floor_context	0	empty terrain tile	1807	5155	1	28	80	source_plane=1
terrain	empty_terrain_no_floor_context	0	empty terrain tile	1807	5156	1	28	80	source_plane=1
terrain	empty_terrain_no_floor_context	0	empty terrain tile	1807	5157	1	28	80	source_plane=1
terrain	empty_terrain_no_floor_context	0	empty terrain tile	1807	5158	1	28	80	source_plane=1
terrain	empty_terrain_no_floor_context	0	empty terrain tile	1807	5159	1	28	80	source_plane=1
terrain	empty_terrain_no_floor_context	0	empty terrain tile	1807	5160	1	28	80	source_plane=1
terrain	empty_terrain_no_floor_context	0	empty terrain tile	1807	5161	1	28	80	source_plane=1
terrain	empty_terrain_no_floor_context	0	empty terrain tile	1807	5162	1	28	80	source_plane=1
terrain	empty_terrain_no_floor_context	0	empty terrain tile	1807	5163	1	28	80	source_plane=1
terrain	empty_terrain_no_floor_context	0	empty terrain tile	1807	5164	1	28	80	source_plane=1
terrain	empty_terrain_no_floor_context	0	empty terrain tile	1807	5165	1	28	80	source_plane=1
terrain	empty_terrain_no_floor_context	0	empty terrain tile	1807	5166	1	28	80	source_plane=1
terrain	empty_terrain_no_floor_context	0	empty terrain tile	1807	5167	1	28	80	source_plane=1
terrain	empty_terrain_no_floor_context	0	empty terrain tile	1807	5168	1	28	80	source_plane=1
terrain	empty_terrain_no_floor_context	0	empty terrain tile	1807	5169	1	28	80	source_plane=1
terrain	empty_terrain_no_floor_context	0	empty terrain tile	1807	5170	1	28	80	source_plane=1
terrain	empty_terrain_no_floor_context	0	empty terrain tile	1807	5171	1	28	80	source_plane=1
terrain	empty_terrain_no_floor_context	0	empty terrain tile	1807	5172	1	28	80	source_plane=1
terrain	empty_terrain_no_floor_context	0	empty terrain tile	1807	5173	1	28	80	source_plane=1
terrain	empty_terrain_no_floor_context	0	empty terrain tile	1807	5174	1	28	80	source_plane=1
terrain	empty_terrain_no_floor_context	0	empty terrain tile	1807	5175	1	28	80	source_plane=1
terrain	empty_terrain_no_floor_context	0	empty terrain tile	1807	5176	1	28	80	source_plane=1
terrain	empty_terrain_no_floor_context	0	empty terrain tile	1807	5177	1	28	80	source_plane=1
terrain	empty_terrain_no_floor_context	0	empty terrain tile	1807	5178	1	28	80	source_plane=1
terrain	empty_terrain_no_floor_context	0	empty terrain tile	1807	5179	1	28	80	source_plane=1
terrain	empty_terrain_no_floor_context	0	empty terrain tile	1807	5180	1	28	80	source_plane=1
terrain	empty_terrain_no_floor_context	0	empty terrain tile	1807	5181	1	28	80	source_plane=1
terrain	empty_terrain_no_floor_context	0	empty terrain tile	1807	5182	1	28	80	source_plane=1
terrain	empty_terrain_no_floor_context	0	empty terrain tile	1807	5183	1	28	80	source_plane=1
terrain	empty_terrain_no_floor_context	0	empty terrain tile	1808	5120	1	28	80	source_plane=1
terrain	empty_terrain_no_floor_context	0	empty terrain tile	1808	5121	1	28	80	source_plane=1
terrain	empty_terrain_no_floor_context	0	empty terrain tile	1808	5122	1	28	80	source_plane=1
terrain	empty_terrain_no_floor_context	0	empty terrain tile	1808	5123	1	28	80	source_plane=1
terrain	empty_terrain_no_floor_context	0	empty terrain tile	1808	5124	1	28	80	source_plane=1
terrain	empty_terrain_no_floor_context	0	empty terrain tile	1808	5125	1	28	80	source_plane=1
terrain	empty_terrain_no_floor_context	0	empty terrain tile	1808	5126	1	28	80	source_plane=1
terrain	empty_terrain_no_floor_context	0	empty terrain tile	1808	5127	1	28	80	source_plane=1
terrain	empty_terrain_no_floor_context	0	empty terrain tile	1808	5128	1	28	80	source_plane=1
terrain	empty_terrain_no_floor_context	0	empty terrain tile	1808	5129	1	28	80	source_plane=1
terrain	empty_terrain_no_floor_context	0	empty terrain tile	1808	5130	1	28	80	source_plane=1
terrain	empty_terrain_no_floor_context	0	empty terrain tile	1808	5131	1	28	80	source_plane=1
terrain	empty_terrain_no_floor_context	0	empty terrain tile	1808	5132	1	28	80	source_plane=1
terrain	empty_terrain_no_floor_context	0	empty terrain tile	1808	5133	1	28	80	source_plane=1
terrain	empty_terrain_no_floor_context	0	empty terrain tile	1808	5134	1	28	80	source_plane=1
terrain	empty_terrain_no_floor_context	0	empty terrain tile	1808	5135	1	28	80	source_plane=1
terrain	empty_terrain_no_floor_context	0	empty terrain tile	1808	5136	1	28	80	source_plane=1
terrain	empty_terrain_no_floor_context	0	empty terrain tile	1808	5137	1	28	80	source_plane=1
terrain	empty_terrain_no_floor_context	0	empty terrain tile	1808	5138	1	28	80	source_plane=1
terrain	empty_terrain_no_floor_context	0	empty terrain tile	1808	5139	1	28	80	source_plane=1
terrain	empty_terrain_no_floor_context	0	empty terrain tile	1808	5140	1	28	80	source_plane=1
terrain	empty_terrain_no_floor_context	0	empty terrain tile	1808	5141	1	28	80	source_plane=1
terrain	empty_terrain_no_floor_context	0	empty terrain tile	1808	5142	1	28	80	source_plane=1
terrain	empty_terrain_no_floor_context	0	empty terrain tile	1808	5143	1	28	80	source_plane=1
terrain	empty_terrain_no_floor_context	0	empty terrain tile	1808	5144	1	28	80	source_plane=1
terrain	empty_terrain_no_floor_context	0	empty terrain tile	1808	5145	1	28	80	source_plane=1
terrain	empty_terrain_no_floor_context	0	empty terrain tile	1808	5146	1	28	80	source_plane=1
terrain	empty_terrain_no_floor_context	0	empty terrain tile	1808	5147	1	28	80	source_plane=1
terrain	empty_terrain_no_floor_context	0	empty terrain tile	1808	5148	1	28	80	source_plane=1
terrain	empty_terrain_no_floor_context	0	empty terrain tile	1808	5149	1	28	80	source_plane=1
terrain	empty_terrain_no_floor_context	0	empty terrain tile	1808	5150	1	28	80	source_plane=1
terrain	empty_terrain_no_floor_context	0	empty terrain tile	1808	5151	1	28	80	source_plane=1
terrain	empty_terrain_no_floor_context	0	empty terrain tile	1808	5152	1	28	80	source_plane=1
terrain	empty_terrain_no_floor_context	0	empty terrain tile	1808	5153	1	28	80	source_plane=1
terrain	empty_terrain_no_floor_context	0	empty terrain tile	1808	5154	1	28	80	source_plane=1
terrain	empty_terrain_no_floor_context	0	empty terrain tile	1808	5155	1	28	80	source_plane=1
terrain	empty_terrain_no_floor_context	0	empty terrain tile	1808	5156	1	28	80	source_plane=1
terrain	empty_terrain_no_floor_context	0	empty terrain tile	1808	5157	1	28	80	source_plane=1
terrain	empty_terrain_no_floor_context	0	empty terrain tile	1808	5158	1	28	80	source_plane=1
terrain	empty_terrain_no_floor_context	0	empty terrain tile	1808	5159	1	28	80	source_plane=1
terrain	empty_terrain_no_floor_context	0	empty terrain tile	1808	5160	1	28	80	source_plane=1
terrain	empty_terrain_no_floor_context	0	empty terrain tile	1808	5161	1	28	80	source_plane=1
terrain	empty_terrain_no_floor_context	0	empty terrain tile	1808	5162	1	28	80	source_plane=1
terrain	empty_terrain_no_floor_context	0	empty terrain tile	1808	5163	1	28	80	source_plane=1
terrain	empty_terrain_no_floor_context	0	empty terrain tile	1808	5164	1	28	80	source_plane=1
terrain	empty_terrain_no_floor_context	0	empty terrain tile	1808	5165	1	28	80	source_plane=1
terrain	empty_terrain_no_floor_context	0	empty terrain tile	1808	5166	1	28	80	source_plane=1
terrain	empty_terrain_no_floor_context	0	empty terrain tile	1808	5167	1	28	80	source_plane=1
terrain	empty_terrain_no_floor_context	0	empty terrain tile	1808	5168	1	28	80	source_plane=1
terrain	empty_terrain_no_floor_context	0	empty terrain tile	1808	5169	1	28	80	source_plane=1
terrain	empty_terrain_no_floor_context	0	empty terrain tile	1808	5170	1	28	80	source_plane=1
terrain	empty_terrain_no_floor_context	0	empty terrain tile	1808	5171	1	28	80	source_plane=1
terrain	empty_terrain_no_floor_context	0	empty terrain tile	1808	5172	1	28	80	source_plane=1
terrain	empty_terrain_no_floor_context	0	empty terrain tile	1808	5173	1	28	80	source_plane=1
terrain	empty_terrain_no_floor_context	0	empty terrain tile	1808	5174	1	28	80	source_plane=1
terrain	empty_terrain_no_floor_context	0	empty terrain tile	1808	5175	1	28	80	source_plane=1
terrain	empty_terrain_no_floor_context	0	empty terrain tile	1808	5176	1	28	80	source_plane=1
terrain	empty_terrain_no_floor_context	0	empty terrain tile	1808	5177	1	28	80	source_plane=1
terrain	empty_terrain_no_floor_context	0	empty terrain tile	1808	5178	1	28	80	source_plane=1
terrain	empty_terrain_no_floor_context	0	empty terrain tile	1808	5179	1	28	80	source_plane=1
terrain	empty_terrain_no_floor_context	0	empty terrain tile	1808	5180	1	28	80	source_plane=1
terrain	empty_terrain_no_floor_context	0	empty terrain tile	1808	5181	1	28	80	source_plane=1
terrain	empty_terrain_no_floor_context	0	empty terrain tile	1808	5182	1	28	80	source_plane=1
terrain	empty_terrain_no_floor_context	0	empty terrain tile	1808	5183	1	28	80	source_plane=1
terrain	empty_terrain_no_floor_context	0	empty terrain tile	1809	5120	1	28	80	source_plane=1
terrain	empty_terrain_no_floor_context	0	empty terrain tile	1809	5121	1	28	80	source_plane=1
terrain	empty_terrain_no_floor_context	0	empty terrain tile	1809	5122	1	28	80	source_plane=1
terrain	empty_terrain_no_floor_context	0	empty terrain tile	1809	5123	1	28	80	source_plane=1
terrain	empty_terrain_no_floor_context	0	empty terrain tile	1809	5124	1	28	80	source_plane=1
terrain	empty_terrain_no_floor_context	0	empty terrain tile	1809	5125	1	28	80	source_plane=1
terrain	empty_terrain_no_floor_context	0	empty terrain tile	1809	5126	1	28	80	source_plane=1
terrain	empty_terrain_no_floor_context	0	empty terrain tile	1809	5127	1	28	80	source_plane=1
terrain	empty_terrain_no_floor_context	0	empty terrain tile	1809	5128	1	28	80	source_plane=1
terrain	empty_terrain_no_floor_context	0	empty terrain tile	1809	5129	1	28	80	source_plane=1
terrain	empty_terrain_no_floor_context	0	empty terrain tile	1809	5130	1	28	80	source_plane=1
terrain	empty_terrain_no_floor_context	0	empty terrain tile	1809	5131	1	28	80	source_plane=1
terrain	empty_terrain_no_floor_context	0	empty terrain tile	1809	5132	1	28	80	source_plane=1
terrain	empty_terrain_no_floor_context	0	empty terrain tile	1809	5133	1	28	80	source_plane=1
terrain	empty_terrain_no_floor_context	0	empty terrain tile	1809	5134	1	28	80	source_plane=1
terrain	empty_terrain_no_floor_context	0	empty terrain tile	1809	5135	1	28	80	source_plane=1
terrain	empty_terrain_no_floor_context	0	empty terrain tile	1809	5136	1	28	80	source_plane=1
terrain	empty_terrain_no_floor_context	0	empty terrain tile	1809	5137	1	28	80	source_plane=1
terrain	empty_terrain_no_floor_context	0	empty terrain tile	1809	5138	1	28	80	source_plane=1
terrain	empty_terrain_no_floor_context	0	empty terrain tile	1809	5139	1	28	80	source_plane=1
terrain	empty_terrain_no_floor_context	0	empty terrain tile	1809	5140	1	28	80	source_plane=1
terrain	empty_terrain_no_floor_context	0	empty terrain tile	1809	5141	1	28	80	source_plane=1
terrain	empty_terrain_no_floor_context	0	empty terrain tile	1809	5142	1	28	80	source_plane=1
terrain	empty_terrain_no_floor_context	0	empty terrain tile	1809	5143	1	28	80	source_plane=1
terrain	empty_terrain_no_floor_context	0	empty terrain tile	1809	5144	1	28	80	source_plane=1
terrain	empty_terrain_no_floor_context	0	empty terrain tile	1809	5145	1	28	80	source_plane=1
terrain	empty_terrain_no_floor_context	0	empty terrain tile	1809	5146	1	28	80	source_plane=1
terrain	empty_terrain_no_floor_context	0	empty terrain tile	1809	5147	1	28	80	source_plane=1
terrain	empty_terrain_no_floor_context	0	empty terrain tile	1809	5148	1	28	80	source_plane=1
terrain	empty_terrain_no_floor_context	0	empty terrain tile	1809	5149	1	28	80	source_plane=1
terrain	empty_terrain_no_floor_context	0	empty terrain tile	1809	5150	1	28	80	source_plane=1
terrain	empty_terrain_no_floor_context	0	empty terrain tile	1809	5151	1	28	80	source_plane=1
terrain	empty_terrain_no_floor_context	0	empty terrain tile	1809	5152	1	28	80	source_plane=1
terrain	empty_terrain_no_floor_context	0	empty terrain tile	1809	5153	1	28	80	source_plane=1
terrain	empty_terrain_no_floor_context	0	empty terrain tile	1809	5154	1	28	80	source_plane=1
terrain	empty_terrain_no_floor_context	0	empty terrain tile	1809	5155	1	28	80	source_plane=1
terrain	empty_terrain_no_floor_context	0	empty terrain tile	1809	5156	1	28	80	source_plane=1
terrain	empty_terrain_no_floor_context	0	empty terrain tile	1809	5157	1	28	80	source_plane=1
terrain	empty_terrain_no_floor_context	0	empty terrain tile	1809	5158	1	28	80	source_plane=1
terrain	empty_terrain_no_floor_context	0	empty terrain tile	1809	5159	1	28	80	source_plane=1
terrain	empty_terrain_no_floor_context	0	empty terrain tile	1809	5160	1	28	80	source_plane=1
terrain	empty_terrain_no_floor_context	0	empty terrain tile	1809	5161	1	28	80	source_plane=1
terrain	empty_terrain_no_floor_context	0	empty terrain tile	1809	5162	1	28	80	source_plane=1
terrain	empty_terrain_no_floor_context	0	empty terrain tile	1809	5163	1	28	80	source_plane=1
terrain	empty_terrain_no_floor_context	0	empty terrain tile	1809	5164	1	28	80	source_plane=1
terrain	empty_terrain_no_floor_context	0	empty terrain tile	1809	5165	1	28	80	source_plane=1
terrain	empty_terrain_no_floor_context	0	empty terrain tile	1809	5166	1	28	80	source_plane=1
terrain	empty_terrain_no_floor_context	0	empty terrain tile	1809	5167	1	28	80	source_plane=1
terrain	empty_terrain_no_floor_context	0	empty terrain tile	1809	5168	1	28	80	source_plane=1
terrain	empty_terrain_no_floor_context	0	empty terrain tile	1809	5169	1	28	80	source_plane=1
terrain	empty_terrain_no_floor_context	0	empty terrain tile	1809	5170	1	28	80	source_plane=1
terrain	empty_terrain_no_floor_context	0	empty terrain tile	1809	5171	1	28	80	source_plane=1
terrain	empty_terrain_no_floor_context	0	empty terrain tile	1809	5172	1	28	80	source_plane=1
terrain	empty_terrain_no_floor_context	0	empty terrain tile	1809	5173	1	28	80	source_plane=1
terrain	empty_terrain_no_floor_context	0	empty terrain tile	1809	5174	1	28	80	source_plane=1
terrain	empty_terrain_no_floor_context	0	empty terrain tile	1809	5175	1	28	80	source_plane=1
terrain	empty_terrain_no_floor_context	0	empty terrain tile	1809	5176	1	28	80	source_plane=1
terrain	empty_terrain_no_floor_context	0	empty terrain tile	1809	5177	1	28	80	source_plane=1
terrain	empty_terrain_no_floor_context	0	empty terrain tile	1809	5178	1	28	80	source_plane=1
terrain	empty_terrain_no_floor_context	0	empty terrain tile	1809	5179	1	28	80	source_plane=1
terrain	empty_terrain_no_floor_context	0	empty terrain tile	1809	5180	1	28	80	source_plane=1
terrain	empty_terrain_no_floor_context	0	empty terrain tile	1809	5181	1	28	80	source_plane=1
terrain	empty_terrain_no_floor_context	0	empty terrain tile	1809	5182	1	28	80	source_plane=1
terrain	empty_terrain_no_floor_context	0	empty terrain tile	1809	5183	1	28	80	source_plane=1
terrain	empty_terrain_no_floor_context	0	empty terrain tile	1810	5120	1	28	80	source_plane=1
terrain	empty_terrain_no_floor_context	0	empty terrain tile	1810	5121	1	28	80	source_plane=1
terrain	empty_terrain_no_floor_context	0	empty terrain tile	1810	5122	1	28	80	source_plane=1
terrain	empty_terrain_no_floor_context	0	empty terrain tile	1810	5123	1	28	80	source_plane=1
terrain	empty_terrain_no_floor_context	0	empty terrain tile	1810	5124	1	28	80	source_plane=1
terrain	empty_terrain_no_floor_context	0	empty terrain tile	1810	5125	1	28	80	source_plane=1
terrain	empty_terrain_no_floor_context	0	empty terrain tile	1810	5126	1	28	80	source_plane=1
terrain	empty_terrain_no_floor_context	0	empty terrain tile	1810	5127	1	28	80	source_plane=1
terrain	empty_terrain_no_floor_context	0	empty terrain tile	1810	5128	1	28	80	source_plane=1
terrain	empty_terrain_no_floor_context	0	empty terrain tile	1810	5129	1	28	80	source_plane=1
terrain	empty_terrain_no_floor_context	0	empty terrain tile	1810	5130	1	28	80	source_plane=1
terrain	empty_terrain_no_floor_context	0	empty terrain tile	1810	5131	1	28	80	source_plane=1
terrain	empty_terrain_no_floor_context	0	empty terrain tile	1810	5132	1	28	80	source_plane=1
terrain	empty_terrain_no_floor_context	0	empty terrain tile	1810	5133	1	28	80	source_plane=1
terrain	empty_terrain_no_floor_context	0	empty terrain tile	1810	5134	1	28	80	source_plane=1
terrain	empty_terrain_no_floor_context	0	empty terrain tile	1810	5135	1	28	80	source_plane=1
terrain	empty_terrain_no_floor_context	0	empty terrain tile	1810	5136	1	28	80	source_plane=1
terrain	empty_terrain_no_floor_context	0	empty terrain tile	1810	5137	1	28	80	source_plane=1
terrain	empty_terrain_no_floor_context	0	empty terrain tile	1810	5138	1	28	80	source_plane=1
terrain	empty_terrain_no_floor_context	0	empty terrain tile	1810	5139	1	28	80	source_plane=1
terrain	empty_terrain_no_floor_context	0	empty terrain tile	1810	5140	1	28	80	source_plane=1
terrain	empty_terrain_no_floor_context	0	empty terrain tile	1810	5141	1	28	80	source_plane=1
terrain	empty_terrain_no_floor_context	0	empty terrain tile	1810	5142	1	28	80	source_plane=1
terrain	empty_terrain_no_floor_context	0	empty terrain tile	1810	5143	1	28	80	source_plane=1
terrain	empty_terrain_no_floor_context	0	empty terrain tile	1810	5144	1	28	80	source_plane=1
terrain	empty_terrain_no_floor_context	0	empty terrain tile	1810	5145	1	28	80	source_plane=1
terrain	empty_terrain_no_floor_context	0	empty terrain tile	1810	5146	1	28	80	source_plane=1
terrain	empty_terrain_no_floor_context	0	empty terrain tile	1810	5147	1	28	80	source_plane=1
terrain	empty_terrain_no_floor_context	0	empty terrain tile	1810	5148	1	28	80	source_plane=1
terrain	empty_terrain_no_floor_context	0	empty terrain tile	1810	5149	1	28	80	source_plane=1
terrain	empty_terrain_no_floor_context	0	empty terrain tile	1810	5150	1	28	80	source_plane=1
terrain	empty_terrain_no_floor_context	0	empty terrain tile	1810	5151	1	28	80	source_plane=1
terrain	empty_terrain_no_floor_context	0	empty terrain tile	1810	5152	1	28	80	source_plane=1
terrain	empty_terrain_no_floor_context	0	empty terrain tile	1810	5153	1	28	80	source_plane=1
terrain	empty_terrain_no_floor_context	0	empty terrain tile	1810	5154	1	28	80	source_plane=1
terrain	empty_terrain_no_floor_context	0	empty terrain tile	1810	5155	1	28	80	source_plane=1
terrain	empty_terrain_no_floor_context	0	empty terrain tile	1810	5156	1	28	80	source_plane=1
terrain	empty_terrain_no_floor_context	0	empty terrain tile	1810	5157	1	28	80	source_plane=1
terrain	empty_terrain_no_floor_context	0	empty terrain tile	1810	5158	1	28	80	source_plane=1
terrain	empty_terrain_no_floor_context	0	empty terrain tile	1810	5159	1	28	80	source_plane=1
terrain	empty_terrain_no_floor_context	0	empty terrain tile	1810	5160	1	28	80	source_plane=1
terrain	empty_terrain_no_floor_context	0	empty terrain tile	1810	5161	1	28	80	source_plane=1
terrain	empty_terrain_no_floor_context	0	empty terrain tile	1810	5162	1	28	80	source_plane=1
terrain	empty_terrain_no_floor_context	0	empty terrain tile	1810	5163	1	28	80	source_plane=1
terrain	empty_terrain_no_floor_context	0	empty terrain tile	1810	5164	1	28	80	source_plane=1
terrain	empty_terrain_no_floor_context	0	empty terrain tile	1810	5165	1	28	80	source_plane=1
terrain	empty_terrain_no_floor_context	0	empty terrain tile	1810	5166	1	28	80	source_plane=1
terrain	empty_terrain_no_floor_context	0	empty terrain tile	1810	5167	1	28	80	source_plane=1
terrain	empty_terrain_no_floor_context	0	empty terrain tile	1810	5168	1	28	80	source_plane=1
terrain	empty_terrain_no_floor_context	0	empty terrain tile	1810	5169	1	28	80	source_plane=1
terrain	empty_terrain_no_floor_context	0	empty terrain tile	1810	5170	1	28	80	source_plane=1
terrain	empty_terrain_no_floor_context	0	empty terrain tile	1810	5171	1	28	80	source_plane=1
terrain	empty_terrain_no_floor_context	0	empty terrain tile	1810	5172	1	28	80	source_plane=1
terrain	empty_terrain_no_floor_context	0	empty terrain tile	1810	5173	1	28	80	source_plane=1
terrain	empty_terrain_no_floor_context	0	empty terrain tile	1810	5174	1	28	80	source_plane=1
terrain	empty_terrain_no_floor_context	0	empty terrain tile	1810	5175	1	28	80	source_plane=1
terrain	empty_terrain_no_floor_context	0	empty terrain tile	1810	5176	1	28	80	source_plane=1
terrain	empty_terrain_no_floor_context	0	empty terrain tile	1810	5177	1	28	80	source_plane=1
terrain	empty_terrain_no_floor_context	0	empty terrain tile	1810	5178	1	28	80	source_plane=1
terrain	empty_terrain_no_floor_context	0	empty terrain tile	1810	5179	1	28	80	source_plane=1
terrain	empty_terrain_no_floor_context	0	empty terrain tile	1810	5180	1	28	80	source_plane=1
terrain	empty_terrain_no_floor_context	0	empty terrain tile	1810	5181	1	28	80	source_plane=1
terrain	empty_terrain_no_floor_context	0	empty terrain tile	1810	5182	1	28	80	source_plane=1
terrain	empty_terrain_no_floor_context	0	empty terrain tile	1810	5183	1	28	80	source_plane=1
terrain	empty_terrain_no_floor_context	0	empty terrain tile	1811	5120	1	28	80	source_plane=1
terrain	empty_terrain_no_floor_context	0	empty terrain tile	1811	5121	1	28	80	source_plane=1
terrain	empty_terrain_no_floor_context	0	empty terrain tile	1811	5122	1	28	80	source_plane=1
terrain	empty_terrain_no_floor_context	0	empty terrain tile	1811	5123	1	28	80	source_plane=1
terrain	empty_terrain_no_floor_context	0	empty terrain tile	1811	5124	1	28	80	source_plane=1
terrain	empty_terrain_no_floor_context	0	empty terrain tile	1811	5125	1	28	80	source_plane=1
terrain	empty_terrain_no_floor_context	0	empty terrain tile	1811	5126	1	28	80	source_plane=1
terrain	empty_terrain_no_floor_context	0	empty terrain tile	1811	5127	1	28	80	source_plane=1
terrain	empty_terrain_no_floor_context	0	empty terrain tile	1811	5128	1	28	80	source_plane=1
terrain	empty_terrain_no_floor_context	0	empty terrain tile	1811	5129	1	28	80	source_plane=1
terrain	empty_terrain_no_floor_context	0	empty terrain tile	1811	5130	1	28	80	source_plane=1
terrain	empty_terrain_no_floor_context	0	empty terrain tile	1811	5131	1	28	80	source_plane=1
terrain	empty_terrain_no_floor_context	0	empty terrain tile	1811	5132	1	28	80	source_plane=1
terrain	empty_terrain_no_floor_context	0	empty terrain tile	1811	5133	1	28	80	source_plane=1
terrain	empty_terrain_no_floor_context	0	empty terrain tile	1811	5134	1	28	80	source_plane=1
terrain	empty_terrain_no_floor_context	0	empty terrain tile	1811	5135	1	28	80	source_plane=1
terrain	empty_terrain_no_floor_context	0	empty terrain tile	1811	5136	1	28	80	source_plane=1
terrain	empty_terrain_no_floor_context	0	empty terrain tile	1811	5137	1	28	80	source_plane=1
terrain	empty_terrain_no_floor_context	0	empty terrain tile	1811	5138	1	28	80	source_plane=1
terrain	empty_terrain_no_floor_context	0	empty terrain tile	1811	5139	1	28	80	source_plane=1
terrain	empty_terrain_no_floor_context	0	empty terrain tile	1811	5140	1	28	80	source_plane=1
terrain	empty_terrain_no_floor_context	0	empty terrain tile	1811	5141	1	28	80	source_plane=1
terrain	empty_terrain_no_floor_context	0	empty terrain tile	1811	5142	1	28	80	source_plane=1
terrain	empty_terrain_no_floor_context	0	empty terrain tile	1811	5143	1	28	80	source_plane=1
terrain	empty_terrain_no_floor_context	0	empty terrain tile	1811	5144	1	28	80	source_plane=1
terrain	empty_terrain_no_floor_context	0	empty terrain tile	1811	5145	1	28	80	source_plane=1
terrain	empty_terrain_no_floor_context	0	empty terrain tile	1811	5146	1	28	80	source_plane=1
terrain	empty_terrain_no_floor_context	0	empty terrain tile	1811	5147	1	28	80	source_plane=1
terrain	empty_terrain_no_floor_context	0	empty terrain tile	1811	5148	1	28	80	source_plane=1
terrain	empty_terrain_no_floor_context	0	empty terrain tile	1811	5149	1	28	80	source_plane=1
terrain	empty_terrain_no_floor_context	0	empty terrain tile	1811	5150	1	28	80	source_plane=1
terrain	empty_terrain_no_floor_context	0	empty terrain tile	1811	5151	1	28	80	source_plane=1
terrain	empty_terrain_no_floor_context	0	empty terrain tile	1811	5152	1	28	80	source_plane=1
terrain	empty_terrain_no_floor_context	0	empty terrain tile	1811	5153	1	28	80	source_plane=1
terrain	empty_terrain_no_floor_context	0	empty terrain tile	1811	5154	1	28	80	source_plane=1
terrain	empty_terrain_no_floor_context	0	empty terrain tile	1811	5155	1	28	80	source_plane=1
terrain	empty_terrain_no_floor_context	0	empty terrain tile	1811	5156	1	28	80	source_plane=1
terrain	empty_terrain_no_floor_context	0	empty terrain tile	1811	5157	1	28	80	source_plane=1
terrain	empty_terrain_no_floor_context	0	empty terrain tile	1811	5158	1	28	80	source_plane=1
terrain	empty_terrain_no_floor_context	0	empty terrain tile	1811	5159	1	28	80	source_plane=1
terrain	empty_terrain_no_floor_context	0	empty terrain tile	1811	5160	1	28	80	source_plane=1
terrain	empty_terrain_no_floor_context	0	empty terrain tile	1811	5161	1	28	80	source_plane=1
terrain	empty_terrain_no_floor_context	0	empty terrain tile	1811	5162	1	28	80	source_plane=1
terrain	empty_terrain_no_floor_context	0	empty terrain tile	1811	5163	1	28	80	source_plane=1
terrain	empty_terrain_no_floor_context	0	empty terrain tile	1811	5164	1	28	80	source_plane=1
terrain	empty_terrain_no_floor_context	0	empty terrain tile	1811	5165	1	28	80	source_plane=1
terrain	empty_terrain_no_floor_context	0	empty terrain tile	1811	5166	1	28	80	source_plane=1
terrain	empty_terrain_no_floor_context	0	empty terrain tile	1811	5167	1	28	80	source_plane=1
terrain	empty_terrain_no_floor_context	0	empty terrain tile	1811	5168	1	28	80	source_plane=1
terrain	empty_terrain_no_floor_context	0	empty terrain tile	1811	5169	1	28	80	source_plane=1
terrain	empty_terrain_no_floor_context	0	empty terrain tile	1811	5170	1	28	80	source_plane=1
terrain	empty_terrain_no_floor_context	0	empty terrain tile	1811	5171	1	28	80	source_plane=1
terrain	empty_terrain_no_floor_context	0	empty terrain tile	1811	5172	1	28	80	source_plane=1
terrain	empty_terrain_no_floor_context	0	empty terrain tile	1811	5173	1	28	80	source_plane=1
terrain	empty_terrain_no_floor_context	0	empty terrain tile	1811	5174	1	28	80	source_plane=1
terrain	empty_terrain_no_floor_context	0	empty terrain tile	1811	5175	1	28	80	source_plane=1
terrain	empty_terrain_no_floor_context	0	empty terrain tile	1811	5176	1	28	80	source_plane=1
terrain	empty_terrain_no_floor_context	0	empty terrain tile	1811	5177	1	28	80	source_plane=1
terrain	empty_terrain_no_floor_context	0	empty terrain tile	1811	5178	1	28	80	source_plane=1
terrain	empty_terrain_no_floor_context	0	empty terrain tile	1811	5179	1	28	80	source_plane=1
terrain	empty_terrain_no_floor_context	0	empty terrain tile	1811	5180	1	28	80	source_plane=1
terrain	empty_terrain_no_floor_context	0	empty terrain tile	1811	5181	1	28	80	source_plane=1
terrain	empty_terrain_no_floor_context	0	empty terrain tile	1811	5182	1	28	80	source_plane=1
terrain	empty_terrain_no_floor_context	0	empty terrain tile	1811	5183	1	28	80	source_plane=1
terrain	empty_terrain_no_floor_context	0	empty terrain tile	1812	5120	1	28	80	source_plane=1
terrain	empty_terrain_no_floor_context	0	empty terrain tile	1812	5121	1	28	80	source_plane=1
terrain	empty_terrain_no_floor_context	0	empty terrain tile	1812	5122	1	28	80	source_plane=1
terrain	empty_terrain_no_floor_context	0	empty terrain tile	1812	5123	1	28	80	source_plane=1
terrain	empty_terrain_no_floor_context	0	empty terrain tile	1812	5124	1	28	80	source_plane=1
terrain	empty_terrain_no_floor_context	0	empty terrain tile	1812	5125	1	28	80	source_plane=1
terrain	empty_terrain_no_floor_context	0	empty terrain tile	1812	5126	1	28	80	source_plane=1
terrain	empty_terrain_no_floor_context	0	empty terrain tile	1812	5127	1	28	80	source_plane=1
terrain	empty_terrain_no_floor_context	0	empty terrain tile	1812	5128	1	28	80	source_plane=1
terrain	empty_terrain_no_floor_context	0	empty terrain tile	1812	5129	1	28	80	source_plane=1
terrain	empty_terrain_no_floor_context	0	empty terrain tile	1812	5130	1	28	80	source_plane=1
terrain	empty_terrain_no_floor_context	0	empty terrain tile	1812	5131	1	28	80	source_plane=1
terrain	empty_terrain_no_floor_context	0	empty terrain tile	1812	5132	1	28	80	source_plane=1
terrain	empty_terrain_no_floor_context	0	empty terrain tile	1812	5133	1	28	80	source_plane=1
terrain	empty_terrain_no_floor_context	0	empty terrain tile	1812	5134	1	28	80	source_plane=1
terrain	empty_terrain_no_floor_context	0	empty terrain tile	1812	5135	1	28	80	source_plane=1
terrain	empty_terrain_no_floor_context	0	empty terrain tile	1812	5136	1	28	80	source_plane=1
terrain	empty_terrain_no_floor_context	0	empty terrain tile	1812	5137	1	28	80	source_plane=1
terrain	empty_terrain_no_floor_context	0	empty terrain tile	1812	5138	1	28	80	source_plane=1
terrain	empty_terrain_no_floor_context	0	empty terrain tile	1812	5139	1	28	80	source_plane=1
terrain	empty_terrain_no_floor_context	0	empty terrain tile	1812	5140	1	28	80	source_plane=1
terrain	empty_terrain_no_floor_context	0	empty terrain tile	1812	5141	1	28	80	source_plane=1
terrain	empty_terrain_no_floor_context	0	empty terrain tile	1812	5142	1	28	80	source_plane=1
terrain	empty_terrain_no_floor_context	0	empty terrain tile	1812	5143	1	28	80	source_plane=1
terrain	empty_terrain_no_floor_context	0	empty terrain tile	1812	5144	1	28	80	source_plane=1
terrain	empty_terrain_no_floor_context	0	empty terrain tile	1812	5145	1	28	80	source_plane=1
terrain	empty_terrain_no_floor_context	0	empty terrain tile	1812	5146	1	28	80	source_plane=1
terrain	empty_terrain_no_floor_context	0	empty terrain tile	1812	5147	1	28	80	source_plane=1
terrain	empty_terrain_no_floor_context	0	empty terrain tile	1812	5148	1	28	80	source_plane=1
terrain	empty_terrain_no_floor_context	0	empty terrain tile	1812	5149	1	28	80	source_plane=1
terrain	empty_terrain_no_floor_context	0	empty terrain tile	1812	5150	1	28	80	source_plane=1
terrain	empty_terrain_no_floor_context	0	empty terrain tile	1812	5151	1	28	80	source_plane=1
terrain	empty_terrain_no_floor_context	0	empty terrain tile	1812	5152	1	28	80	source_plane=1
terrain	empty_terrain_no_floor_context	0	empty terrain tile	1812	5153	1	28	80	source_plane=1
terrain	empty_terrain_no_floor_context	0	empty terrain tile	1812	5154	1	28	80	source_plane=1
terrain	empty_terrain_no_floor_context	0	empty terrain tile	1812	5155	1	28	80	source_plane=1
terrain	empty_terrain_no_floor_context	0	empty terrain tile	1812	5156	1	28	80	source_plane=1
terrain	empty_terrain_no_floor_context	0	empty terrain tile	1812	5157	1	28	80	source_plane=1
terrain	empty_terrain_no_floor_context	0	empty terrain tile	1812	5158	1	28	80	source_plane=1
terrain	empty_terrain_no_floor_context	0	empty terrain tile	1812	5159	1	28	80	source_plane=1
terrain	empty_terrain_no_floor_context	0	empty terrain tile	1812	5160	1	28	80	source_plane=1
terrain	empty_terrain_no_floor_context	0	empty terrain tile	1812	5161	1	28	80	source_plane=1
terrain	empty_terrain_no_floor_context	0	empty terrain tile	1812	5162	1	28	80	source_plane=1
terrain	empty_terrain_no_floor_context	0	empty terrain tile	1812	5163	1	28	80	source_plane=1
terrain	empty_terrain_no_floor_context	0	empty terrain tile	1812	5164	1	28	80	source_plane=1
terrain	empty_terrain_no_floor_context	0	empty terrain tile	1812	5165	1	28	80	source_plane=1
terrain	empty_terrain_no_floor_context	0	empty terrain tile	1812	5166	1	28	80	source_plane=1
terrain	empty_terrain_no_floor_context	0	empty terrain tile	1812	5167	1	28	80	source_plane=1
terrain	empty_terrain_no_floor_context	0	empty terrain tile	1812	5168	1	28	80	source_plane=1
terrain	empty_terrain_no_floor_context	0	empty terrain tile	1812	5169	1	28	80	source_plane=1
terrain	empty_terrain_no_floor_context	0	empty terrain tile	1812	5170	1	28	80	source_plane=1
terrain	empty_terrain_no_floor_context	0	empty terrain tile	1812	5171	1	28	80	source_plane=1
terrain	empty_terrain_no_floor_context	0	empty terrain tile	1812	5172	1	28	80	source_plane=1
terrain	empty_terrain_no_floor_context	0	empty terrain tile	1812	5173	1	28	80	source_plane=1
terrain	empty_terrain_no_floor_context	0	empty terrain tile	1812	5174	1	28	80	source_plane=1
terrain	empty_terrain_no_floor_context	0	empty terrain tile	1812	5175	1	28	80	source_plane=1
terrain	empty_terrain_no_floor_context	0	empty terrain tile	1812	5176	1	28	80	source_plane=1
terrain	empty_terrain_no_floor_context	0	empty terrain tile	1812	5177	1	28	80	source_plane=1
terrain	empty_terrain_no_floor_context	0	empty terrain tile	1812	5178	1	28	80	source_plane=1
terrain	empty_terrain_no_floor_context	0	empty terrain tile	1812	5179	1	28	80	source_plane=1
terrain	empty_terrain_no_floor_context	0	empty terrain tile	1812	5180	1	28	80	source_plane=1
terrain	empty_terrain_no_floor_context	0	empty terrain tile	1812	5181	1	28	80	source_plane=1
terrain	empty_terrain_no_floor_context	0	empty terrain tile	1812	5182	1	28	80	source_plane=1
terrain	empty_terrain_no_floor_context	0	empty terrain tile	1812	5183	1	28	80	source_plane=1
terrain	empty_terrain_no_floor_context	0	empty terrain tile	1813	5120	1	28	80	source_plane=1
terrain	empty_terrain_no_floor_context	0	empty terrain tile	1813	5121	1	28	80	source_plane=1
terrain	empty_terrain_no_floor_context	0	empty terrain tile	1813	5122	1	28	80	source_plane=1
terrain	empty_terrain_no_floor_context	0	empty terrain tile	1813	5123	1	28	80	source_plane=1
terrain	empty_terrain_no_floor_context	0	empty terrain tile	1813	5124	1	28	80	source_plane=1
terrain	empty_terrain_no_floor_context	0	empty terrain tile	1813	5125	1	28	80	source_plane=1
terrain	empty_terrain_no_floor_context	0	empty terrain tile	1813	5126	1	28	80	source_plane=1
terrain	empty_terrain_no_floor_context	0	empty terrain tile	1813	5127	1	28	80	source_plane=1
terrain	empty_terrain_no_floor_context	0	empty terrain tile	1813	5128	1	28	80	source_plane=1
terrain	empty_terrain_no_floor_context	0	empty terrain tile	1813	5129	1	28	80	source_plane=1
terrain	empty_terrain_no_floor_context	0	empty terrain tile	1813	5130	1	28	80	source_plane=1
terrain	empty_terrain_no_floor_context	0	empty terrain tile	1813	5131	1	28	80	source_plane=1
terrain	empty_terrain_no_floor_context	0	empty terrain tile	1813	5132	1	28	80	source_plane=1
terrain	empty_terrain_no_floor_context	0	empty terrain tile	1813	5133	1	28	80	source_plane=1
terrain	empty_terrain_no_floor_context	0	empty terrain tile	1813	5134	1	28	80	source_plane=1
terrain	empty_terrain_no_floor_context	0	empty terrain tile	1813	5135	1	28	80	source_plane=1
terrain	empty_terrain_no_floor_context	0	empty terrain tile	1813	5136	1	28	80	source_plane=1
terrain	empty_terrain_no_floor_context	0	empty terrain tile	1813	5137	1	28	80	source_plane=1
terrain	empty_terrain_no_floor_context	0	empty terrain tile	1813	5138	1	28	80	source_plane=1
terrain	empty_terrain_no_floor_context	0	empty terrain tile	1813	5139	1	28	80	source_plane=1
terrain	empty_terrain_no_floor_context	0	empty terrain tile	1813	5140	1	28	80	source_plane=1
terrain	empty_terrain_no_floor_context	0	empty terrain tile	1813	5141	1	28	80	source_plane=1
terrain	empty_terrain_no_floor_context	0	empty terrain tile	1813	5142	1	28	80	source_plane=1
terrain	empty_terrain_no_floor_context	0	empty terrain tile	1813	5143	1	28	80	source_plane=1
terrain	empty_terrain_no_floor_context	0	empty terrain tile	1813	5144	1	28	80	source_plane=1
terrain	empty_terrain_no_floor_context	0	empty terrain tile	1813	5145	1	28	80	source_plane=1
terrain	empty_terrain_no_floor_context	0	empty terrain tile	1813	5146	1	28	80	source_plane=1
terrain	empty_terrain_no_floor_context	0	empty terrain tile	1813	5147	1	28	80	source_plane=1
terrain	empty_terrain_no_floor_context	0	empty terrain tile	1813	5148	1	28	80	source_plane=1
terrain	empty_terrain_no_floor_context	0	empty terrain tile	1813	5149	1	28	80	source_plane=1
terrain	empty_terrain_no_floor_context	0	empty terrain tile	1813	5150	1	28	80	source_plane=1
terrain	empty_terrain_no_floor_context	0	empty terrain tile	1813	5151	1	28	80	source_plane=1
terrain	empty_terrain_no_floor_context	0	empty terrain tile	1813	5152	1	28	80	source_plane=1
terrain	empty_terrain_no_floor_context	0	empty terrain tile	1813	5153	1	28	80	source_plane=1
terrain	empty_terrain_no_floor_context	0	empty terrain tile	1813	5154	1	28	80	source_plane=1
terrain	empty_terrain_no_floor_context	0	empty terrain tile	1813	5155	1	28	80	source_plane=1
terrain	empty_terrain_no_floor_context	0	empty terrain tile	1813	5156	1	28	80	source_plane=1
terrain	empty_terrain_no_floor_context	0	empty terrain tile	1813	5157	1	28	80	source_plane=1
terrain	empty_terrain_no_floor_context	0	empty terrain tile	1813	5158	1	28	80	source_plane=1
terrain	empty_terrain_no_floor_context	0	empty terrain tile	1813	5159	1	28	80	source_plane=1
terrain	empty_terrain_no_floor_context	0	empty terrain tile	1813	5160	1	28	80	source_plane=1
terrain	empty_terrain_no_floor_context	0	empty terrain tile	1813	5161	1	28	80	source_plane=1
terrain	empty_terrain_no_floor_context	0	empty terrain tile	1813	5162	1	28	80	source_plane=1
terrain	empty_terrain_no_floor_context	0	empty terrain tile	1813	5163	1	28	80	source_plane=1
terrain	empty_terrain_no_floor_context	0	empty terrain tile	1813	5164	1	28	80	source_plane=1
terrain	empty_terrain_no_floor_context	0	empty terrain tile	1813	5165	1	28	80	source_plane=1
terrain	empty_terrain_no_floor_context	0	empty terrain tile	1813	5166	1	28	80	source_plane=1
terrain	empty_terrain_no_floor_context	0	empty terrain tile	1813	5167	1	28	80	source_plane=1
terrain	empty_terrain_no_floor_context	0	empty terrain tile	1813	5168	1	28	80	source_plane=1
terrain	empty_terrain_no_floor_context	0	empty terrain tile	1813	5169	1	28	80	source_plane=1
terrain	empty_terrain_no_floor_context	0	empty terrain tile	1813	5170	1	28	80	source_plane=1
terrain	empty_terrain_no_floor_context	0	empty terrain tile	1813	5171	1	28	80	source_plane=1
terrain	empty_terrain_no_floor_context	0	empty terrain tile	1813	5172	1	28	80	source_plane=1
terrain	empty_terrain_no_floor_context	0	empty terrain tile	1813	5173	1	28	80	source_plane=1
terrain	empty_terrain_no_floor_context	0	empty terrain tile	1813	5174	1	28	80	source_plane=1
terrain	empty_terrain_no_floor_context	0	empty terrain tile	1813	5175	1	28	80	source_plane=1
terrain	empty_terrain_no_floor_context	0	empty terrain tile	1813	5176	1	28	80	source_plane=1
terrain	empty_terrain_no_floor_context	0	empty terrain tile	1813	5177	1	28	80	source_plane=1
terrain	empty_terrain_no_floor_context	0	empty terrain tile	1813	5178	1	28	80	source_plane=1
terrain	empty_terrain_no_floor_context	0	empty terrain tile	1813	5179	1	28	80	source_plane=1
terrain	empty_terrain_no_floor_context	0	empty terrain tile	1813	5180	1	28	80	source_plane=1
terrain	empty_terrain_no_floor_context	0	empty terrain tile	1813	5181	1	28	80	source_plane=1
terrain	empty_terrain_no_floor_context	0	empty terrain tile	1813	5182	1	28	80	source_plane=1
terrain	empty_terrain_no_floor_context	0	empty terrain tile	1813	5183	1	28	80	source_plane=1
terrain	empty_terrain_no_floor_context	0	empty terrain tile	1814	5120	1	28	80	source_plane=1
terrain	empty_terrain_no_floor_context	0	empty terrain tile	1814	5121	1	28	80	source_plane=1
terrain	empty_terrain_no_floor_context	0	empty terrain tile	1814	5122	1	28	80	source_plane=1
terrain	empty_terrain_no_floor_context	0	empty terrain tile	1814	5123	1	28	80	source_plane=1
terrain	empty_terrain_no_floor_context	0	empty terrain tile	1814	5124	1	28	80	source_plane=1
terrain	empty_terrain_no_floor_context	0	empty terrain tile	1814	5125	1	28	80	source_plane=1
terrain	empty_terrain_no_floor_context	0	empty terrain tile	1814	5126	1	28	80	source_plane=1
terrain	empty_terrain_no_floor_context	0	empty terrain tile	1814	5127	1	28	80	source_plane=1
terrain	empty_terrain_no_floor_context	0	empty terrain tile	1814	5128	1	28	80	source_plane=1
terrain	empty_terrain_no_floor_context	0	empty terrain tile	1814	5129	1	28	80	source_plane=1
terrain	empty_terrain_no_floor_context	0	empty terrain tile	1814	5130	1	28	80	source_plane=1
terrain	empty_terrain_no_floor_context	0	empty terrain tile	1814	5131	1	28	80	source_plane=1
terrain	empty_terrain_no_floor_context	0	empty terrain tile	1814	5132	1	28	80	source_plane=1
terrain	empty_terrain_no_floor_context	0	empty terrain tile	1814	5133	1	28	80	source_plane=1
terrain	empty_terrain_no_floor_context	0	empty terrain tile	1814	5134	1	28	80	source_plane=1
terrain	empty_terrain_no_floor_context	0	empty terrain tile	1814	5135	1	28	80	source_plane=1
terrain	empty_terrain_no_floor_context	0	empty terrain tile	1814	5136	1	28	80	source_plane=1
terrain	empty_terrain_no_floor_context	0	empty terrain tile	1814	5137	1	28	80	source_plane=1
terrain	empty_terrain_no_floor_context	0	empty terrain tile	1814	5138	1	28	80	source_plane=1
terrain	empty_terrain_no_floor_context	0	empty terrain tile	1814	5139	1	28	80	source_plane=1
terrain	empty_terrain_no_floor_context	0	empty terrain tile	1814	5140	1	28	80	source_plane=1
terrain	empty_terrain_no_floor_context	0	empty terrain tile	1814	5141	1	28	80	source_plane=1
terrain	empty_terrain_no_floor_context	0	empty terrain tile	1814	5142	1	28	80	source_plane=1
terrain	empty_terrain_no_floor_context	0	empty terrain tile	1814	5143	1	28	80	source_plane=1
terrain	empty_terrain_no_floor_context	0	empty terrain tile	1814	5144	1	28	80	source_plane=1
terrain	empty_terrain_no_floor_context	0	empty terrain tile	1814	5145	1	28	80	source_plane=1
terrain	empty_terrain_no_floor_context	0	empty terrain tile	1814	5146	1	28	80	source_plane=1
terrain	empty_terrain_no_floor_context	0	empty terrain tile	1814	5147	1	28	80	source_plane=1
terrain	empty_terrain_no_floor_context	0	empty terrain tile	1814	5148	1	28	80	source_plane=1
terrain	empty_terrain_no_floor_context	0	empty terrain tile	1814	5149	1	28	80	source_plane=1
terrain	empty_terrain_no_floor_context	0	empty terrain tile	1814	5150	1	28	80	source_plane=1
terrain	empty_terrain_no_floor_context	0	empty terrain tile	1814	5151	1	28	80	source_plane=1
terrain	empty_terrain_no_floor_context	0	empty terrain tile	1814	5152	1	28	80	source_plane=1
terrain	empty_terrain_no_floor_context	0	empty terrain tile	1814	5153	1	28	80	source_plane=1
terrain	empty_terrain_no_floor_context	0	empty terrain tile	1814	5154	1	28	80	source_plane=1
terrain	empty_terrain_no_floor_context	0	empty terrain tile	1814	5155	1	28	80	source_plane=1
terrain	empty_terrain_no_floor_context	0	empty terrain tile	1814	5156	1	28	80	source_plane=1
terrain	empty_terrain_no_floor_context	0	empty terrain tile	1814	5157	1	28	80	source_plane=1
terrain	empty_terrain_no_floor_context	0	empty terrain tile	1814	5158	1	28	80	source_plane=1
terrain	empty_terrain_no_floor_context	0	empty terrain tile	1814	5159	1	28	80	source_plane=1
terrain	empty_terrain_no_floor_context	0	empty terrain tile	1814	5160	1	28	80	source_plane=1
terrain	empty_terrain_no_floor_context	0	empty terrain tile	1814	5161	1	28	80	source_plane=1
terrain	empty_terrain_no_floor_context	0	empty terrain tile	1814	5162	1	28	80	source_plane=1
terrain	empty_terrain_no_floor_context	0	empty terrain tile	1814	5163	1	28	80	source_plane=1
terrain	empty_terrain_no_floor_context	0	empty terrain tile	1814	5164	1	28	80	source_plane=1
terrain	empty_terrain_no_floor_context	0	empty terrain tile	1814	5165	1	28	80	source_plane=1
terrain	empty_terrain_no_floor_context	0	empty terrain tile	1814	5166	1	28	80	source_plane=1
terrain	empty_terrain_no_floor_context	0	empty terrain tile	1814	5167	1	28	80	source_plane=1
terrain	empty_terrain_no_floor_context	0	empty terrain tile	1814	5168	1	28	80	source_plane=1
terrain	empty_terrain_no_floor_context	0	empty terrain tile	1814	5169	1	28	80	source_plane=1
terrain	empty_terrain_no_floor_context	0	empty terrain tile	1814	5170	1	28	80	source_plane=1
terrain	empty_terrain_no_floor_context	0	empty terrain tile	1814	5171	1	28	80	source_plane=1
terrain	empty_terrain_no_floor_context	0	empty terrain tile	1814	5172	1	28	80	source_plane=1
terrain	empty_terrain_no_floor_context	0	empty terrain tile	1814	5173	1	28	80	source_plane=1
terrain	empty_terrain_no_floor_context	0	empty terrain tile	1814	5174	1	28	80	source_plane=1
terrain	empty_terrain_no_floor_context	0	empty terrain tile	1814	5175	1	28	80	source_plane=1
terrain	empty_terrain_no_floor_context	0	empty terrain tile	1814	5176	1	28	80	source_plane=1
terrain	empty_terrain_no_floor_context	0	empty terrain tile	1814	5177	1	28	80	source_plane=1
terrain	empty_terrain_no_floor_context	0	empty terrain tile	1814	5178	1	28	80	source_plane=1
terrain	empty_terrain_no_floor_context	0	empty terrain tile	1814	5179	1	28	80	source_plane=1
terrain	empty_terrain_no_floor_context	0	empty terrain tile	1814	5180	1	28	80	source_plane=1
terrain	empty_terrain_no_floor_context	0	empty terrain tile	1814	5181	1	28	80	source_plane=1
terrain	empty_terrain_no_floor_context	0	empty terrain tile	1814	5182	1	28	80	source_plane=1
terrain	empty_terrain_no_floor_context	0	empty terrain tile	1814	5183	1	28	80	source_plane=1
terrain	empty_terrain_no_floor_context	0	empty terrain tile	1815	5120	1	28	80	source_plane=1
terrain	empty_terrain_no_floor_context	0	empty terrain tile	1815	5121	1	28	80	source_plane=1
terrain	empty_terrain_no_floor_context	0	empty terrain tile	1815	5122	1	28	80	source_plane=1
terrain	empty_terrain_no_floor_context	0	empty terrain tile	1815	5123	1	28	80	source_plane=1
terrain	empty_terrain_no_floor_context	0	empty terrain tile	1815	5124	1	28	80	source_plane=1
terrain	empty_terrain_no_floor_context	0	empty terrain tile	1815	5125	1	28	80	source_plane=1
terrain	empty_terrain_no_floor_context	0	empty terrain tile	1815	5126	1	28	80	source_plane=1
terrain	empty_terrain_no_floor_context	0	empty terrain tile	1815	5127	1	28	80	source_plane=1
terrain	empty_terrain_no_floor_context	0	empty terrain tile	1815	5128	1	28	80	source_plane=1
terrain	empty_terrain_no_floor_context	0	empty terrain tile	1815	5129	1	28	80	source_plane=1
terrain	empty_terrain_no_floor_context	0	empty terrain tile	1815	5130	1	28	80	source_plane=1
terrain	empty_terrain_no_floor_context	0	empty terrain tile	1815	5131	1	28	80	source_plane=1
terrain	empty_terrain_no_floor_context	0	empty terrain tile	1815	5132	1	28	80	source_plane=1
terrain	empty_terrain_no_floor_context	0	empty terrain tile	1815	5133	1	28	80	source_plane=1
terrain	empty_terrain_no_floor_context	0	empty terrain tile	1815	5134	1	28	80	source_plane=1
terrain	empty_terrain_no_floor_context	0	empty terrain tile	1815	5135	1	28	80	source_plane=1
terrain	empty_terrain_no_floor_context	0	empty terrain tile	1815	5136	1	28	80	source_plane=1
terrain	empty_terrain_no_floor_context	0	empty terrain tile	1815	5137	1	28	80	source_plane=1
terrain	empty_terrain_no_floor_context	0	empty terrain tile	1815	5138	1	28	80	source_plane=1
terrain	empty_terrain_no_floor_context	0	empty terrain tile	1815	5139	1	28	80	source_plane=1
terrain	empty_terrain_no_floor_context	0	empty terrain tile	1815	5140	1	28	80	source_plane=1
terrain	empty_terrain_no_floor_context	0	empty terrain tile	1815	5141	1	28	80	source_plane=1
terrain	empty_terrain_no_floor_context	0	empty terrain tile	1815	5142	1	28	80	source_plane=1
terrain	empty_terrain_no_floor_context	0	empty terrain tile	1815	5143	1	28	80	source_plane=1
terrain	empty_terrain_no_floor_context	0	empty terrain tile	1815	5144	1	28	80	source_plane=1
terrain	empty_terrain_no_floor_context	0	empty terrain tile	1815	5145	1	28	80	source_plane=1
terrain	empty_terrain_no_floor_context	0	empty terrain tile	1815	5146	1	28	80	source_plane=1
terrain	empty_terrain_no_floor_context	0	empty terrain tile	1815	5147	1	28	80	source_plane=1
terrain	empty_terrain_no_floor_context	0	empty terrain tile	1815	5148	1	28	80	source_plane=1
terrain	empty_terrain_no_floor_context	0	empty terrain tile	1815	5149	1	28	80	source_plane=1
terrain	empty_terrain_no_floor_context	0	empty terrain tile	1815	5150	1	28	80	source_plane=1
terrain	empty_terrain_no_floor_context	0	empty terrain tile	1815	5151	1	28	80	source_plane=1
terrain	empty_terrain_no_floor_context	0	empty terrain tile	1815	5152	1	28	80	source_plane=1
terrain	empty_terrain_no_floor_context	0	empty terrain tile	1815	5153	1	28	80	source_plane=1
terrain	empty_terrain_no_floor_context	0	empty terrain tile	1815	5154	1	28	80	source_plane=1
terrain	empty_terrain_no_floor_context	0	empty terrain tile	1815	5155	1	28	80	source_plane=1
terrain	empty_terrain_no_floor_context	0	empty terrain tile	1815	5156	1	28	80	source_plane=1
terrain	empty_terrain_no_floor_context	0	empty terrain tile	1815	5157	1	28	80	source_plane=1
terrain	empty_terrain_no_floor_context	0	empty terrain tile	1815	5158	1	28	80	source_plane=1
terrain	empty_terrain_no_floor_context	0	empty terrain tile	1815	5159	1	28	80	source_plane=1
terrain	empty_terrain_no_floor_context	0	empty terrain tile	1815	5160	1	28	80	source_plane=1
terrain	empty_terrain_no_floor_context	0	empty terrain tile	1815	5161	1	28	80	source_plane=1
terrain	empty_terrain_no_floor_context	0	empty terrain tile	1815	5162	1	28	80	source_plane=1
terrain	empty_terrain_no_floor_context	0	empty terrain tile	1815	5163	1	28	80	source_plane=1
terrain	empty_terrain_no_floor_context	0	empty terrain tile	1815	5164	1	28	80	source_plane=1
terrain	empty_terrain_no_floor_context	0	empty terrain tile	1815	5165	1	28	80	source_plane=1
terrain	empty_terrain_no_floor_context	0	empty terrain tile	1815	5166	1	28	80	source_plane=1
terrain	empty_terrain_no_floor_context	0	empty terrain tile	1815	5167	1	28	80	source_plane=1
terrain	empty_terrain_no_floor_context	0	empty terrain tile	1815	5168	1	28	80	source_plane=1
terrain	empty_terrain_no_floor_context	0	empty terrain tile	1815	5169	1	28	80	source_plane=1
terrain	empty_terrain_no_floor_context	0	empty terrain tile	1815	5170	1	28	80	source_plane=1
terrain	empty_terrain_no_floor_context	0	empty terrain tile	1815	5171	1	28	80	source_plane=1
terrain	empty_terrain_no_floor_context	0	empty terrain tile	1815	5172	1	28	80	source_plane=1
terrain	empty_terrain_no_floor_context	0	empty terrain tile	1815	5173	1	28	80	source_plane=1
terrain	empty_terrain_no_floor_context	0	empty terrain tile	1815	5174	1	28	80	source_plane=1
terrain	empty_terrain_no_floor_context	0	empty terrain tile	1815	5175	1	28	80	source_plane=1
terrain	empty_terrain_no_floor_context	0	empty terrain tile	1815	5176	1	28	80	source_plane=1
terrain	empty_terrain_no_floor_context	0	empty terrain tile	1815	5177	1	28	80	source_plane=1
terrain	empty_terrain_no_floor_context	0	empty terrain tile	1815	5178	1	28	80	source_plane=1
terrain	empty_terrain_no_floor_context	0	empty terrain tile	1815	5179	1	28	80	source_plane=1
terrain	empty_terrain_no_floor_context	0	empty terrain tile	1815	5180	1	28	80	source_plane=1
terrain	empty_terrain_no_floor_context	0	empty terrain tile	1815	5181	1	28	80	source_plane=1
terrain	empty_terrain_no_floor_context	0	empty terrain tile	1815	5182	1	28	80	source_plane=1
terrain	empty_terrain_no_floor_context	0	empty terrain tile	1815	5183	1	28	80	source_plane=1
terrain	empty_terrain_no_floor_context	0	empty terrain tile	1816	5120	1	28	80	source_plane=1
terrain	empty_terrain_no_floor_context	0	empty terrain tile	1816	5121	1	28	80	source_plane=1
terrain	empty_terrain_no_floor_context	0	empty terrain tile	1816	5122	1	28	80	source_plane=1
terrain	empty_terrain_no_floor_context	0	empty terrain tile	1816	5123	1	28	80	source_plane=1
terrain	empty_terrain_no_floor_context	0	empty terrain tile	1816	5124	1	28	80	source_plane=1
terrain	empty_terrain_no_floor_context	0	empty terrain tile	1816	5125	1	28	80	source_plane=1
terrain	empty_terrain_no_floor_context	0	empty terrain tile	1816	5126	1	28	80	source_plane=1
terrain	empty_terrain_no_floor_context	0	empty terrain tile	1816	5127	1	28	80	source_plane=1
terrain	empty_terrain_no_floor_context	0	empty terrain tile	1816	5128	1	28	80	source_plane=1
terrain	empty_terrain_no_floor_context	0	empty terrain tile	1816	5129	1	28	80	source_plane=1
terrain	empty_terrain_no_floor_context	0	empty terrain tile	1816	5130	1	28	80	source_plane=1
terrain	empty_terrain_no_floor_context	0	empty terrain tile	1816	5131	1	28	80	source_plane=1
terrain	empty_terrain_no_floor_context	0	empty terrain tile	1816	5132	1	28	80	source_plane=1
terrain	empty_terrain_no_floor_context	0	empty terrain tile	1816	5133	1	28	80	source_plane=1
terrain	empty_terrain_no_floor_context	0	empty terrain tile	1816	5134	1	28	80	source_plane=1
terrain	empty_terrain_no_floor_context	0	empty terrain tile	1816	5135	1	28	80	source_plane=1
terrain	empty_terrain_no_floor_context	0	empty terrain tile	1816	5136	1	28	80	source_plane=1
terrain	empty_terrain_no_floor_context	0	empty terrain tile	1816	5137	1	28	80	source_plane=1
terrain	empty_terrain_no_floor_context	0	empty terrain tile	1816	5138	1	28	80	source_plane=1
terrain	empty_terrain_no_floor_context	0	empty terrain tile	1816	5139	1	28	80	source_plane=1
terrain	empty_terrain_no_floor_context	0	empty terrain tile	1816	5140	1	28	80	source_plane=1
terrain	empty_terrain_no_floor_context	0	empty terrain tile	1816	5141	1	28	80	source_plane=1
terrain	empty_terrain_no_floor_context	0	empty terrain tile	1816	5142	1	28	80	source_plane=1
terrain	empty_terrain_no_floor_context	0	empty terrain tile	1816	5143	1	28	80	source_plane=1
terrain	empty_terrain_no_floor_context	0	empty terrain tile	1816	5144	1	28	80	source_plane=1
terrain	empty_terrain_no_floor_context	0	empty terrain tile	1816	5145	1	28	80	source_plane=1
terrain	empty_terrain_no_floor_context	0	empty terrain tile	1816	5146	1	28	80	source_plane=1
terrain	empty_terrain_no_floor_context	0	empty terrain tile	1816	5147	1	28	80	source_plane=1
terrain	empty_terrain_no_floor_context	0	empty terrain tile	1816	5148	1	28	80	source_plane=1
terrain	empty_terrain_no_floor_context	0	empty terrain tile	1816	5149	1	28	80	source_plane=1
terrain	empty_terrain_no_floor_context	0	empty terrain tile	1816	5150	1	28	80	source_plane=1
terrain	empty_terrain_no_floor_context	0	empty terrain tile	1816	5151	1	28	80	source_plane=1
terrain	empty_terrain_no_floor_context	0	empty terrain tile	1816	5152	1	28	80	source_plane=1
terrain	empty_terrain_no_floor_context	0	empty terrain tile	1816	5153	1	28	80	source_plane=1
terrain	empty_terrain_no_floor_context	0	empty terrain tile	1816	5154	1	28	80	source_plane=1
terrain	empty_terrain_no_floor_context	0	empty terrain tile	1816	5155	1	28	80	source_plane=1
terrain	empty_terrain_no_floor_context	0	empty terrain tile	1816	5156	1	28	80	source_plane=1
terrain	empty_terrain_no_floor_context	0	empty terrain tile	1816	5157	1	28	80	source_plane=1
terrain	empty_terrain_no_floor_context	0	empty terrain tile	1816	5158	1	28	80	source_plane=1
terrain	empty_terrain_no_floor_context	0	empty terrain tile	1816	5159	1	28	80	source_plane=1
terrain	empty_terrain_no_floor_context	0	empty terrain tile	1816	5160	1	28	80	source_plane=1
terrain	empty_terrain_no_floor_context	0	empty terrain tile	1816	5161	1	28	80	source_plane=1
terrain	empty_terrain_no_floor_context	0	empty terrain tile	1816	5162	1	28	80	source_plane=1
terrain	empty_terrain_no_floor_context	0	empty terrain tile	1816	5163	1	28	80	source_plane=1
terrain	empty_terrain_no_floor_context	0	empty terrain tile	1816	5164	1	28	80	source_plane=1
terrain	empty_terrain_no_floor_context	0	empty terrain tile	1816	5165	1	28	80	source_plane=1
terrain	empty_terrain_no_floor_context	0	empty terrain tile	1816	5166	1	28	80	source_plane=1
terrain	empty_terrain_no_floor_context	0	empty terrain tile	1816	5167	1	28	80	source_plane=1
terrain	empty_terrain_no_floor_context	0	empty terrain tile	1816	5168	1	28	80	source_plane=1
terrain	empty_terrain_no_floor_context	0	empty terrain tile	1816	5169	1	28	80	source_plane=1
terrain	empty_terrain_no_floor_context	0	empty terrain tile	1816	5170	1	28	80	source_plane=1
terrain	empty_terrain_no_floor_context	0	empty terrain tile	1816	5171	1	28	80	source_plane=1
terrain	empty_terrain_no_floor_context	0	empty terrain tile	1816	5172	1	28	80	source_plane=1
terrain	empty_terrain_no_floor_context	0	empty terrain tile	1816	5173	1	28	80	source_plane=1
terrain	empty_terrain_no_floor_context	0	empty terrain tile	1816	5174	1	28	80	source_plane=1
terrain	empty_terrain_no_floor_context	0	empty terrain tile	1816	5175	1	28	80	source_plane=1
terrain	empty_terrain_no_floor_context	0	empty terrain tile	1816	5176	1	28	80	source_plane=1
terrain	empty_terrain_no_floor_context	0	empty terrain tile	1816	5177	1	28	80	source_plane=1
terrain	empty_terrain_no_floor_context	0	empty terrain tile	1816	5178	1	28	80	source_plane=1
terrain	empty_terrain_no_floor_context	0	empty terrain tile	1816	5179	1	28	80	source_plane=1
terrain	empty_terrain_no_floor_context	0	empty terrain tile	1816	5180	1	28	80	source_plane=1
terrain	empty_terrain_no_floor_context	0	empty terrain tile	1816	5181	1	28	80	source_plane=1
terrain	empty_terrain_no_floor_context	0	empty terrain tile	1816	5182	1	28	80	source_plane=1
terrain	empty_terrain_no_floor_context	0	empty terrain tile	1816	5183	1	28	80	source_plane=1
terrain	empty_terrain_no_floor_context	0	empty terrain tile	1817	5120	1	28	80	source_plane=1
terrain	empty_terrain_no_floor_context	0	empty terrain tile	1817	5121	1	28	80	source_plane=1
terrain	empty_terrain_no_floor_context	0	empty terrain tile	1817	5122	1	28	80	source_plane=1
terrain	empty_terrain_no_floor_context	0	empty terrain tile	1817	5123	1	28	80	source_plane=1
terrain	empty_terrain_no_floor_context	0	empty terrain tile	1817	5124	1	28	80	source_plane=1
terrain	empty_terrain_no_floor_context	0	empty terrain tile	1817	5125	1	28	80	source_plane=1
terrain	empty_terrain_no_floor_context	0	empty terrain tile	1817	5126	1	28	80	source_plane=1
terrain	empty_terrain_no_floor_context	0	empty terrain tile	1817	5127	1	28	80	source_plane=1
terrain	empty_terrain_no_floor_context	0	empty terrain tile	1817	5128	1	28	80	source_plane=1
terrain	empty_terrain_no_floor_context	0	empty terrain tile	1817	5129	1	28	80	source_plane=1
terrain	empty_terrain_no_floor_context	0	empty terrain tile	1817	5130	1	28	80	source_plane=1
terrain	empty_terrain_no_floor_context	0	empty terrain tile	1817	5131	1	28	80	source_plane=1
terrain	empty_terrain_no_floor_context	0	empty terrain tile	1817	5132	1	28	80	source_plane=1
terrain	empty_terrain_no_floor_context	0	empty terrain tile	1817	5133	1	28	80	source_plane=1
terrain	empty_terrain_no_floor_context	0	empty terrain tile	1817	5134	1	28	80	source_plane=1
terrain	empty_terrain_no_floor_context	0	empty terrain tile	1817	5135	1	28	80	source_plane=1
terrain	empty_terrain_no_floor_context	0	empty terrain tile	1817	5136	1	28	80	source_plane=1
terrain	empty_terrain_no_floor_context	0	empty terrain tile	1817	5137	1	28	80	source_plane=1
terrain	empty_terrain_no_floor_context	0	empty terrain tile	1817	5138	1	28	80	source_plane=1
terrain	empty_terrain_no_floor_context	0	empty terrain tile	1817	5139	1	28	80	source_plane=1
terrain	empty_terrain_no_floor_context	0	empty terrain tile	1817	5140	1	28	80	source_plane=1
terrain	empty_terrain_no_floor_context	0	empty terrain tile	1817	5141	1	28	80	source_plane=1
terrain	empty_terrain_no_floor_context	0	empty terrain tile	1817	5142	1	28	80	source_plane=1
terrain	empty_terrain_no_floor_context	0	empty terrain tile	1817	5143	1	28	80	source_plane=1
terrain	empty_terrain_no_floor_context	0	empty terrain tile	1817	5144	1	28	80	source_plane=1
terrain	empty_terrain_no_floor_context	0	empty terrain tile	1817	5145	1	28	80	source_plane=1
terrain	empty_terrain_no_floor_context	0	empty terrain tile	1817	5146	1	28	80	source_plane=1
terrain	empty_terrain_no_floor_context	0	empty terrain tile	1817	5147	1	28	80	source_plane=1
terrain	empty_terrain_no_floor_context	0	empty terrain tile	1817	5148	1	28	80	source_plane=1
terrain	empty_terrain_no_floor_context	0	empty terrain tile	1817	5149	1	28	80	source_plane=1
terrain	empty_terrain_no_floor_context	0	empty terrain tile	1817	5150	1	28	80	source_plane=1
terrain	empty_terrain_no_floor_context	0	empty terrain tile	1817	5151	1	28	80	source_plane=1
terrain	empty_terrain_no_floor_context	0	empty terrain tile	1817	5152	1	28	80	source_plane=1
terrain	empty_terrain_no_floor_context	0	empty terrain tile	1817	5153	1	28	80	source_plane=1
terrain	empty_terrain_no_floor_context	0	empty terrain tile	1817	5154	1	28	80	source_plane=1
terrain	empty_terrain_no_floor_context	0	empty terrain tile	1817	5155	1	28	80	source_plane=1
terrain	empty_terrain_no_floor_context	0	empty terrain tile	1817	5156	1	28	80	source_plane=1
terrain	empty_terrain_no_floor_context	0	empty terrain tile	1817	5157	1	28	80	source_plane=1
terrain	empty_terrain_no_floor_context	0	empty terrain tile	1817	5158	1	28	80	source_plane=1
terrain	empty_terrain_no_floor_context	0	empty terrain tile	1817	5159	1	28	80	source_plane=1
terrain	empty_terrain_no_floor_context	0	empty terrain tile	1817	5160	1	28	80	source_plane=1
terrain	empty_terrain_no_floor_context	0	empty terrain tile	1817	5161	1	28	80	source_plane=1
terrain	empty_terrain_no_floor_context	0	empty terrain tile	1817	5162	1	28	80	source_plane=1
terrain	empty_terrain_no_floor_context	0	empty terrain tile	1817	5163	1	28	80	source_plane=1
terrain	empty_terrain_no_floor_context	0	empty terrain tile	1817	5164	1	28	80	source_plane=1
terrain	empty_terrain_no_floor_context	0	empty terrain tile	1817	5165	1	28	80	source_plane=1
terrain	empty_terrain_no_floor_context	0	empty terrain tile	1817	5166	1	28	80	source_plane=1
terrain	empty_terrain_no_floor_context	0	empty terrain tile	1817	5167	1	28	80	source_plane=1
terrain	empty_terrain_no_floor_context	0	empty terrain tile	1817	5168	1	28	80	source_plane=1
terrain	empty_terrain_no_floor_context	0	empty terrain tile	1817	5169	1	28	80	source_plane=1
terrain	empty_terrain_no_floor_context	0	empty terrain tile	1817	5170	1	28	80	source_plane=1
terrain	empty_terrain_no_floor_context	0	empty terrain tile	1817	5171	1	28	80	source_plane=1
terrain	empty_terrain_no_floor_context	0	empty terrain tile	1817	5172	1	28	80	source_plane=1
terrain	empty_terrain_no_floor_context	0	empty terrain tile	1817	5173	1	28	80	source_plane=1
terrain	empty_terrain_no_floor_context	0	empty terrain tile	1817	5174	1	28	80	source_plane=1
terrain	empty_terrain_no_floor_context	0	empty terrain tile	1817	5175	1	28	80	source_plane=1
terrain	empty_terrain_no_floor_context	0	empty terrain tile	1817	5176	1	28	80	source_plane=1
terrain	empty_terrain_no_floor_context	0	empty terrain tile	1817	5177	1	28	80	source_plane=1
terrain	empty_terrain_no_floor_context	0	empty terrain tile	1817	5178	1	28	80	source_plane=1
terrain	empty_terrain_no_floor_context	0	empty terrain tile	1817	5179	1	28	80	source_plane=1
terrain	empty_terrain_no_floor_context	0	empty terrain tile	1817	5180	1	28	80	source_plane=1
terrain	empty_terrain_no_floor_context	0	empty terrain tile	1817	5181	1	28	80	source_plane=1
terrain	empty_terrain_no_floor_context	0	empty terrain tile	1817	5182	1	28	80	source_plane=1
terrain	empty_terrain_no_floor_context	0	empty terrain tile	1817	5183	1	28	80	source_plane=1
terrain	empty_terrain_no_floor_context	0	empty terrain tile	1818	5120	1	28	80	source_plane=1
terrain	empty_terrain_no_floor_context	0	empty terrain tile	1818	5121	1	28	80	source_plane=1
terrain	empty_terrain_no_floor_context	0	empty terrain tile	1818	5122	1	28	80	source_plane=1
terrain	empty_terrain_no_floor_context	0	empty terrain tile	1818	5123	1	28	80	source_plane=1
terrain	empty_terrain_no_floor_context	0	empty terrain tile	1818	5124	1	28	80	source_plane=1
terrain	empty_terrain_no_floor_context	0	empty terrain tile	1818	5125	1	28	80	source_plane=1
terrain	empty_terrain_no_floor_context	0	empty terrain tile	1818	5126	1	28	80	source_plane=1
terrain	empty_terrain_no_floor_context	0	empty terrain tile	1818	5127	1	28	80	source_plane=1
terrain	empty_terrain_no_floor_context	0	empty terrain tile	1818	5128	1	28	80	source_plane=1
terrain	empty_terrain_no_floor_context	0	empty terrain tile	1818	5129	1	28	80	source_plane=1
terrain	empty_terrain_no_floor_context	0	empty terrain tile	1818	5130	1	28	80	source_plane=1
terrain	empty_terrain_no_floor_context	0	empty terrain tile	1818	5131	1	28	80	source_plane=1
terrain	empty_terrain_no_floor_context	0	empty terrain tile	1818	5132	1	28	80	source_plane=1
terrain	empty_terrain_no_floor_context	0	empty terrain tile	1818	5133	1	28	80	source_plane=1
terrain	empty_terrain_no_floor_context	0	empty terrain tile	1818	5134	1	28	80	source_plane=1
terrain	empty_terrain_no_floor_context	0	empty terrain tile	1818	5135	1	28	80	source_plane=1
terrain	empty_terrain_no_floor_context	0	empty terrain tile	1818	5136	1	28	80	source_plane=1
terrain	empty_terrain_no_floor_context	0	empty terrain tile	1818	5137	1	28	80	source_plane=1
terrain	empty_terrain_no_floor_context	0	empty terrain tile	1818	5138	1	28	80	source_plane=1
terrain	empty_terrain_no_floor_context	0	empty terrain tile	1818	5139	1	28	80	source_plane=1
terrain	empty_terrain_no_floor_context	0	empty terrain tile	1818	5140	1	28	80	source_plane=1
terrain	empty_terrain_no_floor_context	0	empty terrain tile	1818	5141	1	28	80	source_plane=1
terrain	empty_terrain_no_floor_context	0	empty terrain tile	1818	5142	1	28	80	source_plane=1
terrain	empty_terrain_no_floor_context	0	empty terrain tile	1818	5143	1	28	80	source_plane=1
terrain	empty_terrain_no_floor_context	0	empty terrain tile	1818	5144	1	28	80	source_plane=1
terrain	empty_terrain_no_floor_context	0	empty terrain tile	1818	5145	1	28	80	source_plane=1
terrain	empty_terrain_no_floor_context	0	empty terrain tile	1818	5146	1	28	80	source_plane=1
terrain	empty_terrain_no_floor_context	0	empty terrain tile	1818	5147	1	28	80	source_plane=1
terrain	empty_terrain_no_floor_context	0	empty terrain tile	1818	5148	1	28	80	source_plane=1
terrain	empty_terrain_no_floor_context	0	empty terrain tile	1818	5149	1	28	80	source_plane=1
terrain	empty_terrain_no_floor_context	0	empty terrain tile	1818	5150	1	28	80	source_plane=1
terrain	empty_terrain_no_floor_context	0	empty terrain tile	1818	5151	1	28	80	source_plane=1
terrain	empty_terrain_no_floor_context	0	empty terrain tile	1818	5152	1	28	80	source_plane=1
terrain	empty_terrain_no_floor_context	0	empty terrain tile	1818	5153	1	28	80	source_plane=1
terrain	empty_terrain_no_floor_context	0	empty terrain tile	1818	5154	1	28	80	source_plane=1
terrain	empty_terrain_no_floor_context	0	empty terrain tile	1818	5155	1	28	80	source_plane=1
terrain	empty_terrain_no_floor_context	0	empty terrain tile	1818	5156	1	28	80	source_plane=1
terrain	empty_terrain_no_floor_context	0	empty terrain tile	1818	5157	1	28	80	source_plane=1
terrain	empty_terrain_no_floor_context	0	empty terrain tile	1818	5158	1	28	80	source_plane=1
terrain	empty_terrain_no_floor_context	0	empty terrain tile	1818	5159	1	28	80	source_plane=1
terrain	empty_terrain_no_floor_context	0	empty terrain tile	1818	5160	1	28	80	source_plane=1
terrain	empty_terrain_no_floor_context	0	empty terrain tile	1818	5161	1	28	80	source_plane=1
terrain	empty_terrain_no_floor_context	0	empty terrain tile	1818	5162	1	28	80	source_plane=1
terrain	empty_terrain_no_floor_context	0	empty terrain tile	1818	5163	1	28	80	source_plane=1
terrain	empty_terrain_no_floor_context	0	empty terrain tile	1818	5164	1	28	80	source_plane=1
terrain	empty_terrain_no_floor_context	0	empty terrain tile	1818	5165	1	28	80	source_plane=1
terrain	empty_terrain_no_floor_context	0	empty terrain tile	1818	5166	1	28	80	source_plane=1
terrain	empty_terrain_no_floor_context	0	empty terrain tile	1818	5167	1	28	80	source_plane=1
terrain	empty_terrain_no_floor_context	0	empty terrain tile	1818	5168	1	28	80	source_plane=1
terrain	empty_terrain_no_floor_context	0	empty terrain tile	1818	5169	1	28	80	source_plane=1
terrain	empty_terrain_no_floor_context	0	empty terrain tile	1818	5170	1	28	80	source_plane=1
terrain	empty_terrain_no_floor_context	0	empty terrain tile	1818	5171	1	28	80	source_plane=1
terrain	empty_terrain_no_floor_context	0	empty terrain tile	1818	5172	1	28	80	source_plane=1
terrain	empty_terrain_no_floor_context	0	empty terrain tile	1818	5173	1	28	80	source_plane=1
terrain	empty_terrain_no_floor_context	0	empty terrain tile	1818	5174	1	28	80	source_plane=1
terrain	empty_terrain_no_floor_context	0	empty terrain tile	1818	5175	1	28	80	source_plane=1
terrain	empty_terrain_no_floor_context	0	empty terrain tile	1818	5176	1	28	80	source_plane=1
terrain	empty_terrain_no_floor_context	0	empty terrain tile	1818	5177	1	28	80	source_plane=1
terrain	empty_terrain_no_floor_context	0	empty terrain tile	1818	5178	1	28	80	source_plane=1
terrain	empty_terrain_no_floor_context	0	empty terrain tile	1818	5179	1	28	80	source_plane=1
terrain	empty_terrain_no_floor_context	0	empty terrain tile	1818	5180	1	28	80	source_plane=1
terrain	empty_terrain_no_floor_context	0	empty terrain tile	1818	5181	1	28	80	source_plane=1
terrain	empty_terrain_no_floor_context	0	empty terrain tile	1818	5182	1	28	80	source_plane=1
terrain	empty_terrain_no_floor_context	0	empty terrain tile	1818	5183	1	28	80	source_plane=1
terrain	empty_terrain_no_floor_context	0	empty terrain tile	1819	5120	1	28	80	source_plane=1
terrain	empty_terrain_no_floor_context	0	empty terrain tile	1819	5121	1	28	80	source_plane=1
terrain	empty_terrain_no_floor_context	0	empty terrain tile	1819	5122	1	28	80	source_plane=1
terrain	empty_terrain_no_floor_context	0	empty terrain tile	1819	5123	1	28	80	source_plane=1
terrain	empty_terrain_no_floor_context	0	empty terrain tile	1819	5124	1	28	80	source_plane=1
terrain	empty_terrain_no_floor_context	0	empty terrain tile	1819	5125	1	28	80	source_plane=1
terrain	empty_terrain_no_floor_context	0	empty terrain tile	1819	5126	1	28	80	source_plane=1
terrain	empty_terrain_no_floor_context	0	empty terrain tile	1819	5127	1	28	80	source_plane=1
terrain	empty_terrain_no_floor_context	0	empty terrain tile	1819	5128	1	28	80	source_plane=1
terrain	empty_terrain_no_floor_context	0	empty terrain tile	1819	5129	1	28	80	source_plane=1
terrain	empty_terrain_no_floor_context	0	empty terrain tile	1819	5130	1	28	80	source_plane=1
terrain	empty_terrain_no_floor_context	0	empty terrain tile	1819	5131	1	28	80	source_plane=1
terrain	empty_terrain_no_floor_context	0	empty terrain tile	1819	5132	1	28	80	source_plane=1
terrain	empty_terrain_no_floor_context	0	empty terrain tile	1819	5133	1	28	80	source_plane=1
terrain	empty_terrain_no_floor_context	0	empty terrain tile	1819	5134	1	28	80	source_plane=1
terrain	empty_terrain_no_floor_context	0	empty terrain tile	1819	5135	1	28	80	source_plane=1
terrain	empty_terrain_no_floor_context	0	empty terrain tile	1819	5136	1	28	80	source_plane=1
terrain	empty_terrain_no_floor_context	0	empty terrain tile	1819	5137	1	28	80	source_plane=1
terrain	empty_terrain_no_floor_context	0	empty terrain tile	1819	5138	1	28	80	source_plane=1
terrain	empty_terrain_no_floor_context	0	empty terrain tile	1819	5139	1	28	80	source_plane=1
terrain	empty_terrain_no_floor_context	0	empty terrain tile	1819	5140	1	28	80	source_plane=1
terrain	empty_terrain_no_floor_context	0	empty terrain tile	1819	5141	1	28	80	source_plane=1
terrain	empty_terrain_no_floor_context	0	empty terrain tile	1819	5142	1	28	80	source_plane=1
terrain	empty_terrain_no_floor_context	0	empty terrain tile	1819	5143	1	28	80	source_plane=1
terrain	empty_terrain_no_floor_context	0	empty terrain tile	1819	5144	1	28	80	source_plane=1
terrain	empty_terrain_no_floor_context	0	empty terrain tile	1819	5145	1	28	80	source_plane=1
terrain	empty_terrain_no_floor_context	0	empty terrain tile	1819	5146	1	28	80	source_plane=1
terrain	empty_terrain_no_floor_context	0	empty terrain tile	1819	5147	1	28	80	source_plane=1
terrain	empty_terrain_no_floor_context	0	empty terrain tile	1819	5148	1	28	80	source_plane=1
terrain	empty_terrain_no_floor_context	0	empty terrain tile	1819	5149	1	28	80	source_plane=1
terrain	empty_terrain_no_floor_context	0	empty terrain tile	1819	5150	1	28	80	source_plane=1
terrain	empty_terrain_no_floor_context	0	empty terrain tile	1819	5151	1	28	80	source_plane=1
terrain	empty_terrain_no_floor_context	0	empty terrain tile	1819	5152	1	28	80	source_plane=1
terrain	empty_terrain_no_floor_context	0	empty terrain tile	1819	5153	1	28	80	source_plane=1
terrain	empty_terrain_no_floor_context	0	empty terrain tile	1819	5154	1	28	80	source_plane=1
terrain	empty_terrain_no_floor_context	0	empty terrain tile	1819	5155	1	28	80	source_plane=1
terrain	empty_terrain_no_floor_context	0	empty terrain tile	1819	5156	1	28	80	source_plane=1
terrain	empty_terrain_no_floor_context	0	empty terrain tile	1819	5157	1	28	80	source_plane=1
terrain	empty_terrain_no_floor_context	0	empty terrain tile	1819	5158	1	28	80	source_plane=1
terrain	empty_terrain_no_floor_context	0	empty terrain tile	1819	5159	1	28	80	source_plane=1
terrain	empty_terrain_no_floor_context	0	empty terrain tile	1819	5160	1	28	80	source_plane=1
terrain	empty_terrain_no_floor_context	0	empty terrain tile	1819	5161	1	28	80	source_plane=1
terrain	empty_terrain_no_floor_context	0	empty terrain tile	1819	5162	1	28	80	source_plane=1
terrain	empty_terrain_no_floor_context	0	empty terrain tile	1819	5163	1	28	80	source_plane=1
terrain	empty_terrain_no_floor_context	0	empty terrain tile	1819	5164	1	28	80	source_plane=1
terrain	empty_terrain_no_floor_context	0	empty terrain tile	1819	5165	1	28	80	source_plane=1
terrain	empty_terrain_no_floor_context	0	empty terrain tile	1819	5166	1	28	80	source_plane=1
terrain	empty_terrain_no_floor_context	0	empty terrain tile	1819	5167	1	28	80	source_plane=1
terrain	empty_terrain_no_floor_context	0	empty terrain tile	1819	5168	1	28	80	source_plane=1
terrain	empty_terrain_no_floor_context	0	empty terrain tile	1819	5169	1	28	80	source_plane=1
terrain	empty_terrain_no_floor_context	0	empty terrain tile	1819	5170	1	28	80	source_plane=1
terrain	empty_terrain_no_floor_context	0	empty terrain tile	1819	5171	1	28	80	source_plane=1
terrain	empty_terrain_no_floor_context	0	empty terrain tile	1819	5172	1	28	80	source_plane=1
terrain	empty_terrain_no_floor_context	0	empty terrain tile	1819	5173	1	28	80	source_plane=1
terrain	empty_terrain_no_floor_context	0	empty terrain tile	1819	5174	1	28	80	source_plane=1
terrain	empty_terrain_no_floor_context	0	empty terrain tile	1819	5175	1	28	80	source_plane=1
terrain	empty_terrain_no_floor_context	0	empty terrain tile	1819	5176	1	28	80	source_plane=1
terrain	empty_terrain_no_floor_context	0	empty terrain tile	1819	5177	1	28	80	source_plane=1
terrain	empty_terrain_no_floor_context	0	empty terrain tile	1819	5178	1	28	80	source_plane=1
terrain	empty_terrain_no_floor_context	0	empty terrain tile	1819	5179	1	28	80	source_plane=1
terrain	empty_terrain_no_floor_context	0	empty terrain tile	1819	5180	1	28	80	source_plane=1
terrain	empty_terrain_no_floor_context	0	empty terrain tile	1819	5181	1	28	80	source_plane=1
terrain	empty_terrain_no_floor_context	0	empty terrain tile	1819	5182	1	28	80	source_plane=1
terrain	empty_terrain_no_floor_context	0	empty terrain tile	1819	5183	1	28	80	source_plane=1
terrain	empty_terrain_no_floor_context	0	empty terrain tile	1820	5120	1	28	80	source_plane=1
terrain	empty_terrain_no_floor_context	0	empty terrain tile	1820	5121	1	28	80	source_plane=1
terrain	empty_terrain_no_floor_context	0	empty terrain tile	1820	5122	1	28	80	source_plane=1
terrain	empty_terrain_no_floor_context	0	empty terrain tile	1820	5123	1	28	80	source_plane=1
terrain	empty_terrain_no_floor_context	0	empty terrain tile	1820	5124	1	28	80	source_plane=1
terrain	empty_terrain_no_floor_context	0	empty terrain tile	1820	5125	1	28	80	source_plane=1
terrain	empty_terrain_no_floor_context	0	empty terrain tile	1820	5126	1	28	80	source_plane=1
terrain	empty_terrain_no_floor_context	0	empty terrain tile	1820	5127	1	28	80	source_plane=1
terrain	empty_terrain_no_floor_context	0	empty terrain tile	1820	5128	1	28	80	source_plane=1
terrain	empty_terrain_no_floor_context	0	empty terrain tile	1820	5129	1	28	80	source_plane=1
terrain	empty_terrain_no_floor_context	0	empty terrain tile	1820	5130	1	28	80	source_plane=1
terrain	empty_terrain_no_floor_context	0	empty terrain tile	1820	5131	1	28	80	source_plane=1
terrain	empty_terrain_no_floor_context	0	empty terrain tile	1820	5132	1	28	80	source_plane=1
terrain	empty_terrain_no_floor_context	0	empty terrain tile	1820	5133	1	28	80	source_plane=1
terrain	empty_terrain_no_floor_context	0	empty terrain tile	1820	5134	1	28	80	source_plane=1
terrain	empty_terrain_no_floor_context	0	empty terrain tile	1820	5135	1	28	80	source_plane=1
terrain	empty_terrain_no_floor_context	0	empty terrain tile	1820	5136	1	28	80	source_plane=1
terrain	empty_terrain_no_floor_context	0	empty terrain tile	1820	5137	1	28	80	source_plane=1
terrain	empty_terrain_no_floor_context	0	empty terrain tile	1820	5138	1	28	80	source_plane=1
terrain	empty_terrain_no_floor_context	0	empty terrain tile	1820	5139	1	28	80	source_plane=1
terrain	empty_terrain_no_floor_context	0	empty terrain tile	1820	5140	1	28	80	source_plane=1
terrain	empty_terrain_no_floor_context	0	empty terrain tile	1820	5141	1	28	80	source_plane=1
terrain	empty_terrain_no_floor_context	0	empty terrain tile	1820	5142	1	28	80	source_plane=1
terrain	empty_terrain_no_floor_context	0	empty terrain tile	1820	5143	1	28	80	source_plane=1
terrain	empty_terrain_no_floor_context	0	empty terrain tile	1820	5144	1	28	80	source_plane=1
terrain	empty_terrain_no_floor_context	0	empty terrain tile	1820	5145	1	28	80	source_plane=1
terrain	empty_terrain_no_floor_context	0	empty terrain tile	1820	5146	1	28	80	source_plane=1
terrain	empty_terrain_no_floor_context	0	empty terrain tile	1820	5147	1	28	80	source_plane=1
terrain	empty_terrain_no_floor_context	0	empty terrain tile	1820	5148	1	28	80	source_plane=1
terrain	empty_terrain_no_floor_context	0	empty terrain tile	1820	5149	1	28	80	source_plane=1
terrain	empty_terrain_no_floor_context	0	empty terrain tile	1820	5150	1	28	80	source_plane=1
terrain	empty_terrain_no_floor_context	0	empty terrain tile	1820	5151	1	28	80	source_plane=1
terrain	empty_terrain_no_floor_context	0	empty terrain tile	1820	5152	1	28	80	source_plane=1
terrain	empty_terrain_no_floor_context	0	empty terrain tile	1820	5153	1	28	80	source_plane=1
terrain	empty_terrain_no_floor_context	0	empty terrain tile	1820	5154	1	28	80	source_plane=1
terrain	empty_terrain_no_floor_context	0	empty terrain tile	1820	5155	1	28	80	source_plane=1
terrain	empty_terrain_no_floor_context	0	empty terrain tile	1820	5156	1	28	80	source_plane=1
terrain	empty_terrain_no_floor_context	0	empty terrain tile	1820	5157	1	28	80	source_plane=1
terrain	empty_terrain_no_floor_context	0	empty terrain tile	1820	5158	1	28	80	source_plane=1
terrain	empty_terrain_no_floor_context	0	empty terrain tile	1820	5159	1	28	80	source_plane=1
terrain	empty_terrain_no_floor_context	0	empty terrain tile	1820	5160	1	28	80	source_plane=1
terrain	empty_terrain_no_floor_context	0	empty terrain tile	1820	5161	1	28	80	source_plane=1
terrain	empty_terrain_no_floor_context	0	empty terrain tile	1820	5162	1	28	80	source_plane=1
terrain	empty_terrain_no_floor_context	0	empty terrain tile	1820	5163	1	28	80	source_plane=1
terrain	empty_terrain_no_floor_context	0	empty terrain tile	1820	5164	1	28	80	source_plane=1
terrain	empty_terrain_no_floor_context	0	empty terrain tile	1820	5165	1	28	80	source_plane=1
terrain	empty_terrain_no_floor_context	0	empty terrain tile	1820	5166	1	28	80	source_plane=1
terrain	empty_terrain_no_floor_context	0	empty terrain tile	1820	5167	1	28	80	source_plane=1
terrain	empty_terrain_no_floor_context	0	empty terrain tile	1820	5168	1	28	80	source_plane=1
terrain	empty_terrain_no_floor_context	0	empty terrain tile	1820	5169	1	28	80	source_plane=1
terrain	empty_terrain_no_floor_context	0	empty terrain tile	1820	5170	1	28	80	source_plane=1
terrain	empty_terrain_no_floor_context	0	empty terrain tile	1820	5171	1	28	80	source_plane=1
terrain	empty_terrain_no_floor_context	0	empty terrain tile	1820	5172	1	28	80	source_plane=1
terrain	empty_terrain_no_floor_context	0	empty terrain tile	1820	5173	1	28	80	source_plane=1
terrain	empty_terrain_no_floor_context	0	empty terrain tile	1820	5174	1	28	80	source_plane=1
terrain	empty_terrain_no_floor_context	0	empty terrain tile	1820	5175	1	28	80	source_plane=1
terrain	empty_terrain_no_floor_context	0	empty terrain tile	1820	5176	1	28	80	source_plane=1
terrain	empty_terrain_no_floor_context	0	empty terrain tile	1820	5177	1	28	80	source_plane=1
terrain	empty_terrain_no_floor_context	0	empty terrain tile	1820	5178	1	28	80	source_plane=1
terrain	empty_terrain_no_floor_context	0	empty terrain tile	1820	5179	1	28	80	source_plane=1
terrain	empty_terrain_no_floor_context	0	empty terrain tile	1820	5180	1	28	80	source_plane=1
terrain	empty_terrain_no_floor_context	0	empty terrain tile	1820	5181	1	28	80	source_plane=1
terrain	empty_terrain_no_floor_context	0	empty terrain tile	1820	5182	1	28	80	source_plane=1
terrain	empty_terrain_no_floor_context	0	empty terrain tile	1820	5183	1	28	80	source_plane=1
terrain	empty_terrain_no_floor_context	0	empty terrain tile	1821	5120	1	28	80	source_plane=1
terrain	empty_terrain_no_floor_context	0	empty terrain tile	1821	5121	1	28	80	source_plane=1
terrain	empty_terrain_no_floor_context	0	empty terrain tile	1821	5122	1	28	80	source_plane=1
terrain	empty_terrain_no_floor_context	0	empty terrain tile	1821	5123	1	28	80	source_plane=1
terrain	empty_terrain_no_floor_context	0	empty terrain tile	1821	5124	1	28	80	source_plane=1
terrain	empty_terrain_no_floor_context	0	empty terrain tile	1821	5125	1	28	80	source_plane=1
terrain	empty_terrain_no_floor_context	0	empty terrain tile	1821	5126	1	28	80	source_plane=1
terrain	empty_terrain_no_floor_context	0	empty terrain tile	1821	5127	1	28	80	source_plane=1
terrain	empty_terrain_no_floor_context	0	empty terrain tile	1821	5128	1	28	80	source_plane=1
terrain	empty_terrain_no_floor_context	0	empty terrain tile	1821	5129	1	28	80	source_plane=1
terrain	empty_terrain_no_floor_context	0	empty terrain tile	1821	5130	1	28	80	source_plane=1
terrain	empty_terrain_no_floor_context	0	empty terrain tile	1821	5131	1	28	80	source_plane=1
terrain	empty_terrain_no_floor_context	0	empty terrain tile	1821	5132	1	28	80	source_plane=1
terrain	empty_terrain_no_floor_context	0	empty terrain tile	1821	5133	1	28	80	source_plane=1
terrain	empty_terrain_no_floor_context	0	empty terrain tile	1821	5134	1	28	80	source_plane=1
terrain	empty_terrain_no_floor_context	0	empty terrain tile	1821	5135	1	28	80	source_plane=1
terrain	empty_terrain_no_floor_context	0	empty terrain tile	1821	5136	1	28	80	source_plane=1
terrain	empty_terrain_no_floor_context	0	empty terrain tile	1821	5137	1	28	80	source_plane=1
terrain	empty_terrain_no_floor_context	0	empty terrain tile	1821	5138	1	28	80	source_plane=1
terrain	empty_terrain_no_floor_context	0	empty terrain tile	1821	5139	1	28	80	source_plane=1
terrain	empty_terrain_no_floor_context	0	empty terrain tile	1821	5140	1	28	80	source_plane=1
terrain	empty_terrain_no_floor_context	0	empty terrain tile	1821	5141	1	28	80	source_plane=1
terrain	empty_terrain_no_floor_context	0	empty terrain tile	1821	5142	1	28	80	source_plane=1
terrain	empty_terrain_no_floor_context	0	empty terrain tile	1821	5143	1	28	80	source_plane=1
terrain	empty_terrain_no_floor_context	0	empty terrain tile	1821	5144	1	28	80	source_plane=1
terrain	empty_terrain_no_floor_context	0	empty terrain tile	1821	5145	1	28	80	source_plane=1
terrain	empty_terrain_no_floor_context	0	empty terrain tile	1821	5146	1	28	80	source_plane=1
terrain	empty_terrain_no_floor_context	0	empty terrain tile	1821	5147	1	28	80	source_plane=1
terrain	empty_terrain_no_floor_context	0	empty terrain tile	1821	5148	1	28	80	source_plane=1
terrain	empty_terrain_no_floor_context	0	empty terrain tile	1821	5149	1	28	80	source_plane=1
terrain	empty_terrain_no_floor_context	0	empty terrain tile	1821	5150	1	28	80	source_plane=1
terrain	empty_terrain_no_floor_context	0	empty terrain tile	1821	5151	1	28	80	source_plane=1
terrain	empty_terrain_no_floor_context	0	empty terrain tile	1821	5152	1	28	80	source_plane=1
terrain	empty_terrain_no_floor_context	0	empty terrain tile	1821	5153	1	28	80	source_plane=1
terrain	empty_terrain_no_floor_context	0	empty terrain tile	1821	5154	1	28	80	source_plane=1
terrain	empty_terrain_no_floor_context	0	empty terrain tile	1821	5155	1	28	80	source_plane=1
terrain	empty_terrain_no_floor_context	0	empty terrain tile	1821	5156	1	28	80	source_plane=1
terrain	empty_terrain_no_floor_context	0	empty terrain tile	1821	5157	1	28	80	source_plane=1
terrain	empty_terrain_no_floor_context	0	empty terrain tile	1821	5158	1	28	80	source_plane=1
terrain	empty_terrain_no_floor_context	0	empty terrain tile	1821	5159	1	28	80	source_plane=1
terrain	empty_terrain_no_floor_context	0	empty terrain tile	1821	5160	1	28	80	source_plane=1
terrain	empty_terrain_no_floor_context	0	empty terrain tile	1821	5161	1	28	80	source_plane=1
terrain	empty_terrain_no_floor_context	0	empty terrain tile	1821	5162	1	28	80	source_plane=1
terrain	empty_terrain_no_floor_context	0	empty terrain tile	1821	5163	1	28	80	source_plane=1
terrain	empty_terrain_no_floor_context	0	empty terrain tile	1821	5164	1	28	80	source_plane=1
terrain	empty_terrain_no_floor_context	0	empty terrain tile	1821	5165	1	28	80	source_plane=1
terrain	empty_terrain_no_floor_context	0	empty terrain tile	1821	5166	1	28	80	source_plane=1
terrain	empty_terrain_no_floor_context	0	empty terrain tile	1821	5167	1	28	80	source_plane=1
terrain	empty_terrain_no_floor_context	0	empty terrain tile	1821	5168	1	28	80	source_plane=1
terrain	empty_terrain_no_floor_context	0	empty terrain tile	1821	5169	1	28	80	source_plane=1
terrain	empty_terrain_no_floor_context	0	empty terrain tile	1821	5170	1	28	80	source_plane=1
terrain	empty_terrain_no_floor_context	0	empty terrain tile	1821	5171	1	28	80	source_plane=1
terrain	empty_terrain_no_floor_context	0	empty terrain tile	1821	5172	1	28	80	source_plane=1
terrain	empty_terrain_no_floor_context	0	empty terrain tile	1821	5173	1	28	80	source_plane=1
terrain	empty_terrain_no_floor_context	0	empty terrain tile	1821	5174	1	28	80	source_plane=1
terrain	empty_terrain_no_floor_context	0	empty terrain tile	1821	5175	1	28	80	source_plane=1
terrain	empty_terrain_no_floor_context	0	empty terrain tile	1821	5176	1	28	80	source_plane=1
terrain	empty_terrain_no_floor_context	0	empty terrain tile	1821	5177	1	28	80	source_plane=1
terrain	empty_terrain_no_floor_context	0	empty terrain tile	1821	5178	1	28	80	source_plane=1
terrain	empty_terrain_no_floor_context	0	empty terrain tile	1821	5179	1	28	80	source_plane=1
terrain	empty_terrain_no_floor_context	0	empty terrain tile	1821	5180	1	28	80	source_plane=1
terrain	empty_terrain_no_floor_context	0	empty terrain tile	1821	5181	1	28	80	source_plane=1
terrain	empty_terrain_no_floor_context	0	empty terrain tile	1821	5182	1	28	80	source_plane=1
terrain	empty_terrain_no_floor_context	0	empty terrain tile	1821	5183	1	28	80	source_plane=1
terrain	empty_terrain_no_floor_context	0	empty terrain tile	1822	5120	1	28	80	source_plane=1
terrain	empty_terrain_no_floor_context	0	empty terrain tile	1822	5121	1	28	80	source_plane=1
terrain	empty_terrain_no_floor_context	0	empty terrain tile	1822	5122	1	28	80	source_plane=1
terrain	empty_terrain_no_floor_context	0	empty terrain tile	1822	5123	1	28	80	source_plane=1
terrain	empty_terrain_no_floor_context	0	empty terrain tile	1822	5124	1	28	80	source_plane=1
terrain	empty_terrain_no_floor_context	0	empty terrain tile	1822	5125	1	28	80	source_plane=1
terrain	empty_terrain_no_floor_context	0	empty terrain tile	1822	5126	1	28	80	source_plane=1
terrain	empty_terrain_no_floor_context	0	empty terrain tile	1822	5127	1	28	80	source_plane=1
terrain	empty_terrain_no_floor_context	0	empty terrain tile	1822	5128	1	28	80	source_plane=1
terrain	empty_terrain_no_floor_context	0	empty terrain tile	1822	5129	1	28	80	source_plane=1
terrain	empty_terrain_no_floor_context	0	empty terrain tile	1822	5130	1	28	80	source_plane=1
terrain	empty_terrain_no_floor_context	0	empty terrain tile	1822	5131	1	28	80	source_plane=1
terrain	empty_terrain_no_floor_context	0	empty terrain tile	1822	5132	1	28	80	source_plane=1
terrain	empty_terrain_no_floor_context	0	empty terrain tile	1822	5133	1	28	80	source_plane=1
terrain	empty_terrain_no_floor_context	0	empty terrain tile	1822	5134	1	28	80	source_plane=1
terrain	empty_terrain_no_floor_context	0	empty terrain tile	1822	5135	1	28	80	source_plane=1
terrain	empty_terrain_no_floor_context	0	empty terrain tile	1822	5136	1	28	80	source_plane=1
terrain	empty_terrain_no_floor_context	0	empty terrain tile	1822	5137	1	28	80	source_plane=1
terrain	empty_terrain_no_floor_context	0	empty terrain tile	1822	5138	1	28	80	source_plane=1
terrain	empty_terrain_no_floor_context	0	empty terrain tile	1822	5139	1	28	80	source_plane=1
terrain	empty_terrain_no_floor_context	0	empty terrain tile	1822	5140	1	28	80	source_plane=1
terrain	empty_terrain_no_floor_context	0	empty terrain tile	1822	5141	1	28	80	source_plane=1
terrain	empty_terrain_no_floor_context	0	empty terrain tile	1822	5142	1	28	80	source_plane=1
terrain	empty_terrain_no_floor_context	0	empty terrain tile	1822	5143	1	28	80	source_plane=1
terrain	empty_terrain_no_floor_context	0	empty terrain tile	1822	5144	1	28	80	source_plane=1
terrain	empty_terrain_no_floor_context	0	empty terrain tile	1822	5145	1	28	80	source_plane=1
terrain	empty_terrain_no_floor_context	0	empty terrain tile	1822	5146	1	28	80	source_plane=1
terrain	empty_terrain_no_floor_context	0	empty terrain tile	1822	5147	1	28	80	source_plane=1
terrain	empty_terrain_no_floor_context	0	empty terrain tile	1822	5148	1	28	80	source_plane=1
terrain	empty_terrain_no_floor_context	0	empty terrain tile	1822	5149	1	28	80	source_plane=1
terrain	empty_terrain_no_floor_context	0	empty terrain tile	1822	5150	1	28	80	source_plane=1
terrain	empty_terrain_no_floor_context	0	empty terrain tile	1822	5151	1	28	80	source_plane=1
terrain	empty_terrain_no_floor_context	0	empty terrain tile	1822	5152	1	28	80	source_plane=1
terrain	empty_terrain_no_floor_context	0	empty terrain tile	1822	5153	1	28	80	source_plane=1
terrain	empty_terrain_no_floor_context	0	empty terrain tile	1822	5154	1	28	80	source_plane=1
terrain	empty_terrain_no_floor_context	0	empty terrain tile	1822	5155	1	28	80	source_plane=1
terrain	empty_terrain_no_floor_context	0	empty terrain tile	1822	5156	1	28	80	source_plane=1
terrain	empty_terrain_no_floor_context	0	empty terrain tile	1822	5157	1	28	80	source_plane=1
terrain	empty_terrain_no_floor_context	0	empty terrain tile	1822	5158	1	28	80	source_plane=1
terrain	empty_terrain_no_floor_context	0	empty terrain tile	1822	5159	1	28	80	source_plane=1
terrain	empty_terrain_no_floor_context	0	empty terrain tile	1822	5160	1	28	80	source_plane=1
terrain	empty_terrain_no_floor_context	0	empty terrain tile	1822	5161	1	28	80	source_plane=1
terrain	empty_terrain_no_floor_context	0	empty terrain tile	1822	5162	1	28	80	source_plane=1
terrain	empty_terrain_no_floor_context	0	empty terrain tile	1822	5163	1	28	80	source_plane=1
terrain	empty_terrain_no_floor_context	0	empty terrain tile	1822	5164	1	28	80	source_plane=1
terrain	empty_terrain_no_floor_context	0	empty terrain tile	1822	5165	1	28	80	source_plane=1
terrain	empty_terrain_no_floor_context	0	empty terrain tile	1822	5166	1	28	80	source_plane=1
terrain	empty_terrain_no_floor_context	0	empty terrain tile	1822	5167	1	28	80	source_plane=1
terrain	empty_terrain_no_floor_context	0	empty terrain tile	1822	5168	1	28	80	source_plane=1
terrain	empty_terrain_no_floor_context	0	empty terrain tile	1822	5169	1	28	80	source_plane=1
terrain	empty_terrain_no_floor_context	0	empty terrain tile	1822	5170	1	28	80	source_plane=1
terrain	empty_terrain_no_floor_context	0	empty terrain tile	1822	5171	1	28	80	source_plane=1
terrain	empty_terrain_no_floor_context	0	empty terrain tile	1822	5172	1	28	80	source_plane=1
terrain	empty_terrain_no_floor_context	0	empty terrain tile	1822	5173	1	28	80	source_plane=1
terrain	empty_terrain_no_floor_context	0	empty terrain tile	1822	5174	1	28	80	source_plane=1
terrain	empty_terrain_no_floor_context	0	empty terrain tile	1822	5175	1	28	80	source_plane=1
terrain	empty_terrain_no_floor_context	0	empty terrain tile	1822	5176	1	28	80	source_plane=1
terrain	empty_terrain_no_floor_context	0	empty terrain tile	1822	5177	1	28	80	source_plane=1
terrain	empty_terrain_no_floor_context	0	empty terrain tile	1822	5178	1	28	80	source_plane=1
terrain	empty_terrain_no_floor_context	0	empty terrain tile	1822	5179	1	28	80	source_plane=1
terrain	empty_terrain_no_floor_context	0	empty terrain tile	1822	5180	1	28	80	source_plane=1
terrain	empty_terrain_no_floor_context	0	empty terrain tile	1822	5181	1	28	80	source_plane=1
terrain	empty_terrain_no_floor_context	0	empty terrain tile	1822	5182	1	28	80	source_plane=1
terrain	empty_terrain_no_floor_context	0	empty terrain tile	1822	5183	1	28	80	source_plane=1
terrain	empty_terrain_no_floor_context	0	empty terrain tile	1823	5120	1	28	80	source_plane=1
terrain	empty_terrain_no_floor_context	0	empty terrain tile	1823	5121	1	28	80	source_plane=1
terrain	empty_terrain_no_floor_context	0	empty terrain tile	1823	5122	1	28	80	source_plane=1
terrain	empty_terrain_no_floor_context	0	empty terrain tile	1823	5123	1	28	80	source_plane=1
terrain	empty_terrain_no_floor_context	0	empty terrain tile	1823	5124	1	28	80	source_plane=1
terrain	empty_terrain_no_floor_context	0	empty terrain tile	1823	5125	1	28	80	source_plane=1
terrain	empty_terrain_no_floor_context	0	empty terrain tile	1823	5126	1	28	80	source_plane=1
terrain	empty_terrain_no_floor_context	0	empty terrain tile	1823	5127	1	28	80	source_plane=1
terrain	empty_terrain_no_floor_context	0	empty terrain tile	1823	5128	1	28	80	source_plane=1
terrain	empty_terrain_no_floor_context	0	empty terrain tile	1823	5129	1	28	80	source_plane=1
terrain	empty_terrain_no_floor_context	0	empty terrain tile	1823	5130	1	28	80	source_plane=1
terrain	empty_terrain_no_floor_context	0	empty terrain tile	1823	5131	1	28	80	source_plane=1
terrain	empty_terrain_no_floor_context	0	empty terrain tile	1823	5132	1	28	80	source_plane=1
terrain	empty_terrain_no_floor_context	0	empty terrain tile	1823	5133	1	28	80	source_plane=1
terrain	empty_terrain_no_floor_context	0	empty terrain tile	1823	5134	1	28	80	source_plane=1
terrain	empty_terrain_no_floor_context	0	empty terrain tile	1823	5135	1	28	80	source_plane=1
terrain	empty_terrain_no_floor_context	0	empty terrain tile	1823	5136	1	28	80	source_plane=1
terrain	empty_terrain_no_floor_context	0	empty terrain tile	1823	5137	1	28	80	source_plane=1
terrain	empty_terrain_no_floor_context	0	empty terrain tile	1823	5138	1	28	80	source_plane=1
terrain	empty_terrain_no_floor_context	0	empty terrain tile	1823	5139	1	28	80	source_plane=1
terrain	empty_terrain_no_floor_context	0	empty terrain tile	1823	5140	1	28	80	source_plane=1
terrain	empty_terrain_no_floor_context	0	empty terrain tile	1823	5141	1	28	80	source_plane=1
terrain	empty_terrain_no_floor_context	0	empty terrain tile	1823	5142	1	28	80	source_plane=1
terrain	empty_terrain_no_floor_context	0	empty terrain tile	1823	5143	1	28	80	source_plane=1
terrain	empty_terrain_no_floor_context	0	empty terrain tile	1823	5144	1	28	80	source_plane=1
terrain	empty_terrain_no_floor_context	0	empty terrain tile	1823	5145	1	28	80	source_plane=1
terrain	empty_terrain_no_floor_context	0	empty terrain tile	1823	5146	1	28	80	source_plane=1
terrain	empty_terrain_no_floor_context	0	empty terrain tile	1823	5147	1	28	80	source_plane=1
terrain	empty_terrain_no_floor_context	0	empty terrain tile	1823	5148	1	28	80	source_plane=1
terrain	empty_terrain_no_floor_context	0	empty terrain tile	1823	5149	1	28	80	source_plane=1
terrain	empty_terrain_no_floor_context	0	empty terrain tile	1823	5150	1	28	80	source_plane=1
terrain	empty_terrain_no_floor_context	0	empty terrain tile	1823	5151	1	28	80	source_plane=1
terrain	empty_terrain_no_floor_context	0	empty terrain tile	1823	5152	1	28	80	source_plane=1
terrain	empty_terrain_no_floor_context	0	empty terrain tile	1823	5153	1	28	80	source_plane=1
terrain	empty_terrain_no_floor_context	0	empty terrain tile	1823	5154	1	28	80	source_plane=1
terrain	empty_terrain_no_floor_context	0	empty terrain tile	1823	5155	1	28	80	source_plane=1
terrain	empty_terrain_no_floor_context	0	empty terrain tile	1823	5156	1	28	80	source_plane=1
terrain	empty_terrain_no_floor_context	0	empty terrain tile	1823	5157	1	28	80	source_plane=1
terrain	empty_terrain_no_floor_context	0	empty terrain tile	1823	5158	1	28	80	source_plane=1
terrain	empty_terrain_no_floor_context	0	empty terrain tile	1823	5159	1	28	80	source_plane=1
terrain	empty_terrain_no_floor_context	0	empty terrain tile	1823	5160	1	28	80	source_plane=1
terrain	empty_terrain_no_floor_context	0	empty terrain tile	1823	5161	1	28	80	source_plane=1
terrain	empty_terrain_no_floor_context	0	empty terrain tile	1823	5162	1	28	80	source_plane=1
terrain	empty_terrain_no_floor_context	0	empty terrain tile	1823	5163	1	28	80	source_plane=1
terrain	empty_terrain_no_floor_context	0	empty terrain tile	1823	5164	1	28	80	source_plane=1
terrain	empty_terrain_no_floor_context	0	empty terrain tile	1823	5165	1	28	80	source_plane=1
terrain	empty_terrain_no_floor_context	0	empty terrain tile	1823	5166	1	28	80	source_plane=1
terrain	empty_terrain_no_floor_context	0	empty terrain tile	1823	5167	1	28	80	source_plane=1
terrain	empty_terrain_no_floor_context	0	empty terrain tile	1823	5168	1	28	80	source_plane=1
terrain	empty_terrain_no_floor_context	0	empty terrain tile	1823	5169	1	28	80	source_plane=1
terrain	empty_terrain_no_floor_context	0	empty terrain tile	1823	5170	1	28	80	source_plane=1
terrain	empty_terrain_no_floor_context	0	empty terrain tile	1823	5171	1	28	80	source_plane=1
terrain	empty_terrain_no_floor_context	0	empty terrain tile	1823	5172	1	28	80	source_plane=1
terrain	empty_terrain_no_floor_context	0	empty terrain tile	1823	5173	1	28	80	source_plane=1
terrain	empty_terrain_no_floor_context	0	empty terrain tile	1823	5174	1	28	80	source_plane=1
terrain	empty_terrain_no_floor_context	0	empty terrain tile	1823	5175	1	28	80	source_plane=1
terrain	empty_terrain_no_floor_context	0	empty terrain tile	1823	5176	1	28	80	source_plane=1
terrain	empty_terrain_no_floor_context	0	empty terrain tile	1823	5177	1	28	80	source_plane=1
terrain	empty_terrain_no_floor_context	0	empty terrain tile	1823	5178	1	28	80	source_plane=1
terrain	empty_terrain_no_floor_context	0	empty terrain tile	1823	5179	1	28	80	source_plane=1
terrain	empty_terrain_no_floor_context	0	empty terrain tile	1823	5180	1	28	80	source_plane=1
terrain	empty_terrain_no_floor_context	0	empty terrain tile	1823	5181	1	28	80	source_plane=1
terrain	empty_terrain_no_floor_context	0	empty terrain tile	1823	5182	1	28	80	source_plane=1
terrain	empty_terrain_no_floor_context	0	empty terrain tile	1823	5183	1	28	80	source_plane=1
terrain	empty_terrain_no_floor_context	0	empty terrain tile	1824	5120	1	28	80	source_plane=1
terrain	empty_terrain_no_floor_context	0	empty terrain tile	1824	5121	1	28	80	source_plane=1
terrain	empty_terrain_no_floor_context	0	empty terrain tile	1824	5122	1	28	80	source_plane=1
terrain	empty_terrain_no_floor_context	0	empty terrain tile	1824	5123	1	28	80	source_plane=1
terrain	empty_terrain_no_floor_context	0	empty terrain tile	1824	5124	1	28	80	source_plane=1
terrain	empty_terrain_no_floor_context	0	empty terrain tile	1824	5125	1	28	80	source_plane=1
terrain	empty_terrain_no_floor_context	0	empty terrain tile	1824	5126	1	28	80	source_plane=1
terrain	empty_terrain_no_floor_context	0	empty terrain tile	1824	5127	1	28	80	source_plane=1
terrain	empty_terrain_no_floor_context	0	empty terrain tile	1824	5128	1	28	80	source_plane=1
terrain	empty_terrain_no_floor_context	0	empty terrain tile	1824	5129	1	28	80	source_plane=1
terrain	empty_terrain_no_floor_context	0	empty terrain tile	1824	5130	1	28	80	source_plane=1
terrain	empty_terrain_no_floor_context	0	empty terrain tile	1824	5131	1	28	80	source_plane=1
terrain	empty_terrain_no_floor_context	0	empty terrain tile	1824	5132	1	28	80	source_plane=1
terrain	empty_terrain_no_floor_context	0	empty terrain tile	1824	5133	1	28	80	source_plane=1
terrain	empty_terrain_no_floor_context	0	empty terrain tile	1824	5134	1	28	80	source_plane=1
terrain	empty_terrain_no_floor_context	0	empty terrain tile	1824	5135	1	28	80	source_plane=1
terrain	empty_terrain_no_floor_context	0	empty terrain tile	1824	5136	1	28	80	source_plane=1
terrain	empty_terrain_no_floor_context	0	empty terrain tile	1824	5137	1	28	80	source_plane=1
terrain	empty_terrain_no_floor_context	0	empty terrain tile	1824	5138	1	28	80	source_plane=1
terrain	empty_terrain_no_floor_context	0	empty terrain tile	1824	5139	1	28	80	source_plane=1
terrain	empty_terrain_no_floor_context	0	empty terrain tile	1824	5140	1	28	80	source_plane=1
terrain	empty_terrain_no_floor_context	0	empty terrain tile	1824	5141	1	28	80	source_plane=1
terrain	empty_terrain_no_floor_context	0	empty terrain tile	1824	5142	1	28	80	source_plane=1
terrain	empty_terrain_no_floor_context	0	empty terrain tile	1824	5143	1	28	80	source_plane=1
terrain	empty_terrain_no_floor_context	0	empty terrain tile	1824	5144	1	28	80	source_plane=1
terrain	empty_terrain_no_floor_context	0	empty terrain tile	1824	5145	1	28	80	source_plane=1
terrain	empty_terrain_no_floor_context	0	empty terrain tile	1824	5146	1	28	80	source_plane=1
terrain	empty_terrain_no_floor_context	0	empty terrain tile	1824	5147	1	28	80	source_plane=1
terrain	empty_terrain_no_floor_context	0	empty terrain tile	1824	5148	1	28	80	source_plane=1
terrain	empty_terrain_no_floor_context	0	empty terrain tile	1824	5149	1	28	80	source_plane=1
terrain	empty_terrain_no_floor_context	0	empty terrain tile	1824	5150	1	28	80	source_plane=1
terrain	empty_terrain_no_floor_context	0	empty terrain tile	1824	5151	1	28	80	source_plane=1
terrain	empty_terrain_no_floor_context	0	empty terrain tile	1824	5152	1	28	80	source_plane=1
terrain	empty_terrain_no_floor_context	0	empty terrain tile	1824	5153	1	28	80	source_plane=1
terrain	empty_terrain_no_floor_context	0	empty terrain tile	1824	5154	1	28	80	source_plane=1
terrain	empty_terrain_no_floor_context	0	empty terrain tile	1824	5155	1	28	80	source_plane=1
terrain	empty_terrain_no_floor_context	0	empty terrain tile	1824	5156	1	28	80	source_plane=1
terrain	empty_terrain_no_floor_context	0	empty terrain tile	1824	5157	1	28	80	source_plane=1
terrain	empty_terrain_no_floor_context	0	empty terrain tile	1824	5158	1	28	80	source_plane=1
terrain	empty_terrain_no_floor_context	0	empty terrain tile	1824	5159	1	28	80	source_plane=1
terrain	empty_terrain_no_floor_context	0	empty terrain tile	1824	5160	1	28	80	source_plane=1
terrain	empty_terrain_no_floor_context	0	empty terrain tile	1824	5161	1	28	80	source_plane=1
terrain	empty_terrain_no_floor_context	0	empty terrain tile	1824	5162	1	28	80	source_plane=1
terrain	empty_terrain_no_floor_context	0	empty terrain tile	1824	5163	1	28	80	source_plane=1
terrain	empty_terrain_no_floor_context	0	empty terrain tile	1824	5164	1	28	80	source_plane=1
terrain	empty_terrain_no_floor_context	0	empty terrain tile	1824	5165	1	28	80	source_plane=1
terrain	empty_terrain_no_floor_context	0	empty terrain tile	1824	5166	1	28	80	source_plane=1
terrain	empty_terrain_no_floor_context	0	empty terrain tile	1824	5167	1	28	80	source_plane=1
terrain	empty_terrain_no_floor_context	0	empty terrain tile	1824	5168	1	28	80	source_plane=1
terrain	empty_terrain_no_floor_context	0	empty terrain tile	1824	5169	1	28	80	source_plane=1
terrain	empty_terrain_no_floor_context	0	empty terrain tile	1824	5170	1	28	80	source_plane=1
terrain	empty_terrain_no_floor_context	0	empty terrain tile	1824	5171	1	28	80	source_plane=1
terrain	empty_terrain_no_floor_context	0	empty terrain tile	1824	5172	1	28	80	source_plane=1
terrain	empty_terrain_no_floor_context	0	empty terrain tile	1824	5173	1	28	80	source_plane=1
terrain	empty_terrain_no_floor_context	0	empty terrain tile	1824	5174	1	28	80	source_plane=1
terrain	empty_terrain_no_floor_context	0	empty terrain tile	1824	5175	1	28	80	source_plane=1
terrain	empty_terrain_no_floor_context	0	empty terrain tile	1824	5176	1	28	80	source_plane=1
terrain	empty_terrain_no_floor_context	0	empty terrain tile	1824	5177	1	28	80	source_plane=1
terrain	empty_terrain_no_floor_context	0	empty terrain tile	1824	5178	1	28	80	source_plane=1
terrain	empty_terrain_no_floor_context	0	empty terrain tile	1824	5179	1	28	80	source_plane=1
terrain	empty_terrain_no_floor_context	0	empty terrain tile	1824	5180	1	28	80	source_plane=1
terrain	empty_terrain_no_floor_context	0	empty terrain tile	1824	5181	1	28	80	source_plane=1
terrain	empty_terrain_no_floor_context	0	empty terrain tile	1824	5182	1	28	80	source_plane=1
terrain	empty_terrain_no_floor_context	0	empty terrain tile	1824	5183	1	28	80	source_plane=1
terrain	empty_terrain_no_floor_context	0	empty terrain tile	1825	5120	1	28	80	source_plane=1
terrain	empty_terrain_no_floor_context	0	empty terrain tile	1825	5121	1	28	80	source_plane=1
terrain	empty_terrain_no_floor_context	0	empty terrain tile	1825	5122	1	28	80	source_plane=1
terrain	empty_terrain_no_floor_context	0	empty terrain tile	1825	5123	1	28	80	source_plane=1
terrain	empty_terrain_no_floor_context	0	empty terrain tile	1825	5124	1	28	80	source_plane=1
terrain	empty_terrain_no_floor_context	0	empty terrain tile	1825	5125	1	28	80	source_plane=1
terrain	empty_terrain_no_floor_context	0	empty terrain tile	1825	5126	1	28	80	source_plane=1
terrain	empty_terrain_no_floor_context	0	empty terrain tile	1825	5127	1	28	80	source_plane=1
terrain	empty_terrain_no_floor_context	0	empty terrain tile	1825	5128	1	28	80	source_plane=1
terrain	empty_terrain_no_floor_context	0	empty terrain tile	1825	5129	1	28	80	source_plane=1
terrain	empty_terrain_no_floor_context	0	empty terrain tile	1825	5130	1	28	80	source_plane=1
terrain	empty_terrain_no_floor_context	0	empty terrain tile	1825	5131	1	28	80	source_plane=1
terrain	empty_terrain_no_floor_context	0	empty terrain tile	1825	5132	1	28	80	source_plane=1
terrain	empty_terrain_no_floor_context	0	empty terrain tile	1825	5133	1	28	80	source_plane=1
terrain	empty_terrain_no_floor_context	0	empty terrain tile	1825	5134	1	28	80	source_plane=1
terrain	empty_terrain_no_floor_context	0	empty terrain tile	1825	5135	1	28	80	source_plane=1
terrain	empty_terrain_no_floor_context	0	empty terrain tile	1825	5136	1	28	80	source_plane=1
terrain	empty_terrain_no_floor_context	0	empty terrain tile	1825	5137	1	28	80	source_plane=1
terrain	empty_terrain_no_floor_context	0	empty terrain tile	1825	5138	1	28	80	source_plane=1
terrain	empty_terrain_no_floor_context	0	empty terrain tile	1825	5139	1	28	80	source_plane=1
terrain	empty_terrain_no_floor_context	0	empty terrain tile	1825	5140	1	28	80	source_plane=1
terrain	empty_terrain_no_floor_context	0	empty terrain tile	1825	5141	1	28	80	source_plane=1
terrain	empty_terrain_no_floor_context	0	empty terrain tile	1825	5142	1	28	80	source_plane=1
terrain	empty_terrain_no_floor_context	0	empty terrain tile	1825	5143	1	28	80	source_plane=1
terrain	empty_terrain_no_floor_context	0	empty terrain tile	1825	5144	1	28	80	source_plane=1
terrain	empty_terrain_no_floor_context	0	empty terrain tile	1825	5145	1	28	80	source_plane=1
terrain	empty_terrain_no_floor_context	0	empty terrain tile	1825	5146	1	28	80	source_plane=1
terrain	empty_terrain_no_floor_context	0	empty terrain tile	1825	5147	1	28	80	source_plane=1
terrain	empty_terrain_no_floor_context	0	empty terrain tile	1825	5148	1	28	80	source_plane=1
terrain	empty_terrain_no_floor_context	0	empty terrain tile	1825	5149	1	28	80	source_plane=1
terrain	empty_terrain_no_floor_context	0	empty terrain tile	1825	5150	1	28	80	source_plane=1
terrain	empty_terrain_no_floor_context	0	empty terrain tile	1825	5151	1	28	80	source_plane=1
terrain	empty_terrain_no_floor_context	0	empty terrain tile	1825	5152	1	28	80	source_plane=1
terrain	empty_terrain_no_floor_context	0	empty terrain tile	1825	5153	1	28	80	source_plane=1
terrain	empty_terrain_no_floor_context	0	empty terrain tile	1825	5154	1	28	80	source_plane=1
terrain	empty_terrain_no_floor_context	0	empty terrain tile	1825	5155	1	28	80	source_plane=1
terrain	empty_terrain_no_floor_context	0	empty terrain tile	1825	5156	1	28	80	source_plane=1
terrain	empty_terrain_no_floor_context	0	empty terrain tile	1825	5157	1	28	80	source_plane=1
terrain	empty_terrain_no_floor_context	0	empty terrain tile	1825	5158	1	28	80	source_plane=1
terrain	empty_terrain_no_floor_context	0	empty terrain tile	1825	5159	1	28	80	source_plane=1
terrain	empty_terrain_no_floor_context	0	empty terrain tile	1825	5160	1	28	80	source_plane=1
terrain	empty_terrain_no_floor_context	0	empty terrain tile	1825	5161	1	28	80	source_plane=1
terrain	empty_terrain_no_floor_context	0	empty terrain tile	1825	5162	1	28	80	source_plane=1
terrain	empty_terrain_no_floor_context	0	empty terrain tile	1825	5163	1	28	80	source_plane=1
terrain	empty_terrain_no_floor_context	0	empty terrain tile	1825	5164	1	28	80	source_plane=1
terrain	empty_terrain_no_floor_context	0	empty terrain tile	1825	5165	1	28	80	source_plane=1
terrain	empty_terrain_no_floor_context	0	empty terrain tile	1825	5166	1	28	80	source_plane=1
terrain	empty_terrain_no_floor_context	0	empty terrain tile	1825	5167	1	28	80	source_plane=1
terrain	empty_terrain_no_floor_context	0	empty terrain tile	1825	5168	1	28	80	source_plane=1
terrain	empty_terrain_no_floor_context	0	empty terrain tile	1825	5169	1	28	80	source_plane=1
terrain	empty_terrain_no_floor_context	0	empty terrain tile	1825	5170	1	28	80	source_plane=1
terrain	empty_terrain_no_floor_context	0	empty terrain tile	1825	5171	1	28	80	source_plane=1
terrain	empty_terrain_no_floor_context	0	empty terrain tile	1825	5172	1	28	80	source_plane=1
terrain	empty_terrain_no_floor_context	0	empty terrain tile	1825	5173	1	28	80	source_plane=1
terrain	empty_terrain_no_floor_context	0	empty terrain tile	1825	5174	1	28	80	source_plane=1
terrain	empty_terrain_no_floor_context	0	empty terrain tile	1825	5175	1	28	80	source_plane=1
terrain	empty_terrain_no_floor_context	0	empty terrain tile	1825	5176	1	28	80	source_plane=1
terrain	empty_terrain_no_floor_context	0	empty terrain tile	1825	5177	1	28	80	source_plane=1
terrain	empty_terrain_no_floor_context	0	empty terrain tile	1825	5178	1	28	80	source_plane=1
terrain	empty_terrain_no_floor_context	0	empty terrain tile	1825	5179	1	28	80	source_plane=1
terrain	empty_terrain_no_floor_context	0	empty terrain tile	1825	5180	1	28	80	source_plane=1
terrain	empty_terrain_no_floor_context	0	empty terrain tile	1825	5181	1	28	80	source_plane=1
terrain	empty_terrain_no_floor_context	0	empty terrain tile	1825	5182	1	28	80	source_plane=1
terrain	empty_terrain_no_floor_context	0	empty terrain tile	1825	5183	1	28	80	source_plane=1
terrain	empty_terrain_no_floor_context	0	empty terrain tile	1826	5120	1	28	80	source_plane=1
terrain	empty_terrain_no_floor_context	0	empty terrain tile	1826	5121	1	28	80	source_plane=1
terrain	empty_terrain_no_floor_context	0	empty terrain tile	1826	5122	1	28	80	source_plane=1
terrain	empty_terrain_no_floor_context	0	empty terrain tile	1826	5123	1	28	80	source_plane=1
terrain	empty_terrain_no_floor_context	0	empty terrain tile	1826	5124	1	28	80	source_plane=1
terrain	empty_terrain_no_floor_context	0	empty terrain tile	1826	5125	1	28	80	source_plane=1
terrain	empty_terrain_no_floor_context	0	empty terrain tile	1826	5126	1	28	80	source_plane=1
terrain	empty_terrain_no_floor_context	0	empty terrain tile	1826	5127	1	28	80	source_plane=1
terrain	empty_terrain_no_floor_context	0	empty terrain tile	1826	5128	1	28	80	source_plane=1
terrain	empty_terrain_no_floor_context	0	empty terrain tile	1826	5129	1	28	80	source_plane=1
terrain	empty_terrain_no_floor_context	0	empty terrain tile	1826	5130	1	28	80	source_plane=1
terrain	empty_terrain_no_floor_context	0	empty terrain tile	1826	5131	1	28	80	source_plane=1
terrain	empty_terrain_no_floor_context	0	empty terrain tile	1826	5132	1	28	80	source_plane=1
terrain	empty_terrain_no_floor_context	0	empty terrain tile	1826	5133	1	28	80	source_plane=1
terrain	empty_terrain_no_floor_context	0	empty terrain tile	1826	5134	1	28	80	source_plane=1
terrain	empty_terrain_no_floor_context	0	empty terrain tile	1826	5135	1	28	80	source_plane=1
terrain	empty_terrain_no_floor_context	0	empty terrain tile	1826	5136	1	28	80	source_plane=1
terrain	empty_terrain_no_floor_context	0	empty terrain tile	1826	5137	1	28	80	source_plane=1
terrain	empty_terrain_no_floor_context	0	empty terrain tile	1826	5138	1	28	80	source_plane=1
terrain	empty_terrain_no_floor_context	0	empty terrain tile	1826	5139	1	28	80	source_plane=1
terrain	empty_terrain_no_floor_context	0	empty terrain tile	1826	5140	1	28	80	source_plane=1
terrain	empty_terrain_no_floor_context	0	empty terrain tile	1826	5141	1	28	80	source_plane=1
terrain	empty_terrain_no_floor_context	0	empty terrain tile	1826	5142	1	28	80	source_plane=1
terrain	empty_terrain_no_floor_context	0	empty terrain tile	1826	5143	1	28	80	source_plane=1
terrain	empty_terrain_no_floor_context	0	empty terrain tile	1826	5144	1	28	80	source_plane=1
terrain	empty_terrain_no_floor_context	0	empty terrain tile	1826	5145	1	28	80	source_plane=1
terrain	empty_terrain_no_floor_context	0	empty terrain tile	1826	5146	1	28	80	source_plane=1
terrain	empty_terrain_no_floor_context	0	empty terrain tile	1826	5147	1	28	80	source_plane=1
terrain	empty_terrain_no_floor_context	0	empty terrain tile	1826	5148	1	28	80	source_plane=1
terrain	empty_terrain_no_floor_context	0	empty terrain tile	1826	5149	1	28	80	source_plane=1
terrain	empty_terrain_no_floor_context	0	empty terrain tile	1826	5150	1	28	80	source_plane=1
terrain	empty_terrain_no_floor_context	0	empty terrain tile	1826	5151	1	28	80	source_plane=1
terrain	empty_terrain_no_floor_context	0	empty terrain tile	1826	5152	1	28	80	source_plane=1
terrain	empty_terrain_no_floor_context	0	empty terrain tile	1826	5153	1	28	80	source_plane=1
terrain	empty_terrain_no_floor_context	0	empty terrain tile	1826	5154	1	28	80	source_plane=1
terrain	empty_terrain_no_floor_context	0	empty terrain tile	1826	5155	1	28	80	source_plane=1
terrain	empty_terrain_no_floor_context	0	empty terrain tile	1826	5156	1	28	80	source_plane=1
terrain	empty_terrain_no_floor_context	0	empty terrain tile	1826	5157	1	28	80	source_plane=1
terrain	empty_terrain_no_floor_context	0	empty terrain tile	1826	5158	1	28	80	source_plane=1
terrain	empty_terrain_no_floor_context	0	empty terrain tile	1826	5159	1	28	80	source_plane=1
terrain	empty_terrain_no_floor_context	0	empty terrain tile	1826	5160	1	28	80	source_plane=1
terrain	empty_terrain_no_floor_context	0	empty terrain tile	1826	5161	1	28	80	source_plane=1
terrain	empty_terrain_no_floor_context	0	empty terrain tile	1826	5162	1	28	80	source_plane=1
terrain	empty_terrain_no_floor_context	0	empty terrain tile	1826	5163	1	28	80	source_plane=1
terrain	empty_terrain_no_floor_context	0	empty terrain tile	1826	5164	1	28	80	source_plane=1
terrain	empty_terrain_no_floor_context	0	empty terrain tile	1826	5165	1	28	80	source_plane=1
terrain	empty_terrain_no_floor_context	0	empty terrain tile	1826	5166	1	28	80	source_plane=1
terrain	empty_terrain_no_floor_context	0	empty terrain tile	1826	5167	1	28	80	source_plane=1
terrain	empty_terrain_no_floor_context	0	empty terrain tile	1826	5168	1	28	80	source_plane=1
terrain	empty_terrain_no_floor_context	0	empty terrain tile	1826	5169	1	28	80	source_plane=1
terrain	empty_terrain_no_floor_context	0	empty terrain tile	1826	5170	1	28	80	source_plane=1
terrain	empty_terrain_no_floor_context	0	empty terrain tile	1826	5171	1	28	80	source_plane=1
terrain	empty_terrain_no_floor_context	0	empty terrain tile	1826	5172	1	28	80	source_plane=1
terrain	empty_terrain_no_floor_context	0	empty terrain tile	1826	5173	1	28	80	source_plane=1
terrain	empty_terrain_no_floor_context	0	empty terrain tile	1826	5174	1	28	80	source_plane=1
terrain	empty_terrain_no_floor_context	0	empty terrain tile	1826	5175	1	28	80	source_plane=1
terrain	empty_terrain_no_floor_context	0	empty terrain tile	1826	5176	1	28	80	source_plane=1
terrain	empty_terrain_no_floor_context	0	empty terrain tile	1826	5177	1	28	80	source_plane=1
terrain	empty_terrain_no_floor_context	0	empty terrain tile	1826	5178	1	28	80	source_plane=1
terrain	empty_terrain_no_floor_context	0	empty terrain tile	1826	5179	1	28	80	source_plane=1
terrain	empty_terrain_no_floor_context	0	empty terrain tile	1826	5180	1	28	80	source_plane=1
terrain	empty_terrain_no_floor_context	0	empty terrain tile	1826	5181	1	28	80	source_plane=1
terrain	empty_terrain_no_floor_context	0	empty terrain tile	1826	5182	1	28	80	source_plane=1
terrain	empty_terrain_no_floor_context	0	empty terrain tile	1826	5183	1	28	80	source_plane=1
terrain	empty_terrain_no_floor_context	0	empty terrain tile	1827	5120	1	28	80	source_plane=1
terrain	empty_terrain_no_floor_context	0	empty terrain tile	1827	5121	1	28	80	source_plane=1
terrain	empty_terrain_no_floor_context	0	empty terrain tile	1827	5122	1	28	80	source_plane=1
terrain	empty_terrain_no_floor_context	0	empty terrain tile	1827	5123	1	28	80	source_plane=1
terrain	empty_terrain_no_floor_context	0	empty terrain tile	1827	5124	1	28	80	source_plane=1
terrain	empty_terrain_no_floor_context	0	empty terrain tile	1827	5125	1	28	80	source_plane=1
terrain	empty_terrain_no_floor_context	0	empty terrain tile	1827	5126	1	28	80	source_plane=1
terrain	empty_terrain_no_floor_context	0	empty terrain tile	1827	5127	1	28	80	source_plane=1
terrain	empty_terrain_no_floor_context	0	empty terrain tile	1827	5128	1	28	80	source_plane=1
terrain	empty_terrain_no_floor_context	0	empty terrain tile	1827	5129	1	28	80	source_plane=1
terrain	empty_terrain_no_floor_context	0	empty terrain tile	1827	5130	1	28	80	source_plane=1
terrain	empty_terrain_no_floor_context	0	empty terrain tile	1827	5131	1	28	80	source_plane=1
terrain	empty_terrain_no_floor_context	0	empty terrain tile	1827	5132	1	28	80	source_plane=1
terrain	empty_terrain_no_floor_context	0	empty terrain tile	1827	5133	1	28	80	source_plane=1
terrain	empty_terrain_no_floor_context	0	empty terrain tile	1827	5134	1	28	80	source_plane=1
terrain	empty_terrain_no_floor_context	0	empty terrain tile	1827	5135	1	28	80	source_plane=1
terrain	empty_terrain_no_floor_context	0	empty terrain tile	1827	5136	1	28	80	source_plane=1
terrain	empty_terrain_no_floor_context	0	empty terrain tile	1827	5137	1	28	80	source_plane=1
terrain	empty_terrain_no_floor_context	0	empty terrain tile	1827	5138	1	28	80	source_plane=1
terrain	empty_terrain_no_floor_context	0	empty terrain tile	1827	5139	1	28	80	source_plane=1
terrain	empty_terrain_no_floor_context	0	empty terrain tile	1827	5140	1	28	80	source_plane=1
terrain	empty_terrain_no_floor_context	0	empty terrain tile	1827	5141	1	28	80	source_plane=1
terrain	empty_terrain_no_floor_context	0	empty terrain tile	1827	5142	1	28	80	source_plane=1
terrain	empty_terrain_no_floor_context	0	empty terrain tile	1827	5143	1	28	80	source_plane=1
terrain	empty_terrain_no_floor_context	0	empty terrain tile	1827	5144	1	28	80	source_plane=1
terrain	empty_terrain_no_floor_context	0	empty terrain tile	1827	5145	1	28	80	source_plane=1
terrain	empty_terrain_no_floor_context	0	empty terrain tile	1827	5146	1	28	80	source_plane=1
terrain	empty_terrain_no_floor_context	0	empty terrain tile	1827	5147	1	28	80	source_plane=1
terrain	empty_terrain_no_floor_context	0	empty terrain tile	1827	5148	1	28	80	source_plane=1
terrain	empty_terrain_no_floor_context	0	empty terrain tile	1827	5149	1	28	80	source_plane=1
terrain	empty_terrain_no_floor_context	0	empty terrain tile	1827	5150	1	28	80	source_plane=1
terrain	empty_terrain_no_floor_context	0	empty terrain tile	1827	5151	1	28	80	source_plane=1
terrain	empty_terrain_no_floor_context	0	empty terrain tile	1827	5152	1	28	80	source_plane=1
terrain	empty_terrain_no_floor_context	0	empty terrain tile	1827	5153	1	28	80	source_plane=1
terrain	empty_terrain_no_floor_context	0	empty terrain tile	1827	5154	1	28	80	source_plane=1
terrain	empty_terrain_no_floor_context	0	empty terrain tile	1827	5155	1	28	80	source_plane=1
terrain	empty_terrain_no_floor_context	0	empty terrain tile	1827	5156	1	28	80	source_plane=1
terrain	empty_terrain_no_floor_context	0	empty terrain tile	1827	5157	1	28	80	source_plane=1
terrain	empty_terrain_no_floor_context	0	empty terrain tile	1827	5158	1	28	80	source_plane=1
terrain	empty_terrain_no_floor_context	0	empty terrain tile	1827	5159	1	28	80	source_plane=1
terrain	empty_terrain_no_floor_context	0	empty terrain tile	1827	5160	1	28	80	source_plane=1
terrain	empty_terrain_no_floor_context	0	empty terrain tile	1827	5161	1	28	80	source_plane=1
terrain	empty_terrain_no_floor_context	0	empty terrain tile	1827	5162	1	28	80	source_plane=1
terrain	empty_terrain_no_floor_context	0	empty terrain tile	1827	5163	1	28	80	source_plane=1
terrain	empty_terrain_no_floor_context	0	empty terrain tile	1827	5164	1	28	80	source_plane=1
terrain	empty_terrain_no_floor_context	0	empty terrain tile	1827	5165	1	28	80	source_plane=1
terrain	empty_terrain_no_floor_context	0	empty terrain tile	1827	5166	1	28	80	source_plane=1
terrain	empty_terrain_no_floor_context	0	empty terrain tile	1827	5167	1	28	80	source_plane=1
terrain	empty_terrain_no_floor_context	0	empty terrain tile	1827	5168	1	28	80	source_plane=1
terrain	empty_terrain_no_floor_context	0	empty terrain tile	1827	5169	1	28	80	source_plane=1
terrain	empty_terrain_no_floor_context	0	empty terrain tile	1827	5170	1	28	80	source_plane=1
terrain	empty_terrain_no_floor_context	0	empty terrain tile	1827	5171	1	28	80	source_plane=1
terrain	empty_terrain_no_floor_context	0	empty terrain tile	1827	5172	1	28	80	source_plane=1
terrain	empty_terrain_no_floor_context	0	empty terrain tile	1827	5173	1	28	80	source_plane=1
terrain	empty_terrain_no_floor_context	0	empty terrain tile	1827	5174	1	28	80	source_plane=1
terrain	empty_terrain_no_floor_context	0	empty terrain tile	1827	5175	1	28	80	source_plane=1
terrain	empty_terrain_no_floor_context	0	empty terrain tile	1827	5176	1	28	80	source_plane=1
terrain	empty_terrain_no_floor_context	0	empty terrain tile	1827	5177	1	28	80	source_plane=1
terrain	empty_terrain_no_floor_context	0	empty terrain tile	1827	5178	1	28	80	source_plane=1
terrain	empty_terrain_no_floor_context	0	empty terrain tile	1827	5179	1	28	80	source_plane=1
terrain	empty_terrain_no_floor_context	0	empty terrain tile	1827	5180	1	28	80	source_plane=1
terrain	empty_terrain_no_floor_context	0	empty terrain tile	1827	5181	1	28	80	source_plane=1
terrain	empty_terrain_no_floor_context	0	empty terrain tile	1827	5182	1	28	80	source_plane=1
terrain	empty_terrain_no_floor_context	0	empty terrain tile	1827	5183	1	28	80	source_plane=1
terrain	empty_terrain_no_floor_context	0	empty terrain tile	1828	5120	1	28	80	source_plane=1
terrain	empty_terrain_no_floor_context	0	empty terrain tile	1828	5121	1	28	80	source_plane=1
terrain	empty_terrain_no_floor_context	0	empty terrain tile	1828	5122	1	28	80	source_plane=1
terrain	empty_terrain_no_floor_context	0	empty terrain tile	1828	5123	1	28	80	source_plane=1
terrain	empty_terrain_no_floor_context	0	empty terrain tile	1828	5124	1	28	80	source_plane=1
terrain	empty_terrain_no_floor_context	0	empty terrain tile	1828	5125	1	28	80	source_plane=1
terrain	empty_terrain_no_floor_context	0	empty terrain tile	1828	5126	1	28	80	source_plane=1
terrain	empty_terrain_no_floor_context	0	empty terrain tile	1828	5127	1	28	80	source_plane=1
terrain	empty_terrain_no_floor_context	0	empty terrain tile	1828	5128	1	28	80	source_plane=1
terrain	empty_terrain_no_floor_context	0	empty terrain tile	1828	5129	1	28	80	source_plane=1
terrain	empty_terrain_no_floor_context	0	empty terrain tile	1828	5130	1	28	80	source_plane=1
terrain	empty_terrain_no_floor_context	0	empty terrain tile	1828	5131	1	28	80	source_plane=1
terrain	empty_terrain_no_floor_context	0	empty terrain tile	1828	5132	1	28	80	source_plane=1
terrain	empty_terrain_no_floor_context	0	empty terrain tile	1828	5133	1	28	80	source_plane=1
terrain	empty_terrain_no_floor_context	0	empty terrain tile	1828	5134	1	28	80	source_plane=1
terrain	empty_terrain_no_floor_context	0	empty terrain tile	1828	5135	1	28	80	source_plane=1
terrain	empty_terrain_no_floor_context	0	empty terrain tile	1828	5136	1	28	80	source_plane=1
terrain	empty_terrain_no_floor_context	0	empty terrain tile	1828	5137	1	28	80	source_plane=1
terrain	empty_terrain_no_floor_context	0	empty terrain tile	1828	5138	1	28	80	source_plane=1
terrain	empty_terrain_no_floor_context	0	empty terrain tile	1828	5139	1	28	80	source_plane=1
terrain	empty_terrain_no_floor_context	0	empty terrain tile	1828	5140	1	28	80	source_plane=1
terrain	empty_terrain_no_floor_context	0	empty terrain tile	1828	5141	1	28	80	source_plane=1
terrain	empty_terrain_no_floor_context	0	empty terrain tile	1828	5142	1	28	80	source_plane=1
terrain	empty_terrain_no_floor_context	0	empty terrain tile	1828	5143	1	28	80	source_plane=1
terrain	empty_terrain_no_floor_context	0	empty terrain tile	1828	5144	1	28	80	source_plane=1
terrain	empty_terrain_no_floor_context	0	empty terrain tile	1828	5145	1	28	80	source_plane=1
terrain	empty_terrain_no_floor_context	0	empty terrain tile	1828	5146	1	28	80	source_plane=1
terrain	empty_terrain_no_floor_context	0	empty terrain tile	1828	5147	1	28	80	source_plane=1
terrain	empty_terrain_no_floor_context	0	empty terrain tile	1828	5148	1	28	80	source_plane=1
terrain	empty_terrain_no_floor_context	0	empty terrain tile	1828	5149	1	28	80	source_plane=1
terrain	empty_terrain_no_floor_context	0	empty terrain tile	1828	5150	1	28	80	source_plane=1
terrain	empty_terrain_no_floor_context	0	empty terrain tile	1828	5151	1	28	80	source_plane=1
terrain	empty_terrain_no_floor_context	0	empty terrain tile	1828	5152	1	28	80	source_plane=1
terrain	empty_terrain_no_floor_context	0	empty terrain tile	1828	5153	1	28	80	source_plane=1
terrain	empty_terrain_no_floor_context	0	empty terrain tile	1828	5154	1	28	80	source_plane=1
terrain	empty_terrain_no_floor_context	0	empty terrain tile	1828	5155	1	28	80	source_plane=1
terrain	empty_terrain_no_floor_context	0	empty terrain tile	1828	5156	1	28	80	source_plane=1
terrain	empty_terrain_no_floor_context	0	empty terrain tile	1828	5157	1	28	80	source_plane=1
terrain	empty_terrain_no_floor_context	0	empty terrain tile	1828	5158	1	28	80	source_plane=1
terrain	empty_terrain_no_floor_context	0	empty terrain tile	1828	5159	1	28	80	source_plane=1
terrain	empty_terrain_no_floor_context	0	empty terrain tile	1828	5160	1	28	80	source_plane=1
terrain	empty_terrain_no_floor_context	0	empty terrain tile	1828	5161	1	28	80	source_plane=1
terrain	empty_terrain_no_floor_context	0	empty terrain tile	1828	5162	1	28	80	source_plane=1
terrain	empty_terrain_no_floor_context	0	empty terrain tile	1828	5163	1	28	80	source_plane=1
terrain	empty_terrain_no_floor_context	0	empty terrain tile	1828	5164	1	28	80	source_plane=1
terrain	empty_terrain_no_floor_context	0	empty terrain tile	1828	5165	1	28	80	source_plane=1
terrain	empty_terrain_no_floor_context	0	empty terrain tile	1828	5166	1	28	80	source_plane=1
terrain	empty_terrain_no_floor_context	0	empty terrain tile	1828	5167	1	28	80	source_plane=1
terrain	empty_terrain_no_floor_context	0	empty terrain tile	1828	5168	1	28	80	source_plane=1
terrain	empty_terrain_no_floor_context	0	empty terrain tile	1828	5169	1	28	80	source_plane=1
terrain	empty_terrain_no_floor_context	0	empty terrain tile	1828	5170	1	28	80	source_plane=1
terrain	empty_terrain_no_floor_context	0	empty terrain tile	1828	5171	1	28	80	source_plane=1
terrain	empty_terrain_no_floor_context	0	empty terrain tile	1828	5172	1	28	80	source_plane=1
terrain	empty_terrain_no_floor_context	0	empty terrain tile	1828	5173	1	28	80	source_plane=1
terrain	empty_terrain_no_floor_context	0	empty terrain tile	1828	5174	1	28	80	source_plane=1
terrain	empty_terrain_no_floor_context	0	empty terrain tile	1828	5175	1	28	80	source_plane=1
terrain	empty_terrain_no_floor_context	0	empty terrain tile	1828	5176	1	28	80	source_plane=1
terrain	empty_terrain_no_floor_context	0	empty terrain tile	1828	5177	1	28	80	source_plane=1
terrain	empty_terrain_no_floor_context	0	empty terrain tile	1828	5178	1	28	80	source_plane=1
terrain	empty_terrain_no_floor_context	0	empty terrain tile	1828	5179	1	28	80	source_plane=1
terrain	empty_terrain_no_floor_context	0	empty terrain tile	1828	5180	1	28	80	source_plane=1
terrain	empty_terrain_no_floor_context	0	empty terrain tile	1828	5181	1	28	80	source_plane=1
terrain	empty_terrain_no_floor_context	0	empty terrain tile	1828	5182	1	28	80	source_plane=1
terrain	empty_terrain_no_floor_context	0	empty terrain tile	1828	5183	1	28	80	source_plane=1
terrain	empty_terrain_no_floor_context	0	empty terrain tile	1829	5120	1	28	80	source_plane=1
terrain	empty_terrain_no_floor_context	0	empty terrain tile	1829	5121	1	28	80	source_plane=1
terrain	empty_terrain_no_floor_context	0	empty terrain tile	1829	5122	1	28	80	source_plane=1
terrain	empty_terrain_no_floor_context	0	empty terrain tile	1829	5123	1	28	80	source_plane=1
terrain	empty_terrain_no_floor_context	0	empty terrain tile	1829	5124	1	28	80	source_plane=1
terrain	empty_terrain_no_floor_context	0	empty terrain tile	1829	5125	1	28	80	source_plane=1
terrain	empty_terrain_no_floor_context	0	empty terrain tile	1829	5126	1	28	80	source_plane=1
terrain	empty_terrain_no_floor_context	0	empty terrain tile	1829	5127	1	28	80	source_plane=1
terrain	empty_terrain_no_floor_context	0	empty terrain tile	1829	5128	1	28	80	source_plane=1
terrain	empty_terrain_no_floor_context	0	empty terrain tile	1829	5129	1	28	80	source_plane=1
terrain	empty_terrain_no_floor_context	0	empty terrain tile	1829	5130	1	28	80	source_plane=1
terrain	empty_terrain_no_floor_context	0	empty terrain tile	1829	5131	1	28	80	source_plane=1
terrain	empty_terrain_no_floor_context	0	empty terrain tile	1829	5132	1	28	80	source_plane=1
terrain	empty_terrain_no_floor_context	0	empty terrain tile	1829	5133	1	28	80	source_plane=1
terrain	empty_terrain_no_floor_context	0	empty terrain tile	1829	5134	1	28	80	source_plane=1
terrain	empty_terrain_no_floor_context	0	empty terrain tile	1829	5135	1	28	80	source_plane=1
terrain	empty_terrain_no_floor_context	0	empty terrain tile	1829	5136	1	28	80	source_plane=1
terrain	empty_terrain_no_floor_context	0	empty terrain tile	1829	5137	1	28	80	source_plane=1
terrain	empty_terrain_no_floor_context	0	empty terrain tile	1829	5138	1	28	80	source_plane=1
terrain	empty_terrain_no_floor_context	0	empty terrain tile	1829	5139	1	28	80	source_plane=1
terrain	empty_terrain_no_floor_context	0	empty terrain tile	1829	5140	1	28	80	source_plane=1
terrain	empty_terrain_no_floor_context	0	empty terrain tile	1829	5141	1	28	80	source_plane=1
terrain	empty_terrain_no_floor_context	0	empty terrain tile	1829	5142	1	28	80	source_plane=1
terrain	empty_terrain_no_floor_context	0	empty terrain tile	1829	5143	1	28	80	source_plane=1
terrain	empty_terrain_no_floor_context	0	empty terrain tile	1829	5144	1	28	80	source_plane=1
terrain	empty_terrain_no_floor_context	0	empty terrain tile	1829	5145	1	28	80	source_plane=1
terrain	empty_terrain_no_floor_context	0	empty terrain tile	1829	5146	1	28	80	source_plane=1
terrain	empty_terrain_no_floor_context	0	empty terrain tile	1829	5147	1	28	80	source_plane=1
terrain	empty_terrain_no_floor_context	0	empty terrain tile	1829	5148	1	28	80	source_plane=1
terrain	empty_terrain_no_floor_context	0	empty terrain tile	1829	5149	1	28	80	source_plane=1
terrain	empty_terrain_no_floor_context	0	empty terrain tile	1829	5150	1	28	80	source_plane=1
terrain	empty_terrain_no_floor_context	0	empty terrain tile	1829	5151	1	28	80	source_plane=1
terrain	empty_terrain_no_floor_context	0	empty terrain tile	1829	5152	1	28	80	source_plane=1
terrain	empty_terrain_no_floor_context	0	empty terrain tile	1829	5153	1	28	80	source_plane=1
terrain	empty_terrain_no_floor_context	0	empty terrain tile	1829	5154	1	28	80	source_plane=1
terrain	empty_terrain_no_floor_context	0	empty terrain tile	1829	5155	1	28	80	source_plane=1
terrain	empty_terrain_no_floor_context	0	empty terrain tile	1829	5156	1	28	80	source_plane=1
terrain	empty_terrain_no_floor_context	0	empty terrain tile	1829	5157	1	28	80	source_plane=1
terrain	empty_terrain_no_floor_context	0	empty terrain tile	1829	5158	1	28	80	source_plane=1
terrain	empty_terrain_no_floor_context	0	empty terrain tile	1829	5159	1	28	80	source_plane=1
terrain	empty_terrain_no_floor_context	0	empty terrain tile	1829	5160	1	28	80	source_plane=1
terrain	empty_terrain_no_floor_context	0	empty terrain tile	1829	5161	1	28	80	source_plane=1
terrain	empty_terrain_no_floor_context	0	empty terrain tile	1829	5162	1	28	80	source_plane=1
terrain	empty_terrain_no_floor_context	0	empty terrain tile	1829	5163	1	28	80	source_plane=1
terrain	empty_terrain_no_floor_context	0	empty terrain tile	1829	5164	1	28	80	source_plane=1
terrain	empty_terrain_no_floor_context	0	empty terrain tile	1829	5165	1	28	80	source_plane=1
terrain	empty_terrain_no_floor_context	0	empty terrain tile	1829	5166	1	28	80	source_plane=1
terrain	empty_terrain_no_floor_context	0	empty terrain tile	1829	5167	1	28	80	source_plane=1
terrain	empty_terrain_no_floor_context	0	empty terrain tile	1829	5168	1	28	80	source_plane=1
terrain	empty_terrain_no_floor_context	0	empty terrain tile	1829	5169	1	28	80	source_plane=1
terrain	empty_terrain_no_floor_context	0	empty terrain tile	1829	5170	1	28	80	source_plane=1
terrain	empty_terrain_no_floor_context	0	empty terrain tile	1829	5171	1	28	80	source_plane=1
terrain	empty_terrain_no_floor_context	0	empty terrain tile	1829	5172	1	28	80	source_plane=1
terrain	empty_terrain_no_floor_context	0	empty terrain tile	1829	5173	1	28	80	source_plane=1
terrain	empty_terrain_no_floor_context	0	empty terrain tile	1829	5174	1	28	80	source_plane=1
terrain	empty_terrain_no_floor_context	0	empty terrain tile	1829	5175	1	28	80	source_plane=1
terrain	empty_terrain_no_floor_context	0	empty terrain tile	1829	5176	1	28	80	source_plane=1
terrain	empty_terrain_no_floor_context	0	empty terrain tile	1829	5177	1	28	80	source_plane=1
terrain	empty_terrain_no_floor_context	0	empty terrain tile	1829	5178	1	28	80	source_plane=1
terrain	empty_terrain_no_floor_context	0	empty terrain tile	1829	5179	1	28	80	source_plane=1
terrain	empty_terrain_no_floor_context	0	empty terrain tile	1829	5180	1	28	80	source_plane=1
terrain	empty_terrain_no_floor_context	0	empty terrain tile	1829	5181	1	28	80	source_plane=1
terrain	empty_terrain_no_floor_context	0	empty terrain tile	1829	5182	1	28	80	source_plane=1
terrain	empty_terrain_no_floor_context	0	empty terrain tile	1829	5183	1	28	80	source_plane=1
terrain	empty_terrain_no_floor_context	0	empty terrain tile	1830	5120	1	28	80	source_plane=1
terrain	empty_terrain_no_floor_context	0	empty terrain tile	1830	5121	1	28	80	source_plane=1
terrain	empty_terrain_no_floor_context	0	empty terrain tile	1830	5122	1	28	80	source_plane=1
terrain	empty_terrain_no_floor_context	0	empty terrain tile	1830	5123	1	28	80	source_plane=1
terrain	empty_terrain_no_floor_context	0	empty terrain tile	1830	5124	1	28	80	source_plane=1
terrain	empty_terrain_no_floor_context	0	empty terrain tile	1830	5125	1	28	80	source_plane=1
terrain	empty_terrain_no_floor_context	0	empty terrain tile	1830	5126	1	28	80	source_plane=1
terrain	empty_terrain_no_floor_context	0	empty terrain tile	1830	5127	1	28	80	source_plane=1
terrain	empty_terrain_no_floor_context	0	empty terrain tile	1830	5128	1	28	80	source_plane=1
terrain	empty_terrain_no_floor_context	0	empty terrain tile	1830	5129	1	28	80	source_plane=1
terrain	empty_terrain_no_floor_context	0	empty terrain tile	1830	5130	1	28	80	source_plane=1
terrain	empty_terrain_no_floor_context	0	empty terrain tile	1830	5131	1	28	80	source_plane=1
terrain	empty_terrain_no_floor_context	0	empty terrain tile	1830	5132	1	28	80	source_plane=1
terrain	empty_terrain_no_floor_context	0	empty terrain tile	1830	5133	1	28	80	source_plane=1
terrain	empty_terrain_no_floor_context	0	empty terrain tile	1830	5134	1	28	80	source_plane=1
terrain	empty_terrain_no_floor_context	0	empty terrain tile	1830	5135	1	28	80	source_plane=1
terrain	empty_terrain_no_floor_context	0	empty terrain tile	1830	5136	1	28	80	source_plane=1
terrain	empty_terrain_no_floor_context	0	empty terrain tile	1830	5137	1	28	80	source_plane=1
terrain	empty_terrain_no_floor_context	0	empty terrain tile	1830	5138	1	28	80	source_plane=1
terrain	empty_terrain_no_floor_context	0	empty terrain tile	1830	5139	1	28	80	source_plane=1
terrain	empty_terrain_no_floor_context	0	empty terrain tile	1830	5140	1	28	80	source_plane=1
terrain	empty_terrain_no_floor_context	0	empty terrain tile	1830	5141	1	28	80	source_plane=1
terrain	empty_terrain_no_floor_context	0	empty terrain tile	1830	5142	1	28	80	source_plane=1
terrain	empty_terrain_no_floor_context	0	empty terrain tile	1830	5143	1	28	80	source_plane=1
terrain	empty_terrain_no_floor_context	0	empty terrain tile	1830	5144	1	28	80	source_plane=1
terrain	empty_terrain_no_floor_context	0	empty terrain tile	1830	5145	1	28	80	source_plane=1
terrain	empty_terrain_no_floor_context	0	empty terrain tile	1830	5146	1	28	80	source_plane=1
terrain	empty_terrain_no_floor_context	0	empty terrain tile	1830	5147	1	28	80	source_plane=1
terrain	empty_terrain_no_floor_context	0	empty terrain tile	1830	5148	1	28	80	source_plane=1
terrain	empty_terrain_no_floor_context	0	empty terrain tile	1830	5149	1	28	80	source_plane=1
terrain	empty_terrain_no_floor_context	0	empty terrain tile	1830	5150	1	28	80	source_plane=1
terrain	empty_terrain_no_floor_context	0	empty terrain tile	1830	5151	1	28	80	source_plane=1
terrain	empty_terrain_no_floor_context	0	empty terrain tile	1830	5152	1	28	80	source_plane=1
terrain	empty_terrain_no_floor_context	0	empty terrain tile	1830	5153	1	28	80	source_plane=1
terrain	empty_terrain_no_floor_context	0	empty terrain tile	1830	5154	1	28	80	source_plane=1
terrain	empty_terrain_no_floor_context	0	empty terrain tile	1830	5155	1	28	80	source_plane=1
terrain	empty_terrain_no_floor_context	0	empty terrain tile	1830	5156	1	28	80	source_plane=1
terrain	empty_terrain_no_floor_context	0	empty terrain tile	1830	5157	1	28	80	source_plane=1
terrain	empty_terrain_no_floor_context	0	empty terrain tile	1830	5158	1	28	80	source_plane=1
terrain	empty_terrain_no_floor_context	0	empty terrain tile	1830	5159	1	28	80	source_plane=1
terrain	empty_terrain_no_floor_context	0	empty terrain tile	1830	5160	1	28	80	source_plane=1
terrain	empty_terrain_no_floor_context	0	empty terrain tile	1830	5161	1	28	80	source_plane=1
terrain	empty_terrain_no_floor_context	0	empty terrain tile	1830	5162	1	28	80	source_plane=1
terrain	empty_terrain_no_floor_context	0	empty terrain tile	1830	5163	1	28	80	source_plane=1
terrain	empty_terrain_no_floor_context	0	empty terrain tile	1830	5164	1	28	80	source_plane=1
terrain	empty_terrain_no_floor_context	0	empty terrain tile	1830	5165	1	28	80	source_plane=1
terrain	empty_terrain_no_floor_context	0	empty terrain tile	1830	5166	1	28	80	source_plane=1
terrain	empty_terrain_no_floor_context	0	empty terrain tile	1830	5167	1	28	80	source_plane=1
terrain	empty_terrain_no_floor_context	0	empty terrain tile	1830	5168	1	28	80	source_plane=1
terrain	empty_terrain_no_floor_context	0	empty terrain tile	1830	5169	1	28	80	source_plane=1
terrain	empty_terrain_no_floor_context	0	empty terrain tile	1830	5170	1	28	80	source_plane=1
terrain	empty_terrain_no_floor_context	0	empty terrain tile	1830	5171	1	28	80	source_plane=1
terrain	empty_terrain_no_floor_context	0	empty terrain tile	1830	5172	1	28	80	source_plane=1
terrain	empty_terrain_no_floor_context	0	empty terrain tile	1830	5173	1	28	80	source_plane=1
terrain	empty_terrain_no_floor_context	0	empty terrain tile	1830	5174	1	28	80	source_plane=1
terrain	empty_terrain_no_floor_context	0	empty terrain tile	1830	5175	1	28	80	source_plane=1
terrain	empty_terrain_no_floor_context	0	empty terrain tile	1830	5176	1	28	80	source_plane=1
terrain	empty_terrain_no_floor_context	0	empty terrain tile	1830	5177	1	28	80	source_plane=1
terrain	empty_terrain_no_floor_context	0	empty terrain tile	1830	5178	1	28	80	source_plane=1
terrain	empty_terrain_no_floor_context	0	empty terrain tile	1830	5179	1	28	80	source_plane=1
terrain	empty_terrain_no_floor_context	0	empty terrain tile	1830	5180	1	28	80	source_plane=1
terrain	empty_terrain_no_floor_context	0	empty terrain tile	1830	5181	1	28	80	source_plane=1
terrain	empty_terrain_no_floor_context	0	empty terrain tile	1830	5182	1	28	80	source_plane=1
terrain	empty_terrain_no_floor_context	0	empty terrain tile	1830	5183	1	28	80	source_plane=1
terrain	empty_terrain_no_floor_context	0	empty terrain tile	1831	5120	1	28	80	source_plane=1
terrain	empty_terrain_no_floor_context	0	empty terrain tile	1831	5121	1	28	80	source_plane=1
terrain	empty_terrain_no_floor_context	0	empty terrain tile	1831	5122	1	28	80	source_plane=1
terrain	empty_terrain_no_floor_context	0	empty terrain tile	1831	5123	1	28	80	source_plane=1
terrain	empty_terrain_no_floor_context	0	empty terrain tile	1831	5124	1	28	80	source_plane=1
terrain	empty_terrain_no_floor_context	0	empty terrain tile	1831	5125	1	28	80	source_plane=1
terrain	empty_terrain_no_floor_context	0	empty terrain tile	1831	5126	1	28	80	source_plane=1
terrain	empty_terrain_no_floor_context	0	empty terrain tile	1831	5127	1	28	80	source_plane=1
terrain	empty_terrain_no_floor_context	0	empty terrain tile	1831	5128	1	28	80	source_plane=1
terrain	empty_terrain_no_floor_context	0	empty terrain tile	1831	5129	1	28	80	source_plane=1
terrain	empty_terrain_no_floor_context	0	empty terrain tile	1831	5130	1	28	80	source_plane=1
terrain	empty_terrain_no_floor_context	0	empty terrain tile	1831	5131	1	28	80	source_plane=1
terrain	empty_terrain_no_floor_context	0	empty terrain tile	1831	5132	1	28	80	source_plane=1
terrain	empty_terrain_no_floor_context	0	empty terrain tile	1831	5133	1	28	80	source_plane=1
terrain	empty_terrain_no_floor_context	0	empty terrain tile	1831	5134	1	28	80	source_plane=1
terrain	empty_terrain_no_floor_context	0	empty terrain tile	1831	5135	1	28	80	source_plane=1
terrain	empty_terrain_no_floor_context	0	empty terrain tile	1831	5136	1	28	80	source_plane=1
terrain	empty_terrain_no_floor_context	0	empty terrain tile	1831	5137	1	28	80	source_plane=1
terrain	empty_terrain_no_floor_context	0	empty terrain tile	1831	5138	1	28	80	source_plane=1
terrain	empty_terrain_no_floor_context	0	empty terrain tile	1831	5139	1	28	80	source_plane=1
terrain	empty_terrain_no_floor_context	0	empty terrain tile	1831	5140	1	28	80	source_plane=1
terrain	empty_terrain_no_floor_context	0	empty terrain tile	1831	5141	1	28	80	source_plane=1
terrain	empty_terrain_no_floor_context	0	empty terrain tile	1831	5142	1	28	80	source_plane=1
terrain	empty_terrain_no_floor_context	0	empty terrain tile	1831	5143	1	28	80	source_plane=1
terrain	empty_terrain_no_floor_context	0	empty terrain tile	1831	5144	1	28	80	source_plane=1
terrain	empty_terrain_no_floor_context	0	empty terrain tile	1831	5145	1	28	80	source_plane=1
terrain	empty_terrain_no_floor_context	0	empty terrain tile	1831	5146	1	28	80	source_plane=1
terrain	empty_terrain_no_floor_context	0	empty terrain tile	1831	5147	1	28	80	source_plane=1
terrain	empty_terrain_no_floor_context	0	empty terrain tile	1831	5148	1	28	80	source_plane=1
terrain	empty_terrain_no_floor_context	0	empty terrain tile	1831	5149	1	28	80	source_plane=1
terrain	empty_terrain_no_floor_context	0	empty terrain tile	1831	5150	1	28	80	source_plane=1
terrain	empty_terrain_no_floor_context	0	empty terrain tile	1831	5151	1	28	80	source_plane=1
terrain	empty_terrain_no_floor_context	0	empty terrain tile	1831	5152	1	28	80	source_plane=1
terrain	empty_terrain_no_floor_context	0	empty terrain tile	1831	5153	1	28	80	source_plane=1
terrain	empty_terrain_no_floor_context	0	empty terrain tile	1831	5154	1	28	80	source_plane=1
terrain	empty_terrain_no_floor_context	0	empty terrain tile	1831	5155	1	28	80	source_plane=1
terrain	empty_terrain_no_floor_context	0	empty terrain tile	1831	5156	1	28	80	source_plane=1
terrain	empty_terrain_no_floor_context	0	empty terrain tile	1831	5157	1	28	80	source_plane=1
terrain	empty_terrain_no_floor_context	0	empty terrain tile	1831	5158	1	28	80	source_plane=1
terrain	empty_terrain_no_floor_context	0	empty terrain tile	1831	5159	1	28	80	source_plane=1
terrain	empty_terrain_no_floor_context	0	empty terrain tile	1831	5160	1	28	80	source_plane=1
terrain	empty_terrain_no_floor_context	0	empty terrain tile	1831	5161	1	28	80	source_plane=1
terrain	empty_terrain_no_floor_context	0	empty terrain tile	1831	5162	1	28	80	source_plane=1
terrain	empty_terrain_no_floor_context	0	empty terrain tile	1831	5163	1	28	80	source_plane=1
terrain	empty_terrain_no_floor_context	0	empty terrain tile	1831	5164	1	28	80	source_plane=1
terrain	empty_terrain_no_floor_context	0	empty terrain tile	1831	5165	1	28	80	source_plane=1
terrain	empty_terrain_no_floor_context	0	empty terrain tile	1831	5166	1	28	80	source_plane=1
terrain	empty_terrain_no_floor_context	0	empty terrain tile	1831	5167	1	28	80	source_plane=1
terrain	empty_terrain_no_floor_context	0	empty terrain tile	1831	5168	1	28	80	source_plane=1
terrain	empty_terrain_no_floor_context	0	empty terrain tile	1831	5169	1	28	80	source_plane=1
terrain	empty_terrain_no_floor_context	0	empty terrain tile	1831	5170	1	28	80	source_plane=1
terrain	empty_terrain_no_floor_context	0	empty terrain tile	1831	5171	1	28	80	source_plane=1
terrain	empty_terrain_no_floor_context	0	empty terrain tile	1831	5172	1	28	80	source_plane=1
terrain	empty_terrain_no_floor_context	0	empty terrain tile	1831	5173	1	28	80	source_plane=1
terrain	empty_terrain_no_floor_context	0	empty terrain tile	1831	5174	1	28	80	source_plane=1
terrain	empty_terrain_no_floor_context	0	empty terrain tile	1831	5175	1	28	80	source_plane=1
terrain	empty_terrain_no_floor_context	0	empty terrain tile	1831	5176	1	28	80	source_plane=1
terrain	empty_terrain_no_floor_context	0	empty terrain tile	1831	5177	1	28	80	source_plane=1
terrain	empty_terrain_no_floor_context	0	empty terrain tile	1831	5178	1	28	80	source_plane=1
terrain	empty_terrain_no_floor_context	0	empty terrain tile	1831	5179	1	28	80	source_plane=1
terrain	empty_terrain_no_floor_context	0	empty terrain tile	1831	5180	1	28	80	source_plane=1
terrain	empty_terrain_no_floor_context	0	empty terrain tile	1831	5181	1	28	80	source_plane=1
terrain	empty_terrain_no_floor_context	0	empty terrain tile	1831	5182	1	28	80	source_plane=1
terrain	empty_terrain_no_floor_context	0	empty terrain tile	1831	5183	1	28	80	source_plane=1
terrain	empty_terrain_no_floor_context	0	empty terrain tile	1832	5120	1	28	80	source_plane=1
terrain	empty_terrain_no_floor_context	0	empty terrain tile	1832	5121	1	28	80	source_plane=1
terrain	empty_terrain_no_floor_context	0	empty terrain tile	1832	5122	1	28	80	source_plane=1
terrain	empty_terrain_no_floor_context	0	empty terrain tile	1832	5123	1	28	80	source_plane=1
terrain	empty_terrain_no_floor_context	0	empty terrain tile	1832	5124	1	28	80	source_plane=1
terrain	empty_terrain_no_floor_context	0	empty terrain tile	1832	5125	1	28	80	source_plane=1
terrain	empty_terrain_no_floor_context	0	empty terrain tile	1832	5126	1	28	80	source_plane=1
terrain	empty_terrain_no_floor_context	0	empty terrain tile	1832	5127	1	28	80	source_plane=1
terrain	empty_terrain_no_floor_context	0	empty terrain tile	1832	5128	1	28	80	source_plane=1
terrain	empty_terrain_no_floor_context	0	empty terrain tile	1832	5129	1	28	80	source_plane=1
terrain	empty_terrain_no_floor_context	0	empty terrain tile	1832	5130	1	28	80	source_plane=1
terrain	empty_terrain_no_floor_context	0	empty terrain tile	1832	5131	1	28	80	source_plane=1
terrain	empty_terrain_no_floor_context	0	empty terrain tile	1832	5132	1	28	80	source_plane=1
terrain	empty_terrain_no_floor_context	0	empty terrain tile	1832	5133	1	28	80	source_plane=1
terrain	empty_terrain_no_floor_context	0	empty terrain tile	1832	5134	1	28	80	source_plane=1
terrain	empty_terrain_no_floor_context	0	empty terrain tile	1832	5135	1	28	80	source_plane=1
terrain	empty_terrain_no_floor_context	0	empty terrain tile	1832	5136	1	28	80	source_plane=1
terrain	empty_terrain_no_floor_context	0	empty terrain tile	1832	5137	1	28	80	source_plane=1
terrain	empty_terrain_no_floor_context	0	empty terrain tile	1832	5138	1	28	80	source_plane=1
terrain	empty_terrain_no_floor_context	0	empty terrain tile	1832	5139	1	28	80	source_plane=1
terrain	empty_terrain_no_floor_context	0	empty terrain tile	1832	5140	1	28	80	source_plane=1
terrain	empty_terrain_no_floor_context	0	empty terrain tile	1832	5141	1	28	80	source_plane=1
terrain	empty_terrain_no_floor_context	0	empty terrain tile	1832	5142	1	28	80	source_plane=1
terrain	empty_terrain_no_floor_context	0	empty terrain tile	1832	5143	1	28	80	source_plane=1
terrain	empty_terrain_no_floor_context	0	empty terrain tile	1832	5144	1	28	80	source_plane=1
terrain	empty_terrain_no_floor_context	0	empty terrain tile	1832	5145	1	28	80	source_plane=1
terrain	empty_terrain_no_floor_context	0	empty terrain tile	1832	5146	1	28	80	source_plane=1
terrain	empty_terrain_no_floor_context	0	empty terrain tile	1832	5147	1	28	80	source_plane=1
terrain	empty_terrain_no_floor_context	0	empty terrain tile	1832	5148	1	28	80	source_plane=1
terrain	empty_terrain_no_floor_context	0	empty terrain tile	1832	5149	1	28	80	source_plane=1
terrain	empty_terrain_no_floor_context	0	empty terrain tile	1832	5150	1	28	80	source_plane=1
terrain	empty_terrain_no_floor_context	0	empty terrain tile	1832	5151	1	28	80	source_plane=1
terrain	empty_terrain_no_floor_context	0	empty terrain tile	1832	5152	1	28	80	source_plane=1
terrain	empty_terrain_no_floor_context	0	empty terrain tile	1832	5153	1	28	80	source_plane=1
terrain	empty_terrain_no_floor_context	0	empty terrain tile	1832	5154	1	28	80	source_plane=1
terrain	empty_terrain_no_floor_context	0	empty terrain tile	1832	5155	1	28	80	source_plane=1
terrain	empty_terrain_no_floor_context	0	empty terrain tile	1832	5156	1	28	80	source_plane=1
terrain	empty_terrain_no_floor_context	0	empty terrain tile	1832	5157	1	28	80	source_plane=1
terrain	empty_terrain_no_floor_context	0	empty terrain tile	1832	5158	1	28	80	source_plane=1
terrain	empty_terrain_no_floor_context	0	empty terrain tile	1832	5159	1	28	80	source_plane=1
terrain	empty_terrain_no_floor_context	0	empty terrain tile	1832	5160	1	28	80	source_plane=1
terrain	empty_terrain_no_floor_context	0	empty terrain tile	1832	5161	1	28	80	source_plane=1
terrain	empty_terrain_no_floor_context	0	empty terrain tile	1832	5162	1	28	80	source_plane=1
terrain	empty_terrain_no_floor_context	0	empty terrain tile	1832	5163	1	28	80	source_plane=1
terrain	empty_terrain_no_floor_context	0	empty terrain tile	1832	5164	1	28	80	source_plane=1
terrain	empty_terrain_no_floor_context	0	empty terrain tile	1832	5165	1	28	80	source_plane=1
terrain	empty_terrain_no_floor_context	0	empty terrain tile	1832	5166	1	28	80	source_plane=1
terrain	empty_terrain_no_floor_context	0	empty terrain tile	1832	5167	1	28	80	source_plane=1
terrain	empty_terrain_no_floor_context	0	empty terrain tile	1832	5168	1	28	80	source_plane=1
terrain	empty_terrain_no_floor_context	0	empty terrain tile	1832	5169	1	28	80	source_plane=1
terrain	empty_terrain_no_floor_context	0	empty terrain tile	1832	5170	1	28	80	source_plane=1
terrain	empty_terrain_no_floor_context	0	empty terrain tile	1832	5171	1	28	80	source_plane=1
terrain	empty_terrain_no_floor_context	0	empty terrain tile	1832	5172	1	28	80	source_plane=1
terrain	empty_terrain_no_floor_context	0	empty terrain tile	1832	5173	1	28	80	source_plane=1
terrain	empty_terrain_no_floor_context	0	empty terrain tile	1832	5174	1	28	80	source_plane=1
terrain	empty_terrain_no_floor_context	0	empty terrain tile	1832	5175	1	28	80	source_plane=1
terrain	empty_terrain_no_floor_context	0	empty terrain tile	1832	5176	1	28	80	source_plane=1
terrain	empty_terrain_no_floor_context	0	empty terrain tile	1832	5177	1	28	80	source_plane=1
terrain	empty_terrain_no_floor_context	0	empty terrain tile	1832	5178	1	28	80	source_plane=1
terrain	empty_terrain_no_floor_context	0	empty terrain tile	1832	5179	1	28	80	source_plane=1
terrain	empty_terrain_no_floor_context	0	empty terrain tile	1832	5180	1	28	80	source_plane=1
terrain	empty_terrain_no_floor_context	0	empty terrain tile	1832	5181	1	28	80	source_plane=1
terrain	empty_terrain_no_floor_context	0	empty terrain tile	1832	5182	1	28	80	source_plane=1
terrain	empty_terrain_no_floor_context	0	empty terrain tile	1832	5183	1	28	80	source_plane=1
terrain	empty_terrain_no_floor_context	0	empty terrain tile	1833	5120	1	28	80	source_plane=1
terrain	empty_terrain_no_floor_context	0	empty terrain tile	1833	5121	1	28	80	source_plane=1
terrain	empty_terrain_no_floor_context	0	empty terrain tile	1833	5122	1	28	80	source_plane=1
terrain	empty_terrain_no_floor_context	0	empty terrain tile	1833	5123	1	28	80	source_plane=1
terrain	empty_terrain_no_floor_context	0	empty terrain tile	1833	5124	1	28	80	source_plane=1
terrain	empty_terrain_no_floor_context	0	empty terrain tile	1833	5125	1	28	80	source_plane=1
terrain	empty_terrain_no_floor_context	0	empty terrain tile	1833	5126	1	28	80	source_plane=1
terrain	empty_terrain_no_floor_context	0	empty terrain tile	1833	5127	1	28	80	source_plane=1
terrain	empty_terrain_no_floor_context	0	empty terrain tile	1833	5128	1	28	80	source_plane=1
terrain	empty_terrain_no_floor_context	0	empty terrain tile	1833	5129	1	28	80	source_plane=1
terrain	empty_terrain_no_floor_context	0	empty terrain tile	1833	5130	1	28	80	source_plane=1
terrain	empty_terrain_no_floor_context	0	empty terrain tile	1833	5131	1	28	80	source_plane=1
terrain	empty_terrain_no_floor_context	0	empty terrain tile	1833	5132	1	28	80	source_plane=1
terrain	empty_terrain_no_floor_context	0	empty terrain tile	1833	5133	1	28	80	source_plane=1
terrain	empty_terrain_no_floor_context	0	empty terrain tile	1833	5134	1	28	80	source_plane=1
terrain	empty_terrain_no_floor_context	0	empty terrain tile	1833	5135	1	28	80	source_plane=1
terrain	empty_terrain_no_floor_context	0	empty terrain tile	1833	5136	1	28	80	source_plane=1
terrain	empty_terrain_no_floor_context	0	empty terrain tile	1833	5137	1	28	80	source_plane=1
terrain	empty_terrain_no_floor_context	0	empty terrain tile	1833	5138	1	28	80	source_plane=1
terrain	empty_terrain_no_floor_context	0	empty terrain tile	1833	5139	1	28	80	source_plane=1
terrain	empty_terrain_no_floor_context	0	empty terrain tile	1833	5140	1	28	80	source_plane=1
terrain	empty_terrain_no_floor_context	0	empty terrain tile	1833	5141	1	28	80	source_plane=1
terrain	empty_terrain_no_floor_context	0	empty terrain tile	1833	5142	1	28	80	source_plane=1
terrain	empty_terrain_no_floor_context	0	empty terrain tile	1833	5143	1	28	80	source_plane=1
terrain	empty_terrain_no_floor_context	0	empty terrain tile	1833	5144	1	28	80	source_plane=1
terrain	empty_terrain_no_floor_context	0	empty terrain tile	1833	5145	1	28	80	source_plane=1
terrain	empty_terrain_no_floor_context	0	empty terrain tile	1833	5146	1	28	80	source_plane=1
terrain	empty_terrain_no_floor_context	0	empty terrain tile	1833	5147	1	28	80	source_plane=1
terrain	empty_terrain_no_floor_context	0	empty terrain tile	1833	5148	1	28	80	source_plane=1
terrain	empty_terrain_no_floor_context	0	empty terrain tile	1833	5149	1	28	80	source_plane=1
terrain	empty_terrain_no_floor_context	0	empty terrain tile	1833	5150	1	28	80	source_plane=1
terrain	empty_terrain_no_floor_context	0	empty terrain tile	1833	5151	1	28	80	source_plane=1
terrain	empty_terrain_no_floor_context	0	empty terrain tile	1833	5152	1	28	80	source_plane=1
terrain	empty_terrain_no_floor_context	0	empty terrain tile	1833	5153	1	28	80	source_plane=1
terrain	empty_terrain_no_floor_context	0	empty terrain tile	1833	5154	1	28	80	source_plane=1
terrain	empty_terrain_no_floor_context	0	empty terrain tile	1833	5155	1	28	80	source_plane=1
terrain	empty_terrain_no_floor_context	0	empty terrain tile	1833	5156	1	28	80	source_plane=1
terrain	empty_terrain_no_floor_context	0	empty terrain tile	1833	5157	1	28	80	source_plane=1
terrain	empty_terrain_no_floor_context	0	empty terrain tile	1833	5158	1	28	80	source_plane=1
terrain	empty_terrain_no_floor_context	0	empty terrain tile	1833	5159	1	28	80	source_plane=1
terrain	empty_terrain_no_floor_context	0	empty terrain tile	1833	5160	1	28	80	source_plane=1
terrain	empty_terrain_no_floor_context	0	empty terrain tile	1833	5161	1	28	80	source_plane=1
terrain	empty_terrain_no_floor_context	0	empty terrain tile	1833	5162	1	28	80	source_plane=1
terrain	empty_terrain_no_floor_context	0	empty terrain tile	1833	5163	1	28	80	source_plane=1
terrain	empty_terrain_no_floor_context	0	empty terrain tile	1833	5164	1	28	80	source_plane=1
terrain	empty_terrain_no_floor_context	0	empty terrain tile	1833	5165	1	28	80	source_plane=1
terrain	empty_terrain_no_floor_context	0	empty terrain tile	1833	5166	1	28	80	source_plane=1
terrain	empty_terrain_no_floor_context	0	empty terrain tile	1833	5167	1	28	80	source_plane=1
terrain	empty_terrain_no_floor_context	0	empty terrain tile	1833	5168	1	28	80	source_plane=1
terrain	empty_terrain_no_floor_context	0	empty terrain tile	1833	5169	1	28	80	source_plane=1
terrain	empty_terrain_no_floor_context	0	empty terrain tile	1833	5170	1	28	80	source_plane=1
terrain	empty_terrain_no_floor_context	0	empty terrain tile	1833	5171	1	28	80	source_plane=1
terrain	empty_terrain_no_floor_context	0	empty terrain tile	1833	5172	1	28	80	source_plane=1
terrain	empty_terrain_no_floor_context	0	empty terrain tile	1833	5173	1	28	80	source_plane=1
terrain	empty_terrain_no_floor_context	0	empty terrain tile	1833	5174	1	28	80	source_plane=1
terrain	empty_terrain_no_floor_context	0	empty terrain tile	1833	5175	1	28	80	source_plane=1
terrain	empty_terrain_no_floor_context	0	empty terrain tile	1833	5176	1	28	80	source_plane=1
terrain	empty_terrain_no_floor_context	0	empty terrain tile	1833	5177	1	28	80	source_plane=1
terrain	empty_terrain_no_floor_context	0	empty terrain tile	1833	5178	1	28	80	source_plane=1
terrain	empty_terrain_no_floor_context	0	empty terrain tile	1833	5179	1	28	80	source_plane=1
terrain	empty_terrain_no_floor_context	0	empty terrain tile	1833	5180	1	28	80	source_plane=1
terrain	empty_terrain_no_floor_context	0	empty terrain tile	1833	5181	1	28	80	source_plane=1
terrain	empty_terrain_no_floor_context	0	empty terrain tile	1833	5182	1	28	80	source_plane=1
terrain	empty_terrain_no_floor_context	0	empty terrain tile	1833	5183	1	28	80	source_plane=1
terrain	empty_terrain_no_floor_context	0	empty terrain tile	1834	5120	1	28	80	source_plane=1
terrain	empty_terrain_no_floor_context	0	empty terrain tile	1834	5121	1	28	80	source_plane=1
terrain	empty_terrain_no_floor_context	0	empty terrain tile	1834	5122	1	28	80	source_plane=1
terrain	empty_terrain_no_floor_context	0	empty terrain tile	1834	5123	1	28	80	source_plane=1
terrain	empty_terrain_no_floor_context	0	empty terrain tile	1834	5124	1	28	80	source_plane=1
terrain	empty_terrain_no_floor_context	0	empty terrain tile	1834	5125	1	28	80	source_plane=1
terrain	empty_terrain_no_floor_context	0	empty terrain tile	1834	5126	1	28	80	source_plane=1
terrain	empty_terrain_no_floor_context	0	empty terrain tile	1834	5127	1	28	80	source_plane=1
terrain	empty_terrain_no_floor_context	0	empty terrain tile	1834	5128	1	28	80	source_plane=1
terrain	empty_terrain_no_floor_context	0	empty terrain tile	1834	5129	1	28	80	source_plane=1
terrain	empty_terrain_no_floor_context	0	empty terrain tile	1834	5130	1	28	80	source_plane=1
terrain	empty_terrain_no_floor_context	0	empty terrain tile	1834	5131	1	28	80	source_plane=1
terrain	empty_terrain_no_floor_context	0	empty terrain tile	1834	5132	1	28	80	source_plane=1
terrain	empty_terrain_no_floor_context	0	empty terrain tile	1834	5133	1	28	80	source_plane=1
terrain	empty_terrain_no_floor_context	0	empty terrain tile	1834	5134	1	28	80	source_plane=1
terrain	empty_terrain_no_floor_context	0	empty terrain tile	1834	5135	1	28	80	source_plane=1
terrain	empty_terrain_no_floor_context	0	empty terrain tile	1834	5136	1	28	80	source_plane=1
terrain	empty_terrain_no_floor_context	0	empty terrain tile	1834	5137	1	28	80	source_plane=1
terrain	empty_terrain_no_floor_context	0	empty terrain tile	1834	5138	1	28	80	source_plane=1
terrain	empty_terrain_no_floor_context	0	empty terrain tile	1834	5139	1	28	80	source_plane=1
terrain	empty_terrain_no_floor_context	0	empty terrain tile	1834	5140	1	28	80	source_plane=1
terrain	empty_terrain_no_floor_context	0	empty terrain tile	1834	5141	1	28	80	source_plane=1
terrain	empty_terrain_no_floor_context	0	empty terrain tile	1834	5142	1	28	80	source_plane=1
terrain	empty_terrain_no_floor_context	0	empty terrain tile	1834	5143	1	28	80	source_plane=1
terrain	empty_terrain_no_floor_context	0	empty terrain tile	1834	5144	1	28	80	source_plane=1
terrain	empty_terrain_no_floor_context	0	empty terrain tile	1834	5145	1	28	80	source_plane=1
terrain	empty_terrain_no_floor_context	0	empty terrain tile	1834	5146	1	28	80	source_plane=1
terrain	empty_terrain_no_floor_context	0	empty terrain tile	1834	5147	1	28	80	source_plane=1
terrain	empty_terrain_no_floor_context	0	empty terrain tile	1834	5148	1	28	80	source_plane=1
terrain	empty_terrain_no_floor_context	0	empty terrain tile	1834	5149	1	28	80	source_plane=1
terrain	empty_terrain_no_floor_context	0	empty terrain tile	1834	5150	1	28	80	source_plane=1
terrain	empty_terrain_no_floor_context	0	empty terrain tile	1834	5151	1	28	80	source_plane=1
terrain	empty_terrain_no_floor_context	0	empty terrain tile	1834	5152	1	28	80	source_plane=1
terrain	empty_terrain_no_floor_context	0	empty terrain tile	1834	5153	1	28	80	source_plane=1
terrain	empty_terrain_no_floor_context	0	empty terrain tile	1834	5154	1	28	80	source_plane=1
terrain	empty_terrain_no_floor_context	0	empty terrain tile	1834	5155	1	28	80	source_plane=1
terrain	empty_terrain_no_floor_context	0	empty terrain tile	1834	5156	1	28	80	source_plane=1
terrain	empty_terrain_no_floor_context	0	empty terrain tile	1834	5157	1	28	80	source_plane=1
terrain	empty_terrain_no_floor_context	0	empty terrain tile	1834	5158	1	28	80	source_plane=1
terrain	empty_terrain_no_floor_context	0	empty terrain tile	1834	5159	1	28	80	source_plane=1
terrain	empty_terrain_no_floor_context	0	empty terrain tile	1834	5160	1	28	80	source_plane=1
terrain	empty_terrain_no_floor_context	0	empty terrain tile	1834	5161	1	28	80	source_plane=1
terrain	empty_terrain_no_floor_context	0	empty terrain tile	1834	5162	1	28	80	source_plane=1
terrain	empty_terrain_no_floor_context	0	empty terrain tile	1834	5163	1	28	80	source_plane=1
terrain	empty_terrain_no_floor_context	0	empty terrain tile	1834	5164	1	28	80	source_plane=1
terrain	empty_terrain_no_floor_context	0	empty terrain tile	1834	5165	1	28	80	source_plane=1
terrain	empty_terrain_no_floor_context	0	empty terrain tile	1834	5166	1	28	80	source_plane=1
terrain	empty_terrain_no_floor_context	0	empty terrain tile	1834	5167	1	28	80	source_plane=1
terrain	empty_terrain_no_floor_context	0	empty terrain tile	1834	5168	1	28	80	source_plane=1
terrain	empty_terrain_no_floor_context	0	empty terrain tile	1834	5169	1	28	80	source_plane=1
terrain	empty_terrain_no_floor_context	0	empty terrain tile	1834	5170	1	28	80	source_plane=1
terrain	empty_terrain_no_floor_context	0	empty terrain tile	1834	5171	1	28	80	source_plane=1
terrain	empty_terrain_no_floor_context	0	empty terrain tile	1834	5172	1	28	80	source_plane=1
terrain	empty_terrain_no_floor_context	0	empty terrain tile	1834	5173	1	28	80	source_plane=1
terrain	empty_terrain_no_floor_context	0	empty terrain tile	1834	5174	1	28	80	source_plane=1
terrain	empty_terrain_no_floor_context	0	empty terrain tile	1834	5175	1	28	80	source_plane=1
terrain	empty_terrain_no_floor_context	0	empty terrain tile	1834	5176	1	28	80	source_plane=1
terrain	empty_terrain_no_floor_context	0	empty terrain tile	1834	5177	1	28	80	source_plane=1
terrain	empty_terrain_no_floor_context	0	empty terrain tile	1834	5178	1	28	80	source_plane=1
terrain	empty_terrain_no_floor_context	0	empty terrain tile	1834	5179	1	28	80	source_plane=1
terrain	empty_terrain_no_floor_context	0	empty terrain tile	1834	5180	1	28	80	source_plane=1
terrain	empty_terrain_no_floor_context	0	empty terrain tile	1834	5181	1	28	80	source_plane=1
terrain	empty_terrain_no_floor_context	0	empty terrain tile	1834	5182	1	28	80	source_plane=1
terrain	empty_terrain_no_floor_context	0	empty terrain tile	1834	5183	1	28	80	source_plane=1
terrain	empty_terrain_no_floor_context	0	empty terrain tile	1835	5120	1	28	80	source_plane=1
terrain	empty_terrain_no_floor_context	0	empty terrain tile	1835	5121	1	28	80	source_plane=1
terrain	empty_terrain_no_floor_context	0	empty terrain tile	1835	5122	1	28	80	source_plane=1
terrain	empty_terrain_no_floor_context	0	empty terrain tile	1835	5123	1	28	80	source_plane=1
terrain	empty_terrain_no_floor_context	0	empty terrain tile	1835	5124	1	28	80	source_plane=1
terrain	empty_terrain_no_floor_context	0	empty terrain tile	1835	5125	1	28	80	source_plane=1
terrain	empty_terrain_no_floor_context	0	empty terrain tile	1835	5126	1	28	80	source_plane=1
terrain	empty_terrain_no_floor_context	0	empty terrain tile	1835	5127	1	28	80	source_plane=1
terrain	empty_terrain_no_floor_context	0	empty terrain tile	1835	5128	1	28	80	source_plane=1
terrain	empty_terrain_no_floor_context	0	empty terrain tile	1835	5129	1	28	80	source_plane=1
terrain	empty_terrain_no_floor_context	0	empty terrain tile	1835	5130	1	28	80	source_plane=1
terrain	empty_terrain_no_floor_context	0	empty terrain tile	1835	5131	1	28	80	source_plane=1
terrain	empty_terrain_no_floor_context	0	empty terrain tile	1835	5132	1	28	80	source_plane=1
terrain	empty_terrain_no_floor_context	0	empty terrain tile	1835	5133	1	28	80	source_plane=1
terrain	empty_terrain_no_floor_context	0	empty terrain tile	1835	5134	1	28	80	source_plane=1
terrain	empty_terrain_no_floor_context	0	empty terrain tile	1835	5135	1	28	80	source_plane=1
terrain	empty_terrain_no_floor_context	0	empty terrain tile	1835	5136	1	28	80	source_plane=1
terrain	empty_terrain_no_floor_context	0	empty terrain tile	1835	5137	1	28	80	source_plane=1
terrain	empty_terrain_no_floor_context	0	empty terrain tile	1835	5138	1	28	80	source_plane=1
terrain	empty_terrain_no_floor_context	0	empty terrain tile	1835	5139	1	28	80	source_plane=1
terrain	empty_terrain_no_floor_context	0	empty terrain tile	1835	5140	1	28	80	source_plane=1
terrain	empty_terrain_no_floor_context	0	empty terrain tile	1835	5141	1	28	80	source_plane=1
terrain	empty_terrain_no_floor_context	0	empty terrain tile	1835	5142	1	28	80	source_plane=1
terrain	empty_terrain_no_floor_context	0	empty terrain tile	1835	5143	1	28	80	source_plane=1
terrain	empty_terrain_no_floor_context	0	empty terrain tile	1835	5144	1	28	80	source_plane=1
terrain	empty_terrain_no_floor_context	0	empty terrain tile	1835	5145	1	28	80	source_plane=1
terrain	empty_terrain_no_floor_context	0	empty terrain tile	1835	5146	1	28	80	source_plane=1
terrain	empty_terrain_no_floor_context	0	empty terrain tile	1835	5147	1	28	80	source_plane=1
terrain	empty_terrain_no_floor_context	0	empty terrain tile	1835	5148	1	28	80	source_plane=1
terrain	empty_terrain_no_floor_context	0	empty terrain tile	1835	5149	1	28	80	source_plane=1
terrain	empty_terrain_no_floor_context	0	empty terrain tile	1835	5150	1	28	80	source_plane=1
terrain	empty_terrain_no_floor_context	0	empty terrain tile	1835	5151	1	28	80	source_plane=1
terrain	empty_terrain_no_floor_context	0	empty terrain tile	1835	5152	1	28	80	source_plane=1
terrain	empty_terrain_no_floor_context	0	empty terrain tile	1835	5153	1	28	80	source_plane=1
terrain	empty_terrain_no_floor_context	0	empty terrain tile	1835	5154	1	28	80	source_plane=1
terrain	empty_terrain_no_floor_context	0	empty terrain tile	1835	5155	1	28	80	source_plane=1
terrain	empty_terrain_no_floor_context	0	empty terrain tile	1835	5156	1	28	80	source_plane=1
terrain	empty_terrain_no_floor_context	0	empty terrain tile	1835	5157	1	28	80	source_plane=1
terrain	empty_terrain_no_floor_context	0	empty terrain tile	1835	5158	1	28	80	source_plane=1
terrain	empty_terrain_no_floor_context	0	empty terrain tile	1835	5159	1	28	80	source_plane=1
terrain	empty_terrain_no_floor_context	0	empty terrain tile	1835	5160	1	28	80	source_plane=1
terrain	empty_terrain_no_floor_context	0	empty terrain tile	1835	5161	1	28	80	source_plane=1
terrain	empty_terrain_no_floor_context	0	empty terrain tile	1835	5162	1	28	80	source_plane=1
terrain	empty_terrain_no_floor_context	0	empty terrain tile	1835	5163	1	28	80	source_plane=1
terrain	empty_terrain_no_floor_context	0	empty terrain tile	1835	5164	1	28	80	source_plane=1
terrain	empty_terrain_no_floor_context	0	empty terrain tile	1835	5165	1	28	80	source_plane=1
terrain	empty_terrain_no_floor_context	0	empty terrain tile	1835	5166	1	28	80	source_plane=1
terrain	empty_terrain_no_floor_context	0	empty terrain tile	1835	5167	1	28	80	source_plane=1
terrain	empty_terrain_no_floor_context	0	empty terrain tile	1835	5168	1	28	80	source_plane=1
terrain	empty_terrain_no_floor_context	0	empty terrain tile	1835	5169	1	28	80	source_plane=1
terrain	empty_terrain_no_floor_context	0	empty terrain tile	1835	5170	1	28	80	source_plane=1
terrain	empty_terrain_no_floor_context	0	empty terrain tile	1835	5171	1	28	80	source_plane=1
terrain	empty_terrain_no_floor_context	0	empty terrain tile	1835	5172	1	28	80	source_plane=1
terrain	empty_terrain_no_floor_context	0	empty terrain tile	1835	5173	1	28	80	source_plane=1
terrain	empty_terrain_no_floor_context	0	empty terrain tile	1835	5174	1	28	80	source_plane=1
terrain	empty_terrain_no_floor_context	0	empty terrain tile	1835	5175	1	28	80	source_plane=1
terrain	empty_terrain_no_floor_context	0	empty terrain tile	1835	5176	1	28	80	source_plane=1
terrain	empty_terrain_no_floor_context	0	empty terrain tile	1835	5177	1	28	80	source_plane=1
terrain	empty_terrain_no_floor_context	0	empty terrain tile	1835	5178	1	28	80	source_plane=1
terrain	empty_terrain_no_floor_context	0	empty terrain tile	1835	5179	1	28	80	source_plane=1
terrain	empty_terrain_no_floor_context	0	empty terrain tile	1835	5180	1	28	80	source_plane=1
terrain	empty_terrain_no_floor_context	0	empty terrain tile	1835	5181	1	28	80	source_plane=1
terrain	empty_terrain_no_floor_context	0	empty terrain tile	1835	5182	1	28	80	source_plane=1
terrain	empty_terrain_no_floor_context	0	empty terrain tile	1835	5183	1	28	80	source_plane=1
terrain	empty_terrain_no_floor_context	0	empty terrain tile	1836	5120	1	28	80	source_plane=1
terrain	empty_terrain_no_floor_context	0	empty terrain tile	1836	5121	1	28	80	source_plane=1
terrain	empty_terrain_no_floor_context	0	empty terrain tile	1836	5122	1	28	80	source_plane=1
terrain	empty_terrain_no_floor_context	0	empty terrain tile	1836	5123	1	28	80	source_plane=1
terrain	empty_terrain_no_floor_context	0	empty terrain tile	1836	5124	1	28	80	source_plane=1
terrain	empty_terrain_no_floor_context	0	empty terrain tile	1836	5125	1	28	80	source_plane=1
terrain	empty_terrain_no_floor_context	0	empty terrain tile	1836	5126	1	28	80	source_plane=1
terrain	empty_terrain_no_floor_context	0	empty terrain tile	1836	5127	1	28	80	source_plane=1
terrain	empty_terrain_no_floor_context	0	empty terrain tile	1836	5128	1	28	80	source_plane=1
terrain	empty_terrain_no_floor_context	0	empty terrain tile	1836	5129	1	28	80	source_plane=1
terrain	empty_terrain_no_floor_context	0	empty terrain tile	1836	5130	1	28	80	source_plane=1
terrain	empty_terrain_no_floor_context	0	empty terrain tile	1836	5131	1	28	80	source_plane=1
terrain	empty_terrain_no_floor_context	0	empty terrain tile	1836	5132	1	28	80	source_plane=1
terrain	empty_terrain_no_floor_context	0	empty terrain tile	1836	5133	1	28	80	source_plane=1
terrain	empty_terrain_no_floor_context	0	empty terrain tile	1836	5134	1	28	80	source_plane=1
terrain	empty_terrain_no_floor_context	0	empty terrain tile	1836	5135	1	28	80	source_plane=1
terrain	empty_terrain_no_floor_context	0	empty terrain tile	1836	5136	1	28	80	source_plane=1
terrain	empty_terrain_no_floor_context	0	empty terrain tile	1836	5137	1	28	80	source_plane=1
terrain	empty_terrain_no_floor_context	0	empty terrain tile	1836	5138	1	28	80	source_plane=1
terrain	empty_terrain_no_floor_context	0	empty terrain tile	1836	5139	1	28	80	source_plane=1
terrain	empty_terrain_no_floor_context	0	empty terrain tile	1836	5140	1	28	80	source_plane=1
terrain	empty_terrain_no_floor_context	0	empty terrain tile	1836	5141	1	28	80	source_plane=1
terrain	empty_terrain_no_floor_context	0	empty terrain tile	1836	5142	1	28	80	source_plane=1
terrain	empty_terrain_no_floor_context	0	empty terrain tile	1836	5143	1	28	80	source_plane=1
terrain	empty_terrain_no_floor_context	0	empty terrain tile	1836	5144	1	28	80	source_plane=1
terrain	empty_terrain_no_floor_context	0	empty terrain tile	1836	5145	1	28	80	source_plane=1
terrain	empty_terrain_no_floor_context	0	empty terrain tile	1836	5146	1	28	80	source_plane=1
terrain	empty_terrain_no_floor_context	0	empty terrain tile	1836	5147	1	28	80	source_plane=1
terrain	empty_terrain_no_floor_context	0	empty terrain tile	1836	5148	1	28	80	source_plane=1
terrain	empty_terrain_no_floor_context	0	empty terrain tile	1836	5149	1	28	80	source_plane=1
terrain	empty_terrain_no_floor_context	0	empty terrain tile	1836	5150	1	28	80	source_plane=1
terrain	empty_terrain_no_floor_context	0	empty terrain tile	1836	5151	1	28	80	source_plane=1
terrain	empty_terrain_no_floor_context	0	empty terrain tile	1836	5152	1	28	80	source_plane=1
terrain	empty_terrain_no_floor_context	0	empty terrain tile	1836	5153	1	28	80	source_plane=1
terrain	empty_terrain_no_floor_context	0	empty terrain tile	1836	5154	1	28	80	source_plane=1
terrain	empty_terrain_no_floor_context	0	empty terrain tile	1836	5155	1	28	80	source_plane=1
terrain	empty_terrain_no_floor_context	0	empty terrain tile	1836	5156	1	28	80	source_plane=1
terrain	empty_terrain_no_floor_context	0	empty terrain tile	1836	5157	1	28	80	source_plane=1
terrain	empty_terrain_no_floor_context	0	empty terrain tile	1836	5158	1	28	80	source_plane=1
terrain	empty_terrain_no_floor_context	0	empty terrain tile	1836	5159	1	28	80	source_plane=1
terrain	empty_terrain_no_floor_context	0	empty terrain tile	1836	5160	1	28	80	source_plane=1
terrain	empty_terrain_no_floor_context	0	empty terrain tile	1836	5161	1	28	80	source_plane=1
terrain	empty_terrain_no_floor_context	0	empty terrain tile	1836	5162	1	28	80	source_plane=1
terrain	empty_terrain_no_floor_context	0	empty terrain tile	1836	5163	1	28	80	source_plane=1
terrain	empty_terrain_no_floor_context	0	empty terrain tile	1836	5164	1	28	80	source_plane=1
terrain	empty_terrain_no_floor_context	0	empty terrain tile	1836	5165	1	28	80	source_plane=1
terrain	empty_terrain_no_floor_context	0	empty terrain tile	1836	5166	1	28	80	source_plane=1
terrain	empty_terrain_no_floor_context	0	empty terrain tile	1836	5167	1	28	80	source_plane=1
terrain	empty_terrain_no_floor_context	0	empty terrain tile	1836	5168	1	28	80	source_plane=1
terrain	empty_terrain_no_floor_context	0	empty terrain tile	1836	5169	1	28	80	source_plane=1
terrain	empty_terrain_no_floor_context	0	empty terrain tile	1836	5170	1	28	80	source_plane=1
terrain	empty_terrain_no_floor_context	0	empty terrain tile	1836	5171	1	28	80	source_plane=1
terrain	empty_terrain_no_floor_context	0	empty terrain tile	1836	5172	1	28	80	source_plane=1
terrain	empty_terrain_no_floor_context	0	empty terrain tile	1836	5173	1	28	80	source_plane=1
terrain	empty_terrain_no_floor_context	0	empty terrain tile	1836	5174	1	28	80	source_plane=1
terrain	empty_terrain_no_floor_context	0	empty terrain tile	1836	5175	1	28	80	source_plane=1
terrain	empty_terrain_no_floor_context	0	empty terrain tile	1836	5176	1	28	80	source_plane=1
terrain	empty_terrain_no_floor_context	0	empty terrain tile	1836	5177	1	28	80	source_plane=1
terrain	empty_terrain_no_floor_context	0	empty terrain tile	1836	5178	1	28	80	source_plane=1
terrain	empty_terrain_no_floor_context	0	empty terrain tile	1836	5179	1	28	80	source_plane=1
terrain	empty_terrain_no_floor_context	0	empty terrain tile	1836	5180	1	28	80	source_plane=1
terrain	empty_terrain_no_floor_context	0	empty terrain tile	1836	5181	1	28	80	source_plane=1
terrain	empty_terrain_no_floor_context	0	empty terrain tile	1836	5182	1	28	80	source_plane=1
terrain	empty_terrain_no_floor_context	0	empty terrain tile	1836	5183	1	28	80	source_plane=1
terrain	empty_terrain_no_floor_context	0	empty terrain tile	1837	5120	1	28	80	source_plane=1
terrain	empty_terrain_no_floor_context	0	empty terrain tile	1837	5121	1	28	80	source_plane=1
terrain	empty_terrain_no_floor_context	0	empty terrain tile	1837	5122	1	28	80	source_plane=1
terrain	empty_terrain_no_floor_context	0	empty terrain tile	1837	5123	1	28	80	source_plane=1
terrain	empty_terrain_no_floor_context	0	empty terrain tile	1837	5124	1	28	80	source_plane=1
terrain	empty_terrain_no_floor_context	0	empty terrain tile	1837	5125	1	28	80	source_plane=1
terrain	empty_terrain_no_floor_context	0	empty terrain tile	1837	5126	1	28	80	source_plane=1
terrain	empty_terrain_no_floor_context	0	empty terrain tile	1837	5127	1	28	80	source_plane=1
terrain	empty_terrain_no_floor_context	0	empty terrain tile	1837	5128	1	28	80	source_plane=1
terrain	empty_terrain_no_floor_context	0	empty terrain tile	1837	5129	1	28	80	source_plane=1
terrain	empty_terrain_no_floor_context	0	empty terrain tile	1837	5130	1	28	80	source_plane=1
terrain	empty_terrain_no_floor_context	0	empty terrain tile	1837	5131	1	28	80	source_plane=1
terrain	empty_terrain_no_floor_context	0	empty terrain tile	1837	5132	1	28	80	source_plane=1
terrain	empty_terrain_no_floor_context	0	empty terrain tile	1837	5133	1	28	80	source_plane=1
terrain	empty_terrain_no_floor_context	0	empty terrain tile	1837	5134	1	28	80	source_plane=1
terrain	empty_terrain_no_floor_context	0	empty terrain tile	1837	5135	1	28	80	source_plane=1
terrain	empty_terrain_no_floor_context	0	empty terrain tile	1837	5136	1	28	80	source_plane=1
terrain	empty_terrain_no_floor_context	0	empty terrain tile	1837	5137	1	28	80	source_plane=1
terrain	empty_terrain_no_floor_context	0	empty terrain tile	1837	5138	1	28	80	source_plane=1
terrain	empty_terrain_no_floor_context	0	empty terrain tile	1837	5139	1	28	80	source_plane=1
terrain	empty_terrain_no_floor_context	0	empty terrain tile	1837	5140	1	28	80	source_plane=1
terrain	empty_terrain_no_floor_context	0	empty terrain tile	1837	5141	1	28	80	source_plane=1
terrain	empty_terrain_no_floor_context	0	empty terrain tile	1837	5142	1	28	80	source_plane=1
terrain	empty_terrain_no_floor_context	0	empty terrain tile	1837	5143	1	28	80	source_plane=1
terrain	empty_terrain_no_floor_context	0	empty terrain tile	1837	5144	1	28	80	source_plane=1
terrain	empty_terrain_no_floor_context	0	empty terrain tile	1837	5145	1	28	80	source_plane=1
terrain	empty_terrain_no_floor_context	0	empty terrain tile	1837	5146	1	28	80	source_plane=1
terrain	empty_terrain_no_floor_context	0	empty terrain tile	1837	5147	1	28	80	source_plane=1
terrain	empty_terrain_no_floor_context	0	empty terrain tile	1837	5148	1	28	80	source_plane=1
terrain	empty_terrain_no_floor_context	0	empty terrain tile	1837	5149	1	28	80	source_plane=1
terrain	empty_terrain_no_floor_context	0	empty terrain tile	1837	5150	1	28	80	source_plane=1
terrain	empty_terrain_no_floor_context	0	empty terrain tile	1837	5151	1	28	80	source_plane=1
terrain	empty_terrain_no_floor_context	0	empty terrain tile	1837	5152	1	28	80	source_plane=1
terrain	empty_terrain_no_floor_context	0	empty terrain tile	1837	5153	1	28	80	source_plane=1
terrain	empty_terrain_no_floor_context	0	empty terrain tile	1837	5154	1	28	80	source_plane=1
terrain	empty_terrain_no_floor_context	0	empty terrain tile	1837	5155	1	28	80	source_plane=1
terrain	empty_terrain_no_floor_context	0	empty terrain tile	1837	5156	1	28	80	source_plane=1
terrain	empty_terrain_no_floor_context	0	empty terrain tile	1837	5157	1	28	80	source_plane=1
terrain	empty_terrain_no_floor_context	0	empty terrain tile	1837	5158	1	28	80	source_plane=1
terrain	empty_terrain_no_floor_context	0	empty terrain tile	1837	5159	1	28	80	source_plane=1
terrain	empty_terrain_no_floor_context	0	empty terrain tile	1837	5160	1	28	80	source_plane=1
terrain	empty_terrain_no_floor_context	0	empty terrain tile	1837	5161	1	28	80	source_plane=1
terrain	empty_terrain_no_floor_context	0	empty terrain tile	1837	5162	1	28	80	source_plane=1
terrain	empty_terrain_no_floor_context	0	empty terrain tile	1837	5163	1	28	80	source_plane=1
terrain	empty_terrain_no_floor_context	0	empty terrain tile	1837	5164	1	28	80	source_plane=1
terrain	empty_terrain_no_floor_context	0	empty terrain tile	1837	5165	1	28	80	source_plane=1
terrain	empty_terrain_no_floor_context	0	empty terrain tile	1837	5166	1	28	80	source_plane=1
terrain	empty_terrain_no_floor_context	0	empty terrain tile	1837	5167	1	28	80	source_plane=1
terrain	empty_terrain_no_floor_context	0	empty terrain tile	1837	5168	1	28	80	source_plane=1
terrain	empty_terrain_no_floor_context	0	empty terrain tile	1837	5169	1	28	80	source_plane=1
terrain	empty_terrain_no_floor_context	0	empty terrain tile	1837	5170	1	28	80	source_plane=1
terrain	empty_terrain_no_floor_context	0	empty terrain tile	1837	5171	1	28	80	source_plane=1
terrain	empty_terrain_no_floor_context	0	empty terrain tile	1837	5172	1	28	80	source_plane=1
terrain	empty_terrain_no_floor_context	0	empty terrain tile	1837	5173	1	28	80	source_plane=1
terrain	empty_terrain_no_floor_context	0	empty terrain tile	1837	5174	1	28	80	source_plane=1
terrain	empty_terrain_no_floor_context	0	empty terrain tile	1837	5175	1	28	80	source_plane=1
terrain	empty_terrain_no_floor_context	0	empty terrain tile	1837	5176	1	28	80	source_plane=1
terrain	empty_terrain_no_floor_context	0	empty terrain tile	1837	5177	1	28	80	source_plane=1
terrain	empty_terrain_no_floor_context	0	empty terrain tile	1837	5178	1	28	80	source_plane=1
terrain	empty_terrain_no_floor_context	0	empty terrain tile	1837	5179	1	28	80	source_plane=1
terrain	empty_terrain_no_floor_context	0	empty terrain tile	1837	5180	1	28	80	source_plane=1
terrain	empty_terrain_no_floor_context	0	empty terrain tile	1837	5181	1	28	80	source_plane=1
terrain	empty_terrain_no_floor_context	0	empty terrain tile	1837	5182	1	28	80	source_plane=1
terrain	empty_terrain_no_floor_context	0	empty terrain tile	1837	5183	1	28	80	source_plane=1
terrain	empty_terrain_no_floor_context	0	empty terrain tile	1838	5120	1	28	80	source_plane=1
terrain	empty_terrain_no_floor_context	0	empty terrain tile	1838	5121	1	28	80	source_plane=1
terrain	empty_terrain_no_floor_context	0	empty terrain tile	1838	5122	1	28	80	source_plane=1
terrain	empty_terrain_no_floor_context	0	empty terrain tile	1838	5123	1	28	80	source_plane=1
terrain	empty_terrain_no_floor_context	0	empty terrain tile	1838	5124	1	28	80	source_plane=1
terrain	empty_terrain_no_floor_context	0	empty terrain tile	1838	5125	1	28	80	source_plane=1
terrain	empty_terrain_no_floor_context	0	empty terrain tile	1838	5126	1	28	80	source_plane=1
terrain	empty_terrain_no_floor_context	0	empty terrain tile	1838	5127	1	28	80	source_plane=1
terrain	empty_terrain_no_floor_context	0	empty terrain tile	1838	5128	1	28	80	source_plane=1
terrain	empty_terrain_no_floor_context	0	empty terrain tile	1838	5129	1	28	80	source_plane=1
terrain	empty_terrain_no_floor_context	0	empty terrain tile	1838	5130	1	28	80	source_plane=1
terrain	empty_terrain_no_floor_context	0	empty terrain tile	1838	5131	1	28	80	source_plane=1
terrain	empty_terrain_no_floor_context	0	empty terrain tile	1838	5132	1	28	80	source_plane=1
terrain	empty_terrain_no_floor_context	0	empty terrain tile	1838	5133	1	28	80	source_plane=1
terrain	empty_terrain_no_floor_context	0	empty terrain tile	1838	5134	1	28	80	source_plane=1
terrain	empty_terrain_no_floor_context	0	empty terrain tile	1838	5135	1	28	80	source_plane=1
terrain	empty_terrain_no_floor_context	0	empty terrain tile	1838	5136	1	28	80	source_plane=1
terrain	empty_terrain_no_floor_context	0	empty terrain tile	1838	5137	1	28	80	source_plane=1
terrain	empty_terrain_no_floor_context	0	empty terrain tile	1838	5138	1	28	80	source_plane=1
terrain	empty_terrain_no_floor_context	0	empty terrain tile	1838	5139	1	28	80	source_plane=1
terrain	empty_terrain_no_floor_context	0	empty terrain tile	1838	5140	1	28	80	source_plane=1
terrain	empty_terrain_no_floor_context	0	empty terrain tile	1838	5141	1	28	80	source_plane=1
terrain	empty_terrain_no_floor_context	0	empty terrain tile	1838	5142	1	28	80	source_plane=1
terrain	empty_terrain_no_floor_context	0	empty terrain tile	1838	5143	1	28	80	source_plane=1
terrain	empty_terrain_no_floor_context	0	empty terrain tile	1838	5144	1	28	80	source_plane=1
terrain	empty_terrain_no_floor_context	0	empty terrain tile	1838	5145	1	28	80	source_plane=1
terrain	empty_terrain_no_floor_context	0	empty terrain tile	1838	5146	1	28	80	source_plane=1
terrain	empty_terrain_no_floor_context	0	empty terrain tile	1838	5147	1	28	80	source_plane=1
terrain	empty_terrain_no_floor_context	0	empty terrain tile	1838	5148	1	28	80	source_plane=1
terrain	empty_terrain_no_floor_context	0	empty terrain tile	1838	5149	1	28	80	source_plane=1
terrain	empty_terrain_no_floor_context	0	empty terrain tile	1838	5150	1	28	80	source_plane=1
terrain	empty_terrain_no_floor_context	0	empty terrain tile	1838	5151	1	28	80	source_plane=1
terrain	empty_terrain_no_floor_context	0	empty terrain tile	1838	5152	1	28	80	source_plane=1
terrain	empty_terrain_no_floor_context	0	empty terrain tile	1838	5153	1	28	80	source_plane=1
terrain	empty_terrain_no_floor_context	0	empty terrain tile	1838	5154	1	28	80	source_plane=1
terrain	empty_terrain_no_floor_context	0	empty terrain tile	1838	5155	1	28	80	source_plane=1
terrain	empty_terrain_no_floor_context	0	empty terrain tile	1838	5156	1	28	80	source_plane=1
terrain	empty_terrain_no_floor_context	0	empty terrain tile	1838	5157	1	28	80	source_plane=1
terrain	empty_terrain_no_floor_context	0	empty terrain tile	1838	5158	1	28	80	source_plane=1
terrain	empty_terrain_no_floor_context	0	empty terrain tile	1838	5159	1	28	80	source_plane=1
terrain	empty_terrain_no_floor_context	0	empty terrain tile	1838	5160	1	28	80	source_plane=1
terrain	empty_terrain_no_floor_context	0	empty terrain tile	1838	5161	1	28	80	source_plane=1
terrain	empty_terrain_no_floor_context	0	empty terrain tile	1838	5162	1	28	80	source_plane=1
terrain	empty_terrain_no_floor_context	0	empty terrain tile	1838	5163	1	28	80	source_plane=1
terrain	empty_terrain_no_floor_context	0	empty terrain tile	1838	5164	1	28	80	source_plane=1
terrain	empty_terrain_no_floor_context	0	empty terrain tile	1838	5165	1	28	80	source_plane=1
terrain	empty_terrain_no_floor_context	0	empty terrain tile	1838	5166	1	28	80	source_plane=1
terrain	empty_terrain_no_floor_context	0	empty terrain tile	1838	5167	1	28	80	source_plane=1
terrain	empty_terrain_no_floor_context	0	empty terrain tile	1838	5168	1	28	80	source_plane=1
terrain	empty_terrain_no_floor_context	0	empty terrain tile	1838	5169	1	28	80	source_plane=1
terrain	empty_terrain_no_floor_context	0	empty terrain tile	1838	5170	1	28	80	source_plane=1
terrain	empty_terrain_no_floor_context	0	empty terrain tile	1838	5171	1	28	80	source_plane=1
terrain	empty_terrain_no_floor_context	0	empty terrain tile	1838	5172	1	28	80	source_plane=1
terrain	empty_terrain_no_floor_context	0	empty terrain tile	1838	5173	1	28	80	source_plane=1
terrain	empty_terrain_no_floor_context	0	empty terrain tile	1838	5174	1	28	80	source_plane=1
terrain	empty_terrain_no_floor_context	0	empty terrain tile	1838	5175	1	28	80	source_plane=1
terrain	empty_terrain_no_floor_context	0	empty terrain tile	1838	5176	1	28	80	source_plane=1
terrain	empty_terrain_no_floor_context	0	empty terrain tile	1838	5177	1	28	80	source_plane=1
terrain	empty_terrain_no_floor_context	0	empty terrain tile	1838	5178	1	28	80	source_plane=1
terrain	empty_terrain_no_floor_context	0	empty terrain tile	1838	5179	1	28	80	source_plane=1
terrain	empty_terrain_no_floor_context	0	empty terrain tile	1838	5180	1	28	80	source_plane=1
terrain	empty_terrain_no_floor_context	0	empty terrain tile	1838	5181	1	28	80	source_plane=1
terrain	empty_terrain_no_floor_context	0	empty terrain tile	1838	5182	1	28	80	source_plane=1
terrain	empty_terrain_no_floor_context	0	empty terrain tile	1838	5183	1	28	80	source_plane=1
terrain	empty_terrain_no_floor_context	0	empty terrain tile	1839	5120	1	28	80	source_plane=1
terrain	empty_terrain_no_floor_context	0	empty terrain tile	1839	5121	1	28	80	source_plane=1
terrain	empty_terrain_no_floor_context	0	empty terrain tile	1839	5122	1	28	80	source_plane=1
terrain	empty_terrain_no_floor_context	0	empty terrain tile	1839	5123	1	28	80	source_plane=1
terrain	empty_terrain_no_floor_context	0	empty terrain tile	1839	5124	1	28	80	source_plane=1
terrain	empty_terrain_no_floor_context	0	empty terrain tile	1839	5125	1	28	80	source_plane=1
terrain	empty_terrain_no_floor_context	0	empty terrain tile	1839	5126	1	28	80	source_plane=1
terrain	empty_terrain_no_floor_context	0	empty terrain tile	1839	5127	1	28	80	source_plane=1
terrain	empty_terrain_no_floor_context	0	empty terrain tile	1839	5128	1	28	80	source_plane=1
terrain	empty_terrain_no_floor_context	0	empty terrain tile	1839	5129	1	28	80	source_plane=1
terrain	empty_terrain_no_floor_context	0	empty terrain tile	1839	5130	1	28	80	source_plane=1
terrain	empty_terrain_no_floor_context	0	empty terrain tile	1839	5131	1	28	80	source_plane=1
terrain	empty_terrain_no_floor_context	0	empty terrain tile	1839	5132	1	28	80	source_plane=1
terrain	empty_terrain_no_floor_context	0	empty terrain tile	1839	5133	1	28	80	source_plane=1
terrain	empty_terrain_no_floor_context	0	empty terrain tile	1839	5134	1	28	80	source_plane=1
terrain	empty_terrain_no_floor_context	0	empty terrain tile	1839	5135	1	28	80	source_plane=1
terrain	empty_terrain_no_floor_context	0	empty terrain tile	1839	5136	1	28	80	source_plane=1
terrain	empty_terrain_no_floor_context	0	empty terrain tile	1839	5137	1	28	80	source_plane=1
terrain	empty_terrain_no_floor_context	0	empty terrain tile	1839	5138	1	28	80	source_plane=1
terrain	empty_terrain_no_floor_context	0	empty terrain tile	1839	5139	1	28	80	source_plane=1
terrain	empty_terrain_no_floor_context	0	empty terrain tile	1839	5140	1	28	80	source_plane=1
terrain	empty_terrain_no_floor_context	0	empty terrain tile	1839	5141	1	28	80	source_plane=1
terrain	empty_terrain_no_floor_context	0	empty terrain tile	1839	5142	1	28	80	source_plane=1
terrain	empty_terrain_no_floor_context	0	empty terrain tile	1839	5143	1	28	80	source_plane=1
terrain	empty_terrain_no_floor_context	0	empty terrain tile	1839	5144	1	28	80	source_plane=1
terrain	empty_terrain_no_floor_context	0	empty terrain tile	1839	5145	1	28	80	source_plane=1
terrain	empty_terrain_no_floor_context	0	empty terrain tile	1839	5146	1	28	80	source_plane=1
terrain	empty_terrain_no_floor_context	0	empty terrain tile	1839	5147	1	28	80	source_plane=1
terrain	empty_terrain_no_floor_context	0	empty terrain tile	1839	5148	1	28	80	source_plane=1
terrain	empty_terrain_no_floor_context	0	empty terrain tile	1839	5149	1	28	80	source_plane=1
terrain	empty_terrain_no_floor_context	0	empty terrain tile	1839	5150	1	28	80	source_plane=1
terrain	empty_terrain_no_floor_context	0	empty terrain tile	1839	5151	1	28	80	source_plane=1
terrain	empty_terrain_no_floor_context	0	empty terrain tile	1839	5152	1	28	80	source_plane=1
terrain	empty_terrain_no_floor_context	0	empty terrain tile	1839	5153	1	28	80	source_plane=1
terrain	empty_terrain_no_floor_context	0	empty terrain tile	1839	5154	1	28	80	source_plane=1
terrain	empty_terrain_no_floor_context	0	empty terrain tile	1839	5155	1	28	80	source_plane=1
terrain	empty_terrain_no_floor_context	0	empty terrain tile	1839	5156	1	28	80	source_plane=1
terrain	empty_terrain_no_floor_context	0	empty terrain tile	1839	5157	1	28	80	source_plane=1
terrain	empty_terrain_no_floor_context	0	empty terrain tile	1839	5158	1	28	80	source_plane=1
terrain	empty_terrain_no_floor_context	0	empty terrain tile	1839	5159	1	28	80	source_plane=1
terrain	empty_terrain_no_floor_context	0	empty terrain tile	1839	5160	1	28	80	source_plane=1
terrain	empty_terrain_no_floor_context	0	empty terrain tile	1839	5161	1	28	80	source_plane=1
terrain	empty_terrain_no_floor_context	0	empty terrain tile	1839	5162	1	28	80	source_plane=1
terrain	empty_terrain_no_floor_context	0	empty terrain tile	1839	5163	1	28	80	source_plane=1
terrain	empty_terrain_no_floor_context	0	empty terrain tile	1839	5164	1	28	80	source_plane=1
terrain	empty_terrain_no_floor_context	0	empty terrain tile	1839	5165	1	28	80	source_plane=1
terrain	empty_terrain_no_floor_context	0	empty terrain tile	1839	5166	1	28	80	source_plane=1
terrain	empty_terrain_no_floor_context	0	empty terrain tile	1839	5167	1	28	80	source_plane=1
terrain	empty_terrain_no_floor_context	0	empty terrain tile	1839	5168	1	28	80	source_plane=1
terrain	empty_terrain_no_floor_context	0	empty terrain tile	1839	5169	1	28	80	source_plane=1
terrain	empty_terrain_no_floor_context	0	empty terrain tile	1839	5170	1	28	80	source_plane=1
terrain	empty_terrain_no_floor_context	0	empty terrain tile	1839	5171	1	28	80	source_plane=1
terrain	empty_terrain_no_floor_context	0	empty terrain tile	1839	5172	1	28	80	source_plane=1
terrain	empty_terrain_no_floor_context	0	empty terrain tile	1839	5173	1	28	80	source_plane=1
terrain	empty_terrain_no_floor_context	0	empty terrain tile	1839	5174	1	28	80	source_plane=1
terrain	empty_terrain_no_floor_context	0	empty terrain tile	1839	5175	1	28	80	source_plane=1
terrain	empty_terrain_no_floor_context	0	empty terrain tile	1839	5176	1	28	80	source_plane=1
terrain	empty_terrain_no_floor_context	0	empty terrain tile	1839	5177	1	28	80	source_plane=1
terrain	empty_terrain_no_floor_context	0	empty terrain tile	1839	5178	1	28	80	source_plane=1
terrain	empty_terrain_no_floor_context	0	empty terrain tile	1839	5179	1	28	80	source_plane=1
terrain	empty_terrain_no_floor_context	0	empty terrain tile	1839	5180	1	28	80	source_plane=1
terrain	empty_terrain_no_floor_context	0	empty terrain tile	1839	5181	1	28	80	source_plane=1
terrain	empty_terrain_no_floor_context	0	empty terrain tile	1839	5182	1	28	80	source_plane=1
terrain	empty_terrain_no_floor_context	0	empty terrain tile	1839	5183	1	28	80	source_plane=1
terrain	empty_terrain_no_floor_context	0	empty terrain tile	1840	5120	1	28	80	source_plane=1
terrain	empty_terrain_no_floor_context	0	empty terrain tile	1840	5121	1	28	80	source_plane=1
terrain	empty_terrain_no_floor_context	0	empty terrain tile	1840	5122	1	28	80	source_plane=1
terrain	empty_terrain_no_floor_context	0	empty terrain tile	1840	5123	1	28	80	source_plane=1
terrain	empty_terrain_no_floor_context	0	empty terrain tile	1840	5124	1	28	80	source_plane=1
terrain	empty_terrain_no_floor_context	0	empty terrain tile	1840	5125	1	28	80	source_plane=1
terrain	empty_terrain_no_floor_context	0	empty terrain tile	1840	5126	1	28	80	source_plane=1
terrain	empty_terrain_no_floor_context	0	empty terrain tile	1840	5127	1	28	80	source_plane=1
terrain	empty_terrain_no_floor_context	0	empty terrain tile	1840	5128	1	28	80	source_plane=1
terrain	empty_terrain_no_floor_context	0	empty terrain tile	1840	5129	1	28	80	source_plane=1
terrain	empty_terrain_no_floor_context	0	empty terrain tile	1840	5130	1	28	80	source_plane=1
terrain	empty_terrain_no_floor_context	0	empty terrain tile	1840	5131	1	28	80	source_plane=1
terrain	empty_terrain_no_floor_context	0	empty terrain tile	1840	5132	1	28	80	source_plane=1
terrain	empty_terrain_no_floor_context	0	empty terrain tile	1840	5133	1	28	80	source_plane=1
terrain	empty_terrain_no_floor_context	0	empty terrain tile	1840	5134	1	28	80	source_plane=1
terrain	empty_terrain_no_floor_context	0	empty terrain tile	1840	5135	1	28	80	source_plane=1
terrain	empty_terrain_no_floor_context	0	empty terrain tile	1840	5136	1	28	80	source_plane=1
terrain	empty_terrain_no_floor_context	0	empty terrain tile	1840	5137	1	28	80	source_plane=1
terrain	empty_terrain_no_floor_context	0	empty terrain tile	1840	5138	1	28	80	source_plane=1
terrain	empty_terrain_no_floor_context	0	empty terrain tile	1840	5139	1	28	80	source_plane=1
terrain	empty_terrain_no_floor_context	0	empty terrain tile	1840	5140	1	28	80	source_plane=1
terrain	empty_terrain_no_floor_context	0	empty terrain tile	1840	5141	1	28	80	source_plane=1
terrain	empty_terrain_no_floor_context	0	empty terrain tile	1840	5142	1	28	80	source_plane=1
terrain	empty_terrain_no_floor_context	0	empty terrain tile	1840	5143	1	28	80	source_plane=1
terrain	empty_terrain_no_floor_context	0	empty terrain tile	1840	5144	1	28	80	source_plane=1
terrain	empty_terrain_no_floor_context	0	empty terrain tile	1840	5145	1	28	80	source_plane=1
terrain	empty_terrain_no_floor_context	0	empty terrain tile	1840	5146	1	28	80	source_plane=1
terrain	empty_terrain_no_floor_context	0	empty terrain tile	1840	5147	1	28	80	source_plane=1
terrain	empty_terrain_no_floor_context	0	empty terrain tile	1840	5148	1	28	80	source_plane=1
terrain	empty_terrain_no_floor_context	0	empty terrain tile	1840	5149	1	28	80	source_plane=1
terrain	empty_terrain_no_floor_context	0	empty terrain tile	1840	5150	1	28	80	source_plane=1
terrain	empty_terrain_no_floor_context	0	empty terrain tile	1840	5151	1	28	80	source_plane=1
terrain	empty_terrain_no_floor_context	0	empty terrain tile	1840	5152	1	28	80	source_plane=1
terrain	empty_terrain_no_floor_context	0	empty terrain tile	1840	5153	1	28	80	source_plane=1
terrain	empty_terrain_no_floor_context	0	empty terrain tile	1840	5154	1	28	80	source_plane=1
terrain	empty_terrain_no_floor_context	0	empty terrain tile	1840	5155	1	28	80	source_plane=1
terrain	empty_terrain_no_floor_context	0	empty terrain tile	1840	5156	1	28	80	source_plane=1
terrain	empty_terrain_no_floor_context	0	empty terrain tile	1840	5157	1	28	80	source_plane=1
terrain	empty_terrain_no_floor_context	0	empty terrain tile	1840	5158	1	28	80	source_plane=1
terrain	empty_terrain_no_floor_context	0	empty terrain tile	1840	5159	1	28	80	source_plane=1
terrain	empty_terrain_no_floor_context	0	empty terrain tile	1840	5160	1	28	80	source_plane=1
terrain	empty_terrain_no_floor_context	0	empty terrain tile	1840	5161	1	28	80	source_plane=1
terrain	empty_terrain_no_floor_context	0	empty terrain tile	1840	5162	1	28	80	source_plane=1
terrain	empty_terrain_no_floor_context	0	empty terrain tile	1840	5163	1	28	80	source_plane=1
terrain	empty_terrain_no_floor_context	0	empty terrain tile	1840	5164	1	28	80	source_plane=1
terrain	empty_terrain_no_floor_context	0	empty terrain tile	1840	5165	1	28	80	source_plane=1
terrain	empty_terrain_no_floor_context	0	empty terrain tile	1840	5166	1	28	80	source_plane=1
terrain	empty_terrain_no_floor_context	0	empty terrain tile	1840	5167	1	28	80	source_plane=1
terrain	empty_terrain_no_floor_context	0	empty terrain tile	1840	5168	1	28	80	source_plane=1
terrain	empty_terrain_no_floor_context	0	empty terrain tile	1840	5169	1	28	80	source_plane=1
terrain	empty_terrain_no_floor_context	0	empty terrain tile	1840	5170	1	28	80	source_plane=1
terrain	empty_terrain_no_floor_context	0	empty terrain tile	1840	5171	1	28	80	source_plane=1
terrain	empty_terrain_no_floor_context	0	empty terrain tile	1840	5172	1	28	80	source_plane=1
terrain	empty_terrain_no_floor_context	0	empty terrain tile	1840	5173	1	28	80	source_plane=1
terrain	empty_terrain_no_floor_context	0	empty terrain tile	1840	5174	1	28	80	source_plane=1
terrain	empty_terrain_no_floor_context	0	empty terrain tile	1840	5175	1	28	80	source_plane=1
terrain	empty_terrain_no_floor_context	0	empty terrain tile	1840	5176	1	28	80	source_plane=1
terrain	empty_terrain_no_floor_context	0	empty terrain tile	1840	5177	1	28	80	source_plane=1
terrain	empty_terrain_no_floor_context	0	empty terrain tile	1840	5178	1	28	80	source_plane=1
terrain	empty_terrain_no_floor_context	0	empty terrain tile	1840	5179	1	28	80	source_plane=1
terrain	empty_terrain_no_floor_context	0	empty terrain tile	1840	5180	1	28	80	source_plane=1
terrain	empty_terrain_no_floor_context	0	empty terrain tile	1840	5181	1	28	80	source_plane=1
terrain	empty_terrain_no_floor_context	0	empty terrain tile	1840	5182	1	28	80	source_plane=1
terrain	empty_terrain_no_floor_context	0	empty terrain tile	1840	5183	1	28	80	source_plane=1
terrain	empty_terrain_no_floor_context	0	empty terrain tile	1841	5120	1	28	80	source_plane=1
terrain	empty_terrain_no_floor_context	0	empty terrain tile	1841	5121	1	28	80	source_plane=1
terrain	empty_terrain_no_floor_context	0	empty terrain tile	1841	5122	1	28	80	source_plane=1
terrain	empty_terrain_no_floor_context	0	empty terrain tile	1841	5123	1	28	80	source_plane=1
terrain	empty_terrain_no_floor_context	0	empty terrain tile	1841	5124	1	28	80	source_plane=1
terrain	empty_terrain_no_floor_context	0	empty terrain tile	1841	5125	1	28	80	source_plane=1
terrain	empty_terrain_no_floor_context	0	empty terrain tile	1841	5126	1	28	80	source_plane=1
terrain	empty_terrain_no_floor_context	0	empty terrain tile	1841	5127	1	28	80	source_plane=1
terrain	empty_terrain_no_floor_context	0	empty terrain tile	1841	5128	1	28	80	source_plane=1
terrain	empty_terrain_no_floor_context	0	empty terrain tile	1841	5129	1	28	80	source_plane=1
terrain	empty_terrain_no_floor_context	0	empty terrain tile	1841	5130	1	28	80	source_plane=1
terrain	empty_terrain_no_floor_context	0	empty terrain tile	1841	5131	1	28	80	source_plane=1
terrain	empty_terrain_no_floor_context	0	empty terrain tile	1841	5132	1	28	80	source_plane=1
terrain	empty_terrain_no_floor_context	0	empty terrain tile	1841	5133	1	28	80	source_plane=1
terrain	empty_terrain_no_floor_context	0	empty terrain tile	1841	5134	1	28	80	source_plane=1
terrain	empty_terrain_no_floor_context	0	empty terrain tile	1841	5135	1	28	80	source_plane=1
terrain	empty_terrain_no_floor_context	0	empty terrain tile	1841	5136	1	28	80	source_plane=1
terrain	empty_terrain_no_floor_context	0	empty terrain tile	1841	5137	1	28	80	source_plane=1
terrain	empty_terrain_no_floor_context	0	empty terrain tile	1841	5138	1	28	80	source_plane=1
terrain	empty_terrain_no_floor_context	0	empty terrain tile	1841	5139	1	28	80	source_plane=1
terrain	empty_terrain_no_floor_context	0	empty terrain tile	1841	5140	1	28	80	source_plane=1
terrain	empty_terrain_no_floor_context	0	empty terrain tile	1841	5141	1	28	80	source_plane=1
terrain	empty_terrain_no_floor_context	0	empty terrain tile	1841	5142	1	28	80	source_plane=1
terrain	empty_terrain_no_floor_context	0	empty terrain tile	1841	5143	1	28	80	source_plane=1
terrain	empty_terrain_no_floor_context	0	empty terrain tile	1841	5144	1	28	80	source_plane=1
terrain	empty_terrain_no_floor_context	0	empty terrain tile	1841	5145	1	28	80	source_plane=1
terrain	empty_terrain_no_floor_context	0	empty terrain tile	1841	5146	1	28	80	source_plane=1
terrain	empty_terrain_no_floor_context	0	empty terrain tile	1841	5147	1	28	80	source_plane=1
terrain	empty_terrain_no_floor_context	0	empty terrain tile	1841	5148	1	28	80	source_plane=1
terrain	empty_terrain_no_floor_context	0	empty terrain tile	1841	5149	1	28	80	source_plane=1
terrain	empty_terrain_no_floor_context	0	empty terrain tile	1841	5150	1	28	80	source_plane=1
terrain	empty_terrain_no_floor_context	0	empty terrain tile	1841	5151	1	28	80	source_plane=1
terrain	empty_terrain_no_floor_context	0	empty terrain tile	1841	5152	1	28	80	source_plane=1
terrain	empty_terrain_no_floor_context	0	empty terrain tile	1841	5153	1	28	80	source_plane=1
terrain	empty_terrain_no_floor_context	0	empty terrain tile	1841	5154	1	28	80	source_plane=1
terrain	empty_terrain_no_floor_context	0	empty terrain tile	1841	5155	1	28	80	source_plane=1
terrain	empty_terrain_no_floor_context	0	empty terrain tile	1841	5156	1	28	80	source_plane=1
terrain	empty_terrain_no_floor_context	0	empty terrain tile	1841	5157	1	28	80	source_plane=1
terrain	empty_terrain_no_floor_context	0	empty terrain tile	1841	5158	1	28	80	source_plane=1
terrain	empty_terrain_no_floor_context	0	empty terrain tile	1841	5159	1	28	80	source_plane=1
terrain	empty_terrain_no_floor_context	0	empty terrain tile	1841	5160	1	28	80	source_plane=1
terrain	empty_terrain_no_floor_context	0	empty terrain tile	1841	5161	1	28	80	source_plane=1
terrain	empty_terrain_no_floor_context	0	empty terrain tile	1841	5162	1	28	80	source_plane=1
terrain	empty_terrain_no_floor_context	0	empty terrain tile	1841	5163	1	28	80	source_plane=1
terrain	empty_terrain_no_floor_context	0	empty terrain tile	1841	5164	1	28	80	source_plane=1
terrain	empty_terrain_no_floor_context	0	empty terrain tile	1841	5165	1	28	80	source_plane=1
terrain	empty_terrain_no_floor_context	0	empty terrain tile	1841	5166	1	28	80	source_plane=1
terrain	empty_terrain_no_floor_context	0	empty terrain tile	1841	5167	1	28	80	source_plane=1
terrain	empty_terrain_no_floor_context	0	empty terrain tile	1841	5168	1	28	80	source_plane=1
terrain	empty_terrain_no_floor_context	0	empty terrain tile	1841	5169	1	28	80	source_plane=1
terrain	empty_terrain_no_floor_context	0	empty terrain tile	1841	5170	1	28	80	source_plane=1
terrain	empty_terrain_no_floor_context	0	empty terrain tile	1841	5171	1	28	80	source_plane=1
terrain	empty_terrain_no_floor_context	0	empty terrain tile	1841	5172	1	28	80	source_plane=1
terrain	empty_terrain_no_floor_context	0	empty terrain tile	1841	5173	1	28	80	source_plane=1
terrain	empty_terrain_no_floor_context	0	empty terrain tile	1841	5174	1	28	80	source_plane=1
terrain	empty_terrain_no_floor_context	0	empty terrain tile	1841	5175	1	28	80	source_plane=1
terrain	empty_terrain_no_floor_context	0	empty terrain tile	1841	5176	1	28	80	source_plane=1
terrain	empty_terrain_no_floor_context	0	empty terrain tile	1841	5177	1	28	80	source_plane=1
terrain	empty_terrain_no_floor_context	0	empty terrain tile	1841	5178	1	28	80	source_plane=1
terrain	empty_terrain_no_floor_context	0	empty terrain tile	1841	5179	1	28	80	source_plane=1
terrain	empty_terrain_no_floor_context	0	empty terrain tile	1841	5180	1	28	80	source_plane=1
terrain	empty_terrain_no_floor_context	0	empty terrain tile	1841	5181	1	28	80	source_plane=1
terrain	empty_terrain_no_floor_context	0	empty terrain tile	1841	5182	1	28	80	source_plane=1
terrain	empty_terrain_no_floor_context	0	empty terrain tile	1841	5183	1	28	80	source_plane=1
terrain	empty_terrain_no_floor_context	0	empty terrain tile	1842	5120	1	28	80	source_plane=1
terrain	empty_terrain_no_floor_context	0	empty terrain tile	1842	5121	1	28	80	source_plane=1
terrain	empty_terrain_no_floor_context	0	empty terrain tile	1842	5122	1	28	80	source_plane=1
terrain	empty_terrain_no_floor_context	0	empty terrain tile	1842	5123	1	28	80	source_plane=1
terrain	empty_terrain_no_floor_context	0	empty terrain tile	1842	5124	1	28	80	source_plane=1
terrain	empty_terrain_no_floor_context	0	empty terrain tile	1842	5125	1	28	80	source_plane=1
terrain	empty_terrain_no_floor_context	0	empty terrain tile	1842	5126	1	28	80	source_plane=1
terrain	empty_terrain_no_floor_context	0	empty terrain tile	1842	5127	1	28	80	source_plane=1
terrain	empty_terrain_no_floor_context	0	empty terrain tile	1842	5128	1	28	80	source_plane=1
terrain	empty_terrain_no_floor_context	0	empty terrain tile	1842	5129	1	28	80	source_plane=1
terrain	empty_terrain_no_floor_context	0	empty terrain tile	1842	5130	1	28	80	source_plane=1
terrain	empty_terrain_no_floor_context	0	empty terrain tile	1842	5131	1	28	80	source_plane=1
terrain	empty_terrain_no_floor_context	0	empty terrain tile	1842	5132	1	28	80	source_plane=1
terrain	empty_terrain_no_floor_context	0	empty terrain tile	1842	5133	1	28	80	source_plane=1
terrain	empty_terrain_no_floor_context	0	empty terrain tile	1842	5134	1	28	80	source_plane=1
terrain	empty_terrain_no_floor_context	0	empty terrain tile	1842	5135	1	28	80	source_plane=1
terrain	empty_terrain_no_floor_context	0	empty terrain tile	1842	5136	1	28	80	source_plane=1
terrain	empty_terrain_no_floor_context	0	empty terrain tile	1842	5137	1	28	80	source_plane=1
terrain	empty_terrain_no_floor_context	0	empty terrain tile	1842	5138	1	28	80	source_plane=1
terrain	empty_terrain_no_floor_context	0	empty terrain tile	1842	5139	1	28	80	source_plane=1
terrain	empty_terrain_no_floor_context	0	empty terrain tile	1842	5140	1	28	80	source_plane=1
terrain	empty_terrain_no_floor_context	0	empty terrain tile	1842	5141	1	28	80	source_plane=1
terrain	empty_terrain_no_floor_context	0	empty terrain tile	1842	5142	1	28	80	source_plane=1
terrain	empty_terrain_no_floor_context	0	empty terrain tile	1842	5143	1	28	80	source_plane=1
terrain	empty_terrain_no_floor_context	0	empty terrain tile	1842	5144	1	28	80	source_plane=1
terrain	empty_terrain_no_floor_context	0	empty terrain tile	1842	5145	1	28	80	source_plane=1
terrain	empty_terrain_no_floor_context	0	empty terrain tile	1842	5146	1	28	80	source_plane=1
terrain	empty_terrain_no_floor_context	0	empty terrain tile	1842	5147	1	28	80	source_plane=1
terrain	empty_terrain_no_floor_context	0	empty terrain tile	1842	5148	1	28	80	source_plane=1
terrain	empty_terrain_no_floor_context	0	empty terrain tile	1842	5149	1	28	80	source_plane=1
terrain	empty_terrain_no_floor_context	0	empty terrain tile	1842	5150	1	28	80	source_plane=1
terrain	empty_terrain_no_floor_context	0	empty terrain tile	1842	5151	1	28	80	source_plane=1
terrain	empty_terrain_no_floor_context	0	empty terrain tile	1842	5152	1	28	80	source_plane=1
terrain	empty_terrain_no_floor_context	0	empty terrain tile	1842	5153	1	28	80	source_plane=1
terrain	empty_terrain_no_floor_context	0	empty terrain tile	1842	5154	1	28	80	source_plane=1
terrain	empty_terrain_no_floor_context	0	empty terrain tile	1842	5155	1	28	80	source_plane=1
terrain	empty_terrain_no_floor_context	0	empty terrain tile	1842	5156	1	28	80	source_plane=1
terrain	empty_terrain_no_floor_context	0	empty terrain tile	1842	5157	1	28	80	source_plane=1
terrain	empty_terrain_no_floor_context	0	empty terrain tile	1842	5158	1	28	80	source_plane=1
terrain	empty_terrain_no_floor_context	0	empty terrain tile	1842	5159	1	28	80	source_plane=1
terrain	empty_terrain_no_floor_context	0	empty terrain tile	1842	5160	1	28	80	source_plane=1
terrain	empty_terrain_no_floor_context	0	empty terrain tile	1842	5161	1	28	80	source_plane=1
terrain	empty_terrain_no_floor_context	0	empty terrain tile	1842	5162	1	28	80	source_plane=1
terrain	empty_terrain_no_floor_context	0	empty terrain tile	1842	5163	1	28	80	source_plane=1
terrain	empty_terrain_no_floor_context	0	empty terrain tile	1842	5164	1	28	80	source_plane=1
terrain	empty_terrain_no_floor_context	0	empty terrain tile	1842	5165	1	28	80	source_plane=1
terrain	empty_terrain_no_floor_context	0	empty terrain tile	1842	5166	1	28	80	source_plane=1
terrain	empty_terrain_no_floor_context	0	empty terrain tile	1842	5167	1	28	80	source_plane=1
terrain	empty_terrain_no_floor_context	0	empty terrain tile	1842	5168	1	28	80	source_plane=1
terrain	empty_terrain_no_floor_context	0	empty terrain tile	1842	5169	1	28	80	source_plane=1
terrain	empty_terrain_no_floor_context	0	empty terrain tile	1842	5170	1	28	80	source_plane=1
terrain	empty_terrain_no_floor_context	0	empty terrain tile	1842	5171	1	28	80	source_plane=1
terrain	empty_terrain_no_floor_context	0	empty terrain tile	1842	5172	1	28	80	source_plane=1
terrain	empty_terrain_no_floor_context	0	empty terrain tile	1842	5173	1	28	80	source_plane=1
terrain	empty_terrain_no_floor_context	0	empty terrain tile	1842	5174	1	28	80	source_plane=1
terrain	empty_terrain_no_floor_context	0	empty terrain tile	1842	5175	1	28	80	source_plane=1
terrain	empty_terrain_no_floor_context	0	empty terrain tile	1842	5176	1	28	80	source_plane=1
terrain	empty_terrain_no_floor_context	0	empty terrain tile	1842	5177	1	28	80	source_plane=1
terrain	empty_terrain_no_floor_context	0	empty terrain tile	1842	5178	1	28	80	source_plane=1
terrain	empty_terrain_no_floor_context	0	empty terrain tile	1842	5179	1	28	80	source_plane=1
terrain	empty_terrain_no_floor_context	0	empty terrain tile	1842	5180	1	28	80	source_plane=1
terrain	empty_terrain_no_floor_context	0	empty terrain tile	1842	5181	1	28	80	source_plane=1
terrain	empty_terrain_no_floor_context	0	empty terrain tile	1842	5182	1	28	80	source_plane=1
terrain	empty_terrain_no_floor_context	0	empty terrain tile	1842	5183	1	28	80	source_plane=1
terrain	empty_terrain_no_floor_context	0	empty terrain tile	1843	5120	1	28	80	source_plane=1
terrain	empty_terrain_no_floor_context	0	empty terrain tile	1843	5121	1	28	80	source_plane=1
terrain	empty_terrain_no_floor_context	0	empty terrain tile	1843	5122	1	28	80	source_plane=1
terrain	empty_terrain_no_floor_context	0	empty terrain tile	1843	5123	1	28	80	source_plane=1
terrain	empty_terrain_no_floor_context	0	empty terrain tile	1843	5124	1	28	80	source_plane=1
terrain	empty_terrain_no_floor_context	0	empty terrain tile	1843	5125	1	28	80	source_plane=1
terrain	empty_terrain_no_floor_context	0	empty terrain tile	1843	5126	1	28	80	source_plane=1
terrain	empty_terrain_no_floor_context	0	empty terrain tile	1843	5127	1	28	80	source_plane=1
terrain	empty_terrain_no_floor_context	0	empty terrain tile	1843	5128	1	28	80	source_plane=1
terrain	empty_terrain_no_floor_context	0	empty terrain tile	1843	5129	1	28	80	source_plane=1
terrain	empty_terrain_no_floor_context	0	empty terrain tile	1843	5130	1	28	80	source_plane=1
terrain	empty_terrain_no_floor_context	0	empty terrain tile	1843	5131	1	28	80	source_plane=1
terrain	empty_terrain_no_floor_context	0	empty terrain tile	1843	5132	1	28	80	source_plane=1
terrain	empty_terrain_no_floor_context	0	empty terrain tile	1843	5133	1	28	80	source_plane=1
terrain	empty_terrain_no_floor_context	0	empty terrain tile	1843	5134	1	28	80	source_plane=1
terrain	empty_terrain_no_floor_context	0	empty terrain tile	1843	5135	1	28	80	source_plane=1
terrain	empty_terrain_no_floor_context	0	empty terrain tile	1843	5136	1	28	80	source_plane=1
terrain	empty_terrain_no_floor_context	0	empty terrain tile	1843	5137	1	28	80	source_plane=1
terrain	empty_terrain_no_floor_context	0	empty terrain tile	1843	5138	1	28	80	source_plane=1
terrain	empty_terrain_no_floor_context	0	empty terrain tile	1843	5139	1	28	80	source_plane=1
terrain	empty_terrain_no_floor_context	0	empty terrain tile	1843	5140	1	28	80	source_plane=1
terrain	empty_terrain_no_floor_context	0	empty terrain tile	1843	5141	1	28	80	source_plane=1
terrain	empty_terrain_no_floor_context	0	empty terrain tile	1843	5142	1	28	80	source_plane=1
terrain	empty_terrain_no_floor_context	0	empty terrain tile	1843	5143	1	28	80	source_plane=1
terrain	empty_terrain_no_floor_context	0	empty terrain tile	1843	5144	1	28	80	source_plane=1
terrain	empty_terrain_no_floor_context	0	empty terrain tile	1843	5145	1	28	80	source_plane=1
terrain	empty_terrain_no_floor_context	0	empty terrain tile	1843	5146	1	28	80	source_plane=1
terrain	empty_terrain_no_floor_context	0	empty terrain tile	1843	5147	1	28	80	source_plane=1
terrain	empty_terrain_no_floor_context	0	empty terrain tile	1843	5148	1	28	80	source_plane=1
terrain	empty_terrain_no_floor_context	0	empty terrain tile	1843	5149	1	28	80	source_plane=1
terrain	empty_terrain_no_floor_context	0	empty terrain tile	1843	5150	1	28	80	source_plane=1
terrain	empty_terrain_no_floor_context	0	empty terrain tile	1843	5151	1	28	80	source_plane=1
terrain	empty_terrain_no_floor_context	0	empty terrain tile	1843	5152	1	28	80	source_plane=1
terrain	empty_terrain_no_floor_context	0	empty terrain tile	1843	5153	1	28	80	source_plane=1
terrain	empty_terrain_no_floor_context	0	empty terrain tile	1843	5154	1	28	80	source_plane=1
terrain	empty_terrain_no_floor_context	0	empty terrain tile	1843	5155	1	28	80	source_plane=1
terrain	empty_terrain_no_floor_context	0	empty terrain tile	1843	5156	1	28	80	source_plane=1
terrain	empty_terrain_no_floor_context	0	empty terrain tile	1843	5157	1	28	80	source_plane=1
terrain	empty_terrain_no_floor_context	0	empty terrain tile	1843	5158	1	28	80	source_plane=1
terrain	empty_terrain_no_floor_context	0	empty terrain tile	1843	5159	1	28	80	source_plane=1
terrain	empty_terrain_no_floor_context	0	empty terrain tile	1843	5160	1	28	80	source_plane=1
terrain	empty_terrain_no_floor_context	0	empty terrain tile	1843	5161	1	28	80	source_plane=1
terrain	empty_terrain_no_floor_context	0	empty terrain tile	1843	5162	1	28	80	source_plane=1
terrain	empty_terrain_no_floor_context	0	empty terrain tile	1843	5163	1	28	80	source_plane=1
terrain	empty_terrain_no_floor_context	0	empty terrain tile	1843	5164	1	28	80	source_plane=1
terrain	empty_terrain_no_floor_context	0	empty terrain tile	1843	5165	1	28	80	source_plane=1
terrain	empty_terrain_no_floor_context	0	empty terrain tile	1843	5166	1	28	80	source_plane=1
terrain	empty_terrain_no_floor_context	0	empty terrain tile	1843	5167	1	28	80	source_plane=1
terrain	empty_terrain_no_floor_context	0	empty terrain tile	1843	5168	1	28	80	source_plane=1
terrain	empty_terrain_no_floor_context	0	empty terrain tile	1843	5169	1	28	80	source_plane=1
terrain	empty_terrain_no_floor_context	0	empty terrain tile	1843	5170	1	28	80	source_plane=1
terrain	empty_terrain_no_floor_context	0	empty terrain tile	1843	5171	1	28	80	source_plane=1
terrain	empty_terrain_no_floor_context	0	empty terrain tile	1843	5172	1	28	80	source_plane=1
terrain	empty_terrain_no_floor_context	0	empty terrain tile	1843	5173	1	28	80	source_plane=1
terrain	empty_terrain_no_floor_context	0	empty terrain tile	1843	5174	1	28	80	source_plane=1
terrain	empty_terrain_no_floor_context	0	empty terrain tile	1843	5175	1	28	80	source_plane=1
terrain	empty_terrain_no_floor_context	0	empty terrain tile	1843	5176	1	28	80	source_plane=1
terrain	empty_terrain_no_floor_context	0	empty terrain tile	1843	5177	1	28	80	source_plane=1
terrain	empty_terrain_no_floor_context	0	empty terrain tile	1843	5178	1	28	80	source_plane=1
terrain	empty_terrain_no_floor_context	0	empty terrain tile	1843	5179	1	28	80	source_plane=1
terrain	empty_terrain_no_floor_context	0	empty terrain tile	1843	5180	1	28	80	source_plane=1
terrain	empty_terrain_no_floor_context	0	empty terrain tile	1843	5181	1	28	80	source_plane=1
terrain	empty_terrain_no_floor_context	0	empty terrain tile	1843	5182	1	28	80	source_plane=1
terrain	empty_terrain_no_floor_context	0	empty terrain tile	1843	5183	1	28	80	source_plane=1
terrain	empty_terrain_no_floor_context	0	empty terrain tile	1844	5120	1	28	80	source_plane=1
terrain	empty_terrain_no_floor_context	0	empty terrain tile	1844	5121	1	28	80	source_plane=1
terrain	empty_terrain_no_floor_context	0	empty terrain tile	1844	5122	1	28	80	source_plane=1
terrain	empty_terrain_no_floor_context	0	empty terrain tile	1844	5123	1	28	80	source_plane=1
terrain	empty_terrain_no_floor_context	0	empty terrain tile	1844	5124	1	28	80	source_plane=1
terrain	empty_terrain_no_floor_context	0	empty terrain tile	1844	5125	1	28	80	source_plane=1
terrain	empty_terrain_no_floor_context	0	empty terrain tile	1844	5126	1	28	80	source_plane=1
terrain	empty_terrain_no_floor_context	0	empty terrain tile	1844	5127	1	28	80	source_plane=1
terrain	empty_terrain_no_floor_context	0	empty terrain tile	1844	5128	1	28	80	source_plane=1
terrain	empty_terrain_no_floor_context	0	empty terrain tile	1844	5129	1	28	80	source_plane=1
terrain	empty_terrain_no_floor_context	0	empty terrain tile	1844	5130	1	28	80	source_plane=1
terrain	empty_terrain_no_floor_context	0	empty terrain tile	1844	5131	1	28	80	source_plane=1
terrain	empty_terrain_no_floor_context	0	empty terrain tile	1844	5132	1	28	80	source_plane=1
terrain	empty_terrain_no_floor_context	0	empty terrain tile	1844	5133	1	28	80	source_plane=1
terrain	empty_terrain_no_floor_context	0	empty terrain tile	1844	5134	1	28	80	source_plane=1
terrain	empty_terrain_no_floor_context	0	empty terrain tile	1844	5135	1	28	80	source_plane=1
terrain	empty_terrain_no_floor_context	0	empty terrain tile	1844	5136	1	28	80	source_plane=1
terrain	empty_terrain_no_floor_context	0	empty terrain tile	1844	5137	1	28	80	source_plane=1
terrain	empty_terrain_no_floor_context	0	empty terrain tile	1844	5138	1	28	80	source_plane=1
terrain	empty_terrain_no_floor_context	0	empty terrain tile	1844	5139	1	28	80	source_plane=1
terrain	empty_terrain_no_floor_context	0	empty terrain tile	1844	5140	1	28	80	source_plane=1
terrain	empty_terrain_no_floor_context	0	empty terrain tile	1844	5141	1	28	80	source_plane=1
terrain	empty_terrain_no_floor_context	0	empty terrain tile	1844	5142	1	28	80	source_plane=1
terrain	empty_terrain_no_floor_context	0	empty terrain tile	1844	5143	1	28	80	source_plane=1
terrain	empty_terrain_no_floor_context	0	empty terrain tile	1844	5144	1	28	80	source_plane=1
terrain	empty_terrain_no_floor_context	0	empty terrain tile	1844	5145	1	28	80	source_plane=1
terrain	empty_terrain_no_floor_context	0	empty terrain tile	1844	5146	1	28	80	source_plane=1
terrain	empty_terrain_no_floor_context	0	empty terrain tile	1844	5147	1	28	80	source_plane=1
terrain	empty_terrain_no_floor_context	0	empty terrain tile	1844	5148	1	28	80	source_plane=1
terrain	empty_terrain_no_floor_context	0	empty terrain tile	1844	5149	1	28	80	source_plane=1
terrain	empty_terrain_no_floor_context	0	empty terrain tile	1844	5150	1	28	80	source_plane=1
terrain	empty_terrain_no_floor_context	0	empty terrain tile	1844	5151	1	28	80	source_plane=1
terrain	empty_terrain_no_floor_context	0	empty terrain tile	1844	5152	1	28	80	source_plane=1
terrain	empty_terrain_no_floor_context	0	empty terrain tile	1844	5153	1	28	80	source_plane=1
terrain	empty_terrain_no_floor_context	0	empty terrain tile	1844	5154	1	28	80	source_plane=1
terrain	empty_terrain_no_floor_context	0	empty terrain tile	1844	5155	1	28	80	source_plane=1
terrain	empty_terrain_no_floor_context	0	empty terrain tile	1844	5156	1	28	80	source_plane=1
terrain	empty_terrain_no_floor_context	0	empty terrain tile	1844	5157	1	28	80	source_plane=1
terrain	empty_terrain_no_floor_context	0	empty terrain tile	1844	5158	1	28	80	source_plane=1
terrain	empty_terrain_no_floor_context	0	empty terrain tile	1844	5159	1	28	80	source_plane=1
terrain	empty_terrain_no_floor_context	0	empty terrain tile	1844	5160	1	28	80	source_plane=1
terrain	empty_terrain_no_floor_context	0	empty terrain tile	1844	5161	1	28	80	source_plane=1
terrain	empty_terrain_no_floor_context	0	empty terrain tile	1844	5162	1	28	80	source_plane=1
terrain	empty_terrain_no_floor_context	0	empty terrain tile	1844	5163	1	28	80	source_plane=1
terrain	empty_terrain_no_floor_context	0	empty terrain tile	1844	5164	1	28	80	source_plane=1
terrain	empty_terrain_no_floor_context	0	empty terrain tile	1844	5165	1	28	80	source_plane=1
terrain	empty_terrain_no_floor_context	0	empty terrain tile	1844	5166	1	28	80	source_plane=1
terrain	empty_terrain_no_floor_context	0	empty terrain tile	1844	5167	1	28	80	source_plane=1
terrain	empty_terrain_no_floor_context	0	empty terrain tile	1844	5168	1	28	80	source_plane=1
terrain	empty_terrain_no_floor_context	0	empty terrain tile	1844	5169	1	28	80	source_plane=1
terrain	empty_terrain_no_floor_context	0	empty terrain tile	1844	5170	1	28	80	source_plane=1
terrain	empty_terrain_no_floor_context	0	empty terrain tile	1844	5171	1	28	80	source_plane=1
terrain	empty_terrain_no_floor_context	0	empty terrain tile	1844	5172	1	28	80	source_plane=1
terrain	empty_terrain_no_floor_context	0	empty terrain tile	1844	5173	1	28	80	source_plane=1
terrain	empty_terrain_no_floor_context	0	empty terrain tile	1844	5174	1	28	80	source_plane=1
terrain	empty_terrain_no_floor_context	0	empty terrain tile	1844	5175	1	28	80	source_plane=1
terrain	empty_terrain_no_floor_context	0	empty terrain tile	1844	5176	1	28	80	source_plane=1
terrain	empty_terrain_no_floor_context	0	empty terrain tile	1844	5177	1	28	80	source_plane=1
terrain	empty_terrain_no_floor_context	0	empty terrain tile	1844	5178	1	28	80	source_plane=1
terrain	empty_terrain_no_floor_context	0	empty terrain tile	1844	5179	1	28	80	source_plane=1
terrain	empty_terrain_no_floor_context	0	empty terrain tile	1844	5180	1	28	80	source_plane=1
terrain	empty_terrain_no_floor_context	0	empty terrain tile	1844	5181	1	28	80	source_plane=1
terrain	empty_terrain_no_floor_context	0	empty terrain tile	1844	5182	1	28	80	source_plane=1
terrain	empty_terrain_no_floor_context	0	empty terrain tile	1844	5183	1	28	80	source_plane=1
terrain	empty_terrain_no_floor_context	0	empty terrain tile	1845	5120	1	28	80	source_plane=1
terrain	empty_terrain_no_floor_context	0	empty terrain tile	1845	5121	1	28	80	source_plane=1
terrain	empty_terrain_no_floor_context	0	empty terrain tile	1845	5122	1	28	80	source_plane=1
terrain	empty_terrain_no_floor_context	0	empty terrain tile	1845	5123	1	28	80	source_plane=1
terrain	empty_terrain_no_floor_context	0	empty terrain tile	1845	5124	1	28	80	source_plane=1
terrain	empty_terrain_no_floor_context	0	empty terrain tile	1845	5125	1	28	80	source_plane=1
terrain	empty_terrain_no_floor_context	0	empty terrain tile	1845	5126	1	28	80	source_plane=1
terrain	empty_terrain_no_floor_context	0	empty terrain tile	1845	5127	1	28	80	source_plane=1
terrain	empty_terrain_no_floor_context	0	empty terrain tile	1845	5128	1	28	80	source_plane=1
terrain	empty_terrain_no_floor_context	0	empty terrain tile	1845	5129	1	28	80	source_plane=1
terrain	empty_terrain_no_floor_context	0	empty terrain tile	1845	5130	1	28	80	source_plane=1
terrain	empty_terrain_no_floor_context	0	empty terrain tile	1845	5131	1	28	80	source_plane=1
terrain	empty_terrain_no_floor_context	0	empty terrain tile	1845	5132	1	28	80	source_plane=1
terrain	empty_terrain_no_floor_context	0	empty terrain tile	1845	5133	1	28	80	source_plane=1
terrain	empty_terrain_no_floor_context	0	empty terrain tile	1845	5134	1	28	80	source_plane=1
terrain	empty_terrain_no_floor_context	0	empty terrain tile	1845	5135	1	28	80	source_plane=1
terrain	empty_terrain_no_floor_context	0	empty terrain tile	1845	5136	1	28	80	source_plane=1
terrain	empty_terrain_no_floor_context	0	empty terrain tile	1845	5137	1	28	80	source_plane=1
terrain	empty_terrain_no_floor_context	0	empty terrain tile	1845	5138	1	28	80	source_plane=1
terrain	empty_terrain_no_floor_context	0	empty terrain tile	1845	5139	1	28	80	source_plane=1
terrain	empty_terrain_no_floor_context	0	empty terrain tile	1845	5140	1	28	80	source_plane=1
terrain	empty_terrain_no_floor_context	0	empty terrain tile	1845	5141	1	28	80	source_plane=1
terrain	empty_terrain_no_floor_context	0	empty terrain tile	1845	5142	1	28	80	source_plane=1
terrain	empty_terrain_no_floor_context	0	empty terrain tile	1845	5143	1	28	80	source_plane=1
terrain	empty_terrain_no_floor_context	0	empty terrain tile	1845	5144	1	28	80	source_plane=1
terrain	empty_terrain_no_floor_context	0	empty terrain tile	1845	5145	1	28	80	source_plane=1
terrain	empty_terrain_no_floor_context	0	empty terrain tile	1845	5146	1	28	80	source_plane=1
terrain	empty_terrain_no_floor_context	0	empty terrain tile	1845	5147	1	28	80	source_plane=1
terrain	empty_terrain_no_floor_context	0	empty terrain tile	1845	5148	1	28	80	source_plane=1
terrain	empty_terrain_no_floor_context	0	empty terrain tile	1845	5149	1	28	80	source_plane=1
terrain	empty_terrain_no_floor_context	0	empty terrain tile	1845	5150	1	28	80	source_plane=1
terrain	empty_terrain_no_floor_context	0	empty terrain tile	1845	5151	1	28	80	source_plane=1
terrain	empty_terrain_no_floor_context	0	empty terrain tile	1845	5152	1	28	80	source_plane=1
terrain	empty_terrain_no_floor_context	0	empty terrain tile	1845	5153	1	28	80	source_plane=1
terrain	empty_terrain_no_floor_context	0	empty terrain tile	1845	5154	1	28	80	source_plane=1
terrain	empty_terrain_no_floor_context	0	empty terrain tile	1845	5155	1	28	80	source_plane=1
terrain	empty_terrain_no_floor_context	0	empty terrain tile	1845	5156	1	28	80	source_plane=1
terrain	empty_terrain_no_floor_context	0	empty terrain tile	1845	5157	1	28	80	source_plane=1
terrain	empty_terrain_no_floor_context	0	empty terrain tile	1845	5158	1	28	80	source_plane=1
terrain	empty_terrain_no_floor_context	0	empty terrain tile	1845	5159	1	28	80	source_plane=1
terrain	empty_terrain_no_floor_context	0	empty terrain tile	1845	5160	1	28	80	source_plane=1
terrain	empty_terrain_no_floor_context	0	empty terrain tile	1845	5161	1	28	80	source_plane=1
terrain	empty_terrain_no_floor_context	0	empty terrain tile	1845	5162	1	28	80	source_plane=1
terrain	empty_terrain_no_floor_context	0	empty terrain tile	1845	5163	1	28	80	source_plane=1
terrain	empty_terrain_no_floor_context	0	empty terrain tile	1845	5164	1	28	80	source_plane=1
terrain	empty_terrain_no_floor_context	0	empty terrain tile	1845	5165	1	28	80	source_plane=1
terrain	empty_terrain_no_floor_context	0	empty terrain tile	1845	5166	1	28	80	source_plane=1
terrain	empty_terrain_no_floor_context	0	empty terrain tile	1845	5167	1	28	80	source_plane=1
terrain	empty_terrain_no_floor_context	0	empty terrain tile	1845	5168	1	28	80	source_plane=1
terrain	empty_terrain_no_floor_context	0	empty terrain tile	1845	5169	1	28	80	source_plane=1
terrain	empty_terrain_no_floor_context	0	empty terrain tile	1845	5170	1	28	80	source_plane=1
terrain	empty_terrain_no_floor_context	0	empty terrain tile	1845	5171	1	28	80	source_plane=1
terrain	empty_terrain_no_floor_context	0	empty terrain tile	1845	5172	1	28	80	source_plane=1
terrain	empty_terrain_no_floor_context	0	empty terrain tile	1845	5173	1	28	80	source_plane=1
terrain	empty_terrain_no_floor_context	0	empty terrain tile	1845	5174	1	28	80	source_plane=1
terrain	empty_terrain_no_floor_context	0	empty terrain tile	1845	5175	1	28	80	source_plane=1
terrain	empty_terrain_no_floor_context	0	empty terrain tile	1845	5176	1	28	80	source_plane=1
terrain	empty_terrain_no_floor_context	0	empty terrain tile	1845	5177	1	28	80	source_plane=1
terrain	empty_terrain_no_floor_context	0	empty terrain tile	1845	5178	1	28	80	source_plane=1
terrain	empty_terrain_no_floor_context	0	empty terrain tile	1845	5179	1	28	80	source_plane=1
terrain	empty_terrain_no_floor_context	0	empty terrain tile	1845	5180	1	28	80	source_plane=1
terrain	empty_terrain_no_floor_context	0	empty terrain tile	1845	5181	1	28	80	source_plane=1
terrain	empty_terrain_no_floor_context	0	empty terrain tile	1845	5182	1	28	80	source_plane=1
terrain	empty_terrain_no_floor_context	0	empty terrain tile	1845	5183	1	28	80	source_plane=1
terrain	empty_terrain_no_floor_context	0	empty terrain tile	1846	5120	1	28	80	source_plane=1
terrain	empty_terrain_no_floor_context	0	empty terrain tile	1846	5121	1	28	80	source_plane=1
terrain	empty_terrain_no_floor_context	0	empty terrain tile	1846	5122	1	28	80	source_plane=1
terrain	empty_terrain_no_floor_context	0	empty terrain tile	1846	5123	1	28	80	source_plane=1
terrain	empty_terrain_no_floor_context	0	empty terrain tile	1846	5124	1	28	80	source_plane=1
terrain	empty_terrain_no_floor_context	0	empty terrain tile	1846	5125	1	28	80	source_plane=1
terrain	empty_terrain_no_floor_context	0	empty terrain tile	1846	5126	1	28	80	source_plane=1
terrain	empty_terrain_no_floor_context	0	empty terrain tile	1846	5127	1	28	80	source_plane=1
terrain	empty_terrain_no_floor_context	0	empty terrain tile	1846	5128	1	28	80	source_plane=1
terrain	empty_terrain_no_floor_context	0	empty terrain tile	1846	5129	1	28	80	source_plane=1
terrain	empty_terrain_no_floor_context	0	empty terrain tile	1846	5130	1	28	80	source_plane=1
terrain	empty_terrain_no_floor_context	0	empty terrain tile	1846	5131	1	28	80	source_plane=1
terrain	empty_terrain_no_floor_context	0	empty terrain tile	1846	5132	1	28	80	source_plane=1
terrain	empty_terrain_no_floor_context	0	empty terrain tile	1846	5133	1	28	80	source_plane=1
terrain	empty_terrain_no_floor_context	0	empty terrain tile	1846	5134	1	28	80	source_plane=1
terrain	empty_terrain_no_floor_context	0	empty terrain tile	1846	5135	1	28	80	source_plane=1
terrain	empty_terrain_no_floor_context	0	empty terrain tile	1846	5136	1	28	80	source_plane=1
terrain	empty_terrain_no_floor_context	0	empty terrain tile	1846	5137	1	28	80	source_plane=1
terrain	empty_terrain_no_floor_context	0	empty terrain tile	1846	5138	1	28	80	source_plane=1
terrain	empty_terrain_no_floor_context	0	empty terrain tile	1846	5139	1	28	80	source_plane=1
terrain	empty_terrain_no_floor_context	0	empty terrain tile	1846	5140	1	28	80	source_plane=1
terrain	empty_terrain_no_floor_context	0	empty terrain tile	1846	5141	1	28	80	source_plane=1
terrain	empty_terrain_no_floor_context	0	empty terrain tile	1846	5142	1	28	80	source_plane=1
terrain	empty_terrain_no_floor_context	0	empty terrain tile	1846	5143	1	28	80	source_plane=1
terrain	empty_terrain_no_floor_context	0	empty terrain tile	1846	5144	1	28	80	source_plane=1
terrain	empty_terrain_no_floor_context	0	empty terrain tile	1846	5145	1	28	80	source_plane=1
terrain	empty_terrain_no_floor_context	0	empty terrain tile	1846	5146	1	28	80	source_plane=1
terrain	empty_terrain_no_floor_context	0	empty terrain tile	1846	5147	1	28	80	source_plane=1
terrain	empty_terrain_no_floor_context	0	empty terrain tile	1846	5148	1	28	80	source_plane=1
terrain	empty_terrain_no_floor_context	0	empty terrain tile	1846	5149	1	28	80	source_plane=1
terrain	empty_terrain_no_floor_context	0	empty terrain tile	1846	5150	1	28	80	source_plane=1
terrain	empty_terrain_no_floor_context	0	empty terrain tile	1846	5151	1	28	80	source_plane=1
terrain	empty_terrain_no_floor_context	0	empty terrain tile	1846	5152	1	28	80	source_plane=1
terrain	empty_terrain_no_floor_context	0	empty terrain tile	1846	5153	1	28	80	source_plane=1
terrain	empty_terrain_no_floor_context	0	empty terrain tile	1846	5154	1	28	80	source_plane=1
terrain	empty_terrain_no_floor_context	0	empty terrain tile	1846	5155	1	28	80	source_plane=1
terrain	empty_terrain_no_floor_context	0	empty terrain tile	1846	5156	1	28	80	source_plane=1
terrain	empty_terrain_no_floor_context	0	empty terrain tile	1846	5157	1	28	80	source_plane=1
terrain	empty_terrain_no_floor_context	0	empty terrain tile	1846	5158	1	28	80	source_plane=1
terrain	empty_terrain_no_floor_context	0	empty terrain tile	1846	5159	1	28	80	source_plane=1
terrain	empty_terrain_no_floor_context	0	empty terrain tile	1846	5160	1	28	80	source_plane=1
terrain	empty_terrain_no_floor_context	0	empty terrain tile	1846	5161	1	28	80	source_plane=1
terrain	empty_terrain_no_floor_context	0	empty terrain tile	1846	5162	1	28	80	source_plane=1
terrain	empty_terrain_no_floor_context	0	empty terrain tile	1846	5163	1	28	80	source_plane=1
terrain	empty_terrain_no_floor_context	0	empty terrain tile	1846	5164	1	28	80	source_plane=1
terrain	empty_terrain_no_floor_context	0	empty terrain tile	1846	5165	1	28	80	source_plane=1
terrain	empty_terrain_no_floor_context	0	empty terrain tile	1846	5166	1	28	80	source_plane=1
terrain	empty_terrain_no_floor_context	0	empty terrain tile	1846	5167	1	28	80	source_plane=1
terrain	empty_terrain_no_floor_context	0	empty terrain tile	1846	5168	1	28	80	source_plane=1
terrain	empty_terrain_no_floor_context	0	empty terrain tile	1846	5169	1	28	80	source_plane=1
terrain	empty_terrain_no_floor_context	0	empty terrain tile	1846	5170	1	28	80	source_plane=1
terrain	empty_terrain_no_floor_context	0	empty terrain tile	1846	5171	1	28	80	source_plane=1
terrain	empty_terrain_no_floor_context	0	empty terrain tile	1846	5172	1	28	80	source_plane=1
terrain	empty_terrain_no_floor_context	0	empty terrain tile	1846	5173	1	28	80	source_plane=1
terrain	empty_terrain_no_floor_context	0	empty terrain tile	1846	5174	1	28	80	source_plane=1
terrain	empty_terrain_no_floor_context	0	empty terrain tile	1846	5175	1	28	80	source_plane=1
terrain	empty_terrain_no_floor_context	0	empty terrain tile	1846	5176	1	28	80	source_plane=1
terrain	empty_terrain_no_floor_context	0	empty terrain tile	1846	5177	1	28	80	source_plane=1
terrain	empty_terrain_no_floor_context	0	empty terrain tile	1846	5178	1	28	80	source_plane=1
terrain	empty_terrain_no_floor_context	0	empty terrain tile	1846	5179	1	28	80	source_plane=1
terrain	empty_terrain_no_floor_context	0	empty terrain tile	1846	5180	1	28	80	source_plane=1
terrain	empty_terrain_no_floor_context	0	empty terrain tile	1846	5181	1	28	80	source_plane=1
terrain	empty_terrain_no_floor_context	0	empty terrain tile	1846	5182	1	28	80	source_plane=1
terrain	empty_terrain_no_floor_context	0	empty terrain tile	1846	5183	1	28	80	source_plane=1
terrain	empty_terrain_no_floor_context	0	empty terrain tile	1847	5120	1	28	80	source_plane=1
terrain	empty_terrain_no_floor_context	0	empty terrain tile	1847	5121	1	28	80	source_plane=1
terrain	empty_terrain_no_floor_context	0	empty terrain tile	1847	5122	1	28	80	source_plane=1
terrain	empty_terrain_no_floor_context	0	empty terrain tile	1847	5123	1	28	80	source_plane=1
terrain	empty_terrain_no_floor_context	0	empty terrain tile	1847	5124	1	28	80	source_plane=1
terrain	empty_terrain_no_floor_context	0	empty terrain tile	1847	5125	1	28	80	source_plane=1
terrain	empty_terrain_no_floor_context	0	empty terrain tile	1847	5126	1	28	80	source_plane=1
terrain	empty_terrain_no_floor_context	0	empty terrain tile	1847	5127	1	28	80	source_plane=1
terrain	empty_terrain_no_floor_context	0	empty terrain tile	1847	5128	1	28	80	source_plane=1
terrain	empty_terrain_no_floor_context	0	empty terrain tile	1847	5129	1	28	80	source_plane=1
terrain	empty_terrain_no_floor_context	0	empty terrain tile	1847	5130	1	28	80	source_plane=1
terrain	empty_terrain_no_floor_context	0	empty terrain tile	1847	5131	1	28	80	source_plane=1
terrain	empty_terrain_no_floor_context	0	empty terrain tile	1847	5132	1	28	80	source_plane=1
terrain	empty_terrain_no_floor_context	0	empty terrain tile	1847	5133	1	28	80	source_plane=1
terrain	empty_terrain_no_floor_context	0	empty terrain tile	1847	5134	1	28	80	source_plane=1
terrain	empty_terrain_no_floor_context	0	empty terrain tile	1847	5135	1	28	80	source_plane=1
terrain	empty_terrain_no_floor_context	0	empty terrain tile	1847	5136	1	28	80	source_plane=1
terrain	empty_terrain_no_floor_context	0	empty terrain tile	1847	5137	1	28	80	source_plane=1
terrain	empty_terrain_no_floor_context	0	empty terrain tile	1847	5138	1	28	80	source_plane=1
terrain	empty_terrain_no_floor_context	0	empty terrain tile	1847	5139	1	28	80	source_plane=1
terrain	empty_terrain_no_floor_context	0	empty terrain tile	1847	5140	1	28	80	source_plane=1
terrain	empty_terrain_no_floor_context	0	empty terrain tile	1847	5141	1	28	80	source_plane=1
terrain	empty_terrain_no_floor_context	0	empty terrain tile	1847	5142	1	28	80	source_plane=1
terrain	empty_terrain_no_floor_context	0	empty terrain tile	1847	5143	1	28	80	source_plane=1
terrain	empty_terrain_no_floor_context	0	empty terrain tile	1847	5144	1	28	80	source_plane=1
terrain	empty_terrain_no_floor_context	0	empty terrain tile	1847	5145	1	28	80	source_plane=1
terrain	empty_terrain_no_floor_context	0	empty terrain tile	1847	5146	1	28	80	source_plane=1
terrain	empty_terrain_no_floor_context	0	empty terrain tile	1847	5147	1	28	80	source_plane=1
terrain	empty_terrain_no_floor_context	0	empty terrain tile	1847	5148	1	28	80	source_plane=1
terrain	empty_terrain_no_floor_context	0	empty terrain tile	1847	5149	1	28	80	source_plane=1
terrain	empty_terrain_no_floor_context	0	empty terrain tile	1847	5150	1	28	80	source_plane=1
terrain	empty_terrain_no_floor_context	0	empty terrain tile	1847	5151	1	28	80	source_plane=1
terrain	empty_terrain_no_floor_context	0	empty terrain tile	1847	5152	1	28	80	source_plane=1
terrain	empty_terrain_no_floor_context	0	empty terrain tile	1847	5153	1	28	80	source_plane=1
terrain	empty_terrain_no_floor_context	0	empty terrain tile	1847	5154	1	28	80	source_plane=1
terrain	empty_terrain_no_floor_context	0	empty terrain tile	1847	5155	1	28	80	source_plane=1
terrain	empty_terrain_no_floor_context	0	empty terrain tile	1847	5156	1	28	80	source_plane=1
terrain	empty_terrain_no_floor_context	0	empty terrain tile	1847	5157	1	28	80	source_plane=1
terrain	empty_terrain_no_floor_context	0	empty terrain tile	1847	5158	1	28	80	source_plane=1
terrain	empty_terrain_no_floor_context	0	empty terrain tile	1847	5159	1	28	80	source_plane=1
terrain	empty_terrain_no_floor_context	0	empty terrain tile	1847	5160	1	28	80	source_plane=1
terrain	empty_terrain_no_floor_context	0	empty terrain tile	1847	5161	1	28	80	source_plane=1
terrain	empty_terrain_no_floor_context	0	empty terrain tile	1847	5162	1	28	80	source_plane=1
terrain	empty_terrain_no_floor_context	0	empty terrain tile	1847	5163	1	28	80	source_plane=1
terrain	empty_terrain_no_floor_context	0	empty terrain tile	1847	5164	1	28	80	source_plane=1
terrain	empty_terrain_no_floor_context	0	empty terrain tile	1847	5165	1	28	80	source_plane=1
terrain	empty_terrain_no_floor_context	0	empty terrain tile	1847	5166	1	28	80	source_plane=1
terrain	empty_terrain_no_floor_context	0	empty terrain tile	1847	5167	1	28	80	source_plane=1
terrain	empty_terrain_no_floor_context	0	empty terrain tile	1847	5168	1	28	80	source_plane=1
terrain	empty_terrain_no_floor_context	0	empty terrain tile	1847	5169	1	28	80	source_plane=1
terrain	empty_terrain_no_floor_context	0	empty terrain tile	1847	5170	1	28	80	source_plane=1
terrain	empty_terrain_no_floor_context	0	empty terrain tile	1847	5171	1	28	80	source_plane=1
terrain	empty_terrain_no_floor_context	0	empty terrain tile	1847	5172	1	28	80	source_plane=1
terrain	empty_terrain_no_floor_context	0	empty terrain tile	1847	5173	1	28	80	source_plane=1
terrain	empty_terrain_no_floor_context	0	empty terrain tile	1847	5174	1	28	80	source_plane=1
terrain	empty_terrain_no_floor_context	0	empty terrain tile	1847	5175	1	28	80	source_plane=1
terrain	empty_terrain_no_floor_context	0	empty terrain tile	1847	5176	1	28	80	source_plane=1
terrain	empty_terrain_no_floor_context	0	empty terrain tile	1847	5177	1	28	80	source_plane=1
terrain	empty_terrain_no_floor_context	0	empty terrain tile	1847	5178	1	28	80	source_plane=1
terrain	empty_terrain_no_floor_context	0	empty terrain tile	1847	5179	1	28	80	source_plane=1
terrain	empty_terrain_no_floor_context	0	empty terrain tile	1847	5180	1	28	80	source_plane=1
terrain	empty_terrain_no_floor_context	0	empty terrain tile	1847	5181	1	28	80	source_plane=1
terrain	empty_terrain_no_floor_context	0	empty terrain tile	1847	5182	1	28	80	source_plane=1
terrain	empty_terrain_no_floor_context	0	empty terrain tile	1847	5183	1	28	80	source_plane=1
terrain	empty_terrain_no_floor_context	0	empty terrain tile	1848	5120	1	28	80	source_plane=1
terrain	empty_terrain_no_floor_context	0	empty terrain tile	1848	5121	1	28	80	source_plane=1
terrain	empty_terrain_no_floor_context	0	empty terrain tile	1848	5122	1	28	80	source_plane=1
terrain	empty_terrain_no_floor_context	0	empty terrain tile	1848	5123	1	28	80	source_plane=1
terrain	empty_terrain_no_floor_context	0	empty terrain tile	1848	5124	1	28	80	source_plane=1
terrain	empty_terrain_no_floor_context	0	empty terrain tile	1848	5125	1	28	80	source_plane=1
terrain	empty_terrain_no_floor_context	0	empty terrain tile	1848	5126	1	28	80	source_plane=1
terrain	empty_terrain_no_floor_context	0	empty terrain tile	1848	5127	1	28	80	source_plane=1
terrain	empty_terrain_no_floor_context	0	empty terrain tile	1848	5128	1	28	80	source_plane=1
terrain	empty_terrain_no_floor_context	0	empty terrain tile	1848	5129	1	28	80	source_plane=1
terrain	empty_terrain_no_floor_context	0	empty terrain tile	1848	5130	1	28	80	source_plane=1
terrain	empty_terrain_no_floor_context	0	empty terrain tile	1848	5131	1	28	80	source_plane=1
terrain	empty_terrain_no_floor_context	0	empty terrain tile	1848	5132	1	28	80	source_plane=1
terrain	empty_terrain_no_floor_context	0	empty terrain tile	1848	5133	1	28	80	source_plane=1
terrain	empty_terrain_no_floor_context	0	empty terrain tile	1848	5134	1	28	80	source_plane=1
terrain	empty_terrain_no_floor_context	0	empty terrain tile	1848	5135	1	28	80	source_plane=1
terrain	empty_terrain_no_floor_context	0	empty terrain tile	1848	5136	1	28	80	source_plane=1
terrain	empty_terrain_no_floor_context	0	empty terrain tile	1848	5137	1	28	80	source_plane=1
terrain	empty_terrain_no_floor_context	0	empty terrain tile	1848	5138	1	28	80	source_plane=1
terrain	empty_terrain_no_floor_context	0	empty terrain tile	1848	5139	1	28	80	source_plane=1
terrain	empty_terrain_no_floor_context	0	empty terrain tile	1848	5140	1	28	80	source_plane=1
terrain	empty_terrain_no_floor_context	0	empty terrain tile	1848	5141	1	28	80	source_plane=1
terrain	empty_terrain_no_floor_context	0	empty terrain tile	1848	5142	1	28	80	source_plane=1
terrain	empty_terrain_no_floor_context	0	empty terrain tile	1848	5143	1	28	80	source_plane=1
terrain	empty_terrain_no_floor_context	0	empty terrain tile	1848	5144	1	28	80	source_plane=1
terrain	empty_terrain_no_floor_context	0	empty terrain tile	1848	5145	1	28	80	source_plane=1
terrain	empty_terrain_no_floor_context	0	empty terrain tile	1848	5146	1	28	80	source_plane=1
terrain	empty_terrain_no_floor_context	0	empty terrain tile	1848	5147	1	28	80	source_plane=1
terrain	empty_terrain_no_floor_context	0	empty terrain tile	1848	5148	1	28	80	source_plane=1
terrain	empty_terrain_no_floor_context	0	empty terrain tile	1848	5149	1	28	80	source_plane=1
terrain	empty_terrain_no_floor_context	0	empty terrain tile	1848	5150	1	28	80	source_plane=1
terrain	empty_terrain_no_floor_context	0	empty terrain tile	1848	5151	1	28	80	source_plane=1
terrain	empty_terrain_no_floor_context	0	empty terrain tile	1848	5152	1	28	80	source_plane=1
terrain	empty_terrain_no_floor_context	0	empty terrain tile	1848	5153	1	28	80	source_plane=1
terrain	empty_terrain_no_floor_context	0	empty terrain tile	1848	5154	1	28	80	source_plane=1
terrain	empty_terrain_no_floor_context	0	empty terrain tile	1848	5155	1	28	80	source_plane=1
terrain	empty_terrain_no_floor_context	0	empty terrain tile	1848	5156	1	28	80	source_plane=1
terrain	empty_terrain_no_floor_context	0	empty terrain tile	1848	5157	1	28	80	source_plane=1
terrain	empty_terrain_no_floor_context	0	empty terrain tile	1848	5158	1	28	80	source_plane=1
terrain	empty_terrain_no_floor_context	0	empty terrain tile	1848	5159	1	28	80	source_plane=1
terrain	empty_terrain_no_floor_context	0	empty terrain tile	1848	5160	1	28	80	source_plane=1
terrain	empty_terrain_no_floor_context	0	empty terrain tile	1848	5161	1	28	80	source_plane=1
terrain	empty_terrain_no_floor_context	0	empty terrain tile	1848	5162	1	28	80	source_plane=1
terrain	empty_terrain_no_floor_context	0	empty terrain tile	1848	5163	1	28	80	source_plane=1
terrain	empty_terrain_no_floor_context	0	empty terrain tile	1848	5164	1	28	80	source_plane=1
terrain	empty_terrain_no_floor_context	0	empty terrain tile	1848	5165	1	28	80	source_plane=1
terrain	empty_terrain_no_floor_context	0	empty terrain tile	1848	5166	1	28	80	source_plane=1
terrain	empty_terrain_no_floor_context	0	empty terrain tile	1848	5167	1	28	80	source_plane=1
terrain	empty_terrain_no_floor_context	0	empty terrain tile	1848	5168	1	28	80	source_plane=1
terrain	empty_terrain_no_floor_context	0	empty terrain tile	1848	5169	1	28	80	source_plane=1
terrain	empty_terrain_no_floor_context	0	empty terrain tile	1848	5170	1	28	80	source_plane=1
terrain	empty_terrain_no_floor_context	0	empty terrain tile	1848	5171	1	28	80	source_plane=1
terrain	empty_terrain_no_floor_context	0	empty terrain tile	1848	5172	1	28	80	source_plane=1
terrain	empty_terrain_no_floor_context	0	empty terrain tile	1848	5173	1	28	80	source_plane=1
terrain	empty_terrain_no_floor_context	0	empty terrain tile	1848	5174	1	28	80	source_plane=1
terrain	empty_terrain_no_floor_context	0	empty terrain tile	1848	5175	1	28	80	source_plane=1
terrain	empty_terrain_no_floor_context	0	empty terrain tile	1848	5176	1	28	80	source_plane=1
terrain	empty_terrain_no_floor_context	0	empty terrain tile	1848	5177	1	28	80	source_plane=1
terrain	empty_terrain_no_floor_context	0	empty terrain tile	1848	5178	1	28	80	source_plane=1
terrain	empty_terrain_no_floor_context	0	empty terrain tile	1848	5179	1	28	80	source_plane=1
terrain	empty_terrain_no_floor_context	0	empty terrain tile	1848	5180	1	28	80	source_plane=1
terrain	empty_terrain_no_floor_context	0	empty terrain tile	1848	5181	1	28	80	source_plane=1
terrain	empty_terrain_no_floor_context	0	empty terrain tile	1848	5182	1	28	80	source_plane=1
terrain	empty_terrain_no_floor_context	0	empty terrain tile	1848	5183	1	28	80	source_plane=1
terrain	empty_terrain_no_floor_context	0	empty terrain tile	1849	5120	1	28	80	source_plane=1
terrain	empty_terrain_no_floor_context	0	empty terrain tile	1849	5121	1	28	80	source_plane=1
terrain	empty_terrain_no_floor_context	0	empty terrain tile	1849	5122	1	28	80	source_plane=1
terrain	empty_terrain_no_floor_context	0	empty terrain tile	1849	5123	1	28	80	source_plane=1
terrain	empty_terrain_no_floor_context	0	empty terrain tile	1849	5124	1	28	80	source_plane=1
terrain	empty_terrain_no_floor_context	0	empty terrain tile	1849	5125	1	28	80	source_plane=1
terrain	empty_terrain_no_floor_context	0	empty terrain tile	1849	5126	1	28	80	source_plane=1
terrain	empty_terrain_no_floor_context	0	empty terrain tile	1849	5127	1	28	80	source_plane=1
terrain	empty_terrain_no_floor_context	0	empty terrain tile	1849	5128	1	28	80	source_plane=1
terrain	empty_terrain_no_floor_context	0	empty terrain tile	1849	5129	1	28	80	source_plane=1
terrain	empty_terrain_no_floor_context	0	empty terrain tile	1849	5130	1	28	80	source_plane=1
terrain	empty_terrain_no_floor_context	0	empty terrain tile	1849	5131	1	28	80	source_plane=1
terrain	empty_terrain_no_floor_context	0	empty terrain tile	1849	5132	1	28	80	source_plane=1
terrain	empty_terrain_no_floor_context	0	empty terrain tile	1849	5133	1	28	80	source_plane=1
terrain	empty_terrain_no_floor_context	0	empty terrain tile	1849	5134	1	28	80	source_plane=1
terrain	empty_terrain_no_floor_context	0	empty terrain tile	1849	5135	1	28	80	source_plane=1
terrain	empty_terrain_no_floor_context	0	empty terrain tile	1849	5136	1	28	80	source_plane=1
terrain	empty_terrain_no_floor_context	0	empty terrain tile	1849	5137	1	28	80	source_plane=1
terrain	empty_terrain_no_floor_context	0	empty terrain tile	1849	5138	1	28	80	source_plane=1
terrain	empty_terrain_no_floor_context	0	empty terrain tile	1849	5139	1	28	80	source_plane=1
terrain	empty_terrain_no_floor_context	0	empty terrain tile	1849	5140	1	28	80	source_plane=1
terrain	empty_terrain_no_floor_context	0	empty terrain tile	1849	5141	1	28	80	source_plane=1
terrain	empty_terrain_no_floor_context	0	empty terrain tile	1849	5142	1	28	80	source_plane=1
terrain	empty_terrain_no_floor_context	0	empty terrain tile	1849	5143	1	28	80	source_plane=1
terrain	empty_terrain_no_floor_context	0	empty terrain tile	1849	5144	1	28	80	source_plane=1
terrain	empty_terrain_no_floor_context	0	empty terrain tile	1849	5145	1	28	80	source_plane=1
terrain	empty_terrain_no_floor_context	0	empty terrain tile	1849	5146	1	28	80	source_plane=1
terrain	empty_terrain_no_floor_context	0	empty terrain tile	1849	5147	1	28	80	source_plane=1
terrain	empty_terrain_no_floor_context	0	empty terrain tile	1849	5148	1	28	80	source_plane=1
terrain	empty_terrain_no_floor_context	0	empty terrain tile	1849	5149	1	28	80	source_plane=1
terrain	empty_terrain_no_floor_context	0	empty terrain tile	1849	5150	1	28	80	source_plane=1
terrain	empty_terrain_no_floor_context	0	empty terrain tile	1849	5151	1	28	80	source_plane=1
terrain	empty_terrain_no_floor_context	0	empty terrain tile	1849	5152	1	28	80	source_plane=1
terrain	empty_terrain_no_floor_context	0	empty terrain tile	1849	5153	1	28	80	source_plane=1
terrain	empty_terrain_no_floor_context	0	empty terrain tile	1849	5154	1	28	80	source_plane=1
terrain	empty_terrain_no_floor_context	0	empty terrain tile	1849	5155	1	28	80	source_plane=1
terrain	empty_terrain_no_floor_context	0	empty terrain tile	1849	5156	1	28	80	source_plane=1
terrain	empty_terrain_no_floor_context	0	empty terrain tile	1849	5157	1	28	80	source_plane=1
terrain	empty_terrain_no_floor_context	0	empty terrain tile	1849	5158	1	28	80	source_plane=1
terrain	empty_terrain_no_floor_context	0	empty terrain tile	1849	5159	1	28	80	source_plane=1
terrain	empty_terrain_no_floor_context	0	empty terrain tile	1849	5160	1	28	80	source_plane=1
terrain	empty_terrain_no_floor_context	0	empty terrain tile	1849	5161	1	28	80	source_plane=1
terrain	empty_terrain_no_floor_context	0	empty terrain tile	1849	5162	1	28	80	source_plane=1
terrain	empty_terrain_no_floor_context	0	empty terrain tile	1849	5163	1	28	80	source_plane=1
terrain	empty_terrain_no_floor_context	0	empty terrain tile	1849	5164	1	28	80	source_plane=1
terrain	empty_terrain_no_floor_context	0	empty terrain tile	1849	5165	1	28	80	source_plane=1
terrain	empty_terrain_no_floor_context	0	empty terrain tile	1849	5166	1	28	80	source_plane=1
terrain	empty_terrain_no_floor_context	0	empty terrain tile	1849	5167	1	28	80	source_plane=1
terrain	empty_terrain_no_floor_context	0	empty terrain tile	1849	5168	1	28	80	source_plane=1
terrain	empty_terrain_no_floor_context	0	empty terrain tile	1849	5169	1	28	80	source_plane=1
terrain	empty_terrain_no_floor_context	0	empty terrain tile	1849	5170	1	28	80	source_plane=1
terrain	empty_terrain_no_floor_context	0	empty terrain tile	1849	5171	1	28	80	source_plane=1
terrain	empty_terrain_no_floor_context	0	empty terrain tile	1849	5172	1	28	80	source_plane=1
terrain	empty_terrain_no_floor_context	0	empty terrain tile	1849	5173	1	28	80	source_plane=1
terrain	empty_terrain_no_floor_context	0	empty terrain tile	1849	5174	1	28	80	source_plane=1
terrain	empty_terrain_no_floor_context	0	empty terrain tile	1849	5175	1	28	80	source_plane=1
terrain	empty_terrain_no_floor_context	0	empty terrain tile	1849	5176	1	28	80	source_plane=1
terrain	empty_terrain_no_floor_context	0	empty terrain tile	1849	5177	1	28	80	source_plane=1
terrain	empty_terrain_no_floor_context	0	empty terrain tile	1849	5178	1	28	80	source_plane=1
terrain	empty_terrain_no_floor_context	0	empty terrain tile	1849	5179	1	28	80	source_plane=1
terrain	empty_terrain_no_floor_context	0	empty terrain tile	1849	5180	1	28	80	source_plane=1
terrain	empty_terrain_no_floor_context	0	empty terrain tile	1849	5181	1	28	80	source_plane=1
terrain	empty_terrain_no_floor_context	0	empty terrain tile	1849	5182	1	28	80	source_plane=1
terrain	empty_terrain_no_floor_context	0	empty terrain tile	1849	5183	1	28	80	source_plane=1
terrain	empty_terrain_no_floor_context	0	empty terrain tile	1850	5120	1	28	80	source_plane=1
terrain	empty_terrain_no_floor_context	0	empty terrain tile	1850	5121	1	28	80	source_plane=1
terrain	empty_terrain_no_floor_context	0	empty terrain tile	1850	5122	1	28	80	source_plane=1
terrain	empty_terrain_no_floor_context	0	empty terrain tile	1850	5123	1	28	80	source_plane=1
terrain	empty_terrain_no_floor_context	0	empty terrain tile	1850	5124	1	28	80	source_plane=1
terrain	empty_terrain_no_floor_context	0	empty terrain tile	1850	5125	1	28	80	source_plane=1
terrain	empty_terrain_no_floor_context	0	empty terrain tile	1850	5126	1	28	80	source_plane=1
terrain	empty_terrain_no_floor_context	0	empty terrain tile	1850	5127	1	28	80	source_plane=1
terrain	empty_terrain_no_floor_context	0	empty terrain tile	1850	5128	1	28	80	source_plane=1
terrain	empty_terrain_no_floor_context	0	empty terrain tile	1850	5129	1	28	80	source_plane=1
terrain	empty_terrain_no_floor_context	0	empty terrain tile	1850	5130	1	28	80	source_plane=1
terrain	empty_terrain_no_floor_context	0	empty terrain tile	1850	5131	1	28	80	source_plane=1
terrain	empty_terrain_no_floor_context	0	empty terrain tile	1850	5132	1	28	80	source_plane=1
terrain	empty_terrain_no_floor_context	0	empty terrain tile	1850	5133	1	28	80	source_plane=1
terrain	empty_terrain_no_floor_context	0	empty terrain tile	1850	5134	1	28	80	source_plane=1
terrain	empty_terrain_no_floor_context	0	empty terrain tile	1850	5135	1	28	80	source_plane=1
terrain	empty_terrain_no_floor_context	0	empty terrain tile	1850	5136	1	28	80	source_plane=1
terrain	empty_terrain_no_floor_context	0	empty terrain tile	1850	5137	1	28	80	source_plane=1
terrain	empty_terrain_no_floor_context	0	empty terrain tile	1850	5138	1	28	80	source_plane=1
terrain	empty_terrain_no_floor_context	0	empty terrain tile	1850	5139	1	28	80	source_plane=1
terrain	empty_terrain_no_floor_context	0	empty terrain tile	1850	5140	1	28	80	source_plane=1
terrain	empty_terrain_no_floor_context	0	empty terrain tile	1850	5141	1	28	80	source_plane=1
terrain	empty_terrain_no_floor_context	0	empty terrain tile	1850	5142	1	28	80	source_plane=1
terrain	empty_terrain_no_floor_context	0	empty terrain tile	1850	5143	1	28	80	source_plane=1
terrain	empty_terrain_no_floor_context	0	empty terrain tile	1850	5144	1	28	80	source_plane=1
terrain	empty_terrain_no_floor_context	0	empty terrain tile	1850	5145	1	28	80	source_plane=1
terrain	empty_terrain_no_floor_context	0	empty terrain tile	1850	5146	1	28	80	source_plane=1
terrain	empty_terrain_no_floor_context	0	empty terrain tile	1850	5147	1	28	80	source_plane=1
terrain	empty_terrain_no_floor_context	0	empty terrain tile	1850	5148	1	28	80	source_plane=1
terrain	empty_terrain_no_floor_context	0	empty terrain tile	1850	5149	1	28	80	source_plane=1
terrain	empty_terrain_no_floor_context	0	empty terrain tile	1850	5150	1	28	80	source_plane=1
terrain	empty_terrain_no_floor_context	0	empty terrain tile	1850	5151	1	28	80	source_plane=1
terrain	empty_terrain_no_floor_context	0	empty terrain tile	1850	5152	1	28	80	source_plane=1
terrain	empty_terrain_no_floor_context	0	empty terrain tile	1850	5153	1	28	80	source_plane=1
terrain	empty_terrain_no_floor_context	0	empty terrain tile	1850	5154	1	28	80	source_plane=1
terrain	empty_terrain_no_floor_context	0	empty terrain tile	1850	5155	1	28	80	source_plane=1
terrain	empty_terrain_no_floor_context	0	empty terrain tile	1850	5156	1	28	80	source_plane=1
terrain	empty_terrain_no_floor_context	0	empty terrain tile	1850	5157	1	28	80	source_plane=1
terrain	empty_terrain_no_floor_context	0	empty terrain tile	1850	5158	1	28	80	source_plane=1
terrain	empty_terrain_no_floor_context	0	empty terrain tile	1850	5159	1	28	80	source_plane=1
terrain	empty_terrain_no_floor_context	0	empty terrain tile	1850	5160	1	28	80	source_plane=1
terrain	empty_terrain_no_floor_context	0	empty terrain tile	1850	5161	1	28	80	source_plane=1
terrain	empty_terrain_no_floor_context	0	empty terrain tile	1850	5162	1	28	80	source_plane=1
terrain	empty_terrain_no_floor_context	0	empty terrain tile	1850	5163	1	28	80	source_plane=1
terrain	empty_terrain_no_floor_context	0	empty terrain tile	1850	5164	1	28	80	source_plane=1
terrain	empty_terrain_no_floor_context	0	empty terrain tile	1850	5165	1	28	80	source_plane=1
terrain	empty_terrain_no_floor_context	0	empty terrain tile	1850	5166	1	28	80	source_plane=1
terrain	empty_terrain_no_floor_context	0	empty terrain tile	1850	5167	1	28	80	source_plane=1
terrain	empty_terrain_no_floor_context	0	empty terrain tile	1850	5168	1	28	80	source_plane=1
terrain	empty_terrain_no_floor_context	0	empty terrain tile	1850	5169	1	28	80	source_plane=1
terrain	empty_terrain_no_floor_context	0	empty terrain tile	1850	5170	1	28	80	source_plane=1
terrain	empty_terrain_no_floor_context	0	empty terrain tile	1850	5171	1	28	80	source_plane=1
terrain	empty_terrain_no_floor_context	0	empty terrain tile	1850	5172	1	28	80	source_plane=1
terrain	empty_terrain_no_floor_context	0	empty terrain tile	1850	5173	1	28	80	source_plane=1
terrain	empty_terrain_no_floor_context	0	empty terrain tile	1850	5174	1	28	80	source_plane=1
terrain	empty_terrain_no_floor_context	0	empty terrain tile	1850	5175	1	28	80	source_plane=1
terrain	empty_terrain_no_floor_context	0	empty terrain tile	1850	5176	1	28	80	source_plane=1
terrain	empty_terrain_no_floor_context	0	empty terrain tile	1850	5177	1	28	80	source_plane=1
terrain	empty_terrain_no_floor_context	0	empty terrain tile	1850	5178	1	28	80	source_plane=1
terrain	empty_terrain_no_floor_context	0	empty terrain tile	1850	5179	1	28	80	source_plane=1
terrain	empty_terrain_no_floor_context	0	empty terrain tile	1850	5180	1	28	80	source_plane=1
terrain	empty_terrain_no_floor_context	0	empty terrain tile	1850	5181	1	28	80	source_plane=1
terrain	empty_terrain_no_floor_context	0	empty terrain tile	1850	5182	1	28	80	source_plane=1
terrain	empty_terrain_no_floor_context	0	empty terrain tile	1850	5183	1	28	80	source_plane=1
terrain	empty_terrain_no_floor_context	0	empty terrain tile	1851	5120	1	28	80	source_plane=1
terrain	empty_terrain_no_floor_context	0	empty terrain tile	1851	5121	1	28	80	source_plane=1
terrain	empty_terrain_no_floor_context	0	empty terrain tile	1851	5122	1	28	80	source_plane=1
terrain	empty_terrain_no_floor_context	0	empty terrain tile	1851	5123	1	28	80	source_plane=1
terrain	empty_terrain_no_floor_context	0	empty terrain tile	1851	5124	1	28	80	source_plane=1
terrain	empty_terrain_no_floor_context	0	empty terrain tile	1851	5125	1	28	80	source_plane=1
terrain	empty_terrain_no_floor_context	0	empty terrain tile	1851	5126	1	28	80	source_plane=1
terrain	empty_terrain_no_floor_context	0	empty terrain tile	1851	5127	1	28	80	source_plane=1
terrain	empty_terrain_no_floor_context	0	empty terrain tile	1851	5128	1	28	80	source_plane=1
terrain	empty_terrain_no_floor_context	0	empty terrain tile	1851	5129	1	28	80	source_plane=1
terrain	empty_terrain_no_floor_context	0	empty terrain tile	1851	5130	1	28	80	source_plane=1
terrain	empty_terrain_no_floor_context	0	empty terrain tile	1851	5131	1	28	80	source_plane=1
terrain	empty_terrain_no_floor_context	0	empty terrain tile	1851	5132	1	28	80	source_plane=1
terrain	empty_terrain_no_floor_context	0	empty terrain tile	1851	5133	1	28	80	source_plane=1
terrain	empty_terrain_no_floor_context	0	empty terrain tile	1851	5134	1	28	80	source_plane=1
terrain	empty_terrain_no_floor_context	0	empty terrain tile	1851	5135	1	28	80	source_plane=1
terrain	empty_terrain_no_floor_context	0	empty terrain tile	1851	5136	1	28	80	source_plane=1
terrain	empty_terrain_no_floor_context	0	empty terrain tile	1851	5137	1	28	80	source_plane=1
terrain	empty_terrain_no_floor_context	0	empty terrain tile	1851	5138	1	28	80	source_plane=1
terrain	empty_terrain_no_floor_context	0	empty terrain tile	1851	5139	1	28	80	source_plane=1
terrain	empty_terrain_no_floor_context	0	empty terrain tile	1851	5140	1	28	80	source_plane=1
terrain	empty_terrain_no_floor_context	0	empty terrain tile	1851	5141	1	28	80	source_plane=1
terrain	empty_terrain_no_floor_context	0	empty terrain tile	1851	5142	1	28	80	source_plane=1
terrain	empty_terrain_no_floor_context	0	empty terrain tile	1851	5143	1	28	80	source_plane=1
terrain	empty_terrain_no_floor_context	0	empty terrain tile	1851	5144	1	28	80	source_plane=1
terrain	empty_terrain_no_floor_context	0	empty terrain tile	1851	5145	1	28	80	source_plane=1
terrain	empty_terrain_no_floor_context	0	empty terrain tile	1851	5146	1	28	80	source_plane=1
terrain	empty_terrain_no_floor_context	0	empty terrain tile	1851	5147	1	28	80	source_plane=1
terrain	empty_terrain_no_floor_context	0	empty terrain tile	1851	5148	1	28	80	source_plane=1
terrain	empty_terrain_no_floor_context	0	empty terrain tile	1851	5149	1	28	80	source_plane=1
terrain	empty_terrain_no_floor_context	0	empty terrain tile	1851	5150	1	28	80	source_plane=1
terrain	empty_terrain_no_floor_context	0	empty terrain tile	1851	5151	1	28	80	source_plane=1
terrain	empty_terrain_no_floor_context	0	empty terrain tile	1851	5152	1	28	80	source_plane=1
terrain	empty_terrain_no_floor_context	0	empty terrain tile	1851	5153	1	28	80	source_plane=1
terrain	empty_terrain_no_floor_context	0	empty terrain tile	1851	5154	1	28	80	source_plane=1
terrain	empty_terrain_no_floor_context	0	empty terrain tile	1851	5155	1	28	80	source_plane=1
terrain	empty_terrain_no_floor_context	0	empty terrain tile	1851	5156	1	28	80	source_plane=1
terrain	empty_terrain_no_floor_context	0	empty terrain tile	1851	5157	1	28	80	source_plane=1
terrain	empty_terrain_no_floor_context	0	empty terrain tile	1851	5158	1	28	80	source_plane=1
terrain	empty_terrain_no_floor_context	0	empty terrain tile	1851	5159	1	28	80	source_plane=1
terrain	empty_terrain_no_floor_context	0	empty terrain tile	1851	5160	1	28	80	source_plane=1
terrain	empty_terrain_no_floor_context	0	empty terrain tile	1851	5161	1	28	80	source_plane=1
terrain	empty_terrain_no_floor_context	0	empty terrain tile	1851	5162	1	28	80	source_plane=1
terrain	empty_terrain_no_floor_context	0	empty terrain tile	1851	5163	1	28	80	source_plane=1
terrain	empty_terrain_no_floor_context	0	empty terrain tile	1851	5164	1	28	80	source_plane=1
terrain	empty_terrain_no_floor_context	0	empty terrain tile	1851	5165	1	28	80	source_plane=1
terrain	empty_terrain_no_floor_context	0	empty terrain tile	1851	5166	1	28	80	source_plane=1
terrain	empty_terrain_no_floor_context	0	empty terrain tile	1851	5167	1	28	80	source_plane=1
terrain	empty_terrain_no_floor_context	0	empty terrain tile	1851	5168	1	28	80	source_plane=1
terrain	empty_terrain_no_floor_context	0	empty terrain tile	1851	5169	1	28	80	source_plane=1
terrain	empty_terrain_no_floor_context	0	empty terrain tile	1851	5170	1	28	80	source_plane=1
terrain	empty_terrain_no_floor_context	0	empty terrain tile	1851	5171	1	28	80	source_plane=1
terrain	empty_terrain_no_floor_context	0	empty terrain tile	1851	5172	1	28	80	source_plane=1
terrain	empty_terrain_no_floor_context	0	empty terrain tile	1851	5173	1	28	80	source_plane=1
terrain	empty_terrain_no_floor_context	0	empty terrain tile	1851	5174	1	28	80	source_plane=1
terrain	empty_terrain_no_floor_context	0	empty terrain tile	1851	5175	1	28	80	source_plane=1
terrain	empty_terrain_no_floor_context	0	empty terrain tile	1851	5176	1	28	80	source_plane=1
terrain	empty_terrain_no_floor_context	0	empty terrain tile	1851	5177	1	28	80	source_plane=1
terrain	empty_terrain_no_floor_context	0	empty terrain tile	1851	5178	1	28	80	source_plane=1
terrain	empty_terrain_no_floor_context	0	empty terrain tile	1851	5179	1	28	80	source_plane=1
terrain	empty_terrain_no_floor_context	0	empty terrain tile	1851	5180	1	28	80	source_plane=1
terrain	empty_terrain_no_floor_context	0	empty terrain tile	1851	5181	1	28	80	source_plane=1
terrain	empty_terrain_no_floor_context	0	empty terrain tile	1851	5182	1	28	80	source_plane=1
terrain	empty_terrain_no_floor_context	0	empty terrain tile	1851	5183	1	28	80	source_plane=1
terrain	empty_terrain_no_floor_context	0	empty terrain tile	1852	5120	1	28	80	source_plane=1
terrain	empty_terrain_no_floor_context	0	empty terrain tile	1852	5121	1	28	80	source_plane=1
terrain	empty_terrain_no_floor_context	0	empty terrain tile	1852	5122	1	28	80	source_plane=1
terrain	empty_terrain_no_floor_context	0	empty terrain tile	1852	5123	1	28	80	source_plane=1
terrain	empty_terrain_no_floor_context	0	empty terrain tile	1852	5124	1	28	80	source_plane=1
terrain	empty_terrain_no_floor_context	0	empty terrain tile	1852	5125	1	28	80	source_plane=1
terrain	empty_terrain_no_floor_context	0	empty terrain tile	1852	5126	1	28	80	source_plane=1
terrain	empty_terrain_no_floor_context	0	empty terrain tile	1852	5127	1	28	80	source_plane=1
terrain	empty_terrain_no_floor_context	0	empty terrain tile	1852	5128	1	28	80	source_plane=1
terrain	empty_terrain_no_floor_context	0	empty terrain tile	1852	5129	1	28	80	source_plane=1
terrain	empty_terrain_no_floor_context	0	empty terrain tile	1852	5130	1	28	80	source_plane=1
terrain	empty_terrain_no_floor_context	0	empty terrain tile	1852	5131	1	28	80	source_plane=1
terrain	empty_terrain_no_floor_context	0	empty terrain tile	1852	5132	1	28	80	source_plane=1
terrain	empty_terrain_no_floor_context	0	empty terrain tile	1852	5133	1	28	80	source_plane=1
terrain	empty_terrain_no_floor_context	0	empty terrain tile	1852	5134	1	28	80	source_plane=1
terrain	empty_terrain_no_floor_context	0	empty terrain tile	1852	5135	1	28	80	source_plane=1
terrain	empty_terrain_no_floor_context	0	empty terrain tile	1852	5136	1	28	80	source_plane=1
terrain	empty_terrain_no_floor_context	0	empty terrain tile	1852	5137	1	28	80	source_plane=1
terrain	empty_terrain_no_floor_context	0	empty terrain tile	1852	5138	1	28	80	source_plane=1
terrain	empty_terrain_no_floor_context	0	empty terrain tile	1852	5139	1	28	80	source_plane=1
terrain	empty_terrain_no_floor_context	0	empty terrain tile	1852	5140	1	28	80	source_plane=1
terrain	empty_terrain_no_floor_context	0	empty terrain tile	1852	5141	1	28	80	source_plane=1
terrain	empty_terrain_no_floor_context	0	empty terrain tile	1852	5142	1	28	80	source_plane=1
terrain	empty_terrain_no_floor_context	0	empty terrain tile	1852	5143	1	28	80	source_plane=1
terrain	empty_terrain_no_floor_context	0	empty terrain tile	1852	5144	1	28	80	source_plane=1
terrain	empty_terrain_no_floor_context	0	empty terrain tile	1852	5145	1	28	80	source_plane=1
terrain	empty_terrain_no_floor_context	0	empty terrain tile	1852	5146	1	28	80	source_plane=1
terrain	empty_terrain_no_floor_context	0	empty terrain tile	1852	5147	1	28	80	source_plane=1
terrain	empty_terrain_no_floor_context	0	empty terrain tile	1852	5148	1	28	80	source_plane=1
terrain	empty_terrain_no_floor_context	0	empty terrain tile	1852	5149	1	28	80	source_plane=1
terrain	empty_terrain_no_floor_context	0	empty terrain tile	1852	5150	1	28	80	source_plane=1
terrain	empty_terrain_no_floor_context	0	empty terrain tile	1852	5151	1	28	80	source_plane=1
terrain	empty_terrain_no_floor_context	0	empty terrain tile	1852	5152	1	28	80	source_plane=1
terrain	empty_terrain_no_floor_context	0	empty terrain tile	1852	5153	1	28	80	source_plane=1
terrain	empty_terrain_no_floor_context	0	empty terrain tile	1852	5154	1	28	80	source_plane=1
terrain	empty_terrain_no_floor_context	0	empty terrain tile	1852	5155	1	28	80	source_plane=1
terrain	empty_terrain_no_floor_context	0	empty terrain tile	1852	5156	1	28	80	source_plane=1
terrain	empty_terrain_no_floor_context	0	empty terrain tile	1852	5157	1	28	80	source_plane=1
terrain	empty_terrain_no_floor_context	0	empty terrain tile	1852	5158	1	28	80	source_plane=1
terrain	empty_terrain_no_floor_context	0	empty terrain tile	1852	5159	1	28	80	source_plane=1
terrain	empty_terrain_no_floor_context	0	empty terrain tile	1852	5160	1	28	80	source_plane=1
terrain	empty_terrain_no_floor_context	0	empty terrain tile	1852	5161	1	28	80	source_plane=1
terrain	empty_terrain_no_floor_context	0	empty terrain tile	1852	5162	1	28	80	source_plane=1
terrain	empty_terrain_no_floor_context	0	empty terrain tile	1852	5163	1	28	80	source_plane=1
terrain	empty_terrain_no_floor_context	0	empty terrain tile	1852	5164	1	28	80	source_plane=1
terrain	empty_terrain_no_floor_context	0	empty terrain tile	1852	5165	1	28	80	source_plane=1
terrain	empty_terrain_no_floor_context	0	empty terrain tile	1852	5166	1	28	80	source_plane=1
terrain	empty_terrain_no_floor_context	0	empty terrain tile	1852	5167	1	28	80	source_plane=1
terrain	empty_terrain_no_floor_context	0	empty terrain tile	1852	5168	1	28	80	source_plane=1
terrain	empty_terrain_no_floor_context	0	empty terrain tile	1852	5169	1	28	80	source_plane=1
terrain	empty_terrain_no_floor_context	0	empty terrain tile	1852	5170	1	28	80	source_plane=1
terrain	empty_terrain_no_floor_context	0	empty terrain tile	1852	5171	1	28	80	source_plane=1
terrain	empty_terrain_no_floor_context	0	empty terrain tile	1852	5172	1	28	80	source_plane=1
terrain	empty_terrain_no_floor_context	0	empty terrain tile	1852	5173	1	28	80	source_plane=1
terrain	empty_terrain_no_floor_context	0	empty terrain tile	1852	5174	1	28	80	source_plane=1
terrain	empty_terrain_no_floor_context	0	empty terrain tile	1852	5175	1	28	80	source_plane=1
terrain	empty_terrain_no_floor_context	0	empty terrain tile	1852	5176	1	28	80	source_plane=1
terrain	empty_terrain_no_floor_context	0	empty terrain tile	1852	5177	1	28	80	source_plane=1
terrain	empty_terrain_no_floor_context	0	empty terrain tile	1852	5178	1	28	80	source_plane=1
terrain	empty_terrain_no_floor_context	0	empty terrain tile	1852	5179	1	28	80	source_plane=1
terrain	empty_terrain_no_floor_context	0	empty terrain tile	1852	5180	1	28	80	source_plane=1
terrain	empty_terrain_no_floor_context	0	empty terrain tile	1852	5181	1	28	80	source_plane=1
terrain	empty_terrain_no_floor_context	0	empty terrain tile	1852	5182	1	28	80	source_plane=1
terrain	empty_terrain_no_floor_context	0	empty terrain tile	1852	5183	1	28	80	source_plane=1
terrain	empty_terrain_no_floor_context	0	empty terrain tile	1853	5120	1	28	80	source_plane=1
terrain	empty_terrain_no_floor_context	0	empty terrain tile	1853	5121	1	28	80	source_plane=1
terrain	empty_terrain_no_floor_context	0	empty terrain tile	1853	5122	1	28	80	source_plane=1
terrain	empty_terrain_no_floor_context	0	empty terrain tile	1853	5123	1	28	80	source_plane=1
terrain	empty_terrain_no_floor_context	0	empty terrain tile	1853	5124	1	28	80	source_plane=1
terrain	empty_terrain_no_floor_context	0	empty terrain tile	1853	5125	1	28	80	source_plane=1
terrain	empty_terrain_no_floor_context	0	empty terrain tile	1853	5126	1	28	80	source_plane=1
terrain	empty_terrain_no_floor_context	0	empty terrain tile	1853	5127	1	28	80	source_plane=1
terrain	empty_terrain_no_floor_context	0	empty terrain tile	1853	5128	1	28	80	source_plane=1
terrain	empty_terrain_no_floor_context	0	empty terrain tile	1853	5129	1	28	80	source_plane=1
terrain	empty_terrain_no_floor_context	0	empty terrain tile	1853	5130	1	28	80	source_plane=1
terrain	empty_terrain_no_floor_context	0	empty terrain tile	1853	5131	1	28	80	source_plane=1
terrain	empty_terrain_no_floor_context	0	empty terrain tile	1853	5132	1	28	80	source_plane=1
terrain	empty_terrain_no_floor_context	0	empty terrain tile	1853	5133	1	28	80	source_plane=1
terrain	empty_terrain_no_floor_context	0	empty terrain tile	1853	5134	1	28	80	source_plane=1
terrain	empty_terrain_no_floor_context	0	empty terrain tile	1853	5135	1	28	80	source_plane=1
terrain	empty_terrain_no_floor_context	0	empty terrain tile	1853	5136	1	28	80	source_plane=1
terrain	empty_terrain_no_floor_context	0	empty terrain tile	1853	5137	1	28	80	source_plane=1
terrain	empty_terrain_no_floor_context	0	empty terrain tile	1853	5138	1	28	80	source_plane=1
terrain	empty_terrain_no_floor_context	0	empty terrain tile	1853	5139	1	28	80	source_plane=1
terrain	empty_terrain_no_floor_context	0	empty terrain tile	1853	5140	1	28	80	source_plane=1
terrain	empty_terrain_no_floor_context	0	empty terrain tile	1853	5141	1	28	80	source_plane=1
terrain	empty_terrain_no_floor_context	0	empty terrain tile	1853	5142	1	28	80	source_plane=1
terrain	empty_terrain_no_floor_context	0	empty terrain tile	1853	5143	1	28	80	source_plane=1
terrain	empty_terrain_no_floor_context	0	empty terrain tile	1853	5144	1	28	80	source_plane=1
terrain	empty_terrain_no_floor_context	0	empty terrain tile	1853	5145	1	28	80	source_plane=1
terrain	empty_terrain_no_floor_context	0	empty terrain tile	1853	5146	1	28	80	source_plane=1
terrain	empty_terrain_no_floor_context	0	empty terrain tile	1853	5147	1	28	80	source_plane=1
terrain	empty_terrain_no_floor_context	0	empty terrain tile	1853	5148	1	28	80	source_plane=1
terrain	empty_terrain_no_floor_context	0	empty terrain tile	1853	5149	1	28	80	source_plane=1
terrain	empty_terrain_no_floor_context	0	empty terrain tile	1853	5150	1	28	80	source_plane=1
terrain	empty_terrain_no_floor_context	0	empty terrain tile	1853	5151	1	28	80	source_plane=1
terrain	empty_terrain_no_floor_context	0	empty terrain tile	1853	5152	1	28	80	source_plane=1
terrain	empty_terrain_no_floor_context	0	empty terrain tile	1853	5153	1	28	80	source_plane=1
terrain	empty_terrain_no_floor_context	0	empty terrain tile	1853	5154	1	28	80	source_plane=1
terrain	empty_terrain_no_floor_context	0	empty terrain tile	1853	5155	1	28	80	source_plane=1
terrain	empty_terrain_no_floor_context	0	empty terrain tile	1853	5156	1	28	80	source_plane=1
terrain	empty_terrain_no_floor_context	0	empty terrain tile	1853	5157	1	28	80	source_plane=1
terrain	empty_terrain_no_floor_context	0	empty terrain tile	1853	5158	1	28	80	source_plane=1
terrain	empty_terrain_no_floor_context	0	empty terrain tile	1853	5159	1	28	80	source_plane=1
terrain	empty_terrain_no_floor_context	0	empty terrain tile	1853	5160	1	28	80	source_plane=1
terrain	empty_terrain_no_floor_context	0	empty terrain tile	1853	5161	1	28	80	source_plane=1
terrain	empty_terrain_no_floor_context	0	empty terrain tile	1853	5162	1	28	80	source_plane=1
terrain	empty_terrain_no_floor_context	0	empty terrain tile	1853	5163	1	28	80	source_plane=1
terrain	empty_terrain_no_floor_context	0	empty terrain tile	1853	5164	1	28	80	source_plane=1
terrain	empty_terrain_no_floor_context	0	empty terrain tile	1853	5165	1	28	80	source_plane=1
terrain	empty_terrain_no_floor_context	0	empty terrain tile	1853	5166	1	28	80	source_plane=1
terrain	empty_terrain_no_floor_context	0	empty terrain tile	1853	5167	1	28	80	source_plane=1
terrain	empty_terrain_no_floor_context	0	empty terrain tile	1853	5168	1	28	80	source_plane=1
terrain	empty_terrain_no_floor_context	0	empty terrain tile	1853	5169	1	28	80	source_plane=1
terrain	empty_terrain_no_floor_context	0	empty terrain tile	1853	5170	1	28	80	source_plane=1
terrain	empty_terrain_no_floor_context	0	empty terrain tile	1853	5171	1	28	80	source_plane=1
terrain	empty_terrain_no_floor_context	0	empty terrain tile	1853	5172	1	28	80	source_plane=1
terrain	empty_terrain_no_floor_context	0	empty terrain tile	1853	5173	1	28	80	source_plane=1
terrain	empty_terrain_no_floor_context	0	empty terrain tile	1853	5174	1	28	80	source_plane=1
terrain	empty_terrain_no_floor_context	0	empty terrain tile	1853	5175	1	28	80	source_plane=1
terrain	empty_terrain_no_floor_context	0	empty terrain tile	1853	5176	1	28	80	source_plane=1
terrain	empty_terrain_no_floor_context	0	empty terrain tile	1853	5177	1	28	80	source_plane=1
terrain	empty_terrain_no_floor_context	0	empty terrain tile	1853	5178	1	28	80	source_plane=1
terrain	empty_terrain_no_floor_context	0	empty terrain tile	1853	5179	1	28	80	source_plane=1
terrain	empty_terrain_no_floor_context	0	empty terrain tile	1853	5180	1	28	80	source_plane=1
terrain	empty_terrain_no_floor_context	0	empty terrain tile	1853	5181	1	28	80	source_plane=1
terrain	empty_terrain_no_floor_context	0	empty terrain tile	1853	5182	1	28	80	source_plane=1
terrain	empty_terrain_no_floor_context	0	empty terrain tile	1853	5183	1	28	80	source_plane=1
terrain	empty_terrain_no_floor_context	0	empty terrain tile	1854	5120	1	28	80	source_plane=1
terrain	empty_terrain_no_floor_context	0	empty terrain tile	1854	5121	1	28	80	source_plane=1
terrain	empty_terrain_no_floor_context	0	empty terrain tile	1854	5122	1	28	80	source_plane=1
terrain	empty_terrain_no_floor_context	0	empty terrain tile	1854	5123	1	28	80	source_plane=1
terrain	empty_terrain_no_floor_context	0	empty terrain tile	1854	5124	1	28	80	source_plane=1
terrain	empty_terrain_no_floor_context	0	empty terrain tile	1854	5125	1	28	80	source_plane=1
terrain	empty_terrain_no_floor_context	0	empty terrain tile	1854	5126	1	28	80	source_plane=1
terrain	empty_terrain_no_floor_context	0	empty terrain tile	1854	5127	1	28	80	source_plane=1
terrain	empty_terrain_no_floor_context	0	empty terrain tile	1854	5128	1	28	80	source_plane=1
terrain	empty_terrain_no_floor_context	0	empty terrain tile	1854	5129	1	28	80	source_plane=1
terrain	empty_terrain_no_floor_context	0	empty terrain tile	1854	5130	1	28	80	source_plane=1
terrain	empty_terrain_no_floor_context	0	empty terrain tile	1854	5131	1	28	80	source_plane=1
terrain	empty_terrain_no_floor_context	0	empty terrain tile	1854	5132	1	28	80	source_plane=1
terrain	empty_terrain_no_floor_context	0	empty terrain tile	1854	5133	1	28	80	source_plane=1
terrain	empty_terrain_no_floor_context	0	empty terrain tile	1854	5134	1	28	80	source_plane=1
terrain	empty_terrain_no_floor_context	0	empty terrain tile	1854	5135	1	28	80	source_plane=1
terrain	empty_terrain_no_floor_context	0	empty terrain tile	1854	5136	1	28	80	source_plane=1
terrain	empty_terrain_no_floor_context	0	empty terrain tile	1854	5137	1	28	80	source_plane=1
terrain	empty_terrain_no_floor_context	0	empty terrain tile	1854	5138	1	28	80	source_plane=1
terrain	empty_terrain_no_floor_context	0	empty terrain tile	1854	5139	1	28	80	source_plane=1
terrain	empty_terrain_no_floor_context	0	empty terrain tile	1854	5140	1	28	80	source_plane=1
terrain	empty_terrain_no_floor_context	0	empty terrain tile	1854	5141	1	28	80	source_plane=1
terrain	empty_terrain_no_floor_context	0	empty terrain tile	1854	5142	1	28	80	source_plane=1
terrain	empty_terrain_no_floor_context	0	empty terrain tile	1854	5143	1	28	80	source_plane=1
terrain	empty_terrain_no_floor_context	0	empty terrain tile	1854	5144	1	28	80	source_plane=1
terrain	empty_terrain_no_floor_context	0	empty terrain tile	1854	5145	1	28	80	source_plane=1
terrain	empty_terrain_no_floor_context	0	empty terrain tile	1854	5146	1	28	80	source_plane=1
terrain	empty_terrain_no_floor_context	0	empty terrain tile	1854	5147	1	28	80	source_plane=1
terrain	empty_terrain_no_floor_context	0	empty terrain tile	1854	5148	1	28	80	source_plane=1
terrain	empty_terrain_no_floor_context	0	empty terrain tile	1854	5149	1	28	80	source_plane=1
terrain	empty_terrain_no_floor_context	0	empty terrain tile	1854	5150	1	28	80	source_plane=1
terrain	empty_terrain_no_floor_context	0	empty terrain tile	1854	5151	1	28	80	source_plane=1
terrain	empty_terrain_no_floor_context	0	empty terrain tile	1854	5152	1	28	80	source_plane=1
terrain	empty_terrain_no_floor_context	0	empty terrain tile	1854	5153	1	28	80	source_plane=1
terrain	empty_terrain_no_floor_context	0	empty terrain tile	1854	5154	1	28	80	source_plane=1
terrain	empty_terrain_no_floor_context	0	empty terrain tile	1854	5155	1	28	80	source_plane=1
terrain	empty_terrain_no_floor_context	0	empty terrain tile	1854	5156	1	28	80	source_plane=1
terrain	empty_terrain_no_floor_context	0	empty terrain tile	1854	5157	1	28	80	source_plane=1
terrain	empty_terrain_no_floor_context	0	empty terrain tile	1854	5158	1	28	80	source_plane=1
terrain	empty_terrain_no_floor_context	0	empty terrain tile	1854	5159	1	28	80	source_plane=1
terrain	empty_terrain_no_floor_context	0	empty terrain tile	1854	5160	1	28	80	source_plane=1
terrain	empty_terrain_no_floor_context	0	empty terrain tile	1854	5161	1	28	80	source_plane=1
terrain	empty_terrain_no_floor_context	0	empty terrain tile	1854	5162	1	28	80	source_plane=1
terrain	empty_terrain_no_floor_context	0	empty terrain tile	1854	5163	1	28	80	source_plane=1
terrain	empty_terrain_no_floor_context	0	empty terrain tile	1854	5164	1	28	80	source_plane=1
terrain	empty_terrain_no_floor_context	0	empty terrain tile	1854	5165	1	28	80	source_plane=1
terrain	empty_terrain_no_floor_context	0	empty terrain tile	1854	5166	1	28	80	source_plane=1
terrain	empty_terrain_no_floor_context	0	empty terrain tile	1854	5167	1	28	80	source_plane=1
terrain	empty_terrain_no_floor_context	0	empty terrain tile	1854	5168	1	28	80	source_plane=1
terrain	empty_terrain_no_floor_context	0	empty terrain tile	1854	5169	1	28	80	source_plane=1
terrain	empty_terrain_no_floor_context	0	empty terrain tile	1854	5170	1	28	80	source_plane=1
terrain	empty_terrain_no_floor_context	0	empty terrain tile	1854	5171	1	28	80	source_plane=1
terrain	empty_terrain_no_floor_context	0	empty terrain tile	1854	5172	1	28	80	source_plane=1
terrain	empty_terrain_no_floor_context	0	empty terrain tile	1854	5173	1	28	80	source_plane=1
terrain	empty_terrain_no_floor_context	0	empty terrain tile	1854	5174	1	28	80	source_plane=1
terrain	empty_terrain_no_floor_context	0	empty terrain tile	1854	5175	1	28	80	source_plane=1
terrain	empty_terrain_no_floor_context	0	empty terrain tile	1854	5176	1	28	80	source_plane=1
terrain	empty_terrain_no_floor_context	0	empty terrain tile	1854	5177	1	28	80	source_plane=1
terrain	empty_terrain_no_floor_context	0	empty terrain tile	1854	5178	1	28	80	source_plane=1
terrain	empty_terrain_no_floor_context	0	empty terrain tile	1854	5179	1	28	80	source_plane=1
terrain	empty_terrain_no_floor_context	0	empty terrain tile	1854	5180	1	28	80	source_plane=1
terrain	empty_terrain_no_floor_context	0	empty terrain tile	1854	5181	1	28	80	source_plane=1
terrain	empty_terrain_no_floor_context	0	empty terrain tile	1854	5182	1	28	80	source_plane=1
terrain	empty_terrain_no_floor_context	0	empty terrain tile	1854	5183	1	28	80	source_plane=1
terrain	empty_terrain_no_floor_context	0	empty terrain tile	1855	5120	1	28	80	source_plane=1
terrain	empty_terrain_no_floor_context	0	empty terrain tile	1855	5121	1	28	80	source_plane=1
terrain	empty_terrain_no_floor_context	0	empty terrain tile	1855	5122	1	28	80	source_plane=1
terrain	empty_terrain_no_floor_context	0	empty terrain tile	1855	5123	1	28	80	source_plane=1
terrain	empty_terrain_no_floor_context	0	empty terrain tile	1855	5124	1	28	80	source_plane=1
terrain	empty_terrain_no_floor_context	0	empty terrain tile	1855	5125	1	28	80	source_plane=1
terrain	empty_terrain_no_floor_context	0	empty terrain tile	1855	5126	1	28	80	source_plane=1
terrain	empty_terrain_no_floor_context	0	empty terrain tile	1855	5127	1	28	80	source_plane=1
terrain	empty_terrain_no_floor_context	0	empty terrain tile	1855	5128	1	28	80	source_plane=1
terrain	empty_terrain_no_floor_context	0	empty terrain tile	1855	5129	1	28	80	source_plane=1
terrain	empty_terrain_no_floor_context	0	empty terrain tile	1855	5130	1	28	80	source_plane=1
terrain	empty_terrain_no_floor_context	0	empty terrain tile	1855	5131	1	28	80	source_plane=1
terrain	empty_terrain_no_floor_context	0	empty terrain tile	1855	5132	1	28	80	source_plane=1
terrain	empty_terrain_no_floor_context	0	empty terrain tile	1855	5133	1	28	80	source_plane=1
terrain	empty_terrain_no_floor_context	0	empty terrain tile	1855	5134	1	28	80	source_plane=1
terrain	empty_terrain_no_floor_context	0	empty terrain tile	1855	5135	1	28	80	source_plane=1
terrain	empty_terrain_no_floor_context	0	empty terrain tile	1855	5136	1	28	80	source_plane=1
terrain	empty_terrain_no_floor_context	0	empty terrain tile	1855	5137	1	28	80	source_plane=1
terrain	empty_terrain_no_floor_context	0	empty terrain tile	1855	5138	1	28	80	source_plane=1
terrain	empty_terrain_no_floor_context	0	empty terrain tile	1855	5139	1	28	80	source_plane=1
terrain	empty_terrain_no_floor_context	0	empty terrain tile	1855	5140	1	28	80	source_plane=1
terrain	empty_terrain_no_floor_context	0	empty terrain tile	1855	5141	1	28	80	source_plane=1
terrain	empty_terrain_no_floor_context	0	empty terrain tile	1855	5142	1	28	80	source_plane=1
terrain	empty_terrain_no_floor_context	0	empty terrain tile	1855	5143	1	28	80	source_plane=1
terrain	empty_terrain_no_floor_context	0	empty terrain tile	1855	5144	1	28	80	source_plane=1
terrain	empty_terrain_no_floor_context	0	empty terrain tile	1855	5145	1	28	80	source_plane=1
terrain	empty_terrain_no_floor_context	0	empty terrain tile	1855	5146	1	28	80	source_plane=1
terrain	empty_terrain_no_floor_context	0	empty terrain tile	1855	5147	1	28	80	source_plane=1
terrain	empty_terrain_no_floor_context	0	empty terrain tile	1855	5148	1	28	80	source_plane=1
terrain	empty_terrain_no_floor_context	0	empty terrain tile	1855	5149	1	28	80	source_plane=1
terrain	empty_terrain_no_floor_context	0	empty terrain tile	1855	5150	1	28	80	source_plane=1
terrain	empty_terrain_no_floor_context	0	empty terrain tile	1855	5151	1	28	80	source_plane=1
terrain	empty_terrain_no_floor_context	0	empty terrain tile	1855	5152	1	28	80	source_plane=1
terrain	empty_terrain_no_floor_context	0	empty terrain tile	1855	5153	1	28	80	source_plane=1
terrain	empty_terrain_no_floor_context	0	empty terrain tile	1855	5154	1	28	80	source_plane=1
terrain	empty_terrain_no_floor_context	0	empty terrain tile	1855	5155	1	28	80	source_plane=1
terrain	empty_terrain_no_floor_context	0	empty terrain tile	1855	5156	1	28	80	source_plane=1
terrain	empty_terrain_no_floor_context	0	empty terrain tile	1855	5157	1	28	80	source_plane=1
terrain	empty_terrain_no_floor_context	0	empty terrain tile	1855	5158	1	28	80	source_plane=1
terrain	empty_terrain_no_floor_context	0	empty terrain tile	1855	5159	1	28	80	source_plane=1
terrain	empty_terrain_no_floor_context	0	empty terrain tile	1855	5160	1	28	80	source_plane=1
terrain	empty_terrain_no_floor_context	0	empty terrain tile	1855	5161	1	28	80	source_plane=1
terrain	empty_terrain_no_floor_context	0	empty terrain tile	1855	5162	1	28	80	source_plane=1
terrain	empty_terrain_no_floor_context	0	empty terrain tile	1855	5163	1	28	80	source_plane=1
terrain	empty_terrain_no_floor_context	0	empty terrain tile	1855	5164	1	28	80	source_plane=1
terrain	empty_terrain_no_floor_context	0	empty terrain tile	1855	5165	1	28	80	source_plane=1
terrain	empty_terrain_no_floor_context	0	empty terrain tile	1855	5166	1	28	80	source_plane=1
terrain	empty_terrain_no_floor_context	0	empty terrain tile	1855	5167	1	28	80	source_plane=1
terrain	empty_terrain_no_floor_context	0	empty terrain tile	1855	5168	1	28	80	source_plane=1
terrain	empty_terrain_no_floor_context	0	empty terrain tile	1855	5169	1	28	80	source_plane=1
terrain	empty_terrain_no_floor_context	0	empty terrain tile	1855	5170	1	28	80	source_plane=1
terrain	empty_terrain_no_floor_context	0	empty terrain tile	1855	5171	1	28	80	source_plane=1
terrain	empty_terrain_no_floor_context	0	empty terrain tile	1855	5172	1	28	80	source_plane=1
terrain	empty_terrain_no_floor_context	0	empty terrain tile	1855	5173	1	28	80	source_plane=1
terrain	empty_terrain_no_floor_context	0	empty terrain tile	1855	5174	1	28	80	source_plane=1
terrain	empty_terrain_no_floor_context	0	empty terrain tile	1855	5175	1	28	80	source_plane=1
terrain	empty_terrain_no_floor_context	0	empty terrain tile	1855	5176	1	28	80	source_plane=1
terrain	empty_terrain_no_floor_context	0	empty terrain tile	1855	5177	1	28	80	source_plane=1
terrain	empty_terrain_no_floor_context	0	empty terrain tile	1855	5178	1	28	80	source_plane=1
terrain	empty_terrain_no_floor_context	0	empty terrain tile	1855	5179	1	28	80	source_plane=1
terrain	empty_terrain_no_floor_context	0	empty terrain tile	1855	5180	1	28	80	source_plane=1
terrain	empty_terrain_no_floor_context	0	empty terrain tile	1855	5181	1	28	80	source_plane=1
terrain	empty_terrain_no_floor_context	0	empty terrain tile	1855	5182	1	28	80	source_plane=1
terrain	empty_terrain_no_floor_context	0	empty terrain tile	1855	5183	1	28	80	source_plane=1
terrain	empty_terrain_no_floor_context	0	empty terrain tile	1792	5120	2	28	80	source_plane=2
terrain	empty_terrain_no_floor_context	0	empty terrain tile	1792	5121	2	28	80	source_plane=2
terrain	empty_terrain_no_floor_context	0	empty terrain tile	1792	5122	2	28	80	source_plane=2
terrain	empty_terrain_no_floor_context	0	empty terrain tile	1792	5123	2	28	80	source_plane=2
terrain	empty_terrain_no_floor_context	0	empty terrain tile	1792	5124	2	28	80	source_plane=2
terrain	empty_terrain_no_floor_context	0	empty terrain tile	1792	5125	2	28	80	source_plane=2
terrain	empty_terrain_no_floor_context	0	empty terrain tile	1792	5126	2	28	80	source_plane=2
terrain	empty_terrain_no_floor_context	0	empty terrain tile	1792	5127	2	28	80	source_plane=2
terrain	empty_terrain_no_floor_context	0	empty terrain tile	1792	5128	2	28	80	source_plane=2
terrain	empty_terrain_no_floor_context	0	empty terrain tile	1792	5129	2	28	80	source_plane=2
terrain	empty_terrain_no_floor_context	0	empty terrain tile	1792	5130	2	28	80	source_plane=2
terrain	empty_terrain_no_floor_context	0	empty terrain tile	1792	5131	2	28	80	source_plane=2
terrain	empty_terrain_no_floor_context	0	empty terrain tile	1792	5132	2	28	80	source_plane=2
terrain	empty_terrain_no_floor_context	0	empty terrain tile	1792	5133	2	28	80	source_plane=2
terrain	empty_terrain_no_floor_context	0	empty terrain tile	1792	5134	2	28	80	source_plane=2
terrain	empty_terrain_no_floor_context	0	empty terrain tile	1792	5135	2	28	80	source_plane=2
terrain	empty_terrain_no_floor_context	0	empty terrain tile	1792	5136	2	28	80	source_plane=2
terrain	empty_terrain_no_floor_context	0	empty terrain tile	1792	5137	2	28	80	source_plane=2
terrain	empty_terrain_no_floor_context	0	empty terrain tile	1792	5138	2	28	80	source_plane=2
terrain	empty_terrain_no_floor_context	0	empty terrain tile	1792	5139	2	28	80	source_plane=2
terrain	empty_terrain_no_floor_context	0	empty terrain tile	1792	5140	2	28	80	source_plane=2
terrain	empty_terrain_no_floor_context	0	empty terrain tile	1792	5141	2	28	80	source_plane=2
terrain	empty_terrain_no_floor_context	0	empty terrain tile	1792	5142	2	28	80	source_plane=2
terrain	empty_terrain_no_floor_context	0	empty terrain tile	1792	5143	2	28	80	source_plane=2
terrain	empty_terrain_no_floor_context	0	empty terrain tile	1792	5144	2	28	80	source_plane=2
terrain	empty_terrain_no_floor_context	0	empty terrain tile	1792	5145	2	28	80	source_plane=2
terrain	empty_terrain_no_floor_context	0	empty terrain tile	1792	5146	2	28	80	source_plane=2
terrain	empty_terrain_no_floor_context	0	empty terrain tile	1792	5147	2	28	80	source_plane=2
terrain	empty_terrain_no_floor_context	0	empty terrain tile	1792	5148	2	28	80	source_plane=2
terrain	empty_terrain_no_floor_context	0	empty terrain tile	1792	5149	2	28	80	source_plane=2
terrain	empty_terrain_no_floor_context	0	empty terrain tile	1792	5150	2	28	80	source_plane=2
terrain	empty_terrain_no_floor_context	0	empty terrain tile	1792	5151	2	28	80	source_plane=2
terrain	empty_terrain_no_floor_context	0	empty terrain tile	1792	5152	2	28	80	source_plane=2
terrain	empty_terrain_no_floor_context	0	empty terrain tile	1792	5153	2	28	80	source_plane=2
terrain	empty_terrain_no_floor_context	0	empty terrain tile	1792	5154	2	28	80	source_plane=2
terrain	empty_terrain_no_floor_context	0	empty terrain tile	1792	5155	2	28	80	source_plane=2
terrain	empty_terrain_no_floor_context	0	empty terrain tile	1792	5156	2	28	80	source_plane=2
terrain	empty_terrain_no_floor_context	0	empty terrain tile	1792	5157	2	28	80	source_plane=2
terrain	empty_terrain_no_floor_context	0	empty terrain tile	1792	5158	2	28	80	source_plane=2
terrain	empty_terrain_no_floor_context	0	empty terrain tile	1792	5159	2	28	80	source_plane=2
terrain	empty_terrain_no_floor_context	0	empty terrain tile	1792	5160	2	28	80	source_plane=2
terrain	empty_terrain_no_floor_context	0	empty terrain tile	1792	5161	2	28	80	source_plane=2
terrain	empty_terrain_no_floor_context	0	empty terrain tile	1792	5162	2	28	80	source_plane=2
terrain	empty_terrain_no_floor_context	0	empty terrain tile	1792	5163	2	28	80	source_plane=2
terrain	empty_terrain_no_floor_context	0	empty terrain tile	1792	5164	2	28	80	source_plane=2
terrain	empty_terrain_no_floor_context	0	empty terrain tile	1792	5165	2	28	80	source_plane=2
terrain	empty_terrain_no_floor_context	0	empty terrain tile	1792	5166	2	28	80	source_plane=2
terrain	empty_terrain_no_floor_context	0	empty terrain tile	1792	5167	2	28	80	source_plane=2
terrain	empty_terrain_no_floor_context	0	empty terrain tile	1792	5168	2	28	80	source_plane=2
terrain	empty_terrain_no_floor_context	0	empty terrain tile	1792	5169	2	28	80	source_plane=2
terrain	empty_terrain_no_floor_context	0	empty terrain tile	1792	5170	2	28	80	source_plane=2
terrain	empty_terrain_no_floor_context	0	empty terrain tile	1792	5171	2	28	80	source_plane=2
terrain	empty_terrain_no_floor_context	0	empty terrain tile	1792	5172	2	28	80	source_plane=2
terrain	empty_terrain_no_floor_context	0	empty terrain tile	1792	5173	2	28	80	source_plane=2
terrain	empty_terrain_no_floor_context	0	empty terrain tile	1792	5174	2	28	80	source_plane=2
terrain	empty_terrain_no_floor_context	0	empty terrain tile	1792	5175	2	28	80	source_plane=2
terrain	empty_terrain_no_floor_context	0	empty terrain tile	1792	5176	2	28	80	source_plane=2
terrain	empty_terrain_no_floor_context	0	empty terrain tile	1792	5177	2	28	80	source_plane=2
terrain	empty_terrain_no_floor_context	0	empty terrain tile	1792	5178	2	28	80	source_plane=2
terrain	empty_terrain_no_floor_context	0	empty terrain tile	1792	5179	2	28	80	source_plane=2
terrain	empty_terrain_no_floor_context	0	empty terrain tile	1792	5180	2	28	80	source_plane=2
terrain	empty_terrain_no_floor_context	0	empty terrain tile	1792	5181	2	28	80	source_plane=2
terrain	empty_terrain_no_floor_context	0	empty terrain tile	1792	5182	2	28	80	source_plane=2
terrain	empty_terrain_no_floor_context	0	empty terrain tile	1792	5183	2	28	80	source_plane=2
terrain	empty_terrain_no_floor_context	0	empty terrain tile	1793	5120	2	28	80	source_plane=2
terrain	empty_terrain_no_floor_context	0	empty terrain tile	1793	5121	2	28	80	source_plane=2
terrain	empty_terrain_no_floor_context	0	empty terrain tile	1793	5122	2	28	80	source_plane=2
terrain	empty_terrain_no_floor_context	0	empty terrain tile	1793	5123	2	28	80	source_plane=2
terrain	empty_terrain_no_floor_context	0	empty terrain tile	1793	5124	2	28	80	source_plane=2
terrain	empty_terrain_no_floor_context	0	empty terrain tile	1793	5125	2	28	80	source_plane=2
terrain	empty_terrain_no_floor_context	0	empty terrain tile	1793	5126	2	28	80	source_plane=2
terrain	empty_terrain_no_floor_context	0	empty terrain tile	1793	5127	2	28	80	source_plane=2
terrain	empty_terrain_no_floor_context	0	empty terrain tile	1793	5128	2	28	80	source_plane=2
terrain	empty_terrain_no_floor_context	0	empty terrain tile	1793	5129	2	28	80	source_plane=2
terrain	empty_terrain_no_floor_context	0	empty terrain tile	1793	5130	2	28	80	source_plane=2
terrain	empty_terrain_no_floor_context	0	empty terrain tile	1793	5131	2	28	80	source_plane=2
terrain	empty_terrain_no_floor_context	0	empty terrain tile	1793	5132	2	28	80	source_plane=2
terrain	empty_terrain_no_floor_context	0	empty terrain tile	1793	5133	2	28	80	source_plane=2
terrain	empty_terrain_no_floor_context	0	empty terrain tile	1793	5134	2	28	80	source_plane=2
terrain	empty_terrain_no_floor_context	0	empty terrain tile	1793	5135	2	28	80	source_plane=2
terrain	empty_terrain_no_floor_context	0	empty terrain tile	1793	5136	2	28	80	source_plane=2
terrain	empty_terrain_no_floor_context	0	empty terrain tile	1793	5137	2	28	80	source_plane=2
terrain	empty_terrain_no_floor_context	0	empty terrain tile	1793	5138	2	28	80	source_plane=2
terrain	empty_terrain_no_floor_context	0	empty terrain tile	1793	5139	2	28	80	source_plane=2
terrain	empty_terrain_no_floor_context	0	empty terrain tile	1793	5140	2	28	80	source_plane=2
terrain	empty_terrain_no_floor_context	0	empty terrain tile	1793	5141	2	28	80	source_plane=2
terrain	empty_terrain_no_floor_context	0	empty terrain tile	1793	5142	2	28	80	source_plane=2
terrain	empty_terrain_no_floor_context	0	empty terrain tile	1793	5143	2	28	80	source_plane=2
terrain	empty_terrain_no_floor_context	0	empty terrain tile	1793	5144	2	28	80	source_plane=2
terrain	empty_terrain_no_floor_context	0	empty terrain tile	1793	5145	2	28	80	source_plane=2
terrain	empty_terrain_no_floor_context	0	empty terrain tile	1793	5146	2	28	80	source_plane=2
terrain	empty_terrain_no_floor_context	0	empty terrain tile	1793	5147	2	28	80	source_plane=2
terrain	empty_terrain_no_floor_context	0	empty terrain tile	1793	5148	2	28	80	source_plane=2
terrain	empty_terrain_no_floor_context	0	empty terrain tile	1793	5149	2	28	80	source_plane=2
terrain	empty_terrain_no_floor_context	0	empty terrain tile	1793	5150	2	28	80	source_plane=2
terrain	empty_terrain_no_floor_context	0	empty terrain tile	1793	5151	2	28	80	source_plane=2
terrain	empty_terrain_no_floor_context	0	empty terrain tile	1793	5152	2	28	80	source_plane=2
terrain	empty_terrain_no_floor_context	0	empty terrain tile	1793	5153	2	28	80	source_plane=2
terrain	empty_terrain_no_floor_context	0	empty terrain tile	1793	5154	2	28	80	source_plane=2
terrain	empty_terrain_no_floor_context	0	empty terrain tile	1793	5155	2	28	80	source_plane=2
terrain	empty_terrain_no_floor_context	0	empty terrain tile	1793	5156	2	28	80	source_plane=2
terrain	empty_terrain_no_floor_context	0	empty terrain tile	1793	5157	2	28	80	source_plane=2
terrain	empty_terrain_no_floor_context	0	empty terrain tile	1793	5158	2	28	80	source_plane=2
terrain	empty_terrain_no_floor_context	0	empty terrain tile	1793	5159	2	28	80	source_plane=2
terrain	empty_terrain_no_floor_context	0	empty terrain tile	1793	5160	2	28	80	source_plane=2
terrain	empty_terrain_no_floor_context	0	empty terrain tile	1793	5161	2	28	80	source_plane=2
terrain	empty_terrain_no_floor_context	0	empty terrain tile	1793	5162	2	28	80	source_plane=2
terrain	empty_terrain_no_floor_context	0	empty terrain tile	1793	5163	2	28	80	source_plane=2
terrain	empty_terrain_no_floor_context	0	empty terrain tile	1793	5164	2	28	80	source_plane=2
terrain	empty_terrain_no_floor_context	0	empty terrain tile	1793	5165	2	28	80	source_plane=2
terrain	empty_terrain_no_floor_context	0	empty terrain tile	1793	5166	2	28	80	source_plane=2
terrain	empty_terrain_no_floor_context	0	empty terrain tile	1793	5167	2	28	80	source_plane=2
terrain	empty_terrain_no_floor_context	0	empty terrain tile	1793	5168	2	28	80	source_plane=2
terrain	empty_terrain_no_floor_context	0	empty terrain tile	1793	5169	2	28	80	source_plane=2
terrain	empty_terrain_no_floor_context	0	empty terrain tile	1793	5170	2	28	80	source_plane=2
terrain	empty_terrain_no_floor_context	0	empty terrain tile	1793	5171	2	28	80	source_plane=2
terrain	empty_terrain_no_floor_context	0	empty terrain tile	1793	5172	2	28	80	source_plane=2
terrain	empty_terrain_no_floor_context	0	empty terrain tile	1793	5173	2	28	80	source_plane=2
terrain	empty_terrain_no_floor_context	0	empty terrain tile	1793	5174	2	28	80	source_plane=2
terrain	empty_terrain_no_floor_context	0	empty terrain tile	1793	5175	2	28	80	source_plane=2
terrain	empty_terrain_no_floor_context	0	empty terrain tile	1793	5176	2	28	80	source_plane=2
terrain	empty_terrain_no_floor_context	0	empty terrain tile	1793	5177	2	28	80	source_plane=2
terrain	empty_terrain_no_floor_context	0	empty terrain tile	1793	5178	2	28	80	source_plane=2
terrain	empty_terrain_no_floor_context	0	empty terrain tile	1793	5179	2	28	80	source_plane=2
terrain	empty_terrain_no_floor_context	0	empty terrain tile	1793	5180	2	28	80	source_plane=2
terrain	empty_terrain_no_floor_context	0	empty terrain tile	1793	5181	2	28	80	source_plane=2
terrain	empty_terrain_no_floor_context	0	empty terrain tile	1793	5182	2	28	80	source_plane=2
terrain	empty_terrain_no_floor_context	0	empty terrain tile	1793	5183	2	28	80	source_plane=2
terrain	empty_terrain_no_floor_context	0	empty terrain tile	1794	5120	2	28	80	source_plane=2
terrain	empty_terrain_no_floor_context	0	empty terrain tile	1794	5121	2	28	80	source_plane=2
terrain	empty_terrain_no_floor_context	0	empty terrain tile	1794	5122	2	28	80	source_plane=2
terrain	empty_terrain_no_floor_context	0	empty terrain tile	1794	5123	2	28	80	source_plane=2
terrain	empty_terrain_no_floor_context	0	empty terrain tile	1794	5124	2	28	80	source_plane=2
terrain	empty_terrain_no_floor_context	0	empty terrain tile	1794	5125	2	28	80	source_plane=2
terrain	empty_terrain_no_floor_context	0	empty terrain tile	1794	5126	2	28	80	source_plane=2
terrain	empty_terrain_no_floor_context	0	empty terrain tile	1794	5127	2	28	80	source_plane=2
terrain	empty_terrain_no_floor_context	0	empty terrain tile	1794	5128	2	28	80	source_plane=2
terrain	empty_terrain_no_floor_context	0	empty terrain tile	1794	5129	2	28	80	source_plane=2
terrain	empty_terrain_no_floor_context	0	empty terrain tile	1794	5130	2	28	80	source_plane=2
terrain	empty_terrain_no_floor_context	0	empty terrain tile	1794	5131	2	28	80	source_plane=2
terrain	empty_terrain_no_floor_context	0	empty terrain tile	1794	5132	2	28	80	source_plane=2
terrain	empty_terrain_no_floor_context	0	empty terrain tile	1794	5133	2	28	80	source_plane=2
terrain	empty_terrain_no_floor_context	0	empty terrain tile	1794	5134	2	28	80	source_plane=2
terrain	empty_terrain_no_floor_context	0	empty terrain tile	1794	5135	2	28	80	source_plane=2
terrain	empty_terrain_no_floor_context	0	empty terrain tile	1794	5136	2	28	80	source_plane=2
terrain	empty_terrain_no_floor_context	0	empty terrain tile	1794	5137	2	28	80	source_plane=2
terrain	empty_terrain_no_floor_context	0	empty terrain tile	1794	5138	2	28	80	source_plane=2
terrain	empty_terrain_no_floor_context	0	empty terrain tile	1794	5139	2	28	80	source_plane=2
terrain	empty_terrain_no_floor_context	0	empty terrain tile	1794	5140	2	28	80	source_plane=2
terrain	empty_terrain_no_floor_context	0	empty terrain tile	1794	5141	2	28	80	source_plane=2
terrain	empty_terrain_no_floor_context	0	empty terrain tile	1794	5142	2	28	80	source_plane=2
terrain	empty_terrain_no_floor_context	0	empty terrain tile	1794	5143	2	28	80	source_plane=2
terrain	empty_terrain_no_floor_context	0	empty terrain tile	1794	5144	2	28	80	source_plane=2
terrain	empty_terrain_no_floor_context	0	empty terrain tile	1794	5145	2	28	80	source_plane=2
terrain	empty_terrain_no_floor_context	0	empty terrain tile	1794	5146	2	28	80	source_plane=2
terrain	empty_terrain_no_floor_context	0	empty terrain tile	1794	5147	2	28	80	source_plane=2
terrain	empty_terrain_no_floor_context	0	empty terrain tile	1794	5148	2	28	80	source_plane=2
terrain	empty_terrain_no_floor_context	0	empty terrain tile	1794	5149	2	28	80	source_plane=2
terrain	empty_terrain_no_floor_context	0	empty terrain tile	1794	5150	2	28	80	source_plane=2
terrain	empty_terrain_no_floor_context	0	empty terrain tile	1794	5151	2	28	80	source_plane=2
terrain	empty_terrain_no_floor_context	0	empty terrain tile	1794	5152	2	28	80	source_plane=2
terrain	empty_terrain_no_floor_context	0	empty terrain tile	1794	5153	2	28	80	source_plane=2
terrain	empty_terrain_no_floor_context	0	empty terrain tile	1794	5154	2	28	80	source_plane=2
terrain	empty_terrain_no_floor_context	0	empty terrain tile	1794	5155	2	28	80	source_plane=2
terrain	empty_terrain_no_floor_context	0	empty terrain tile	1794	5156	2	28	80	source_plane=2
terrain	empty_terrain_no_floor_context	0	empty terrain tile	1794	5157	2	28	80	source_plane=2
terrain	empty_terrain_no_floor_context	0	empty terrain tile	1794	5158	2	28	80	source_plane=2
terrain	empty_terrain_no_floor_context	0	empty terrain tile	1794	5159	2	28	80	source_plane=2
terrain	empty_terrain_no_floor_context	0	empty terrain tile	1794	5160	2	28	80	source_plane=2
terrain	empty_terrain_no_floor_context	0	empty terrain tile	1794	5161	2	28	80	source_plane=2
terrain	empty_terrain_no_floor_context	0	empty terrain tile	1794	5162	2	28	80	source_plane=2
terrain	empty_terrain_no_floor_context	0	empty terrain tile	1794	5163	2	28	80	source_plane=2
terrain	empty_terrain_no_floor_context	0	empty terrain tile	1794	5164	2	28	80	source_plane=2
terrain	empty_terrain_no_floor_context	0	empty terrain tile	1794	5165	2	28	80	source_plane=2
terrain	empty_terrain_no_floor_context	0	empty terrain tile	1794	5166	2	28	80	source_plane=2
terrain	empty_terrain_no_floor_context	0	empty terrain tile	1794	5167	2	28	80	source_plane=2
terrain	empty_terrain_no_floor_context	0	empty terrain tile	1794	5168	2	28	80	source_plane=2
terrain	empty_terrain_no_floor_context	0	empty terrain tile	1794	5169	2	28	80	source_plane=2
terrain	empty_terrain_no_floor_context	0	empty terrain tile	1794	5170	2	28	80	source_plane=2
terrain	empty_terrain_no_floor_context	0	empty terrain tile	1794	5171	2	28	80	source_plane=2
terrain	empty_terrain_no_floor_context	0	empty terrain tile	1794	5172	2	28	80	source_plane=2
terrain	empty_terrain_no_floor_context	0	empty terrain tile	1794	5173	2	28	80	source_plane=2
terrain	empty_terrain_no_floor_context	0	empty terrain tile	1794	5174	2	28	80	source_plane=2
terrain	empty_terrain_no_floor_context	0	empty terrain tile	1794	5175	2	28	80	source_plane=2
terrain	empty_terrain_no_floor_context	0	empty terrain tile	1794	5176	2	28	80	source_plane=2
terrain	empty_terrain_no_floor_context	0	empty terrain tile	1794	5177	2	28	80	source_plane=2
terrain	empty_terrain_no_floor_context	0	empty terrain tile	1794	5178	2	28	80	source_plane=2
terrain	empty_terrain_no_floor_context	0	empty terrain tile	1794	5179	2	28	80	source_plane=2
terrain	empty_terrain_no_floor_context	0	empty terrain tile	1794	5180	2	28	80	source_plane=2
terrain	empty_terrain_no_floor_context	0	empty terrain tile	1794	5181	2	28	80	source_plane=2
terrain	empty_terrain_no_floor_context	0	empty terrain tile	1794	5182	2	28	80	source_plane=2
terrain	empty_terrain_no_floor_context	0	empty terrain tile	1794	5183	2	28	80	source_plane=2
terrain	empty_terrain_no_floor_context	0	empty terrain tile	1795	5120	2	28	80	source_plane=2
terrain	empty_terrain_no_floor_context	0	empty terrain tile	1795	5121	2	28	80	source_plane=2
terrain	empty_terrain_no_floor_context	0	empty terrain tile	1795	5122	2	28	80	source_plane=2
terrain	empty_terrain_no_floor_context	0	empty terrain tile	1795	5123	2	28	80	source_plane=2
terrain	empty_terrain_no_floor_context	0	empty terrain tile	1795	5124	2	28	80	source_plane=2
terrain	empty_terrain_no_floor_context	0	empty terrain tile	1795	5125	2	28	80	source_plane=2
terrain	empty_terrain_no_floor_context	0	empty terrain tile	1795	5126	2	28	80	source_plane=2
terrain	empty_terrain_no_floor_context	0	empty terrain tile	1795	5127	2	28	80	source_plane=2
terrain	empty_terrain_no_floor_context	0	empty terrain tile	1795	5128	2	28	80	source_plane=2
terrain	empty_terrain_no_floor_context	0	empty terrain tile	1795	5129	2	28	80	source_plane=2
terrain	empty_terrain_no_floor_context	0	empty terrain tile	1795	5130	2	28	80	source_plane=2
terrain	empty_terrain_no_floor_context	0	empty terrain tile	1795	5131	2	28	80	source_plane=2
terrain	empty_terrain_no_floor_context	0	empty terrain tile	1795	5132	2	28	80	source_plane=2
terrain	empty_terrain_no_floor_context	0	empty terrain tile	1795	5133	2	28	80	source_plane=2
terrain	empty_terrain_no_floor_context	0	empty terrain tile	1795	5134	2	28	80	source_plane=2
terrain	empty_terrain_no_floor_context	0	empty terrain tile	1795	5135	2	28	80	source_plane=2
terrain	empty_terrain_no_floor_context	0	empty terrain tile	1795	5136	2	28	80	source_plane=2
terrain	empty_terrain_no_floor_context	0	empty terrain tile	1795	5137	2	28	80	source_plane=2
terrain	empty_terrain_no_floor_context	0	empty terrain tile	1795	5138	2	28	80	source_plane=2
terrain	empty_terrain_no_floor_context	0	empty terrain tile	1795	5139	2	28	80	source_plane=2
terrain	empty_terrain_no_floor_context	0	empty terrain tile	1795	5140	2	28	80	source_plane=2
terrain	empty_terrain_no_floor_context	0	empty terrain tile	1795	5141	2	28	80	source_plane=2
terrain	empty_terrain_no_floor_context	0	empty terrain tile	1795	5142	2	28	80	source_plane=2
terrain	empty_terrain_no_floor_context	0	empty terrain tile	1795	5143	2	28	80	source_plane=2
terrain	empty_terrain_no_floor_context	0	empty terrain tile	1795	5144	2	28	80	source_plane=2
terrain	empty_terrain_no_floor_context	0	empty terrain tile	1795	5145	2	28	80	source_plane=2
terrain	empty_terrain_no_floor_context	0	empty terrain tile	1795	5146	2	28	80	source_plane=2
terrain	empty_terrain_no_floor_context	0	empty terrain tile	1795	5147	2	28	80	source_plane=2
terrain	empty_terrain_no_floor_context	0	empty terrain tile	1795	5148	2	28	80	source_plane=2
terrain	empty_terrain_no_floor_context	0	empty terrain tile	1795	5149	2	28	80	source_plane=2
terrain	empty_terrain_no_floor_context	0	empty terrain tile	1795	5150	2	28	80	source_plane=2
terrain	empty_terrain_no_floor_context	0	empty terrain tile	1795	5151	2	28	80	source_plane=2
terrain	empty_terrain_no_floor_context	0	empty terrain tile	1795	5152	2	28	80	source_plane=2
terrain	empty_terrain_no_floor_context	0	empty terrain tile	1795	5153	2	28	80	source_plane=2
terrain	empty_terrain_no_floor_context	0	empty terrain tile	1795	5154	2	28	80	source_plane=2
terrain	empty_terrain_no_floor_context	0	empty terrain tile	1795	5155	2	28	80	source_plane=2
terrain	empty_terrain_no_floor_context	0	empty terrain tile	1795	5156	2	28	80	source_plane=2
terrain	empty_terrain_no_floor_context	0	empty terrain tile	1795	5157	2	28	80	source_plane=2
terrain	empty_terrain_no_floor_context	0	empty terrain tile	1795	5158	2	28	80	source_plane=2
terrain	empty_terrain_no_floor_context	0	empty terrain tile	1795	5159	2	28	80	source_plane=2
terrain	empty_terrain_no_floor_context	0	empty terrain tile	1795	5160	2	28	80	source_plane=2
terrain	empty_terrain_no_floor_context	0	empty terrain tile	1795	5161	2	28	80	source_plane=2
terrain	empty_terrain_no_floor_context	0	empty terrain tile	1795	5162	2	28	80	source_plane=2
terrain	empty_terrain_no_floor_context	0	empty terrain tile	1795	5163	2	28	80	source_plane=2
terrain	empty_terrain_no_floor_context	0	empty terrain tile	1795	5164	2	28	80	source_plane=2
terrain	empty_terrain_no_floor_context	0	empty terrain tile	1795	5165	2	28	80	source_plane=2
terrain	empty_terrain_no_floor_context	0	empty terrain tile	1795	5166	2	28	80	source_plane=2
terrain	empty_terrain_no_floor_context	0	empty terrain tile	1795	5167	2	28	80	source_plane=2
terrain	empty_terrain_no_floor_context	0	empty terrain tile	1795	5168	2	28	80	source_plane=2
terrain	empty_terrain_no_floor_context	0	empty terrain tile	1795	5169	2	28	80	source_plane=2
terrain	empty_terrain_no_floor_context	0	empty terrain tile	1795	5170	2	28	80	source_plane=2
terrain	empty_terrain_no_floor_context	0	empty terrain tile	1795	5171	2	28	80	source_plane=2
terrain	empty_terrain_no_floor_context	0	empty terrain tile	1795	5172	2	28	80	source_plane=2
terrain	empty_terrain_no_floor_context	0	empty terrain tile	1795	5173	2	28	80	source_plane=2
terrain	empty_terrain_no_floor_context	0	empty terrain tile	1795	5174	2	28	80	source_plane=2
terrain	empty_terrain_no_floor_context	0	empty terrain tile	1795	5175	2	28	80	source_plane=2
terrain	empty_terrain_no_floor_context	0	empty terrain tile	1795	5176	2	28	80	source_plane=2
terrain	empty_terrain_no_floor_context	0	empty terrain tile	1795	5177	2	28	80	source_plane=2
terrain	empty_terrain_no_floor_context	0	empty terrain tile	1795	5178	2	28	80	source_plane=2
terrain	empty_terrain_no_floor_context	0	empty terrain tile	1795	5179	2	28	80	source_plane=2
terrain	empty_terrain_no_floor_context	0	empty terrain tile	1795	5180	2	28	80	source_plane=2
terrain	empty_terrain_no_floor_context	0	empty terrain tile	1795	5181	2	28	80	source_plane=2
terrain	empty_terrain_no_floor_context	0	empty terrain tile	1795	5182	2	28	80	source_plane=2
terrain	empty_terrain_no_floor_context	0	empty terrain tile	1795	5183	2	28	80	source_plane=2
terrain	empty_terrain_no_floor_context	0	empty terrain tile	1796	5120	2	28	80	source_plane=2
terrain	empty_terrain_no_floor_context	0	empty terrain tile	1796	5121	2	28	80	source_plane=2
terrain	empty_terrain_no_floor_context	0	empty terrain tile	1796	5122	2	28	80	source_plane=2
terrain	empty_terrain_no_floor_context	0	empty terrain tile	1796	5123	2	28	80	source_plane=2
terrain	empty_terrain_no_floor_context	0	empty terrain tile	1796	5124	2	28	80	source_plane=2
terrain	empty_terrain_no_floor_context	0	empty terrain tile	1796	5125	2	28	80	source_plane=2
terrain	empty_terrain_no_floor_context	0	empty terrain tile	1796	5126	2	28	80	source_plane=2
terrain	empty_terrain_no_floor_context	0	empty terrain tile	1796	5127	2	28	80	source_plane=2
terrain	empty_terrain_no_floor_context	0	empty terrain tile	1796	5128	2	28	80	source_plane=2
terrain	empty_terrain_no_floor_context	0	empty terrain tile	1796	5129	2	28	80	source_plane=2
terrain	empty_terrain_no_floor_context	0	empty terrain tile	1796	5130	2	28	80	source_plane=2
terrain	empty_terrain_no_floor_context	0	empty terrain tile	1796	5131	2	28	80	source_plane=2
terrain	empty_terrain_no_floor_context	0	empty terrain tile	1796	5132	2	28	80	source_plane=2
terrain	empty_terrain_no_floor_context	0	empty terrain tile	1796	5133	2	28	80	source_plane=2
terrain	empty_terrain_no_floor_context	0	empty terrain tile	1796	5134	2	28	80	source_plane=2
terrain	empty_terrain_no_floor_context	0	empty terrain tile	1796	5135	2	28	80	source_plane=2
terrain	empty_terrain_no_floor_context	0	empty terrain tile	1796	5136	2	28	80	source_plane=2
terrain	empty_terrain_no_floor_context	0	empty terrain tile	1796	5137	2	28	80	source_plane=2
terrain	empty_terrain_no_floor_context	0	empty terrain tile	1796	5138	2	28	80	source_plane=2
terrain	empty_terrain_no_floor_context	0	empty terrain tile	1796	5139	2	28	80	source_plane=2
terrain	empty_terrain_no_floor_context	0	empty terrain tile	1796	5140	2	28	80	source_plane=2
terrain	empty_terrain_no_floor_context	0	empty terrain tile	1796	5141	2	28	80	source_plane=2
terrain	empty_terrain_no_floor_context	0	empty terrain tile	1796	5142	2	28	80	source_plane=2
terrain	empty_terrain_no_floor_context	0	empty terrain tile	1796	5143	2	28	80	source_plane=2
terrain	empty_terrain_no_floor_context	0	empty terrain tile	1796	5144	2	28	80	source_plane=2
terrain	empty_terrain_no_floor_context	0	empty terrain tile	1796	5145	2	28	80	source_plane=2
terrain	empty_terrain_no_floor_context	0	empty terrain tile	1796	5146	2	28	80	source_plane=2
terrain	empty_terrain_no_floor_context	0	empty terrain tile	1796	5147	2	28	80	source_plane=2
terrain	empty_terrain_no_floor_context	0	empty terrain tile	1796	5148	2	28	80	source_plane=2
terrain	empty_terrain_no_floor_context	0	empty terrain tile	1796	5149	2	28	80	source_plane=2
terrain	empty_terrain_no_floor_context	0	empty terrain tile	1796	5150	2	28	80	source_plane=2
terrain	empty_terrain_no_floor_context	0	empty terrain tile	1796	5151	2	28	80	source_plane=2
terrain	empty_terrain_no_floor_context	0	empty terrain tile	1796	5152	2	28	80	source_plane=2
terrain	empty_terrain_no_floor_context	0	empty terrain tile	1796	5153	2	28	80	source_plane=2
terrain	empty_terrain_no_floor_context	0	empty terrain tile	1796	5154	2	28	80	source_plane=2
terrain	empty_terrain_no_floor_context	0	empty terrain tile	1796	5155	2	28	80	source_plane=2
terrain	empty_terrain_no_floor_context	0	empty terrain tile	1796	5156	2	28	80	source_plane=2
terrain	empty_terrain_no_floor_context	0	empty terrain tile	1796	5157	2	28	80	source_plane=2
terrain	empty_terrain_no_floor_context	0	empty terrain tile	1796	5158	2	28	80	source_plane=2
terrain	empty_terrain_no_floor_context	0	empty terrain tile	1796	5159	2	28	80	source_plane=2
terrain	empty_terrain_no_floor_context	0	empty terrain tile	1796	5160	2	28	80	source_plane=2
terrain	empty_terrain_no_floor_context	0	empty terrain tile	1796	5161	2	28	80	source_plane=2
terrain	empty_terrain_no_floor_context	0	empty terrain tile	1796	5162	2	28	80	source_plane=2
terrain	empty_terrain_no_floor_context	0	empty terrain tile	1796	5163	2	28	80	source_plane=2
terrain	empty_terrain_no_floor_context	0	empty terrain tile	1796	5164	2	28	80	source_plane=2
terrain	empty_terrain_no_floor_context	0	empty terrain tile	1796	5165	2	28	80	source_plane=2
terrain	empty_terrain_no_floor_context	0	empty terrain tile	1796	5166	2	28	80	source_plane=2
terrain	empty_terrain_no_floor_context	0	empty terrain tile	1796	5167	2	28	80	source_plane=2
terrain	empty_terrain_no_floor_context	0	empty terrain tile	1796	5168	2	28	80	source_plane=2
terrain	empty_terrain_no_floor_context	0	empty terrain tile	1796	5169	2	28	80	source_plane=2
terrain	empty_terrain_no_floor_context	0	empty terrain tile	1796	5170	2	28	80	source_plane=2
terrain	empty_terrain_no_floor_context	0	empty terrain tile	1796	5171	2	28	80	source_plane=2
terrain	empty_terrain_no_floor_context	0	empty terrain tile	1796	5172	2	28	80	source_plane=2
terrain	empty_terrain_no_floor_context	0	empty terrain tile	1796	5173	2	28	80	source_plane=2
terrain	empty_terrain_no_floor_context	0	empty terrain tile	1796	5174	2	28	80	source_plane=2
terrain	empty_terrain_no_floor_context	0	empty terrain tile	1796	5175	2	28	80	source_plane=2
terrain	empty_terrain_no_floor_context	0	empty terrain tile	1796	5176	2	28	80	source_plane=2
terrain	empty_terrain_no_floor_context	0	empty terrain tile	1796	5177	2	28	80	source_plane=2
terrain	empty_terrain_no_floor_context	0	empty terrain tile	1796	5178	2	28	80	source_plane=2
terrain	empty_terrain_no_floor_context	0	empty terrain tile	1796	5179	2	28	80	source_plane=2
terrain	empty_terrain_no_floor_context	0	empty terrain tile	1796	5180	2	28	80	source_plane=2
terrain	empty_terrain_no_floor_context	0	empty terrain tile	1796	5181	2	28	80	source_plane=2
terrain	empty_terrain_no_floor_context	0	empty terrain tile	1796	5182	2	28	80	source_plane=2
terrain	empty_terrain_no_floor_context	0	empty terrain tile	1796	5183	2	28	80	source_plane=2
terrain	empty_terrain_no_floor_context	0	empty terrain tile	1797	5120	2	28	80	source_plane=2
terrain	empty_terrain_no_floor_context	0	empty terrain tile	1797	5121	2	28	80	source_plane=2
terrain	empty_terrain_no_floor_context	0	empty terrain tile	1797	5122	2	28	80	source_plane=2
terrain	empty_terrain_no_floor_context	0	empty terrain tile	1797	5123	2	28	80	source_plane=2
terrain	empty_terrain_no_floor_context	0	empty terrain tile	1797	5124	2	28	80	source_plane=2
terrain	empty_terrain_no_floor_context	0	empty terrain tile	1797	5125	2	28	80	source_plane=2
terrain	empty_terrain_no_floor_context	0	empty terrain tile	1797	5126	2	28	80	source_plane=2
terrain	empty_terrain_no_floor_context	0	empty terrain tile	1797	5127	2	28	80	source_plane=2
terrain	empty_terrain_no_floor_context	0	empty terrain tile	1797	5128	2	28	80	source_plane=2
terrain	empty_terrain_no_floor_context	0	empty terrain tile	1797	5129	2	28	80	source_plane=2
terrain	empty_terrain_no_floor_context	0	empty terrain tile	1797	5130	2	28	80	source_plane=2
terrain	empty_terrain_no_floor_context	0	empty terrain tile	1797	5131	2	28	80	source_plane=2
terrain	empty_terrain_no_floor_context	0	empty terrain tile	1797	5132	2	28	80	source_plane=2
terrain	empty_terrain_no_floor_context	0	empty terrain tile	1797	5133	2	28	80	source_plane=2
terrain	empty_terrain_no_floor_context	0	empty terrain tile	1797	5134	2	28	80	source_plane=2
terrain	empty_terrain_no_floor_context	0	empty terrain tile	1797	5135	2	28	80	source_plane=2
terrain	empty_terrain_no_floor_context	0	empty terrain tile	1797	5136	2	28	80	source_plane=2
terrain	empty_terrain_no_floor_context	0	empty terrain tile	1797	5137	2	28	80	source_plane=2
terrain	empty_terrain_no_floor_context	0	empty terrain tile	1797	5138	2	28	80	source_plane=2
terrain	empty_terrain_no_floor_context	0	empty terrain tile	1797	5139	2	28	80	source_plane=2
terrain	empty_terrain_no_floor_context	0	empty terrain tile	1797	5140	2	28	80	source_plane=2
terrain	empty_terrain_no_floor_context	0	empty terrain tile	1797	5141	2	28	80	source_plane=2
terrain	empty_terrain_no_floor_context	0	empty terrain tile	1797	5142	2	28	80	source_plane=2
terrain	empty_terrain_no_floor_context	0	empty terrain tile	1797	5143	2	28	80	source_plane=2
terrain	empty_terrain_no_floor_context	0	empty terrain tile	1797	5144	2	28	80	source_plane=2
terrain	empty_terrain_no_floor_context	0	empty terrain tile	1797	5145	2	28	80	source_plane=2
terrain	empty_terrain_no_floor_context	0	empty terrain tile	1797	5146	2	28	80	source_plane=2
terrain	empty_terrain_no_floor_context	0	empty terrain tile	1797	5147	2	28	80	source_plane=2
terrain	empty_terrain_no_floor_context	0	empty terrain tile	1797	5148	2	28	80	source_plane=2
terrain	empty_terrain_no_floor_context	0	empty terrain tile	1797	5149	2	28	80	source_plane=2
terrain	empty_terrain_no_floor_context	0	empty terrain tile	1797	5150	2	28	80	source_plane=2
terrain	empty_terrain_no_floor_context	0	empty terrain tile	1797	5151	2	28	80	source_plane=2
terrain	empty_terrain_no_floor_context	0	empty terrain tile	1797	5152	2	28	80	source_plane=2
terrain	empty_terrain_no_floor_context	0	empty terrain tile	1797	5153	2	28	80	source_plane=2
terrain	empty_terrain_no_floor_context	0	empty terrain tile	1797	5154	2	28	80	source_plane=2
terrain	empty_terrain_no_floor_context	0	empty terrain tile	1797	5155	2	28	80	source_plane=2
terrain	empty_terrain_no_floor_context	0	empty terrain tile	1797	5156	2	28	80	source_plane=2
terrain	empty_terrain_no_floor_context	0	empty terrain tile	1797	5157	2	28	80	source_plane=2
terrain	empty_terrain_no_floor_context	0	empty terrain tile	1797	5158	2	28	80	source_plane=2
terrain	empty_terrain_no_floor_context	0	empty terrain tile	1797	5159	2	28	80	source_plane=2
terrain	empty_terrain_no_floor_context	0	empty terrain tile	1797	5160	2	28	80	source_plane=2
terrain	empty_terrain_no_floor_context	0	empty terrain tile	1797	5161	2	28	80	source_plane=2
terrain	empty_terrain_no_floor_context	0	empty terrain tile	1797	5162	2	28	80	source_plane=2
terrain	empty_terrain_no_floor_context	0	empty terrain tile	1797	5163	2	28	80	source_plane=2
terrain	empty_terrain_no_floor_context	0	empty terrain tile	1797	5164	2	28	80	source_plane=2
terrain	empty_terrain_no_floor_context	0	empty terrain tile	1797	5165	2	28	80	source_plane=2
terrain	empty_terrain_no_floor_context	0	empty terrain tile	1797	5166	2	28	80	source_plane=2
terrain	empty_terrain_no_floor_context	0	empty terrain tile	1797	5167	2	28	80	source_plane=2
terrain	empty_terrain_no_floor_context	0	empty terrain tile	1797	5168	2	28	80	source_plane=2
terrain	empty_terrain_no_floor_context	0	empty terrain tile	1797	5169	2	28	80	source_plane=2
terrain	empty_terrain_no_floor_context	0	empty terrain tile	1797	5170	2	28	80	source_plane=2
terrain	empty_terrain_no_floor_context	0	empty terrain tile	1797	5171	2	28	80	source_plane=2
terrain	empty_terrain_no_floor_context	0	empty terrain tile	1797	5172	2	28	80	source_plane=2
terrain	empty_terrain_no_floor_context	0	empty terrain tile	1797	5173	2	28	80	source_plane=2
terrain	empty_terrain_no_floor_context	0	empty terrain tile	1797	5174	2	28	80	source_plane=2
terrain	empty_terrain_no_floor_context	0	empty terrain tile	1797	5175	2	28	80	source_plane=2
terrain	empty_terrain_no_floor_context	0	empty terrain tile	1797	5176	2	28	80	source_plane=2
terrain	empty_terrain_no_floor_context	0	empty terrain tile	1797	5177	2	28	80	source_plane=2
terrain	empty_terrain_no_floor_context	0	empty terrain tile	1797	5178	2	28	80	source_plane=2
terrain	empty_terrain_no_floor_context	0	empty terrain tile	1797	5179	2	28	80	source_plane=2
terrain	empty_terrain_no_floor_context	0	empty terrain tile	1797	5180	2	28	80	source_plane=2
terrain	empty_terrain_no_floor_context	0	empty terrain tile	1797	5181	2	28	80	source_plane=2
terrain	empty_terrain_no_floor_context	0	empty terrain tile	1797	5182	2	28	80	source_plane=2
terrain	empty_terrain_no_floor_context	0	empty terrain tile	1797	5183	2	28	80	source_plane=2
terrain	empty_terrain_no_floor_context	0	empty terrain tile	1798	5120	2	28	80	source_plane=2
terrain	empty_terrain_no_floor_context	0	empty terrain tile	1798	5121	2	28	80	source_plane=2
terrain	empty_terrain_no_floor_context	0	empty terrain tile	1798	5122	2	28	80	source_plane=2
terrain	empty_terrain_no_floor_context	0	empty terrain tile	1798	5123	2	28	80	source_plane=2
terrain	empty_terrain_no_floor_context	0	empty terrain tile	1798	5124	2	28	80	source_plane=2
terrain	empty_terrain_no_floor_context	0	empty terrain tile	1798	5125	2	28	80	source_plane=2
terrain	empty_terrain_no_floor_context	0	empty terrain tile	1798	5126	2	28	80	source_plane=2
terrain	empty_terrain_no_floor_context	0	empty terrain tile	1798	5127	2	28	80	source_plane=2
terrain	empty_terrain_no_floor_context	0	empty terrain tile	1798	5128	2	28	80	source_plane=2
terrain	empty_terrain_no_floor_context	0	empty terrain tile	1798	5129	2	28	80	source_plane=2
terrain	empty_terrain_no_floor_context	0	empty terrain tile	1798	5130	2	28	80	source_plane=2
terrain	empty_terrain_no_floor_context	0	empty terrain tile	1798	5131	2	28	80	source_plane=2
terrain	empty_terrain_no_floor_context	0	empty terrain tile	1798	5132	2	28	80	source_plane=2
terrain	empty_terrain_no_floor_context	0	empty terrain tile	1798	5133	2	28	80	source_plane=2
terrain	empty_terrain_no_floor_context	0	empty terrain tile	1798	5134	2	28	80	source_plane=2
terrain	empty_terrain_no_floor_context	0	empty terrain tile	1798	5135	2	28	80	source_plane=2
terrain	empty_terrain_no_floor_context	0	empty terrain tile	1798	5136	2	28	80	source_plane=2
terrain	empty_terrain_no_floor_context	0	empty terrain tile	1798	5137	2	28	80	source_plane=2
terrain	empty_terrain_no_floor_context	0	empty terrain tile	1798	5138	2	28	80	source_plane=2
terrain	empty_terrain_no_floor_context	0	empty terrain tile	1798	5139	2	28	80	source_plane=2
terrain	empty_terrain_no_floor_context	0	empty terrain tile	1798	5140	2	28	80	source_plane=2
terrain	empty_terrain_no_floor_context	0	empty terrain tile	1798	5141	2	28	80	source_plane=2
terrain	empty_terrain_no_floor_context	0	empty terrain tile	1798	5142	2	28	80	source_plane=2
terrain	empty_terrain_no_floor_context	0	empty terrain tile	1798	5143	2	28	80	source_plane=2
terrain	empty_terrain_no_floor_context	0	empty terrain tile	1798	5144	2	28	80	source_plane=2
terrain	empty_terrain_no_floor_context	0	empty terrain tile	1798	5145	2	28	80	source_plane=2
terrain	empty_terrain_no_floor_context	0	empty terrain tile	1798	5146	2	28	80	source_plane=2
terrain	empty_terrain_no_floor_context	0	empty terrain tile	1798	5147	2	28	80	source_plane=2
terrain	empty_terrain_no_floor_context	0	empty terrain tile	1798	5148	2	28	80	source_plane=2
terrain	empty_terrain_no_floor_context	0	empty terrain tile	1798	5149	2	28	80	source_plane=2
terrain	empty_terrain_no_floor_context	0	empty terrain tile	1798	5150	2	28	80	source_plane=2
terrain	empty_terrain_no_floor_context	0	empty terrain tile	1798	5151	2	28	80	source_plane=2
terrain	empty_terrain_no_floor_context	0	empty terrain tile	1798	5152	2	28	80	source_plane=2
terrain	empty_terrain_no_floor_context	0	empty terrain tile	1798	5153	2	28	80	source_plane=2
terrain	empty_terrain_no_floor_context	0	empty terrain tile	1798	5154	2	28	80	source_plane=2
terrain	empty_terrain_no_floor_context	0	empty terrain tile	1798	5155	2	28	80	source_plane=2
terrain	empty_terrain_no_floor_context	0	empty terrain tile	1798	5156	2	28	80	source_plane=2
terrain	empty_terrain_no_floor_context	0	empty terrain tile	1798	5157	2	28	80	source_plane=2
terrain	empty_terrain_no_floor_context	0	empty terrain tile	1798	5158	2	28	80	source_plane=2
terrain	empty_terrain_no_floor_context	0	empty terrain tile	1798	5159	2	28	80	source_plane=2
terrain	empty_terrain_no_floor_context	0	empty terrain tile	1798	5160	2	28	80	source_plane=2
terrain	empty_terrain_no_floor_context	0	empty terrain tile	1798	5161	2	28	80	source_plane=2
terrain	empty_terrain_no_floor_context	0	empty terrain tile	1798	5162	2	28	80	source_plane=2
terrain	empty_terrain_no_floor_context	0	empty terrain tile	1798	5163	2	28	80	source_plane=2
terrain	empty_terrain_no_floor_context	0	empty terrain tile	1798	5164	2	28	80	source_plane=2
terrain	empty_terrain_no_floor_context	0	empty terrain tile	1798	5165	2	28	80	source_plane=2
terrain	empty_terrain_no_floor_context	0	empty terrain tile	1798	5166	2	28	80	source_plane=2
terrain	empty_terrain_no_floor_context	0	empty terrain tile	1798	5167	2	28	80	source_plane=2
terrain	empty_terrain_no_floor_context	0	empty terrain tile	1798	5168	2	28	80	source_plane=2
terrain	empty_terrain_no_floor_context	0	empty terrain tile	1798	5169	2	28	80	source_plane=2
terrain	empty_terrain_no_floor_context	0	empty terrain tile	1798	5170	2	28	80	source_plane=2
terrain	empty_terrain_no_floor_context	0	empty terrain tile	1798	5171	2	28	80	source_plane=2
terrain	empty_terrain_no_floor_context	0	empty terrain tile	1798	5172	2	28	80	source_plane=2
terrain	empty_terrain_no_floor_context	0	empty terrain tile	1798	5173	2	28	80	source_plane=2
terrain	empty_terrain_no_floor_context	0	empty terrain tile	1798	5174	2	28	80	source_plane=2
terrain	empty_terrain_no_floor_context	0	empty terrain tile	1798	5175	2	28	80	source_plane=2
terrain	empty_terrain_no_floor_context	0	empty terrain tile	1798	5176	2	28	80	source_plane=2
terrain	empty_terrain_no_floor_context	0	empty terrain tile	1798	5177	2	28	80	source_plane=2
terrain	empty_terrain_no_floor_context	0	empty terrain tile	1798	5178	2	28	80	source_plane=2
terrain	empty_terrain_no_floor_context	0	empty terrain tile	1798	5179	2	28	80	source_plane=2
terrain	empty_terrain_no_floor_context	0	empty terrain tile	1798	5180	2	28	80	source_plane=2
terrain	empty_terrain_no_floor_context	0	empty terrain tile	1798	5181	2	28	80	source_plane=2
terrain	empty_terrain_no_floor_context	0	empty terrain tile	1798	5182	2	28	80	source_plane=2
terrain	empty_terrain_no_floor_context	0	empty terrain tile	1798	5183	2	28	80	source_plane=2
terrain	empty_terrain_no_floor_context	0	empty terrain tile	1799	5120	2	28	80	source_plane=2
terrain	empty_terrain_no_floor_context	0	empty terrain tile	1799	5121	2	28	80	source_plane=2
terrain	empty_terrain_no_floor_context	0	empty terrain tile	1799	5122	2	28	80	source_plane=2
terrain	empty_terrain_no_floor_context	0	empty terrain tile	1799	5123	2	28	80	source_plane=2
terrain	empty_terrain_no_floor_context	0	empty terrain tile	1799	5124	2	28	80	source_plane=2
terrain	empty_terrain_no_floor_context	0	empty terrain tile	1799	5125	2	28	80	source_plane=2
terrain	empty_terrain_no_floor_context	0	empty terrain tile	1799	5126	2	28	80	source_plane=2
terrain	empty_terrain_no_floor_context	0	empty terrain tile	1799	5127	2	28	80	source_plane=2
terrain	empty_terrain_no_floor_context	0	empty terrain tile	1799	5128	2	28	80	source_plane=2
terrain	empty_terrain_no_floor_context	0	empty terrain tile	1799	5129	2	28	80	source_plane=2
terrain	empty_terrain_no_floor_context	0	empty terrain tile	1799	5130	2	28	80	source_plane=2
terrain	empty_terrain_no_floor_context	0	empty terrain tile	1799	5131	2	28	80	source_plane=2
terrain	empty_terrain_no_floor_context	0	empty terrain tile	1799	5132	2	28	80	source_plane=2
terrain	empty_terrain_no_floor_context	0	empty terrain tile	1799	5133	2	28	80	source_plane=2
terrain	empty_terrain_no_floor_context	0	empty terrain tile	1799	5134	2	28	80	source_plane=2
terrain	empty_terrain_no_floor_context	0	empty terrain tile	1799	5135	2	28	80	source_plane=2
terrain	empty_terrain_no_floor_context	0	empty terrain tile	1799	5136	2	28	80	source_plane=2
terrain	empty_terrain_no_floor_context	0	empty terrain tile	1799	5137	2	28	80	source_plane=2
terrain	empty_terrain_no_floor_context	0	empty terrain tile	1799	5138	2	28	80	source_plane=2
terrain	empty_terrain_no_floor_context	0	empty terrain tile	1799	5139	2	28	80	source_plane=2
terrain	empty_terrain_no_floor_context	0	empty terrain tile	1799	5140	2	28	80	source_plane=2
terrain	empty_terrain_no_floor_context	0	empty terrain tile	1799	5141	2	28	80	source_plane=2
terrain	empty_terrain_no_floor_context	0	empty terrain tile	1799	5142	2	28	80	source_plane=2
terrain	empty_terrain_no_floor_context	0	empty terrain tile	1799	5143	2	28	80	source_plane=2
terrain	empty_terrain_no_floor_context	0	empty terrain tile	1799	5144	2	28	80	source_plane=2
terrain	empty_terrain_no_floor_context	0	empty terrain tile	1799	5145	2	28	80	source_plane=2
terrain	empty_terrain_no_floor_context	0	empty terrain tile	1799	5146	2	28	80	source_plane=2
terrain	empty_terrain_no_floor_context	0	empty terrain tile	1799	5147	2	28	80	source_plane=2
terrain	empty_terrain_no_floor_context	0	empty terrain tile	1799	5148	2	28	80	source_plane=2
terrain	empty_terrain_no_floor_context	0	empty terrain tile	1799	5149	2	28	80	source_plane=2
terrain	empty_terrain_no_floor_context	0	empty terrain tile	1799	5150	2	28	80	source_plane=2
terrain	empty_terrain_no_floor_context	0	empty terrain tile	1799	5151	2	28	80	source_plane=2
terrain	empty_terrain_no_floor_context	0	empty terrain tile	1799	5152	2	28	80	source_plane=2
terrain	empty_terrain_no_floor_context	0	empty terrain tile	1799	5153	2	28	80	source_plane=2
terrain	empty_terrain_no_floor_context	0	empty terrain tile	1799	5154	2	28	80	source_plane=2
terrain	empty_terrain_no_floor_context	0	empty terrain tile	1799	5155	2	28	80	source_plane=2
terrain	empty_terrain_no_floor_context	0	empty terrain tile	1799	5156	2	28	80	source_plane=2
terrain	empty_terrain_no_floor_context	0	empty terrain tile	1799	5157	2	28	80	source_plane=2
terrain	empty_terrain_no_floor_context	0	empty terrain tile	1799	5158	2	28	80	source_plane=2
terrain	empty_terrain_no_floor_context	0	empty terrain tile	1799	5159	2	28	80	source_plane=2
terrain	empty_terrain_no_floor_context	0	empty terrain tile	1799	5160	2	28	80	source_plane=2
terrain	empty_terrain_no_floor_context	0	empty terrain tile	1799	5161	2	28	80	source_plane=2
terrain	empty_terrain_no_floor_context	0	empty terrain tile	1799	5162	2	28	80	source_plane=2
terrain	empty_terrain_no_floor_context	0	empty terrain tile	1799	5163	2	28	80	source_plane=2
terrain	empty_terrain_no_floor_context	0	empty terrain tile	1799	5164	2	28	80	source_plane=2
terrain	empty_terrain_no_floor_context	0	empty terrain tile	1799	5165	2	28	80	source_plane=2
terrain	empty_terrain_no_floor_context	0	empty terrain tile	1799	5166	2	28	80	source_plane=2
terrain	empty_terrain_no_floor_context	0	empty terrain tile	1799	5167	2	28	80	source_plane=2
terrain	empty_terrain_no_floor_context	0	empty terrain tile	1799	5168	2	28	80	source_plane=2
terrain	empty_terrain_no_floor_context	0	empty terrain tile	1799	5169	2	28	80	source_plane=2
terrain	empty_terrain_no_floor_context	0	empty terrain tile	1799	5170	2	28	80	source_plane=2
terrain	empty_terrain_no_floor_context	0	empty terrain tile	1799	5171	2	28	80	source_plane=2
terrain	empty_terrain_no_floor_context	0	empty terrain tile	1799	5172	2	28	80	source_plane=2
terrain	empty_terrain_no_floor_context	0	empty terrain tile	1799	5173	2	28	80	source_plane=2
terrain	empty_terrain_no_floor_context	0	empty terrain tile	1799	5174	2	28	80	source_plane=2
terrain	empty_terrain_no_floor_context	0	empty terrain tile	1799	5175	2	28	80	source_plane=2
terrain	empty_terrain_no_floor_context	0	empty terrain tile	1799	5176	2	28	80	source_plane=2
terrain	empty_terrain_no_floor_context	0	empty terrain tile	1799	5177	2	28	80	source_plane=2
terrain	empty_terrain_no_floor_context	0	empty terrain tile	1799	5178	2	28	80	source_plane=2
terrain	empty_terrain_no_floor_context	0	empty terrain tile	1799	5179	2	28	80	source_plane=2
terrain	empty_terrain_no_floor_context	0	empty terrain tile	1799	5180	2	28	80	source_plane=2
terrain	empty_terrain_no_floor_context	0	empty terrain tile	1799	5181	2	28	80	source_plane=2
terrain	empty_terrain_no_floor_context	0	empty terrain tile	1799	5182	2	28	80	source_plane=2
terrain	empty_terrain_no_floor_context	0	empty terrain tile	1799	5183	2	28	80	source_plane=2
terrain	empty_terrain_no_floor_context	0	empty terrain tile	1800	5120	2	28	80	source_plane=2
terrain	empty_terrain_no_floor_context	0	empty terrain tile	1800	5121	2	28	80	source_plane=2
terrain	empty_terrain_no_floor_context	0	empty terrain tile	1800	5122	2	28	80	source_plane=2
terrain	empty_terrain_no_floor_context	0	empty terrain tile	1800	5123	2	28	80	source_plane=2
terrain	empty_terrain_no_floor_context	0	empty terrain tile	1800	5124	2	28	80	source_plane=2
terrain	empty_terrain_no_floor_context	0	empty terrain tile	1800	5125	2	28	80	source_plane=2
terrain	empty_terrain_no_floor_context	0	empty terrain tile	1800	5126	2	28	80	source_plane=2
terrain	empty_terrain_no_floor_context	0	empty terrain tile	1800	5127	2	28	80	source_plane=2
terrain	empty_terrain_no_floor_context	0	empty terrain tile	1800	5128	2	28	80	source_plane=2
terrain	empty_terrain_no_floor_context	0	empty terrain tile	1800	5129	2	28	80	source_plane=2
terrain	empty_terrain_no_floor_context	0	empty terrain tile	1800	5130	2	28	80	source_plane=2
terrain	empty_terrain_no_floor_context	0	empty terrain tile	1800	5131	2	28	80	source_plane=2
terrain	empty_terrain_no_floor_context	0	empty terrain tile	1800	5132	2	28	80	source_plane=2
terrain	empty_terrain_no_floor_context	0	empty terrain tile	1800	5133	2	28	80	source_plane=2
terrain	empty_terrain_no_floor_context	0	empty terrain tile	1800	5134	2	28	80	source_plane=2
terrain	empty_terrain_no_floor_context	0	empty terrain tile	1800	5135	2	28	80	source_plane=2
terrain	empty_terrain_no_floor_context	0	empty terrain tile	1800	5136	2	28	80	source_plane=2
terrain	empty_terrain_no_floor_context	0	empty terrain tile	1800	5137	2	28	80	source_plane=2
terrain	empty_terrain_no_floor_context	0	empty terrain tile	1800	5138	2	28	80	source_plane=2
terrain	empty_terrain_no_floor_context	0	empty terrain tile	1800	5139	2	28	80	source_plane=2
terrain	empty_terrain_no_floor_context	0	empty terrain tile	1800	5140	2	28	80	source_plane=2
terrain	empty_terrain_no_floor_context	0	empty terrain tile	1800	5141	2	28	80	source_plane=2
terrain	empty_terrain_no_floor_context	0	empty terrain tile	1800	5142	2	28	80	source_plane=2
terrain	empty_terrain_no_floor_context	0	empty terrain tile	1800	5143	2	28	80	source_plane=2
terrain	empty_terrain_no_floor_context	0	empty terrain tile	1800	5144	2	28	80	source_plane=2
terrain	empty_terrain_no_floor_context	0	empty terrain tile	1800	5145	2	28	80	source_plane=2
terrain	empty_terrain_no_floor_context	0	empty terrain tile	1800	5146	2	28	80	source_plane=2
terrain	empty_terrain_no_floor_context	0	empty terrain tile	1800	5147	2	28	80	source_plane=2
terrain	empty_terrain_no_floor_context	0	empty terrain tile	1800	5148	2	28	80	source_plane=2
terrain	empty_terrain_no_floor_context	0	empty terrain tile	1800	5149	2	28	80	source_plane=2
terrain	empty_terrain_no_floor_context	0	empty terrain tile	1800	5150	2	28	80	source_plane=2
terrain	empty_terrain_no_floor_context	0	empty terrain tile	1800	5151	2	28	80	source_plane=2
terrain	empty_terrain_no_floor_context	0	empty terrain tile	1800	5152	2	28	80	source_plane=2
terrain	empty_terrain_no_floor_context	0	empty terrain tile	1800	5153	2	28	80	source_plane=2
terrain	empty_terrain_no_floor_context	0	empty terrain tile	1800	5154	2	28	80	source_plane=2
terrain	empty_terrain_no_floor_context	0	empty terrain tile	1800	5155	2	28	80	source_plane=2
terrain	empty_terrain_no_floor_context	0	empty terrain tile	1800	5156	2	28	80	source_plane=2
terrain	empty_terrain_no_floor_context	0	empty terrain tile	1800	5157	2	28	80	source_plane=2
terrain	empty_terrain_no_floor_context	0	empty terrain tile	1800	5158	2	28	80	source_plane=2
terrain	empty_terrain_no_floor_context	0	empty terrain tile	1800	5159	2	28	80	source_plane=2
terrain	empty_terrain_no_floor_context	0	empty terrain tile	1800	5160	2	28	80	source_plane=2
terrain	empty_terrain_no_floor_context	0	empty terrain tile	1800	5161	2	28	80	source_plane=2
terrain	empty_terrain_no_floor_context	0	empty terrain tile	1800	5162	2	28	80	source_plane=2
terrain	empty_terrain_no_floor_context	0	empty terrain tile	1800	5163	2	28	80	source_plane=2
terrain	empty_terrain_no_floor_context	0	empty terrain tile	1800	5164	2	28	80	source_plane=2
terrain	empty_terrain_no_floor_context	0	empty terrain tile	1800	5165	2	28	80	source_plane=2
terrain	empty_terrain_no_floor_context	0	empty terrain tile	1800	5166	2	28	80	source_plane=2
terrain	empty_terrain_no_floor_context	0	empty terrain tile	1800	5167	2	28	80	source_plane=2
terrain	empty_terrain_no_floor_context	0	empty terrain tile	1800	5168	2	28	80	source_plane=2
terrain	empty_terrain_no_floor_context	0	empty terrain tile	1800	5169	2	28	80	source_plane=2
terrain	empty_terrain_no_floor_context	0	empty terrain tile	1800	5170	2	28	80	source_plane=2
terrain	empty_terrain_no_floor_context	0	empty terrain tile	1800	5171	2	28	80	source_plane=2
terrain	empty_terrain_no_floor_context	0	empty terrain tile	1800	5172	2	28	80	source_plane=2
terrain	empty_terrain_no_floor_context	0	empty terrain tile	1800	5173	2	28	80	source_plane=2
terrain	empty_terrain_no_floor_context	0	empty terrain tile	1800	5174	2	28	80	source_plane=2
terrain	empty_terrain_no_floor_context	0	empty terrain tile	1800	5175	2	28	80	source_plane=2
terrain	empty_terrain_no_floor_context	0	empty terrain tile	1800	5176	2	28	80	source_plane=2
terrain	empty_terrain_no_floor_context	0	empty terrain tile	1800	5177	2	28	80	source_plane=2
terrain	empty_terrain_no_floor_context	0	empty terrain tile	1800	5178	2	28	80	source_plane=2
terrain	empty_terrain_no_floor_context	0	empty terrain tile	1800	5179	2	28	80	source_plane=2
terrain	empty_terrain_no_floor_context	0	empty terrain tile	1800	5180	2	28	80	source_plane=2
terrain	empty_terrain_no_floor_context	0	empty terrain tile	1800	5181	2	28	80	source_plane=2
terrain	empty_terrain_no_floor_context	0	empty terrain tile	1800	5182	2	28	80	source_plane=2
terrain	empty_terrain_no_floor_context	0	empty terrain tile	1800	5183	2	28	80	source_plane=2
terrain	empty_terrain_no_floor_context	0	empty terrain tile	1801	5120	2	28	80	source_plane=2
terrain	empty_terrain_no_floor_context	0	empty terrain tile	1801	5121	2	28	80	source_plane=2
terrain	empty_terrain_no_floor_context	0	empty terrain tile	1801	5122	2	28	80	source_plane=2
terrain	empty_terrain_no_floor_context	0	empty terrain tile	1801	5123	2	28	80	source_plane=2
terrain	empty_terrain_no_floor_context	0	empty terrain tile	1801	5124	2	28	80	source_plane=2
terrain	empty_terrain_no_floor_context	0	empty terrain tile	1801	5125	2	28	80	source_plane=2
terrain	empty_terrain_no_floor_context	0	empty terrain tile	1801	5126	2	28	80	source_plane=2
terrain	empty_terrain_no_floor_context	0	empty terrain tile	1801	5127	2	28	80	source_plane=2
terrain	empty_terrain_no_floor_context	0	empty terrain tile	1801	5128	2	28	80	source_plane=2
terrain	empty_terrain_no_floor_context	0	empty terrain tile	1801	5129	2	28	80	source_plane=2
terrain	empty_terrain_no_floor_context	0	empty terrain tile	1801	5130	2	28	80	source_plane=2
terrain	empty_terrain_no_floor_context	0	empty terrain tile	1801	5131	2	28	80	source_plane=2
terrain	empty_terrain_no_floor_context	0	empty terrain tile	1801	5132	2	28	80	source_plane=2
terrain	empty_terrain_no_floor_context	0	empty terrain tile	1801	5133	2	28	80	source_plane=2
terrain	empty_terrain_no_floor_context	0	empty terrain tile	1801	5134	2	28	80	source_plane=2
terrain	empty_terrain_no_floor_context	0	empty terrain tile	1801	5135	2	28	80	source_plane=2
terrain	empty_terrain_no_floor_context	0	empty terrain tile	1801	5136	2	28	80	source_plane=2
terrain	empty_terrain_no_floor_context	0	empty terrain tile	1801	5137	2	28	80	source_plane=2
terrain	empty_terrain_no_floor_context	0	empty terrain tile	1801	5138	2	28	80	source_plane=2
terrain	empty_terrain_no_floor_context	0	empty terrain tile	1801	5139	2	28	80	source_plane=2
terrain	empty_terrain_no_floor_context	0	empty terrain tile	1801	5140	2	28	80	source_plane=2
terrain	empty_terrain_no_floor_context	0	empty terrain tile	1801	5141	2	28	80	source_plane=2
terrain	empty_terrain_no_floor_context	0	empty terrain tile	1801	5142	2	28	80	source_plane=2
terrain	empty_terrain_no_floor_context	0	empty terrain tile	1801	5143	2	28	80	source_plane=2
terrain	empty_terrain_no_floor_context	0	empty terrain tile	1801	5144	2	28	80	source_plane=2
terrain	empty_terrain_no_floor_context	0	empty terrain tile	1801	5145	2	28	80	source_plane=2
terrain	empty_terrain_no_floor_context	0	empty terrain tile	1801	5146	2	28	80	source_plane=2
terrain	empty_terrain_no_floor_context	0	empty terrain tile	1801	5147	2	28	80	source_plane=2
terrain	empty_terrain_no_floor_context	0	empty terrain tile	1801	5148	2	28	80	source_plane=2
terrain	empty_terrain_no_floor_context	0	empty terrain tile	1801	5149	2	28	80	source_plane=2
terrain	empty_terrain_no_floor_context	0	empty terrain tile	1801	5150	2	28	80	source_plane=2
terrain	empty_terrain_no_floor_context	0	empty terrain tile	1801	5151	2	28	80	source_plane=2
terrain	empty_terrain_no_floor_context	0	empty terrain tile	1801	5152	2	28	80	source_plane=2
terrain	empty_terrain_no_floor_context	0	empty terrain tile	1801	5153	2	28	80	source_plane=2
terrain	empty_terrain_no_floor_context	0	empty terrain tile	1801	5154	2	28	80	source_plane=2
terrain	empty_terrain_no_floor_context	0	empty terrain tile	1801	5155	2	28	80	source_plane=2
terrain	empty_terrain_no_floor_context	0	empty terrain tile	1801	5156	2	28	80	source_plane=2
terrain	empty_terrain_no_floor_context	0	empty terrain tile	1801	5157	2	28	80	source_plane=2
terrain	empty_terrain_no_floor_context	0	empty terrain tile	1801	5158	2	28	80	source_plane=2
terrain	empty_terrain_no_floor_context	0	empty terrain tile	1801	5159	2	28	80	source_plane=2
terrain	empty_terrain_no_floor_context	0	empty terrain tile	1801	5160	2	28	80	source_plane=2
terrain	empty_terrain_no_floor_context	0	empty terrain tile	1801	5161	2	28	80	source_plane=2
terrain	empty_terrain_no_floor_context	0	empty terrain tile	1801	5162	2	28	80	source_plane=2
terrain	empty_terrain_no_floor_context	0	empty terrain tile	1801	5163	2	28	80	source_plane=2
terrain	empty_terrain_no_floor_context	0	empty terrain tile	1801	5164	2	28	80	source_plane=2
terrain	empty_terrain_no_floor_context	0	empty terrain tile	1801	5165	2	28	80	source_plane=2
terrain	empty_terrain_no_floor_context	0	empty terrain tile	1801	5166	2	28	80	source_plane=2
terrain	empty_terrain_no_floor_context	0	empty terrain tile	1801	5167	2	28	80	source_plane=2
terrain	empty_terrain_no_floor_context	0	empty terrain tile	1801	5168	2	28	80	source_plane=2
terrain	empty_terrain_no_floor_context	0	empty terrain tile	1801	5169	2	28	80	source_plane=2
terrain	empty_terrain_no_floor_context	0	empty terrain tile	1801	5170	2	28	80	source_plane=2
terrain	empty_terrain_no_floor_context	0	empty terrain tile	1801	5171	2	28	80	source_plane=2
terrain	empty_terrain_no_floor_context	0	empty terrain tile	1801	5172	2	28	80	source_plane=2
terrain	empty_terrain_no_floor_context	0	empty terrain tile	1801	5173	2	28	80	source_plane=2
terrain	empty_terrain_no_floor_context	0	empty terrain tile	1801	5174	2	28	80	source_plane=2
terrain	empty_terrain_no_floor_context	0	empty terrain tile	1801	5175	2	28	80	source_plane=2
terrain	empty_terrain_no_floor_context	0	empty terrain tile	1801	5176	2	28	80	source_plane=2
terrain	empty_terrain_no_floor_context	0	empty terrain tile	1801	5177	2	28	80	source_plane=2
terrain	empty_terrain_no_floor_context	0	empty terrain tile	1801	5178	2	28	80	source_plane=2
terrain	empty_terrain_no_floor_context	0	empty terrain tile	1801	5179	2	28	80	source_plane=2
terrain	empty_terrain_no_floor_context	0	empty terrain tile	1801	5180	2	28	80	source_plane=2
terrain	empty_terrain_no_floor_context	0	empty terrain tile	1801	5181	2	28	80	source_plane=2
terrain	empty_terrain_no_floor_context	0	empty terrain tile	1801	5182	2	28	80	source_plane=2
terrain	empty_terrain_no_floor_context	0	empty terrain tile	1801	5183	2	28	80	source_plane=2
terrain	empty_terrain_no_floor_context	0	empty terrain tile	1802	5120	2	28	80	source_plane=2
terrain	empty_terrain_no_floor_context	0	empty terrain tile	1802	5121	2	28	80	source_plane=2
terrain	empty_terrain_no_floor_context	0	empty terrain tile	1802	5122	2	28	80	source_plane=2
terrain	empty_terrain_no_floor_context	0	empty terrain tile	1802	5123	2	28	80	source_plane=2
terrain	empty_terrain_no_floor_context	0	empty terrain tile	1802	5124	2	28	80	source_plane=2
terrain	empty_terrain_no_floor_context	0	empty terrain tile	1802	5125	2	28	80	source_plane=2
terrain	empty_terrain_no_floor_context	0	empty terrain tile	1802	5126	2	28	80	source_plane=2
terrain	empty_terrain_no_floor_context	0	empty terrain tile	1802	5127	2	28	80	source_plane=2
terrain	empty_terrain_no_floor_context	0	empty terrain tile	1802	5128	2	28	80	source_plane=2
terrain	empty_terrain_no_floor_context	0	empty terrain tile	1802	5129	2	28	80	source_plane=2
terrain	empty_terrain_no_floor_context	0	empty terrain tile	1802	5130	2	28	80	source_plane=2
terrain	empty_terrain_no_floor_context	0	empty terrain tile	1802	5131	2	28	80	source_plane=2
terrain	empty_terrain_no_floor_context	0	empty terrain tile	1802	5132	2	28	80	source_plane=2
terrain	empty_terrain_no_floor_context	0	empty terrain tile	1802	5133	2	28	80	source_plane=2
terrain	empty_terrain_no_floor_context	0	empty terrain tile	1802	5134	2	28	80	source_plane=2
terrain	empty_terrain_no_floor_context	0	empty terrain tile	1802	5135	2	28	80	source_plane=2
terrain	empty_terrain_no_floor_context	0	empty terrain tile	1802	5136	2	28	80	source_plane=2
terrain	empty_terrain_no_floor_context	0	empty terrain tile	1802	5137	2	28	80	source_plane=2
terrain	empty_terrain_no_floor_context	0	empty terrain tile	1802	5138	2	28	80	source_plane=2
terrain	empty_terrain_no_floor_context	0	empty terrain tile	1802	5139	2	28	80	source_plane=2
terrain	empty_terrain_no_floor_context	0	empty terrain tile	1802	5140	2	28	80	source_plane=2
terrain	empty_terrain_no_floor_context	0	empty terrain tile	1802	5141	2	28	80	source_plane=2
terrain	empty_terrain_no_floor_context	0	empty terrain tile	1802	5142	2	28	80	source_plane=2
terrain	empty_terrain_no_floor_context	0	empty terrain tile	1802	5143	2	28	80	source_plane=2
terrain	empty_terrain_no_floor_context	0	empty terrain tile	1802	5144	2	28	80	source_plane=2
terrain	empty_terrain_no_floor_context	0	empty terrain tile	1802	5145	2	28	80	source_plane=2
terrain	empty_terrain_no_floor_context	0	empty terrain tile	1802	5146	2	28	80	source_plane=2
terrain	empty_terrain_no_floor_context	0	empty terrain tile	1802	5147	2	28	80	source_plane=2
terrain	empty_terrain_no_floor_context	0	empty terrain tile	1802	5148	2	28	80	source_plane=2
terrain	empty_terrain_no_floor_context	0	empty terrain tile	1802	5149	2	28	80	source_plane=2
terrain	empty_terrain_no_floor_context	0	empty terrain tile	1802	5150	2	28	80	source_plane=2
terrain	empty_terrain_no_floor_context	0	empty terrain tile	1802	5151	2	28	80	source_plane=2
terrain	empty_terrain_no_floor_context	0	empty terrain tile	1802	5152	2	28	80	source_plane=2
terrain	empty_terrain_no_floor_context	0	empty terrain tile	1802	5153	2	28	80	source_plane=2
terrain	empty_terrain_no_floor_context	0	empty terrain tile	1802	5154	2	28	80	source_plane=2
terrain	empty_terrain_no_floor_context	0	empty terrain tile	1802	5155	2	28	80	source_plane=2
terrain	empty_terrain_no_floor_context	0	empty terrain tile	1802	5156	2	28	80	source_plane=2
terrain	empty_terrain_no_floor_context	0	empty terrain tile	1802	5157	2	28	80	source_plane=2
terrain	empty_terrain_no_floor_context	0	empty terrain tile	1802	5158	2	28	80	source_plane=2
terrain	empty_terrain_no_floor_context	0	empty terrain tile	1802	5159	2	28	80	source_plane=2
terrain	empty_terrain_no_floor_context	0	empty terrain tile	1802	5160	2	28	80	source_plane=2
terrain	empty_terrain_no_floor_context	0	empty terrain tile	1802	5161	2	28	80	source_plane=2
terrain	empty_terrain_no_floor_context	0	empty terrain tile	1802	5162	2	28	80	source_plane=2
terrain	empty_terrain_no_floor_context	0	empty terrain tile	1802	5163	2	28	80	source_plane=2
terrain	empty_terrain_no_floor_context	0	empty terrain tile	1802	5164	2	28	80	source_plane=2
terrain	empty_terrain_no_floor_context	0	empty terrain tile	1802	5165	2	28	80	source_plane=2
terrain	empty_terrain_no_floor_context	0	empty terrain tile	1802	5166	2	28	80	source_plane=2
terrain	empty_terrain_no_floor_context	0	empty terrain tile	1802	5167	2	28	80	source_plane=2
terrain	empty_terrain_no_floor_context	0	empty terrain tile	1802	5168	2	28	80	source_plane=2
terrain	empty_terrain_no_floor_context	0	empty terrain tile	1802	5169	2	28	80	source_plane=2
terrain	empty_terrain_no_floor_context	0	empty terrain tile	1802	5170	2	28	80	source_plane=2
terrain	empty_terrain_no_floor_context	0	empty terrain tile	1802	5171	2	28	80	source_plane=2
terrain	empty_terrain_no_floor_context	0	empty terrain tile	1802	5172	2	28	80	source_plane=2
terrain	empty_terrain_no_floor_context	0	empty terrain tile	1802	5173	2	28	80	source_plane=2
terrain	empty_terrain_no_floor_context	0	empty terrain tile	1802	5174	2	28	80	source_plane=2
terrain	empty_terrain_no_floor_context	0	empty terrain tile	1802	5175	2	28	80	source_plane=2
terrain	empty_terrain_no_floor_context	0	empty terrain tile	1802	5176	2	28	80	source_plane=2
terrain	empty_terrain_no_floor_context	0	empty terrain tile	1802	5177	2	28	80	source_plane=2
terrain	empty_terrain_no_floor_context	0	empty terrain tile	1802	5178	2	28	80	source_plane=2
terrain	empty_terrain_no_floor_context	0	empty terrain tile	1802	5179	2	28	80	source_plane=2
terrain	empty_terrain_no_floor_context	0	empty terrain tile	1802	5180	2	28	80	source_plane=2
terrain	empty_terrain_no_floor_context	0	empty terrain tile	1802	5181	2	28	80	source_plane=2
terrain	empty_terrain_no_floor_context	0	empty terrain tile	1802	5182	2	28	80	source_plane=2
terrain	empty_terrain_no_floor_context	0	empty terrain tile	1802	5183	2	28	80	source_plane=2
terrain	empty_terrain_no_floor_context	0	empty terrain tile	1803	5120	2	28	80	source_plane=2
terrain	empty_terrain_no_floor_context	0	empty terrain tile	1803	5121	2	28	80	source_plane=2
terrain	empty_terrain_no_floor_context	0	empty terrain tile	1803	5122	2	28	80	source_plane=2
terrain	empty_terrain_no_floor_context	0	empty terrain tile	1803	5123	2	28	80	source_plane=2
terrain	empty_terrain_no_floor_context	0	empty terrain tile	1803	5124	2	28	80	source_plane=2
terrain	empty_terrain_no_floor_context	0	empty terrain tile	1803	5125	2	28	80	source_plane=2
terrain	empty_terrain_no_floor_context	0	empty terrain tile	1803	5126	2	28	80	source_plane=2
terrain	empty_terrain_no_floor_context	0	empty terrain tile	1803	5127	2	28	80	source_plane=2
terrain	empty_terrain_no_floor_context	0	empty terrain tile	1803	5128	2	28	80	source_plane=2
terrain	empty_terrain_no_floor_context	0	empty terrain tile	1803	5129	2	28	80	source_plane=2
terrain	empty_terrain_no_floor_context	0	empty terrain tile	1803	5130	2	28	80	source_plane=2
terrain	empty_terrain_no_floor_context	0	empty terrain tile	1803	5131	2	28	80	source_plane=2
terrain	empty_terrain_no_floor_context	0	empty terrain tile	1803	5132	2	28	80	source_plane=2
terrain	empty_terrain_no_floor_context	0	empty terrain tile	1803	5133	2	28	80	source_plane=2
terrain	empty_terrain_no_floor_context	0	empty terrain tile	1803	5134	2	28	80	source_plane=2
terrain	empty_terrain_no_floor_context	0	empty terrain tile	1803	5135	2	28	80	source_plane=2
terrain	empty_terrain_no_floor_context	0	empty terrain tile	1803	5136	2	28	80	source_plane=2
terrain	empty_terrain_no_floor_context	0	empty terrain tile	1803	5137	2	28	80	source_plane=2
terrain	empty_terrain_no_floor_context	0	empty terrain tile	1803	5138	2	28	80	source_plane=2
terrain	empty_terrain_no_floor_context	0	empty terrain tile	1803	5139	2	28	80	source_plane=2
terrain	empty_terrain_no_floor_context	0	empty terrain tile	1803	5140	2	28	80	source_plane=2
terrain	empty_terrain_no_floor_context	0	empty terrain tile	1803	5141	2	28	80	source_plane=2
terrain	empty_terrain_no_floor_context	0	empty terrain tile	1803	5142	2	28	80	source_plane=2
terrain	empty_terrain_no_floor_context	0	empty terrain tile	1803	5143	2	28	80	source_plane=2
terrain	empty_terrain_no_floor_context	0	empty terrain tile	1803	5144	2	28	80	source_plane=2
terrain	empty_terrain_no_floor_context	0	empty terrain tile	1803	5145	2	28	80	source_plane=2
terrain	empty_terrain_no_floor_context	0	empty terrain tile	1803	5146	2	28	80	source_plane=2
terrain	empty_terrain_no_floor_context	0	empty terrain tile	1803	5147	2	28	80	source_plane=2
terrain	empty_terrain_no_floor_context	0	empty terrain tile	1803	5148	2	28	80	source_plane=2
terrain	empty_terrain_no_floor_context	0	empty terrain tile	1803	5149	2	28	80	source_plane=2
terrain	empty_terrain_no_floor_context	0	empty terrain tile	1803	5150	2	28	80	source_plane=2
terrain	empty_terrain_no_floor_context	0	empty terrain tile	1803	5151	2	28	80	source_plane=2
terrain	empty_terrain_no_floor_context	0	empty terrain tile	1803	5152	2	28	80	source_plane=2
terrain	empty_terrain_no_floor_context	0	empty terrain tile	1803	5153	2	28	80	source_plane=2
terrain	empty_terrain_no_floor_context	0	empty terrain tile	1803	5154	2	28	80	source_plane=2
terrain	empty_terrain_no_floor_context	0	empty terrain tile	1803	5155	2	28	80	source_plane=2
terrain	empty_terrain_no_floor_context	0	empty terrain tile	1803	5156	2	28	80	source_plane=2
terrain	empty_terrain_no_floor_context	0	empty terrain tile	1803	5157	2	28	80	source_plane=2
terrain	empty_terrain_no_floor_context	0	empty terrain tile	1803	5158	2	28	80	source_plane=2
terrain	empty_terrain_no_floor_context	0	empty terrain tile	1803	5159	2	28	80	source_plane=2
terrain	empty_terrain_no_floor_context	0	empty terrain tile	1803	5160	2	28	80	source_plane=2
terrain	empty_terrain_no_floor_context	0	empty terrain tile	1803	5161	2	28	80	source_plane=2
terrain	empty_terrain_no_floor_context	0	empty terrain tile	1803	5162	2	28	80	source_plane=2
terrain	empty_terrain_no_floor_context	0	empty terrain tile	1803	5163	2	28	80	source_plane=2
terrain	empty_terrain_no_floor_context	0	empty terrain tile	1803	5164	2	28	80	source_plane=2
terrain	empty_terrain_no_floor_context	0	empty terrain tile	1803	5165	2	28	80	source_plane=2
terrain	empty_terrain_no_floor_context	0	empty terrain tile	1803	5166	2	28	80	source_plane=2
terrain	empty_terrain_no_floor_context	0	empty terrain tile	1803	5167	2	28	80	source_plane=2
terrain	empty_terrain_no_floor_context	0	empty terrain tile	1803	5168	2	28	80	source_plane=2
terrain	empty_terrain_no_floor_context	0	empty terrain tile	1803	5169	2	28	80	source_plane=2
terrain	empty_terrain_no_floor_context	0	empty terrain tile	1803	5170	2	28	80	source_plane=2
terrain	empty_terrain_no_floor_context	0	empty terrain tile	1803	5171	2	28	80	source_plane=2
terrain	empty_terrain_no_floor_context	0	empty terrain tile	1803	5172	2	28	80	source_plane=2
terrain	empty_terrain_no_floor_context	0	empty terrain tile	1803	5173	2	28	80	source_plane=2
terrain	empty_terrain_no_floor_context	0	empty terrain tile	1803	5174	2	28	80	source_plane=2
terrain	empty_terrain_no_floor_context	0	empty terrain tile	1803	5175	2	28	80	source_plane=2
terrain	empty_terrain_no_floor_context	0	empty terrain tile	1803	5176	2	28	80	source_plane=2
terrain	empty_terrain_no_floor_context	0	empty terrain tile	1803	5177	2	28	80	source_plane=2
terrain	empty_terrain_no_floor_context	0	empty terrain tile	1803	5178	2	28	80	source_plane=2
terrain	empty_terrain_no_floor_context	0	empty terrain tile	1803	5179	2	28	80	source_plane=2
terrain	empty_terrain_no_floor_context	0	empty terrain tile	1803	5180	2	28	80	source_plane=2
terrain	empty_terrain_no_floor_context	0	empty terrain tile	1803	5181	2	28	80	source_plane=2
terrain	empty_terrain_no_floor_context	0	empty terrain tile	1803	5182	2	28	80	source_plane=2
terrain	empty_terrain_no_floor_context	0	empty terrain tile	1803	5183	2	28	80	source_plane=2
terrain	empty_terrain_no_floor_context	0	empty terrain tile	1804	5120	2	28	80	source_plane=2
terrain	empty_terrain_no_floor_context	0	empty terrain tile	1804	5121	2	28	80	source_plane=2
terrain	empty_terrain_no_floor_context	0	empty terrain tile	1804	5122	2	28	80	source_plane=2
terrain	empty_terrain_no_floor_context	0	empty terrain tile	1804	5123	2	28	80	source_plane=2
terrain	empty_terrain_no_floor_context	0	empty terrain tile	1804	5124	2	28	80	source_plane=2
terrain	empty_terrain_no_floor_context	0	empty terrain tile	1804	5125	2	28	80	source_plane=2
terrain	empty_terrain_no_floor_context	0	empty terrain tile	1804	5126	2	28	80	source_plane=2
terrain	empty_terrain_no_floor_context	0	empty terrain tile	1804	5127	2	28	80	source_plane=2
terrain	void_overlay_no_floor_context	41	void overlay	1792	5122	0	28	80	source_plane=0 shape=0 rot=0
terrain	void_overlay_no_floor_context	41	void overlay	1792	5123	0	28	80	source_plane=0 shape=0 rot=0
terrain	void_overlay_no_floor_context	41	void overlay	1792	5124	0	28	80	source_plane=0 shape=0 rot=0
terrain	void_overlay_no_floor_context	41	void overlay	1792	5125	0	28	80	source_plane=0 shape=0 rot=0
terrain	void_overlay_no_floor_context	41	void overlay	1792	5126	0	28	80	source_plane=0 shape=0 rot=0
terrain	void_overlay_no_floor_context	41	void overlay	1792	5127	0	28	80	source_plane=0 shape=0 rot=0
terrain	void_overlay_no_floor_context	41	void overlay	1792	5128	0	28	80	source_plane=0 shape=0 rot=0
terrain	void_overlay_no_floor_context	41	void overlay	1792	5129	0	28	80	source_plane=0 shape=0 rot=0
terrain	void_overlay_no_floor_context	41	void overlay	1792	5130	0	28	80	source_plane=0 shape=0 rot=0
terrain	void_overlay_no_floor_context	41	void overlay	1792	5131	0	28	80	source_plane=0 shape=0 rot=0
terrain	void_overlay_no_floor_context	41	void overlay	1792	5132	0	28	80	source_plane=0 shape=0 rot=0
terrain	void_overlay_no_floor_context	41	void overlay	1792	5133	0	28	80	source_plane=0 shape=0 rot=0
terrain	void_overlay_no_floor_context	41	void overlay	1792	5134	0	28	80	source_plane=0 shape=0 rot=0
terrain	void_overlay_no_floor_context	41	void overlay	1792	5135	0	28	80	source_plane=0 shape=0 rot=0
terrain	void_overlay_no_floor_context	41	void overlay	1792	5136	0	28	80	source_plane=0 shape=0 rot=0
terrain	void_overlay_no_floor_context	41	void overlay	1792	5137	0	28	80	source_plane=0 shape=0 rot=0
terrain	void_overlay_no_floor_context	41	void overlay	1792	5138	0	28	80	source_plane=0 shape=0 rot=0
terrain	void_overlay_no_floor_context	41	void overlay	1792	5139	0	28	80	source_plane=0 shape=0 rot=0
terrain	void_overlay_no_floor_context	41	void overlay	1792	5140	0	28	80	source_plane=0 shape=0 rot=0
terrain	void_overlay_no_floor_context	41	void overlay	1792	5141	0	28	80	source_plane=0 shape=0 rot=0
terrain	void_overlay_no_floor_context	41	void overlay	1792	5142	0	28	80	source_plane=0 shape=0 rot=0
terrain	void_overlay_no_floor_context	41	void overlay	1792	5143	0	28	80	source_plane=0 shape=0 rot=0
terrain	void_overlay_no_floor_context	41	void overlay	1792	5144	0	28	80	source_plane=0 shape=0 rot=0
terrain	void_overlay_no_floor_context	41	void overlay	1792	5145	0	28	80	source_plane=0 shape=0 rot=0
terrain	void_overlay_no_floor_context	41	void overlay	1792	5146	0	28	80	source_plane=0 shape=0 rot=0
terrain	void_overlay_no_floor_context	41	void overlay	1792	5147	0	28	80	source_plane=0 shape=0 rot=0
terrain	void_overlay_no_floor_context	41	void overlay	1792	5148	0	28	80	source_plane=0 shape=0 rot=0
terrain	void_overlay_no_floor_context	41	void overlay	1792	5149	0	28	80	source_plane=0 shape=0 rot=0
terrain	void_overlay_no_floor_context	41	void overlay	1792	5150	0	28	80	source_plane=0 shape=0 rot=0
terrain	void_overlay_no_floor_context	41	void overlay	1792	5151	0	28	80	source_plane=0 shape=0 rot=0
terrain	void_overlay_no_floor_context	41	void overlay	1792	5152	0	28	80	source_plane=0 shape=0 rot=0
terrain	void_overlay_no_floor_context	41	void overlay	1792	5153	0	28	80	source_plane=0 shape=0 rot=0
terrain	void_overlay_no_floor_context	41	void overlay	1792	5154	0	28	80	source_plane=0 shape=0 rot=0
terrain	void_overlay_no_floor_context	41	void overlay	1792	5155	0	28	80	source_plane=0 shape=0 rot=0
terrain	void_overlay_no_floor_context	41	void overlay	1792	5156	0	28	80	source_plane=0 shape=0 rot=0
terrain	void_overlay_no_floor_context	41	void overlay	1792	5157	0	28	80	source_plane=0 shape=0 rot=0
terrain	void_overlay_no_floor_context	41	void overlay	1792	5158	0	28	80	source_plane=0 shape=0 rot=0
terrain	void_overlay_no_floor_context	41	void overlay	1792	5159	0	28	80	source_plane=0 shape=0 rot=0
terrain	void_overlay_no_floor_context	41	void overlay	1792	5160	0	28	80	source_plane=0 shape=0 rot=0
terrain	void_overlay_no_floor_context	41	void overlay	1792	5161	0	28	80	source_plane=0 shape=0 rot=0
terrain	void_overlay_no_floor_context	41	void overlay	1792	5162	0	28	80	source_plane=0 shape=0 rot=0
terrain	void_overlay_no_floor_context	41	void overlay	1792	5163	0	28	80	source_plane=0 shape=0 rot=0
terrain	void_overlay_no_floor_context	41	void overlay	1792	5164	0	28	80	source_plane=0 shape=0 rot=0
terrain	void_overlay_no_floor_context	41	void overlay	1792	5165	0	28	80	source_plane=0 shape=0 rot=0
terrain	void_overlay_no_floor_context	41	void overlay	1792	5166	0	28	80	source_plane=0 shape=0 rot=0
terrain	void_overlay_no_floor_context	41	void overlay	1792	5167	0	28	80	source_plane=0 shape=0 rot=0
terrain	void_overlay_no_floor_context	41	void overlay	1792	5168	0	28	80	source_plane=0 shape=0 rot=0
terrain	void_overlay_no_floor_context	41	void overlay	1792	5169	0	28	80	source_plane=0 shape=0 rot=0
terrain	void_overlay_no_floor_context	41	void overlay	1792	5170	0	28	80	source_plane=0 shape=0 rot=0
terrain	void_overlay_no_floor_context	41	void overlay	1792	5171	0	28	80	source_plane=0 shape=0 rot=0
terrain	void_overlay_no_floor_context	41	void overlay	1792	5172	0	28	80	source_plane=0 shape=0 rot=0
terrain	void_overlay_no_floor_context	41	void overlay	1792	5173	0	28	80	source_plane=0 shape=0 rot=0
terrain	void_overlay_no_floor_context	41	void overlay	1792	5174	0	28	80	source_plane=0 shape=0 rot=0
terrain	void_overlay_no_floor_context	41	void overlay	1792	5175	0	28	80	source_plane=0 shape=0 rot=0
terrain	void_overlay_no_floor_context	41	void overlay	1792	5176	0	28	80	source_plane=0 shape=0 rot=0
terrain	void_overlay_no_floor_context	41	void overlay	1792	5177	0	28	80	source_plane=0 shape=0 rot=0
terrain	void_overlay_no_floor_context	41	void overlay	1792	5178	0	28	80	source_plane=0 shape=0 rot=0
terrain	void_overlay_no_floor_context	41	void overlay	1792	5179	0	28	80	source_plane=0 shape=0 rot=0
terrain	void_overlay_no_floor_context	41	void overlay	1792	5180	0	28	80	source_plane=0 shape=0 rot=0
terrain	void_overlay_no_floor_context	41	void overlay	1792	5181	0	28	80	source_plane=0 shape=0 rot=0
terrain	void_overlay_no_floor_context	41	void overlay	1792	5182	0	28	80	source_plane=0 shape=0 rot=0
terrain	void_overlay_no_floor_context	41	void overlay	1792	5183	0	28	80	source_plane=0 shape=0 rot=0
terrain	void_overlay_no_floor_context	41	void overlay	1793	5122	0	28	80	source_plane=0 shape=0 rot=0
terrain	void_overlay_no_floor_context	41	void overlay	1793	5123	0	28	80	source_plane=0 shape=0 rot=0
terrain	void_overlay_no_floor_context	41	void overlay	1793	5124	0	28	80	source_plane=0 shape=0 rot=0
terrain	void_overlay_no_floor_context	41	void overlay	1793	5125	0	28	80	source_plane=0 shape=0 rot=0
terrain	void_overlay_no_floor_context	41	void overlay	1793	5126	0	28	80	source_plane=0 shape=0 rot=0
terrain	void_overlay_no_floor_context	41	void overlay	1793	5127	0	28	80	source_plane=0 shape=0 rot=0
terrain	void_overlay_no_floor_context	41	void overlay	1793	5128	0	28	80	source_plane=0 shape=0 rot=0
terrain	void_overlay_no_floor_context	41	void overlay	1793	5129	0	28	80	source_plane=0 shape=0 rot=0
terrain	void_overlay_no_floor_context	41	void overlay	1793	5130	0	28	80	source_plane=0 shape=0 rot=0
terrain	void_overlay_no_floor_context	41	void overlay	1793	5131	0	28	80	source_plane=0 shape=0 rot=0
terrain	void_overlay_no_floor_context	41	void overlay	1793	5132	0	28	80	source_plane=0 shape=0 rot=0
terrain	void_overlay_no_floor_context	41	void overlay	1793	5133	0	28	80	source_plane=0 shape=0 rot=0
terrain	void_overlay_no_floor_context	41	void overlay	1793	5134	0	28	80	source_plane=0 shape=0 rot=0
terrain	void_overlay_no_floor_context	41	void overlay	1793	5135	0	28	80	source_plane=0 shape=0 rot=0
terrain	void_overlay_no_floor_context	41	void overlay	1793	5136	0	28	80	source_plane=0 shape=0 rot=0
terrain	void_overlay_no_floor_context	41	void overlay	1793	5137	0	28	80	source_plane=0 shape=0 rot=0
terrain	void_overlay_no_floor_context	41	void overlay	1793	5138	0	28	80	source_plane=0 shape=0 rot=0
terrain	void_overlay_no_floor_context	41	void overlay	1793	5139	0	28	80	source_plane=0 shape=0 rot=0
terrain	void_overlay_no_floor_context	41	void overlay	1793	5140	0	28	80	source_plane=0 shape=0 rot=0
terrain	void_overlay_no_floor_context	41	void overlay	1793	5141	0	28	80	source_plane=0 shape=0 rot=0
terrain	void_overlay_no_floor_context	41	void overlay	1793	5142	0	28	80	source_plane=0 shape=0 rot=0
terrain	void_overlay_no_floor_context	41	void overlay	1793	5143	0	28	80	source_plane=0 shape=0 rot=0
terrain	void_overlay_no_floor_context	41	void overlay	1793	5144	0	28	80	source_plane=0 shape=0 rot=0
terrain	void_overlay_no_floor_context	41	void overlay	1793	5145	0	28	80	source_plane=0 shape=0 rot=0
terrain	void_overlay_no_floor_context	41	void overlay	1793	5146	0	28	80	source_plane=0 shape=0 rot=0
terrain	void_overlay_no_floor_context	41	void overlay	1793	5147	0	28	80	source_plane=0 shape=0 rot=0
terrain	void_overlay_no_floor_context	41	void overlay	1793	5148	0	28	80	source_plane=0 shape=0 rot=0
terrain	void_overlay_no_floor_context	41	void overlay	1793	5149	0	28	80	source_plane=0 shape=0 rot=0
terrain	void_overlay_no_floor_context	41	void overlay	1793	5150	0	28	80	source_plane=0 shape=0 rot=0
terrain	void_overlay_no_floor_context	41	void overlay	1793	5151	0	28	80	source_plane=0 shape=0 rot=0
terrain	void_overlay_no_floor_context	41	void overlay	1793	5152	0	28	80	source_plane=0 shape=0 rot=0
terrain	void_overlay_no_floor_context	41	void overlay	1793	5153	0	28	80	source_plane=0 shape=0 rot=0
terrain	void_overlay_no_floor_context	41	void overlay	1793	5154	0	28	80	source_plane=0 shape=0 rot=0
terrain	void_overlay_no_floor_context	41	void overlay	1793	5155	0	28	80	source_plane=0 shape=0 rot=0
terrain	void_overlay_no_floor_context	41	void overlay	1793	5156	0	28	80	source_plane=0 shape=0 rot=0
terrain	void_overlay_no_floor_context	41	void overlay	1793	5157	0	28	80	source_plane=0 shape=0 rot=0
terrain	void_overlay_no_floor_context	41	void overlay	1793	5158	0	28	80	source_plane=0 shape=0 rot=0
terrain	void_overlay_no_floor_context	41	void overlay	1793	5159	0	28	80	source_plane=0 shape=0 rot=0
terrain	void_overlay_no_floor_context	41	void overlay	1793	5160	0	28	80	source_plane=0 shape=0 rot=0
terrain	void_overlay_no_floor_context	41	void overlay	1793	5161	0	28	80	source_plane=0 shape=0 rot=0
terrain	void_overlay_no_floor_context	41	void overlay	1793	5162	0	28	80	source_plane=0 shape=0 rot=0
terrain	void_overlay_no_floor_context	41	void overlay	1793	5163	0	28	80	source_plane=0 shape=0 rot=0
terrain	void_overlay_no_floor_context	41	void overlay	1793	5164	0	28	80	source_plane=0 shape=0 rot=0
terrain	void_overlay_no_floor_context	41	void overlay	1793	5165	0	28	80	source_plane=0 shape=0 rot=0
terrain	void_overlay_no_floor_context	41	void overlay	1793	5166	0	28	80	source_plane=0 shape=0 rot=0
terrain	void_overlay_no_floor_context	41	void overlay	1793	5167	0	28	80	source_plane=0 shape=0 rot=0
terrain	void_overlay_no_floor_context	41	void overlay	1793	5168	0	28	80	source_plane=0 shape=0 rot=0
terrain	void_overlay_no_floor_context	41	void overlay	1793	5169	0	28	80	source_plane=0 shape=0 rot=0
terrain	void_overlay_no_floor_context	41	void overlay	1793	5170	0	28	80	source_plane=0 shape=0 rot=0
terrain	void_overlay_no_floor_context	41	void overlay	1793	5171	0	28	80	source_plane=0 shape=0 rot=0
terrain	void_overlay_no_floor_context	41	void overlay	1793	5172	0	28	80	source_plane=0 shape=0 rot=0
terrain	void_overlay_no_floor_context	41	void overlay	1793	5173	0	28	80	source_plane=0 shape=0 rot=0
terrain	void_overlay_no_floor_context	41	void overlay	1793	5174	0	28	80	source_plane=0 shape=0 rot=0
terrain	void_overlay_no_floor_context	41	void overlay	1793	5175	0	28	80	source_plane=0 shape=0 rot=0
terrain	void_overlay_no_floor_context	41	void overlay	1793	5176	0	28	80	source_plane=0 shape=0 rot=0
terrain	void_overlay_no_floor_context	41	void overlay	1793	5177	0	28	80	source_plane=0 shape=0 rot=0
terrain	void_overlay_no_floor_context	41	void overlay	1793	5178	0	28	80	source_plane=0 shape=0 rot=0
terrain	void_overlay_no_floor_context	41	void overlay	1793	5179	0	28	80	source_plane=0 shape=0 rot=0
terrain	void_overlay_no_floor_context	41	void overlay	1793	5180	0	28	80	source_plane=0 shape=0 rot=0
terrain	void_overlay_no_floor_context	41	void overlay	1793	5181	0	28	80	source_plane=0 shape=0 rot=0
terrain	void_overlay_no_floor_context	41	void overlay	1793	5182	0	28	80	source_plane=0 shape=0 rot=0
terrain	void_overlay_no_floor_context	41	void overlay	1793	5183	0	28	80	source_plane=0 shape=0 rot=0
terrain	void_overlay_no_floor_context	41	void overlay	1794	5122	0	28	80	source_plane=0 shape=0 rot=0
terrain	void_overlay_no_floor_context	41	void overlay	1794	5123	0	28	80	source_plane=0 shape=0 rot=0
terrain	void_overlay_no_floor_context	41	void overlay	1794	5124	0	28	80	source_plane=0 shape=0 rot=0
terrain	void_overlay_no_floor_context	41	void overlay	1794	5125	0	28	80	source_plane=0 shape=0 rot=0
terrain	void_overlay_no_floor_context	41	void overlay	1794	5126	0	28	80	source_plane=0 shape=0 rot=0
terrain	void_overlay_no_floor_context	41	void overlay	1794	5127	0	28	80	source_plane=0 shape=0 rot=0
terrain	void_overlay_no_floor_context	41	void overlay	1794	5128	0	28	80	source_plane=0 shape=0 rot=0
terrain	void_overlay_no_floor_context	41	void overlay	1794	5129	0	28	80	source_plane=0 shape=0 rot=0
terrain	void_overlay_no_floor_context	41	void overlay	1794	5130	0	28	80	source_plane=0 shape=0 rot=0
terrain	void_overlay_no_floor_context	41	void overlay	1794	5131	0	28	80	source_plane=0 shape=0 rot=0
terrain	void_overlay_no_floor_context	41	void overlay	1794	5132	0	28	80	source_plane=0 shape=0 rot=0
terrain	void_overlay_no_floor_context	41	void overlay	1794	5133	0	28	80	source_plane=0 shape=0 rot=0
terrain	void_overlay_no_floor_context	41	void overlay	1794	5134	0	28	80	source_plane=0 shape=0 rot=0
terrain	void_overlay_no_floor_context	41	void overlay	1794	5135	0	28	80	source_plane=0 shape=0 rot=0
terrain	void_overlay_no_floor_context	41	void overlay	1794	5136	0	28	80	source_plane=0 shape=0 rot=0
terrain	void_overlay_no_floor_context	41	void overlay	1794	5137	0	28	80	source_plane=0 shape=0 rot=0
terrain	void_overlay_no_floor_context	41	void overlay	1794	5138	0	28	80	source_plane=0 shape=0 rot=0
terrain	void_overlay_no_floor_context	41	void overlay	1794	5139	0	28	80	source_plane=0 shape=0 rot=0
terrain	void_overlay_no_floor_context	41	void overlay	1794	5140	0	28	80	source_plane=0 shape=0 rot=0
terrain	void_overlay_no_floor_context	41	void overlay	1794	5141	0	28	80	source_plane=0 shape=0 rot=0
terrain	void_overlay_no_floor_context	41	void overlay	1794	5142	0	28	80	source_plane=0 shape=0 rot=0
terrain	void_overlay_no_floor_context	41	void overlay	1794	5143	0	28	80	source_plane=0 shape=0 rot=0
terrain	void_overlay_no_floor_context	41	void overlay	1794	5144	0	28	80	source_plane=0 shape=0 rot=0
terrain	void_overlay_no_floor_context	41	void overlay	1794	5145	0	28	80	source_plane=0 shape=0 rot=0
terrain	void_overlay_no_floor_context	41	void overlay	1794	5146	0	28	80	source_plane=0 shape=0 rot=0
terrain	void_overlay_no_floor_context	41	void overlay	1794	5147	0	28	80	source_plane=0 shape=0 rot=0
terrain	void_overlay_no_floor_context	41	void overlay	1794	5148	0	28	80	source_plane=0 shape=0 rot=0
terrain	void_overlay_no_floor_context	41	void overlay	1794	5149	0	28	80	source_plane=0 shape=0 rot=0
terrain	void_overlay_no_floor_context	41	void overlay	1794	5150	0	28	80	source_plane=0 shape=0 rot=0
terrain	void_overlay_no_floor_context	41	void overlay	1794	5151	0	28	80	source_plane=0 shape=0 rot=0
terrain	void_overlay_no_floor_context	41	void overlay	1794	5152	0	28	80	source_plane=0 shape=0 rot=0
terrain	void_overlay_no_floor_context	41	void overlay	1794	5153	0	28	80	source_plane=0 shape=0 rot=0
terrain	void_overlay_no_floor_context	41	void overlay	1794	5154	0	28	80	source_plane=0 shape=0 rot=0
terrain	void_overlay_no_floor_context	41	void overlay	1794	5155	0	28	80	source_plane=0 shape=0 rot=0
terrain	void_overlay_no_floor_context	41	void overlay	1794	5156	0	28	80	source_plane=0 shape=0 rot=0
terrain	void_overlay_no_floor_context	41	void overlay	1794	5157	0	28	80	source_plane=0 shape=0 rot=0
terrain	void_overlay_no_floor_context	41	void overlay	1794	5158	0	28	80	source_plane=0 shape=0 rot=0
terrain	void_overlay_no_floor_context	41	void overlay	1794	5159	0	28	80	source_plane=0 shape=0 rot=0
terrain	void_overlay_no_floor_context	41	void overlay	1794	5160	0	28	80	source_plane=0 shape=0 rot=0
terrain	void_overlay_no_floor_context	41	void overlay	1794	5161	0	28	80	source_plane=0 shape=0 rot=0
terrain	void_overlay_no_floor_context	41	void overlay	1794	5162	0	28	80	source_plane=0 shape=0 rot=0
terrain	void_overlay_no_floor_context	41	void overlay	1794	5163	0	28	80	source_plane=0 shape=0 rot=0
terrain	void_overlay_no_floor_context	41	void overlay	1794	5164	0	28	80	source_plane=0 shape=0 rot=0
terrain	void_overlay_no_floor_context	41	void overlay	1794	5165	0	28	80	source_plane=0 shape=0 rot=0
terrain	void_overlay_no_floor_context	41	void overlay	1794	5166	0	28	80	source_plane=0 shape=0 rot=0
terrain	void_overlay_no_floor_context	41	void overlay	1794	5167	0	28	80	source_plane=0 shape=0 rot=0
terrain	void_overlay_no_floor_context	41	void overlay	1794	5168	0	28	80	source_plane=0 shape=0 rot=0
terrain	void_overlay_no_floor_context	41	void overlay	1794	5169	0	28	80	source_plane=0 shape=0 rot=0
terrain	void_overlay_no_floor_context	41	void overlay	1794	5170	0	28	80	source_plane=0 shape=0 rot=0
terrain	void_overlay_no_floor_context	41	void overlay	1794	5171	0	28	80	source_plane=0 shape=0 rot=0
terrain	void_overlay_no_floor_context	41	void overlay	1794	5172	0	28	80	source_plane=0 shape=0 rot=0
terrain	void_overlay_no_floor_context	41	void overlay	1794	5173	0	28	80	source_plane=0 shape=0 rot=0
terrain	void_overlay_no_floor_context	41	void overlay	1794	5174	0	28	80	source_plane=0 shape=0 rot=0
terrain	void_overlay_no_floor_context	41	void overlay	1794	5175	0	28	80	source_plane=0 shape=0 rot=0
terrain	void_overlay_no_floor_context	41	void overlay	1794	5176	0	28	80	source_plane=0 shape=0 rot=0
terrain	void_overlay_no_floor_context	41	void overlay	1794	5177	0	28	80	source_plane=0 shape=0 rot=0
terrain	void_overlay_no_floor_context	41	void overlay	1794	5178	0	28	80	source_plane=0 shape=0 rot=0
terrain	void_overlay_no_floor_context	41	void overlay	1794	5179	0	28	80	source_plane=0 shape=0 rot=0
terrain	void_overlay_no_floor_context	41	void overlay	1794	5180	0	28	80	source_plane=0 shape=0 rot=0
terrain	void_overlay_no_floor_context	41	void overlay	1794	5181	0	28	80	source_plane=0 shape=0 rot=0
terrain	void_overlay_no_floor_context	41	void overlay	1794	5182	0	28	80	source_plane=0 shape=0 rot=0
terrain	void_overlay_no_floor_context	41	void overlay	1794	5183	0	28	80	source_plane=0 shape=0 rot=0
terrain	void_overlay_no_floor_context	41	void overlay	1795	5122	0	28	80	source_plane=0 shape=0 rot=0
terrain	void_overlay_no_floor_context	41	void overlay	1795	5123	0	28	80	source_plane=0 shape=0 rot=0
terrain	void_overlay_no_floor_context	41	void overlay	1795	5124	0	28	80	source_plane=0 shape=0 rot=0
terrain	void_overlay_no_floor_context	41	void overlay	1795	5125	0	28	80	source_plane=0 shape=0 rot=0
terrain	void_overlay_no_floor_context	41	void overlay	1795	5126	0	28	80	source_plane=0 shape=0 rot=0
terrain	void_overlay_no_floor_context	41	void overlay	1795	5127	0	28	80	source_plane=0 shape=0 rot=0
terrain	void_overlay_no_floor_context	41	void overlay	1795	5128	0	28	80	source_plane=0 shape=0 rot=0
terrain	void_overlay_no_floor_context	41	void overlay	1795	5129	0	28	80	source_plane=0 shape=0 rot=0
terrain	void_overlay_no_floor_context	41	void overlay	1795	5130	0	28	80	source_plane=0 shape=0 rot=0
terrain	void_overlay_no_floor_context	41	void overlay	1795	5131	0	28	80	source_plane=0 shape=0 rot=0
terrain	void_overlay_no_floor_context	41	void overlay	1795	5132	0	28	80	source_plane=0 shape=0 rot=0
terrain	void_overlay_no_floor_context	41	void overlay	1795	5133	0	28	80	source_plane=0 shape=0 rot=0
terrain	void_overlay_no_floor_context	41	void overlay	1795	5134	0	28	80	source_plane=0 shape=0 rot=0
terrain	void_overlay_no_floor_context	41	void overlay	1795	5135	0	28	80	source_plane=0 shape=0 rot=0
terrain	void_overlay_no_floor_context	41	void overlay	1795	5136	0	28	80	source_plane=0 shape=0 rot=0
terrain	void_overlay_no_floor_context	41	void overlay	1795	5137	0	28	80	source_plane=0 shape=0 rot=0
terrain	void_overlay_no_floor_context	41	void overlay	1795	5138	0	28	80	source_plane=0 shape=0 rot=0
terrain	void_overlay_no_floor_context	41	void overlay	1795	5139	0	28	80	source_plane=0 shape=0 rot=0
terrain	void_overlay_no_floor_context	41	void overlay	1795	5140	0	28	80	source_plane=0 shape=0 rot=0
terrain	void_overlay_no_floor_context	41	void overlay	1795	5141	0	28	80	source_plane=0 shape=0 rot=0
terrain	void_overlay_no_floor_context	41	void overlay	1795	5142	0	28	80	source_plane=0 shape=0 rot=0
terrain	void_overlay_no_floor_context	41	void overlay	1795	5143	0	28	80	source_plane=0 shape=0 rot=0
terrain	void_overlay_no_floor_context	41	void overlay	1795	5144	0	28	80	source_plane=0 shape=0 rot=0
terrain	void_overlay_no_floor_context	41	void overlay	1795	5145	0	28	80	source_plane=0 shape=0 rot=0
terrain	void_overlay_no_floor_context	41	void overlay	1795	5146	0	28	80	source_plane=0 shape=0 rot=0
terrain	void_overlay_no_floor_context	41	void overlay	1795	5147	0	28	80	source_plane=0 shape=0 rot=0
terrain	void_overlay_no_floor_context	41	void overlay	1795	5148	0	28	80	source_plane=0 shape=0 rot=0
terrain	void_overlay_no_floor_context	41	void overlay	1795	5149	0	28	80	source_plane=0 shape=0 rot=0
terrain	void_overlay_no_floor_context	41	void overlay	1795	5150	0	28	80	source_plane=0 shape=0 rot=0
terrain	void_overlay_no_floor_context	41	void overlay	1795	5151	0	28	80	source_plane=0 shape=0 rot=0
terrain	void_overlay_no_floor_context	41	void overlay	1795	5152	0	28	80	source_plane=0 shape=0 rot=0
terrain	void_overlay_no_floor_context	41	void overlay	1795	5153	0	28	80	source_plane=0 shape=0 rot=0
terrain	void_overlay_no_floor_context	41	void overlay	1795	5154	0	28	80	source_plane=0 shape=0 rot=0
terrain	void_overlay_no_floor_context	41	void overlay	1795	5155	0	28	80	source_plane=0 shape=0 rot=0
terrain	void_overlay_no_floor_context	41	void overlay	1795	5156	0	28	80	source_plane=0 shape=0 rot=0
terrain	void_overlay_no_floor_context	41	void overlay	1795	5157	0	28	80	source_plane=0 shape=0 rot=0
terrain	void_overlay_no_floor_context	41	void overlay	1795	5158	0	28	80	source_plane=0 shape=0 rot=0
terrain	void_overlay_no_floor_context	41	void overlay	1795	5159	0	28	80	source_plane=0 shape=0 rot=0
terrain	void_overlay_no_floor_context	41	void overlay	1795	5160	0	28	80	source_plane=0 shape=0 rot=0
terrain	void_overlay_no_floor_context	41	void overlay	1795	5161	0	28	80	source_plane=0 shape=0 rot=0
terrain	void_overlay_no_floor_context	41	void overlay	1795	5162	0	28	80	source_plane=0 shape=0 rot=0
terrain	void_overlay_no_floor_context	41	void overlay	1795	5163	0	28	80	source_plane=0 shape=0 rot=0
terrain	void_overlay_no_floor_context	41	void overlay	1795	5164	0	28	80	source_plane=0 shape=0 rot=0
terrain	void_overlay_no_floor_context	41	void overlay	1795	5165	0	28	80	source_plane=0 shape=0 rot=0
terrain	void_overlay_no_floor_context	41	void overlay	1795	5166	0	28	80	source_plane=0 shape=0 rot=0
terrain	void_overlay_no_floor_context	41	void overlay	1795	5167	0	28	80	source_plane=0 shape=0 rot=0
terrain	void_overlay_no_floor_context	41	void overlay	1795	5168	0	28	80	source_plane=0 shape=0 rot=0
terrain	void_overlay_no_floor_context	41	void overlay	1795	5169	0	28	80	source_plane=0 shape=0 rot=0
terrain	void_overlay_no_floor_context	41	void overlay	1795	5170	0	28	80	source_plane=0 shape=0 rot=0
terrain	void_overlay_no_floor_context	41	void overlay	1795	5171	0	28	80	source_plane=0 shape=0 rot=0
terrain	void_overlay_no_floor_context	41	void overlay	1795	5172	0	28	80	source_plane=0 shape=0 rot=0
terrain	void_overlay_no_floor_context	41	void overlay	1795	5173	0	28	80	source_plane=0 shape=0 rot=0
terrain	void_overlay_no_floor_context	41	void overlay	1795	5174	0	28	80	source_plane=0 shape=0 rot=0
terrain	void_overlay_no_floor_context	41	void overlay	1795	5175	0	28	80	source_plane=0 shape=0 rot=0
terrain	void_overlay_no_floor_context	41	void overlay	1795	5176	0	28	80	source_plane=0 shape=0 rot=0
terrain	void_overlay_no_floor_context	41	void overlay	1795	5177	0	28	80	source_plane=0 shape=0 rot=0
terrain	void_overlay_no_floor_context	41	void overlay	1795	5178	0	28	80	source_plane=0 shape=0 rot=0
terrain	void_overlay_no_floor_context	41	void overlay	1795	5179	0	28	80	source_plane=0 shape=0 rot=0
terrain	void_overlay_no_floor_context	41	void overlay	1795	5180	0	28	80	source_plane=0 shape=0 rot=0
terrain	void_overlay_no_floor_context	41	void overlay	1795	5181	0	28	80	source_plane=0 shape=0 rot=0
terrain	void_overlay_no_floor_context	41	void overlay	1795	5182	0	28	80	source_plane=0 shape=0 rot=0
terrain	void_overlay_no_floor_context	41	void overlay	1795	5183	0	28	80	source_plane=0 shape=0 rot=0
terrain	void_overlay_no_floor_context	41	void overlay	1796	5122	0	28	80	source_plane=0 shape=0 rot=0
terrain	void_overlay_no_floor_context	41	void overlay	1796	5123	0	28	80	source_plane=0 shape=0 rot=0
terrain	void_overlay_no_floor_context	41	void overlay	1796	5124	0	28	80	source_plane=0 shape=0 rot=0
terrain	void_overlay_no_floor_context	41	void overlay	1796	5125	0	28	80	source_plane=0 shape=0 rot=0
terrain	void_overlay_no_floor_context	41	void overlay	1796	5126	0	28	80	source_plane=0 shape=0 rot=0
terrain	void_overlay_no_floor_context	41	void overlay	1796	5127	0	28	80	source_plane=0 shape=0 rot=0
terrain	void_overlay_no_floor_context	41	void overlay	1796	5128	0	28	80	source_plane=0 shape=0 rot=0
terrain	void_overlay_no_floor_context	41	void overlay	1796	5129	0	28	80	source_plane=0 shape=0 rot=0
terrain	void_overlay_no_floor_context	41	void overlay	1796	5130	0	28	80	source_plane=0 shape=0 rot=0
terrain	void_overlay_no_floor_context	41	void overlay	1796	5131	0	28	80	source_plane=0 shape=0 rot=0
terrain	void_overlay_no_floor_context	41	void overlay	1796	5132	0	28	80	source_plane=0 shape=0 rot=0
terrain	void_overlay_no_floor_context	41	void overlay	1796	5133	0	28	80	source_plane=0 shape=0 rot=0
terrain	void_overlay_no_floor_context	41	void overlay	1796	5134	0	28	80	source_plane=0 shape=0 rot=0
terrain	void_overlay_no_floor_context	41	void overlay	1796	5135	0	28	80	source_plane=0 shape=0 rot=0
terrain	void_overlay_no_floor_context	41	void overlay	1796	5136	0	28	80	source_plane=0 shape=0 rot=0
terrain	void_overlay_no_floor_context	41	void overlay	1796	5137	0	28	80	source_plane=0 shape=0 rot=0
terrain	void_overlay_no_floor_context	41	void overlay	1796	5138	0	28	80	source_plane=0 shape=0 rot=0
terrain	void_overlay_no_floor_context	41	void overlay	1796	5139	0	28	80	source_plane=0 shape=0 rot=0
terrain	void_overlay_no_floor_context	41	void overlay	1796	5140	0	28	80	source_plane=0 shape=0 rot=0
terrain	void_overlay_no_floor_context	41	void overlay	1796	5141	0	28	80	source_plane=0 shape=0 rot=0
terrain	void_overlay_no_floor_context	41	void overlay	1796	5142	0	28	80	source_plane=0 shape=0 rot=0
terrain	void_overlay_no_floor_context	41	void overlay	1796	5143	0	28	80	source_plane=0 shape=0 rot=0
terrain	void_overlay_no_floor_context	41	void overlay	1796	5144	0	28	80	source_plane=0 shape=0 rot=0
terrain	void_overlay_no_floor_context	41	void overlay	1796	5145	0	28	80	source_plane=0 shape=0 rot=0
terrain	void_overlay_no_floor_context	41	void overlay	1796	5146	0	28	80	source_plane=0 shape=0 rot=0
terrain	void_overlay_no_floor_context	41	void overlay	1796	5147	0	28	80	source_plane=0 shape=0 rot=0
terrain	void_overlay_no_floor_context	41	void overlay	1796	5148	0	28	80	source_plane=0 shape=0 rot=0
terrain	void_overlay_no_floor_context	41	void overlay	1796	5149	0	28	80	source_plane=0 shape=0 rot=0
terrain	void_overlay_no_floor_context	41	void overlay	1796	5150	0	28	80	source_plane=0 shape=0 rot=0
terrain	void_overlay_no_floor_context	41	void overlay	1796	5151	0	28	80	source_plane=0 shape=0 rot=0
terrain	void_overlay_no_floor_context	41	void overlay	1796	5152	0	28	80	source_plane=0 shape=0 rot=0
terrain	void_overlay_no_floor_context	41	void overlay	1796	5153	0	28	80	source_plane=0 shape=0 rot=0
terrain	void_overlay_no_floor_context	41	void overlay	1796	5154	0	28	80	source_plane=0 shape=0 rot=0
terrain	void_overlay_no_floor_context	41	void overlay	1796	5155	0	28	80	source_plane=0 shape=0 rot=0
terrain	void_overlay_no_floor_context	41	void overlay	1796	5156	0	28	80	source_plane=0 shape=0 rot=0
terrain	void_overlay_no_floor_context	41	void overlay	1796	5157	0	28	80	source_plane=0 shape=0 rot=0
terrain	void_overlay_no_floor_context	41	void overlay	1796	5158	0	28	80	source_plane=0 shape=0 rot=0
terrain	void_overlay_no_floor_context	41	void overlay	1796	5159	0	28	80	source_plane=0 shape=0 rot=0
terrain	void_overlay_no_floor_context	41	void overlay	1796	5160	0	28	80	source_plane=0 shape=0 rot=0
terrain	void_overlay_no_floor_context	41	void overlay	1796	5161	0	28	80	source_plane=0 shape=0 rot=0
terrain	void_overlay_no_floor_context	41	void overlay	1796	5162	0	28	80	source_plane=0 shape=0 rot=0
terrain	void_overlay_no_floor_context	41	void overlay	1796	5163	0	28	80	source_plane=0 shape=0 rot=0
terrain	void_overlay_no_floor_context	41	void overlay	1796	5164	0	28	80	source_plane=0 shape=0 rot=0
terrain	void_overlay_no_floor_context	41	void overlay	1796	5165	0	28	80	source_plane=0 shape=0 rot=0
terrain	void_overlay_no_floor_context	41	void overlay	1796	5166	0	28	80	source_plane=0 shape=0 rot=0
terrain	void_overlay_no_floor_context	41	void overlay	1796	5167	0	28	80	source_plane=0 shape=0 rot=0
terrain	void_overlay_no_floor_context	41	void overlay	1796	5168	0	28	80	source_plane=0 shape=0 rot=0
terrain	void_overlay_no_floor_context	41	void overlay	1796	5169	0	28	80	source_plane=0 shape=0 rot=0
terrain	void_overlay_no_floor_context	41	void overlay	1796	5170	0	28	80	source_plane=0 shape=0 rot=0
terrain	void_overlay_no_floor_context	41	void overlay	1796	5171	0	28	80	source_plane=0 shape=0 rot=0
terrain	void_overlay_no_floor_context	41	void overlay	1796	5172	0	28	80	source_plane=0 shape=0 rot=0
terrain	void_overlay_no_floor_context	41	void overlay	1796	5173	0	28	80	source_plane=0 shape=0 rot=0
terrain	void_overlay_no_floor_context	41	void overlay	1796	5174	0	28	80	source_plane=0 shape=0 rot=0
terrain	void_overlay_no_floor_context	41	void overlay	1796	5175	0	28	80	source_plane=0 shape=0 rot=0
terrain	void_overlay_no_floor_context	41	void overlay	1796	5176	0	28	80	source_plane=0 shape=0 rot=0
terrain	void_overlay_no_floor_context	41	void overlay	1796	5177	0	28	80	source_plane=0 shape=0 rot=0
terrain	void_overlay_no_floor_context	41	void overlay	1796	5178	0	28	80	source_plane=0 shape=0 rot=0
terrain	void_overlay_no_floor_context	41	void overlay	1796	5179	0	28	80	source_plane=0 shape=0 rot=0
terrain	void_overlay_no_floor_context	41	void overlay	1796	5180	0	28	80	source_plane=0 shape=0 rot=0
terrain	void_overlay_no_floor_context	41	void overlay	1796	5181	0	28	80	source_plane=0 shape=0 rot=0
terrain	void_overlay_no_floor_context	41	void overlay	1796	5182	0	28	80	source_plane=0 shape=0 rot=0
terrain	void_overlay_no_floor_context	41	void overlay	1796	5183	0	28	80	source_plane=0 shape=0 rot=0
terrain	void_overlay_no_floor_context	41	void overlay	1797	5122	0	28	80	source_plane=0 shape=0 rot=0
terrain	void_overlay_no_floor_context	41	void overlay	1797	5123	0	28	80	source_plane=0 shape=0 rot=0
terrain	void_overlay_no_floor_context	41	void overlay	1797	5124	0	28	80	source_plane=0 shape=0 rot=0
terrain	void_overlay_no_floor_context	41	void overlay	1797	5125	0	28	80	source_plane=0 shape=0 rot=0
terrain	void_overlay_no_floor_context	41	void overlay	1797	5126	0	28	80	source_plane=0 shape=0 rot=0
terrain	void_overlay_no_floor_context	41	void overlay	1797	5127	0	28	80	source_plane=0 shape=0 rot=0
terrain	void_overlay_no_floor_context	41	void overlay	1797	5128	0	28	80	source_plane=0 shape=0 rot=0
terrain	void_overlay_no_floor_context	41	void overlay	1797	5129	0	28	80	source_plane=0 shape=0 rot=0
terrain	void_overlay_no_floor_context	41	void overlay	1797	5130	0	28	80	source_plane=0 shape=0 rot=0
terrain	void_overlay_no_floor_context	41	void overlay	1797	5131	0	28	80	source_plane=0 shape=0 rot=0
terrain	void_overlay_no_floor_context	41	void overlay	1797	5132	0	28	80	source_plane=0 shape=0 rot=0
terrain	void_overlay_no_floor_context	41	void overlay	1797	5133	0	28	80	source_plane=0 shape=0 rot=0
terrain	void_overlay_no_floor_context	41	void overlay	1797	5134	0	28	80	source_plane=0 shape=0 rot=0
terrain	void_overlay_no_floor_context	41	void overlay	1797	5135	0	28	80	source_plane=0 shape=0 rot=0
terrain	void_overlay_no_floor_context	41	void overlay	1797	5136	0	28	80	source_plane=0 shape=0 rot=0
terrain	void_overlay_no_floor_context	41	void overlay	1797	5137	0	28	80	source_plane=0 shape=0 rot=0
terrain	void_overlay_no_floor_context	41	void overlay	1797	5138	0	28	80	source_plane=0 shape=0 rot=0
terrain	void_overlay_no_floor_context	41	void overlay	1797	5139	0	28	80	source_plane=0 shape=0 rot=0
terrain	void_overlay_no_floor_context	41	void overlay	1797	5140	0	28	80	source_plane=0 shape=0 rot=0
terrain	void_overlay_no_floor_context	41	void overlay	1797	5141	0	28	80	source_plane=0 shape=0 rot=0
terrain	void_overlay_no_floor_context	41	void overlay	1797	5142	0	28	80	source_plane=0 shape=0 rot=0
terrain	void_overlay_no_floor_context	41	void overlay	1797	5143	0	28	80	source_plane=0 shape=0 rot=0
terrain	void_overlay_no_floor_context	41	void overlay	1797	5144	0	28	80	source_plane=0 shape=0 rot=0
terrain	void_overlay_no_floor_context	41	void overlay	1797	5145	0	28	80	source_plane=0 shape=0 rot=0
terrain	void_overlay_no_floor_context	41	void overlay	1797	5146	0	28	80	source_plane=0 shape=0 rot=0
terrain	void_overlay_no_floor_context	41	void overlay	1797	5147	0	28	80	source_plane=0 shape=0 rot=0
terrain	void_overlay_no_floor_context	41	void overlay	1797	5148	0	28	80	source_plane=0 shape=0 rot=0
terrain	void_overlay_no_floor_context	41	void overlay	1797	5149	0	28	80	source_plane=0 shape=0 rot=0
terrain	void_overlay_no_floor_context	41	void overlay	1797	5150	0	28	80	source_plane=0 shape=0 rot=0
terrain	void_overlay_no_floor_context	41	void overlay	1797	5151	0	28	80	source_plane=0 shape=0 rot=0
terrain	void_overlay_no_floor_context	41	void overlay	1797	5152	0	28	80	source_plane=0 shape=0 rot=0
terrain	void_overlay_no_floor_context	41	void overlay	1797	5153	0	28	80	source_plane=0 shape=0 rot=0
terrain	void_overlay_no_floor_context	41	void overlay	1797	5154	0	28	80	source_plane=0 shape=0 rot=0
terrain	void_overlay_no_floor_context	41	void overlay	1797	5155	0	28	80	source_plane=0 shape=0 rot=0
terrain	void_overlay_no_floor_context	41	void overlay	1797	5156	0	28	80	source_plane=0 shape=0 rot=0
terrain	void_overlay_no_floor_context	41	void overlay	1797	5157	0	28	80	source_plane=0 shape=0 rot=0
terrain	void_overlay_no_floor_context	41	void overlay	1797	5158	0	28	80	source_plane=0 shape=0 rot=0
terrain	void_overlay_no_floor_context	41	void overlay	1797	5159	0	28	80	source_plane=0 shape=0 rot=0
terrain	void_overlay_no_floor_context	41	void overlay	1797	5160	0	28	80	source_plane=0 shape=0 rot=0
terrain	void_overlay_no_floor_context	41	void overlay	1797	5161	0	28	80	source_plane=0 shape=0 rot=0
terrain	void_overlay_no_floor_context	41	void overlay	1797	5162	0	28	80	source_plane=0 shape=0 rot=0
terrain	void_overlay_no_floor_context	41	void overlay	1797	5163	0	28	80	source_plane=0 shape=0 rot=0
terrain	void_overlay_no_floor_context	41	void overlay	1797	5164	0	28	80	source_plane=0 shape=0 rot=0
terrain	void_overlay_no_floor_context	41	void overlay	1797	5165	0	28	80	source_plane=0 shape=0 rot=0
terrain	void_overlay_no_floor_context	41	void overlay	1797	5166	0	28	80	source_plane=0 shape=0 rot=0
terrain	void_overlay_no_floor_context	41	void overlay	1797	5167	0	28	80	source_plane=0 shape=0 rot=0
terrain	void_overlay_no_floor_context	41	void overlay	1797	5168	0	28	80	source_plane=0 shape=0 rot=0
terrain	void_overlay_no_floor_context	41	void overlay	1797	5169	0	28	80	source_plane=0 shape=0 rot=0
terrain	void_overlay_no_floor_context	41	void overlay	1797	5170	0	28	80	source_plane=0 shape=0 rot=0
terrain	void_overlay_no_floor_context	41	void overlay	1797	5171	0	28	80	source_plane=0 shape=0 rot=0
terrain	void_overlay_no_floor_context	41	void overlay	1797	5172	0	28	80	source_plane=0 shape=0 rot=0
terrain	void_overlay_no_floor_context	41	void overlay	1797	5173	0	28	80	source_plane=0 shape=0 rot=0
terrain	void_overlay_no_floor_context	41	void overlay	1797	5174	0	28	80	source_plane=0 shape=0 rot=0
terrain	void_overlay_no_floor_context	41	void overlay	1797	5175	0	28	80	source_plane=0 shape=0 rot=0
terrain	void_overlay_no_floor_context	41	void overlay	1797	5176	0	28	80	source_plane=0 shape=0 rot=0
terrain	void_overlay_no_floor_context	41	void overlay	1797	5177	0	28	80	source_plane=0 shape=0 rot=0
terrain	void_overlay_no_floor_context	41	void overlay	1797	5178	0	28	80	source_plane=0 shape=0 rot=0
terrain	void_overlay_no_floor_context	41	void overlay	1797	5179	0	28	80	source_plane=0 shape=0 rot=0
terrain	void_overlay_no_floor_context	41	void overlay	1797	5180	0	28	80	source_plane=0 shape=0 rot=0
terrain	void_overlay_no_floor_context	41	void overlay	1797	5181	0	28	80	source_plane=0 shape=0 rot=0
terrain	void_overlay_no_floor_context	41	void overlay	1797	5182	0	28	80	source_plane=0 shape=0 rot=0
terrain	void_overlay_no_floor_context	41	void overlay	1797	5183	0	28	80	source_plane=0 shape=0 rot=0
terrain	void_overlay_no_floor_context	41	void overlay	1798	5122	0	28	80	source_plane=0 shape=0 rot=0
terrain	void_overlay_no_floor_context	41	void overlay	1798	5123	0	28	80	source_plane=0 shape=0 rot=0
terrain	void_overlay_no_floor_context	41	void overlay	1798	5124	0	28	80	source_plane=0 shape=0 rot=0
terrain	void_overlay_no_floor_context	41	void overlay	1798	5125	0	28	80	source_plane=0 shape=0 rot=0
terrain	void_overlay_no_floor_context	41	void overlay	1798	5126	0	28	80	source_plane=0 shape=0 rot=0
terrain	void_overlay_no_floor_context	41	void overlay	1798	5127	0	28	80	source_plane=0 shape=0 rot=0
terrain	void_overlay_no_floor_context	41	void overlay	1798	5128	0	28	80	source_plane=0 shape=0 rot=0
terrain	void_overlay_no_floor_context	41	void overlay	1798	5129	0	28	80	source_plane=0 shape=0 rot=0
terrain	void_overlay_no_floor_context	41	void overlay	1798	5130	0	28	80	source_plane=0 shape=0 rot=0
terrain	void_overlay_no_floor_context	41	void overlay	1798	5131	0	28	80	source_plane=0 shape=0 rot=0
terrain	void_overlay_no_floor_context	41	void overlay	1798	5132	0	28	80	source_plane=0 shape=0 rot=0
terrain	void_overlay_no_floor_context	41	void overlay	1798	5133	0	28	80	source_plane=0 shape=0 rot=0
terrain	void_overlay_no_floor_context	41	void overlay	1798	5134	0	28	80	source_plane=0 shape=0 rot=0
terrain	void_overlay_no_floor_context	41	void overlay	1798	5135	0	28	80	source_plane=0 shape=0 rot=0
terrain	void_overlay_no_floor_context	41	void overlay	1798	5136	0	28	80	source_plane=0 shape=0 rot=0
terrain	void_overlay_no_floor_context	41	void overlay	1798	5137	0	28	80	source_plane=0 shape=0 rot=0
terrain	void_overlay_no_floor_context	41	void overlay	1798	5138	0	28	80	source_plane=0 shape=0 rot=0
terrain	void_overlay_no_floor_context	41	void overlay	1798	5139	0	28	80	source_plane=0 shape=0 rot=0
terrain	void_overlay_no_floor_context	41	void overlay	1798	5140	0	28	80	source_plane=0 shape=0 rot=0
terrain	void_overlay_no_floor_context	41	void overlay	1798	5141	0	28	80	source_plane=0 shape=0 rot=0
terrain	void_overlay_no_floor_context	41	void overlay	1798	5142	0	28	80	source_plane=0 shape=0 rot=0
terrain	void_overlay_no_floor_context	41	void overlay	1798	5143	0	28	80	source_plane=0 shape=0 rot=0
terrain	void_overlay_no_floor_context	41	void overlay	1798	5144	0	28	80	source_plane=0 shape=0 rot=0
terrain	void_overlay_no_floor_context	41	void overlay	1798	5145	0	28	80	source_plane=0 shape=0 rot=0
terrain	void_overlay_no_floor_context	41	void overlay	1798	5146	0	28	80	source_plane=0 shape=0 rot=0
terrain	void_overlay_no_floor_context	41	void overlay	1798	5147	0	28	80	source_plane=0 shape=0 rot=0
terrain	void_overlay_no_floor_context	41	void overlay	1798	5148	0	28	80	source_plane=0 shape=0 rot=0
terrain	void_overlay_no_floor_context	41	void overlay	1798	5149	0	28	80	source_plane=0 shape=0 rot=0
terrain	void_overlay_no_floor_context	41	void overlay	1798	5150	0	28	80	source_plane=0 shape=0 rot=0
terrain	void_overlay_no_floor_context	41	void overlay	1798	5151	0	28	80	source_plane=0 shape=0 rot=0
terrain	void_overlay_no_floor_context	41	void overlay	1798	5152	0	28	80	source_plane=0 shape=0 rot=0
terrain	void_overlay_no_floor_context	41	void overlay	1798	5153	0	28	80	source_plane=0 shape=0 rot=0
terrain	void_overlay_no_floor_context	41	void overlay	1798	5154	0	28	80	source_plane=0 shape=0 rot=0
terrain	void_overlay_no_floor_context	41	void overlay	1798	5155	0	28	80	source_plane=0 shape=0 rot=0
terrain	void_overlay_no_floor_context	41	void overlay	1798	5156	0	28	80	source_plane=0 shape=0 rot=0
terrain	void_overlay_no_floor_context	41	void overlay	1798	5157	0	28	80	source_plane=0 shape=0 rot=0
terrain	void_overlay_no_floor_context	41	void overlay	1798	5158	0	28	80	source_plane=0 shape=0 rot=0
terrain	void_overlay_no_floor_context	41	void overlay	1798	5159	0	28	80	source_plane=0 shape=0 rot=0
terrain	void_overlay_no_floor_context	41	void overlay	1798	5160	0	28	80	source_plane=0 shape=0 rot=0
terrain	void_overlay_no_floor_context	41	void overlay	1798	5161	0	28	80	source_plane=0 shape=0 rot=0
terrain	void_overlay_no_floor_context	41	void overlay	1798	5162	0	28	80	source_plane=0 shape=0 rot=0
terrain	void_overlay_no_floor_context	41	void overlay	1798	5163	0	28	80	source_plane=0 shape=0 rot=0
terrain	void_overlay_no_floor_context	41	void overlay	1798	5164	0	28	80	source_plane=0 shape=0 rot=0
terrain	void_overlay_no_floor_context	41	void overlay	1798	5165	0	28	80	source_plane=0 shape=0 rot=0
terrain	void_overlay_no_floor_context	41	void overlay	1798	5166	0	28	80	source_plane=0 shape=0 rot=0
terrain	void_overlay_no_floor_context	41	void overlay	1798	5167	0	28	80	source_plane=0 shape=0 rot=0
terrain	void_overlay_no_floor_context	41	void overlay	1798	5168	0	28	80	source_plane=0 shape=0 rot=0
terrain	void_overlay_no_floor_context	41	void overlay	1798	5169	0	28	80	source_plane=0 shape=0 rot=0
terrain	void_overlay_no_floor_context	41	void overlay	1798	5170	0	28	80	source_plane=0 shape=0 rot=0
terrain	void_overlay_no_floor_context	41	void overlay	1798	5171	0	28	80	source_plane=0 shape=0 rot=0
terrain	void_overlay_no_floor_context	41	void overlay	1798	5172	0	28	80	source_plane=0 shape=0 rot=0
terrain	void_overlay_no_floor_context	41	void overlay	1798	5173	0	28	80	source_plane=0 shape=0 rot=0
terrain	void_overlay_no_floor_context	41	void overlay	1798	5174	0	28	80	source_plane=0 shape=0 rot=0
terrain	void_overlay_no_floor_context	41	void overlay	1798	5175	0	28	80	source_plane=0 shape=0 rot=0
terrain	void_overlay_no_floor_context	41	void overlay	1798	5176	0	28	80	source_plane=0 shape=0 rot=0
terrain	void_overlay_no_floor_context	41	void overlay	1798	5177	0	28	80	source_plane=0 shape=0 rot=0
terrain	void_overlay_no_floor_context	41	void overlay	1798	5178	0	28	80	source_plane=0 shape=0 rot=0
terrain	void_overlay_no_floor_context	41	void overlay	1798	5179	0	28	80	source_plane=0 shape=0 rot=0
terrain	void_overlay_no_floor_context	41	void overlay	1798	5180	0	28	80	source_plane=0 shape=0 rot=0
terrain	void_overlay_no_floor_context	41	void overlay	1798	5181	0	28	80	source_plane=0 shape=0 rot=0
terrain	void_overlay_no_floor_context	41	void overlay	1798	5182	0	28	80	source_plane=0 shape=0 rot=0
terrain	void_overlay_no_floor_context	41	void overlay	1798	5183	0	28	80	source_plane=0 shape=0 rot=0
terrain	void_overlay_no_floor_context	41	void overlay	1799	5122	0	28	80	source_plane=0 shape=0 rot=0
terrain	void_overlay_no_floor_context	41	void overlay	1799	5123	0	28	80	source_plane=0 shape=0 rot=0
terrain	void_overlay_no_floor_context	41	void overlay	1799	5124	0	28	80	source_plane=0 shape=0 rot=0
terrain	void_overlay_no_floor_context	41	void overlay	1799	5125	0	28	80	source_plane=0 shape=0 rot=0
terrain	void_overlay_no_floor_context	41	void overlay	1799	5126	0	28	80	source_plane=0 shape=0 rot=0
terrain	void_overlay_no_floor_context	41	void overlay	1799	5127	0	28	80	source_plane=0 shape=0 rot=0
terrain	void_overlay_no_floor_context	41	void overlay	1799	5128	0	28	80	source_plane=0 shape=0 rot=0
terrain	void_overlay_no_floor_context	41	void overlay	1799	5129	0	28	80	source_plane=0 shape=0 rot=0
terrain	void_overlay_no_floor_context	41	void overlay	1799	5130	0	28	80	source_plane=0 shape=0 rot=0
terrain	void_overlay_no_floor_context	41	void overlay	1799	5131	0	28	80	source_plane=0 shape=0 rot=0
terrain	void_overlay_no_floor_context	41	void overlay	1799	5132	0	28	80	source_plane=0 shape=0 rot=0
terrain	void_overlay_no_floor_context	41	void overlay	1799	5133	0	28	80	source_plane=0 shape=0 rot=0
terrain	void_overlay_no_floor_context	41	void overlay	1799	5134	0	28	80	source_plane=0 shape=0 rot=0
terrain	void_overlay_no_floor_context	41	void overlay	1799	5135	0	28	80	source_plane=0 shape=0 rot=0
terrain	void_overlay_no_floor_context	41	void overlay	1799	5136	0	28	80	source_plane=0 shape=0 rot=0
terrain	void_overlay_no_floor_context	41	void overlay	1799	5137	0	28	80	source_plane=0 shape=0 rot=0
terrain	void_overlay_no_floor_context	41	void overlay	1799	5138	0	28	80	source_plane=0 shape=0 rot=0
terrain	void_overlay_no_floor_context	41	void overlay	1799	5139	0	28	80	source_plane=0 shape=0 rot=0
terrain	void_overlay_no_floor_context	41	void overlay	1799	5140	0	28	80	source_plane=0 shape=0 rot=0
terrain	void_overlay_no_floor_context	41	void overlay	1799	5141	0	28	80	source_plane=0 shape=0 rot=0
terrain	void_overlay_no_floor_context	41	void overlay	1799	5142	0	28	80	source_plane=0 shape=0 rot=0
terrain	void_overlay_no_floor_context	41	void overlay	1799	5143	0	28	80	source_plane=0 shape=0 rot=0
terrain	void_overlay_no_floor_context	41	void overlay	1799	5144	0	28	80	source_plane=0 shape=0 rot=0
terrain	void_overlay_no_floor_context	41	void overlay	1799	5145	0	28	80	source_plane=0 shape=0 rot=0
terrain	void_overlay_no_floor_context	41	void overlay	1799	5146	0	28	80	source_plane=0 shape=0 rot=0
terrain	void_overlay_no_floor_context	41	void overlay	1799	5147	0	28	80	source_plane=0 shape=0 rot=0
terrain	void_overlay_no_floor_context	41	void overlay	1799	5148	0	28	80	source_plane=0 shape=0 rot=0
terrain	void_overlay_no_floor_context	41	void overlay	1799	5149	0	28	80	source_plane=0 shape=0 rot=0
terrain	void_overlay_no_floor_context	41	void overlay	1799	5150	0	28	80	source_plane=0 shape=0 rot=0
terrain	void_overlay_no_floor_context	41	void overlay	1799	5151	0	28	80	source_plane=0 shape=0 rot=0
terrain	void_overlay_no_floor_context	41	void overlay	1799	5152	0	28	80	source_plane=0 shape=0 rot=0
terrain	void_overlay_no_floor_context	41	void overlay	1799	5153	0	28	80	source_plane=0 shape=0 rot=0
terrain	void_overlay_no_floor_context	41	void overlay	1799	5154	0	28	80	source_plane=0 shape=0 rot=0
terrain	void_overlay_no_floor_context	41	void overlay	1799	5155	0	28	80	source_plane=0 shape=0 rot=0
terrain	void_overlay_no_floor_context	41	void overlay	1799	5156	0	28	80	source_plane=0 shape=0 rot=0
terrain	void_overlay_no_floor_context	41	void overlay	1799	5157	0	28	80	source_plane=0 shape=0 rot=0
terrain	void_overlay_no_floor_context	41	void overlay	1799	5158	0	28	80	source_plane=0 shape=0 rot=0
terrain	void_overlay_no_floor_context	41	void overlay	1799	5159	0	28	80	source_plane=0 shape=0 rot=0
terrain	void_overlay_no_floor_context	41	void overlay	1799	5160	0	28	80	source_plane=0 shape=0 rot=0
terrain	void_overlay_no_floor_context	41	void overlay	1799	5161	0	28	80	source_plane=0 shape=0 rot=0
terrain	void_overlay_no_floor_context	41	void overlay	1799	5162	0	28	80	source_plane=0 shape=0 rot=0
terrain	void_overlay_no_floor_context	41	void overlay	1799	5163	0	28	80	source_plane=0 shape=0 rot=0
terrain	void_overlay_no_floor_context	41	void overlay	1799	5164	0	28	80	source_plane=0 shape=0 rot=0
terrain	void_overlay_no_floor_context	41	void overlay	1799	5165	0	28	80	source_plane=0 shape=0 rot=0
terrain	void_overlay_no_floor_context	41	void overlay	1799	5166	0	28	80	source_plane=0 shape=0 rot=0
terrain	void_overlay_no_floor_context	41	void overlay	1799	5167	0	28	80	source_plane=0 shape=0 rot=0
terrain	void_overlay_no_floor_context	41	void overlay	1799	5168	0	28	80	source_plane=0 shape=0 rot=0
terrain	void_overlay_no_floor_context	41	void overlay	1799	5169	0	28	80	source_plane=0 shape=0 rot=0
terrain	void_overlay_no_floor_context	41	void overlay	1799	5170	0	28	80	source_plane=0 shape=0 rot=0
terrain	void_overlay_no_floor_context	41	void overlay	1799	5171	0	28	80	source_plane=0 shape=0 rot=0
terrain	void_overlay_no_floor_context	41	void overlay	1799	5172	0	28	80	source_plane=0 shape=0 rot=0
terrain	void_overlay_no_floor_context	41	void overlay	1799	5173	0	28	80	source_plane=0 shape=0 rot=0
terrain	void_overlay_no_floor_context	41	void overlay	1799	5174	0	28	80	source_plane=0 shape=0 rot=0
terrain	void_overlay_no_floor_context	41	void overlay	1799	5175	0	28	80	source_plane=0 shape=0 rot=0
terrain	void_overlay_no_floor_context	41	void overlay	1799	5176	0	28	80	source_plane=0 shape=0 rot=0
terrain	void_overlay_no_floor_context	41	void overlay	1799	5177	0	28	80	source_plane=0 shape=0 rot=0
terrain	void_overlay_no_floor_context	41	void overlay	1799	5178	0	28	80	source_plane=0 shape=0 rot=0
terrain	void_overlay_no_floor_context	41	void overlay	1799	5179	0	28	80	source_plane=0 shape=0 rot=0
terrain	void_overlay_no_floor_context	41	void overlay	1799	5180	0	28	80	source_plane=0 shape=0 rot=0
terrain	void_overlay_no_floor_context	41	void overlay	1799	5181	0	28	80	source_plane=0 shape=0 rot=0
terrain	void_overlay_no_floor_context	41	void overlay	1799	5182	0	28	80	source_plane=0 shape=0 rot=0
terrain	void_overlay_no_floor_context	41	void overlay	1799	5183	0	28	80	source_plane=0 shape=0 rot=0
terrain	void_overlay_no_floor_context	41	void overlay	1800	5122	0	28	80	source_plane=0 shape=0 rot=0
terrain	void_overlay_no_floor_context	41	void overlay	1800	5123	0	28	80	source_plane=0 shape=0 rot=0
terrain	void_overlay_no_floor_context	41	void overlay	1800	5124	0	28	80	source_plane=0 shape=0 rot=0
terrain	void_overlay_no_floor_context	41	void overlay	1800	5125	0	28	80	source_plane=0 shape=0 rot=0
terrain	void_overlay_no_floor_context	41	void overlay	1800	5126	0	28	80	source_plane=0 shape=0 rot=0
terrain	void_overlay_no_floor_context	41	void overlay	1800	5127	0	28	80	source_plane=0 shape=0 rot=0
terrain	void_overlay_no_floor_context	41	void overlay	1800	5128	0	28	80	source_plane=0 shape=0 rot=0
terrain	void_overlay_no_floor_context	41	void overlay	1800	5129	0	28	80	source_plane=0 shape=0 rot=0
terrain	void_overlay_no_floor_context	41	void overlay	1800	5130	0	28	80	source_plane=0 shape=0 rot=0
terrain	void_overlay_no_floor_context	41	void overlay	1800	5131	0	28	80	source_plane=0 shape=0 rot=0
terrain	void_overlay_no_floor_context	41	void overlay	1800	5132	0	28	80	source_plane=0 shape=0 rot=0
terrain	void_overlay_no_floor_context	41	void overlay	1800	5133	0	28	80	source_plane=0 shape=0 rot=0
terrain	void_overlay_no_floor_context	41	void overlay	1800	5134	0	28	80	source_plane=0 shape=0 rot=0
terrain	void_overlay_no_floor_context	41	void overlay	1800	5135	0	28	80	source_plane=0 shape=0 rot=0
terrain	void_overlay_no_floor_context	41	void overlay	1800	5136	0	28	80	source_plane=0 shape=0 rot=0
terrain	void_overlay_no_floor_context	41	void overlay	1800	5137	0	28	80	source_plane=0 shape=0 rot=0
terrain	void_overlay_no_floor_context	41	void overlay	1800	5138	0	28	80	source_plane=0 shape=0 rot=0
terrain	void_overlay_no_floor_context	41	void overlay	1800	5139	0	28	80	source_plane=0 shape=0 rot=0
terrain	void_overlay_no_floor_context	41	void overlay	1800	5140	0	28	80	source_plane=0 shape=0 rot=0
terrain	void_overlay_no_floor_context	41	void overlay	1800	5141	0	28	80	source_plane=0 shape=0 rot=0
terrain	void_overlay_no_floor_context	41	void overlay	1800	5142	0	28	80	source_plane=0 shape=0 rot=0
terrain	void_overlay_no_floor_context	41	void overlay	1800	5143	0	28	80	source_plane=0 shape=0 rot=0
terrain	void_overlay_no_floor_context	41	void overlay	1800	5144	0	28	80	source_plane=0 shape=0 rot=0
terrain	void_overlay_no_floor_context	41	void overlay	1800	5145	0	28	80	source_plane=0 shape=0 rot=0
terrain	void_overlay_no_floor_context	41	void overlay	1800	5146	0	28	80	source_plane=0 shape=0 rot=0
terrain	void_overlay_no_floor_context	41	void overlay	1800	5147	0	28	80	source_plane=0 shape=0 rot=0
terrain	void_overlay_no_floor_context	41	void overlay	1800	5148	0	28	80	source_plane=0 shape=0 rot=0
terrain	void_overlay_no_floor_context	41	void overlay	1800	5149	0	28	80	source_plane=0 shape=0 rot=0
terrain	void_overlay_no_floor_context	41	void overlay	1800	5150	0	28	80	source_plane=0 shape=0 rot=0
terrain	void_overlay_no_floor_context	41	void overlay	1800	5151	0	28	80	source_plane=0 shape=0 rot=0
terrain	void_overlay_no_floor_context	41	void overlay	1800	5152	0	28	80	source_plane=0 shape=0 rot=0
terrain	void_overlay_no_floor_context	41	void overlay	1800	5153	0	28	80	source_plane=0 shape=0 rot=0
terrain	void_overlay_no_floor_context	41	void overlay	1800	5154	0	28	80	source_plane=0 shape=0 rot=0
terrain	void_overlay_no_floor_context	41	void overlay	1800	5155	0	28	80	source_plane=0 shape=0 rot=0
terrain	void_overlay_no_floor_context	41	void overlay	1800	5156	0	28	80	source_plane=0 shape=0 rot=0
terrain	void_overlay_no_floor_context	41	void overlay	1800	5157	0	28	80	source_plane=0 shape=0 rot=0
terrain	void_overlay_no_floor_context	41	void overlay	1800	5158	0	28	80	source_plane=0 shape=0 rot=0
terrain	void_overlay_no_floor_context	41	void overlay	1800	5159	0	28	80	source_plane=0 shape=0 rot=0
terrain	void_overlay_no_floor_context	41	void overlay	1800	5160	0	28	80	source_plane=0 shape=0 rot=0
terrain	void_overlay_no_floor_context	41	void overlay	1800	5161	0	28	80	source_plane=0 shape=0 rot=0
terrain	void_overlay_no_floor_context	41	void overlay	1800	5162	0	28	80	source_plane=0 shape=0 rot=0
terrain	void_overlay_no_floor_context	41	void overlay	1800	5163	0	28	80	source_plane=0 shape=0 rot=0
terrain	void_overlay_no_floor_context	41	void overlay	1800	5164	0	28	80	source_plane=0 shape=0 rot=0
terrain	void_overlay_no_floor_context	41	void overlay	1800	5165	0	28	80	source_plane=0 shape=0 rot=0
terrain	void_overlay_no_floor_context	41	void overlay	1800	5166	0	28	80	source_plane=0 shape=0 rot=0
terrain	void_overlay_no_floor_context	41	void overlay	1800	5167	0	28	80	source_plane=0 shape=0 rot=0
terrain	void_overlay_no_floor_context	41	void overlay	1800	5168	0	28	80	source_plane=0 shape=0 rot=0
terrain	void_overlay_no_floor_context	41	void overlay	1800	5169	0	28	80	source_plane=0 shape=0 rot=0
terrain	void_overlay_no_floor_context	41	void overlay	1800	5170	0	28	80	source_plane=0 shape=0 rot=0
terrain	void_overlay_no_floor_context	41	void overlay	1800	5171	0	28	80	source_plane=0 shape=0 rot=0
terrain	void_overlay_no_floor_context	41	void overlay	1800	5172	0	28	80	source_plane=0 shape=0 rot=0
terrain	void_overlay_no_floor_context	41	void overlay	1800	5173	0	28	80	source_plane=0 shape=0 rot=0
terrain	void_overlay_no_floor_context	41	void overlay	1800	5174	0	28	80	source_plane=0 shape=0 rot=0
terrain	void_overlay_no_floor_context	41	void overlay	1800	5175	0	28	80	source_plane=0 shape=0 rot=0
terrain	void_overlay_no_floor_context	41	void overlay	1800	5176	0	28	80	source_plane=0 shape=0 rot=0
terrain	void_overlay_no_floor_context	41	void overlay	1800	5177	0	28	80	source_plane=0 shape=0 rot=0
terrain	void_overlay_no_floor_context	41	void overlay	1800	5178	0	28	80	source_plane=0 shape=0 rot=0
terrain	void_overlay_no_floor_context	41	void overlay	1800	5179	0	28	80	source_plane=0 shape=0 rot=0
terrain	void_overlay_no_floor_context	41	void overlay	1800	5180	0	28	80	source_plane=0 shape=0 rot=0
terrain	void_overlay_no_floor_context	41	void overlay	1800	5181	0	28	80	source_plane=0 shape=0 rot=0
terrain	void_overlay_no_floor_context	41	void overlay	1800	5182	0	28	80	source_plane=0 shape=0 rot=0
terrain	void_overlay_no_floor_context	41	void overlay	1800	5183	0	28	80	source_plane=0 shape=0 rot=0
terrain	void_overlay_no_floor_context	41	void overlay	1801	5122	0	28	80	source_plane=0 shape=0 rot=0
terrain	void_overlay_no_floor_context	41	void overlay	1801	5123	0	28	80	source_plane=0 shape=0 rot=0
terrain	void_overlay_no_floor_context	41	void overlay	1801	5124	0	28	80	source_plane=0 shape=0 rot=0
terrain	void_overlay_no_floor_context	41	void overlay	1801	5125	0	28	80	source_plane=0 shape=0 rot=0
terrain	void_overlay_no_floor_context	41	void overlay	1801	5126	0	28	80	source_plane=0 shape=0 rot=0
terrain	void_overlay_no_floor_context	41	void overlay	1801	5127	0	28	80	source_plane=0 shape=0 rot=0
terrain	void_overlay_no_floor_context	41	void overlay	1801	5128	0	28	80	source_plane=0 shape=0 rot=0
terrain	void_overlay_no_floor_context	41	void overlay	1801	5129	0	28	80	source_plane=0 shape=0 rot=0
terrain	void_overlay_no_floor_context	41	void overlay	1801	5130	0	28	80	source_plane=0 shape=0 rot=0
terrain	void_overlay_no_floor_context	41	void overlay	1801	5131	0	28	80	source_plane=0 shape=0 rot=0
terrain	void_overlay_no_floor_context	41	void overlay	1801	5132	0	28	80	source_plane=0 shape=0 rot=0
terrain	void_overlay_no_floor_context	41	void overlay	1801	5133	0	28	80	source_plane=0 shape=0 rot=0
terrain	void_overlay_no_floor_context	41	void overlay	1801	5134	0	28	80	source_plane=0 shape=0 rot=0
terrain	void_overlay_no_floor_context	41	void overlay	1801	5135	0	28	80	source_plane=0 shape=0 rot=0
terrain	void_overlay_no_floor_context	41	void overlay	1801	5136	0	28	80	source_plane=0 shape=0 rot=0
terrain	void_overlay_no_floor_context	41	void overlay	1801	5137	0	28	80	source_plane=0 shape=0 rot=0
terrain	void_overlay_no_floor_context	41	void overlay	1801	5138	0	28	80	source_plane=0 shape=0 rot=0
terrain	void_overlay_no_floor_context	41	void overlay	1801	5139	0	28	80	source_plane=0 shape=0 rot=0
terrain	void_overlay_no_floor_context	41	void overlay	1801	5140	0	28	80	source_plane=0 shape=0 rot=0
terrain	void_overlay_no_floor_context	41	void overlay	1801	5141	0	28	80	source_plane=0 shape=0 rot=0
terrain	void_overlay_no_floor_context	41	void overlay	1801	5142	0	28	80	source_plane=0 shape=0 rot=0
terrain	void_overlay_no_floor_context	41	void overlay	1801	5143	0	28	80	source_plane=0 shape=0 rot=0
terrain	void_overlay_no_floor_context	41	void overlay	1801	5144	0	28	80	source_plane=0 shape=0 rot=0
terrain	void_overlay_no_floor_context	41	void overlay	1801	5145	0	28	80	source_plane=0 shape=0 rot=0
terrain	void_overlay_no_floor_context	41	void overlay	1801	5146	0	28	80	source_plane=0 shape=0 rot=0
terrain	void_overlay_no_floor_context	41	void overlay	1801	5147	0	28	80	source_plane=0 shape=0 rot=0
terrain	void_overlay_no_floor_context	41	void overlay	1801	5148	0	28	80	source_plane=0 shape=0 rot=0
terrain	void_overlay_no_floor_context	41	void overlay	1801	5149	0	28	80	source_plane=0 shape=0 rot=0
terrain	void_overlay_no_floor_context	41	void overlay	1801	5150	0	28	80	source_plane=0 shape=0 rot=0
terrain	void_overlay_no_floor_context	41	void overlay	1801	5151	0	28	80	source_plane=0 shape=0 rot=0
terrain	void_overlay_no_floor_context	41	void overlay	1801	5152	0	28	80	source_plane=0 shape=0 rot=0
terrain	void_overlay_no_floor_context	41	void overlay	1801	5153	0	28	80	source_plane=0 shape=0 rot=0
terrain	void_overlay_no_floor_context	41	void overlay	1801	5154	0	28	80	source_plane=0 shape=0 rot=0
terrain	void_overlay_no_floor_context	41	void overlay	1801	5155	0	28	80	source_plane=0 shape=0 rot=0
terrain	void_overlay_no_floor_context	41	void overlay	1801	5156	0	28	80	source_plane=0 shape=0 rot=0
terrain	void_overlay_no_floor_context	41	void overlay	1801	5157	0	28	80	source_plane=0 shape=0 rot=0
terrain	void_overlay_no_floor_context	41	void overlay	1801	5158	0	28	80	source_plane=0 shape=0 rot=0
terrain	void_overlay_no_floor_context	41	void overlay	1801	5159	0	28	80	source_plane=0 shape=0 rot=0
terrain	void_overlay_no_floor_context	41	void overlay	1801	5160	0	28	80	source_plane=0 shape=0 rot=0
terrain	void_overlay_no_floor_context	41	void overlay	1801	5161	0	28	80	source_plane=0 shape=0 rot=0
terrain	void_overlay_no_floor_context	41	void overlay	1801	5162	0	28	80	source_plane=0 shape=0 rot=0
terrain	void_overlay_no_floor_context	41	void overlay	1801	5163	0	28	80	source_plane=0 shape=0 rot=0
terrain	void_overlay_no_floor_context	41	void overlay	1801	5164	0	28	80	source_plane=0 shape=0 rot=0
terrain	void_overlay_no_floor_context	41	void overlay	1801	5165	0	28	80	source_plane=0 shape=0 rot=0
terrain	void_overlay_no_floor_context	41	void overlay	1801	5166	0	28	80	source_plane=0 shape=0 rot=0
terrain	void_overlay_no_floor_context	41	void overlay	1801	5167	0	28	80	source_plane=0 shape=0 rot=0
terrain	void_overlay_no_floor_context	41	void overlay	1801	5168	0	28	80	source_plane=0 shape=0 rot=0
terrain	void_overlay_no_floor_context	41	void overlay	1801	5169	0	28	80	source_plane=0 shape=0 rot=0
terrain	void_overlay_no_floor_context	41	void overlay	1801	5170	0	28	80	source_plane=0 shape=0 rot=0
terrain	void_overlay_no_floor_context	41	void overlay	1801	5171	0	28	80	source_plane=0 shape=0 rot=0
terrain	void_overlay_no_floor_context	41	void overlay	1801	5172	0	28	80	source_plane=0 shape=0 rot=0
terrain	void_overlay_no_floor_context	41	void overlay	1801	5173	0	28	80	source_plane=0 shape=0 rot=0
terrain	void_overlay_no_floor_context	41	void overlay	1801	5174	0	28	80	source_plane=0 shape=0 rot=0
terrain	void_overlay_no_floor_context	41	void overlay	1801	5175	0	28	80	source_plane=0 shape=0 rot=0
terrain	void_overlay_no_floor_context	41	void overlay	1801	5176	0	28	80	source_plane=0 shape=0 rot=0
terrain	void_overlay_no_floor_context	41	void overlay	1801	5177	0	28	80	source_plane=0 shape=0 rot=0
terrain	void_overlay_no_floor_context	41	void overlay	1801	5178	0	28	80	source_plane=0 shape=0 rot=0
terrain	void_overlay_no_floor_context	41	void overlay	1801	5179	0	28	80	source_plane=0 shape=0 rot=0
terrain	void_overlay_no_floor_context	41	void overlay	1801	5180	0	28	80	source_plane=0 shape=0 rot=0
terrain	void_overlay_no_floor_context	41	void overlay	1801	5181	0	28	80	source_plane=0 shape=0 rot=0
terrain	void_overlay_no_floor_context	41	void overlay	1801	5182	0	28	80	source_plane=0 shape=0 rot=0
terrain	void_overlay_no_floor_context	41	void overlay	1801	5183	0	28	80	source_plane=0 shape=0 rot=0
terrain	void_overlay_no_floor_context	41	void overlay	1802	5122	0	28	80	source_plane=0 shape=0 rot=0
terrain	void_overlay_no_floor_context	41	void overlay	1802	5123	0	28	80	source_plane=0 shape=0 rot=0
terrain	void_overlay_no_floor_context	41	void overlay	1802	5124	0	28	80	source_plane=0 shape=0 rot=0
terrain	void_overlay_no_floor_context	41	void overlay	1802	5125	0	28	80	source_plane=0 shape=0 rot=0
terrain	void_overlay_no_floor_context	41	void overlay	1802	5126	0	28	80	source_plane=0 shape=0 rot=0
terrain	void_overlay_no_floor_context	41	void overlay	1802	5127	0	28	80	source_plane=0 shape=0 rot=0
terrain	void_overlay_no_floor_context	41	void overlay	1802	5128	0	28	80	source_plane=0 shape=0 rot=0
terrain	void_overlay_no_floor_context	41	void overlay	1802	5129	0	28	80	source_plane=0 shape=0 rot=0
terrain	void_overlay_no_floor_context	41	void overlay	1802	5130	0	28	80	source_plane=0 shape=0 rot=0
terrain	void_overlay_no_floor_context	41	void overlay	1802	5131	0	28	80	source_plane=0 shape=0 rot=0
terrain	void_overlay_no_floor_context	41	void overlay	1802	5132	0	28	80	source_plane=0 shape=0 rot=0
terrain	void_overlay_no_floor_context	41	void overlay	1802	5133	0	28	80	source_plane=0 shape=0 rot=0
terrain	void_overlay_no_floor_context	41	void overlay	1802	5134	0	28	80	source_plane=0 shape=0 rot=0
terrain	void_overlay_no_floor_context	41	void overlay	1802	5135	0	28	80	source_plane=0 shape=0 rot=0
terrain	void_overlay_no_floor_context	41	void overlay	1802	5136	0	28	80	source_plane=0 shape=0 rot=0
terrain	void_overlay_no_floor_context	41	void overlay	1802	5137	0	28	80	source_plane=0 shape=0 rot=0
terrain	void_overlay_no_floor_context	41	void overlay	1802	5138	0	28	80	source_plane=0 shape=0 rot=0
terrain	void_overlay_no_floor_context	41	void overlay	1802	5139	0	28	80	source_plane=0 shape=0 rot=0
terrain	void_overlay_no_floor_context	41	void overlay	1802	5140	0	28	80	source_plane=0 shape=0 rot=0
terrain	void_overlay_no_floor_context	41	void overlay	1802	5141	0	28	80	source_plane=0 shape=0 rot=0
terrain	void_overlay_no_floor_context	41	void overlay	1802	5142	0	28	80	source_plane=0 shape=0 rot=0
terrain	void_overlay_no_floor_context	41	void overlay	1802	5143	0	28	80	source_plane=0 shape=0 rot=0
terrain	void_overlay_no_floor_context	41	void overlay	1802	5144	0	28	80	source_plane=0 shape=0 rot=0
terrain	void_overlay_no_floor_context	41	void overlay	1802	5145	0	28	80	source_plane=0 shape=0 rot=0
terrain	void_overlay_no_floor_context	41	void overlay	1802	5146	0	28	80	source_plane=0 shape=0 rot=0
terrain	void_overlay_no_floor_context	41	void overlay	1802	5147	0	28	80	source_plane=0 shape=0 rot=0
terrain	void_overlay_no_floor_context	41	void overlay	1802	5148	0	28	80	source_plane=0 shape=0 rot=0
terrain	void_overlay_no_floor_context	41	void overlay	1802	5149	0	28	80	source_plane=0 shape=0 rot=0
terrain	void_overlay_no_floor_context	41	void overlay	1802	5150	0	28	80	source_plane=0 shape=0 rot=0
terrain	void_overlay_no_floor_context	41	void overlay	1802	5151	0	28	80	source_plane=0 shape=0 rot=0
terrain	void_overlay_no_floor_context	41	void overlay	1802	5152	0	28	80	source_plane=0 shape=0 rot=0
terrain	void_overlay_no_floor_context	41	void overlay	1802	5153	0	28	80	source_plane=0 shape=0 rot=0
terrain	void_overlay_no_floor_context	41	void overlay	1802	5154	0	28	80	source_plane=0 shape=0 rot=0
terrain	void_overlay_no_floor_context	41	void overlay	1802	5155	0	28	80	source_plane=0 shape=0 rot=0
terrain	void_overlay_no_floor_context	41	void overlay	1802	5156	0	28	80	source_plane=0 shape=0 rot=0
terrain	void_overlay_no_floor_context	41	void overlay	1802	5157	0	28	80	source_plane=0 shape=0 rot=0
terrain	void_overlay_no_floor_context	41	void overlay	1802	5158	0	28	80	source_plane=0 shape=0 rot=0
terrain	void_overlay_no_floor_context	41	void overlay	1802	5159	0	28	80	source_plane=0 shape=0 rot=0
terrain	void_overlay_no_floor_context	41	void overlay	1802	5160	0	28	80	source_plane=0 shape=0 rot=0
terrain	void_overlay_no_floor_context	41	void overlay	1802	5161	0	28	80	source_plane=0 shape=0 rot=0
terrain	void_overlay_no_floor_context	41	void overlay	1802	5162	0	28	80	source_plane=0 shape=0 rot=0
terrain	void_overlay_no_floor_context	41	void overlay	1802	5163	0	28	80	source_plane=0 shape=0 rot=0
terrain	void_overlay_no_floor_context	41	void overlay	1802	5164	0	28	80	source_plane=0 shape=0 rot=0
terrain	void_overlay_no_floor_context	41	void overlay	1802	5165	0	28	80	source_plane=0 shape=0 rot=0
terrain	void_overlay_no_floor_context	41	void overlay	1802	5166	0	28	80	source_plane=0 shape=0 rot=0
terrain	void_overlay_no_floor_context	41	void overlay	1802	5167	0	28	80	source_plane=0 shape=0 rot=0
terrain	void_overlay_no_floor_context	41	void overlay	1802	5168	0	28	80	source_plane=0 shape=0 rot=0
terrain	void_overlay_no_floor_context	41	void overlay	1802	5169	0	28	80	source_plane=0 shape=0 rot=0
terrain	void_overlay_no_floor_context	41	void overlay	1802	5170	0	28	80	source_plane=0 shape=0 rot=0
terrain	void_overlay_no_floor_context	41	void overlay	1802	5171	0	28	80	source_plane=0 shape=0 rot=0
terrain	void_overlay_no_floor_context	41	void overlay	1802	5172	0	28	80	source_plane=0 shape=0 rot=0
terrain	void_overlay_no_floor_context	41	void overlay	1802	5173	0	28	80	source_plane=0 shape=0 rot=0
terrain	void_overlay_no_floor_context	41	void overlay	1802	5174	0	28	80	source_plane=0 shape=0 rot=0
terrain	void_overlay_no_floor_context	41	void overlay	1802	5175	0	28	80	source_plane=0 shape=0 rot=0
terrain	void_overlay_no_floor_context	41	void overlay	1802	5176	0	28	80	source_plane=0 shape=0 rot=0
terrain	void_overlay_no_floor_context	41	void overlay	1802	5177	0	28	80	source_plane=0 shape=0 rot=0
terrain	void_overlay_no_floor_context	41	void overlay	1802	5178	0	28	80	source_plane=0 shape=0 rot=0
terrain	void_overlay_no_floor_context	41	void overlay	1802	5179	0	28	80	source_plane=0 shape=0 rot=0
terrain	void_overlay_no_floor_context	41	void overlay	1802	5180	0	28	80	source_plane=0 shape=0 rot=0
terrain	void_overlay_no_floor_context	41	void overlay	1802	5181	0	28	80	source_plane=0 shape=0 rot=0
terrain	void_overlay_no_floor_context	41	void overlay	1802	5182	0	28	80	source_plane=0 shape=0 rot=0
terrain	void_overlay_no_floor_context	41	void overlay	1802	5183	0	28	80	source_plane=0 shape=0 rot=0
terrain	void_overlay_no_floor_context	41	void overlay	1803	5122	0	28	80	source_plane=0 shape=0 rot=0
terrain	void_overlay_no_floor_context	41	void overlay	1803	5123	0	28	80	source_plane=0 shape=0 rot=0
terrain	void_overlay_no_floor_context	41	void overlay	1803	5124	0	28	80	source_plane=0 shape=0 rot=0
terrain	void_overlay_no_floor_context	41	void overlay	1803	5125	0	28	80	source_plane=0 shape=0 rot=0
terrain	void_overlay_no_floor_context	41	void overlay	1803	5126	0	28	80	source_plane=0 shape=0 rot=0
terrain	void_overlay_no_floor_context	41	void overlay	1803	5127	0	28	80	source_plane=0 shape=0 rot=0
terrain	void_overlay_no_floor_context	41	void overlay	1803	5128	0	28	80	source_plane=0 shape=0 rot=0
terrain	void_overlay_no_floor_context	41	void overlay	1803	5129	0	28	80	source_plane=0 shape=0 rot=0
terrain	void_overlay_no_floor_context	41	void overlay	1803	5130	0	28	80	source_plane=0 shape=0 rot=0
terrain	void_overlay_no_floor_context	41	void overlay	1803	5131	0	28	80	source_plane=0 shape=0 rot=0
terrain	void_overlay_no_floor_context	41	void overlay	1803	5132	0	28	80	source_plane=0 shape=0 rot=0
terrain	void_overlay_no_floor_context	41	void overlay	1803	5133	0	28	80	source_plane=0 shape=0 rot=0
terrain	void_overlay_no_floor_context	41	void overlay	1803	5134	0	28	80	source_plane=0 shape=0 rot=0
terrain	void_overlay_no_floor_context	41	void overlay	1803	5135	0	28	80	source_plane=0 shape=0 rot=0
terrain	void_overlay_no_floor_context	41	void overlay	1803	5136	0	28	80	source_plane=0 shape=0 rot=0
terrain	void_overlay_no_floor_context	41	void overlay	1803	5137	0	28	80	source_plane=0 shape=0 rot=0
terrain	void_overlay_no_floor_context	41	void overlay	1803	5138	0	28	80	source_plane=0 shape=0 rot=0
terrain	void_overlay_no_floor_context	41	void overlay	1803	5139	0	28	80	source_plane=0 shape=0 rot=0
terrain	void_overlay_no_floor_context	41	void overlay	1803	5140	0	28	80	source_plane=0 shape=0 rot=0
terrain	void_overlay_no_floor_context	41	void overlay	1803	5141	0	28	80	source_plane=0 shape=0 rot=0
terrain	void_overlay_no_floor_context	41	void overlay	1803	5142	0	28	80	source_plane=0 shape=0 rot=0
terrain	void_overlay_no_floor_context	41	void overlay	1803	5143	0	28	80	source_plane=0 shape=0 rot=0
terrain	void_overlay_no_floor_context	41	void overlay	1803	5144	0	28	80	source_plane=0 shape=0 rot=0
terrain	void_overlay_no_floor_context	41	void overlay	1803	5145	0	28	80	source_plane=0 shape=0 rot=0
terrain	void_overlay_no_floor_context	41	void overlay	1803	5146	0	28	80	source_plane=0 shape=0 rot=0
terrain	void_overlay_no_floor_context	41	void overlay	1803	5147	0	28	80	source_plane=0 shape=0 rot=0
terrain	void_overlay_no_floor_context	41	void overlay	1803	5148	0	28	80	source_plane=0 shape=0 rot=0
terrain	void_overlay_no_floor_context	41	void overlay	1803	5149	0	28	80	source_plane=0 shape=0 rot=0
terrain	void_overlay_no_floor_context	41	void overlay	1803	5150	0	28	80	source_plane=0 shape=0 rot=0
terrain	void_overlay_no_floor_context	41	void overlay	1803	5151	0	28	80	source_plane=0 shape=0 rot=0
terrain	void_overlay_no_floor_context	41	void overlay	1803	5152	0	28	80	source_plane=0 shape=0 rot=0
terrain	void_overlay_no_floor_context	41	void overlay	1803	5153	0	28	80	source_plane=0 shape=0 rot=0
terrain	void_overlay_no_floor_context	41	void overlay	1803	5154	0	28	80	source_plane=0 shape=0 rot=0
terrain	void_overlay_no_floor_context	41	void overlay	1803	5155	0	28	80	source_plane=0 shape=0 rot=0
terrain	void_overlay_no_floor_context	41	void overlay	1803	5156	0	28	80	source_plane=0 shape=0 rot=0
terrain	void_overlay_no_floor_context	41	void overlay	1803	5157	0	28	80	source_plane=0 shape=0 rot=0
terrain	void_overlay_no_floor_context	41	void overlay	1803	5158	0	28	80	source_plane=0 shape=0 rot=0
terrain	void_overlay_no_floor_context	41	void overlay	1803	5159	0	28	80	source_plane=0 shape=0 rot=0
terrain	void_overlay_no_floor_context	41	void overlay	1803	5160	0	28	80	source_plane=0 shape=0 rot=0
terrain	void_overlay_no_floor_context	41	void overlay	1803	5161	0	28	80	source_plane=0 shape=0 rot=0
terrain	void_overlay_no_floor_context	41	void overlay	1803	5162	0	28	80	source_plane=0 shape=0 rot=0
terrain	void_overlay_no_floor_context	41	void overlay	1803	5163	0	28	80	source_plane=0 shape=0 rot=0
terrain	void_overlay_no_floor_context	41	void overlay	1803	5164	0	28	80	source_plane=0 shape=0 rot=0
terrain	void_overlay_no_floor_context	41	void overlay	1803	5165	0	28	80	source_plane=0 shape=0 rot=0
terrain	void_overlay_no_floor_context	41	void overlay	1803	5166	0	28	80	source_plane=0 shape=0 rot=0
terrain	void_overlay_no_floor_context	41	void overlay	1803	5167	0	28	80	source_plane=0 shape=0 rot=0
terrain	void_overlay_no_floor_context	41	void overlay	1803	5168	0	28	80	source_plane=0 shape=0 rot=0
terrain	void_overlay_no_floor_context	41	void overlay	1803	5169	0	28	80	source_plane=0 shape=0 rot=0
terrain	void_overlay_no_floor_context	41	void overlay	1803	5170	0	28	80	source_plane=0 shape=0 rot=0
terrain	void_overlay_no_floor_context	41	void overlay	1803	5171	0	28	80	source_plane=0 shape=0 rot=0
terrain	void_overlay_no_floor_context	41	void overlay	1803	5172	0	28	80	source_plane=0 shape=0 rot=0
terrain	void_overlay_no_floor_context	41	void overlay	1803	5173	0	28	80	source_plane=0 shape=0 rot=0
terrain	void_overlay_no_floor_context	41	void overlay	1803	5174	0	28	80	source_plane=0 shape=0 rot=0
terrain	void_overlay_no_floor_context	41	void overlay	1803	5175	0	28	80	source_plane=0 shape=0 rot=0
terrain	void_overlay_no_floor_context	41	void overlay	1803	5176	0	28	80	source_plane=0 shape=0 rot=0
terrain	void_overlay_no_floor_context	41	void overlay	1803	5177	0	28	80	source_plane=0 shape=0 rot=0
terrain	void_overlay_no_floor_context	41	void overlay	1803	5178	0	28	80	source_plane=0 shape=0 rot=0
terrain	void_overlay_no_floor_context	41	void overlay	1803	5179	0	28	80	source_plane=0 shape=0 rot=0
terrain	void_overlay_no_floor_context	41	void overlay	1803	5180	0	28	80	source_plane=0 shape=0 rot=0
terrain	void_overlay_no_floor_context	41	void overlay	1803	5181	0	28	80	source_plane=0 shape=0 rot=0
terrain	void_overlay_no_floor_context	41	void overlay	1803	5182	0	28	80	source_plane=0 shape=0 rot=0
terrain	void_overlay_no_floor_context	41	void overlay	1803	5183	0	28	80	source_plane=0 shape=0 rot=0
terrain	void_overlay_no_floor_context	41	void overlay	1804	5122	0	28	80	source_plane=0 shape=0 rot=0
terrain	void_overlay_no_floor_context	41	void overlay	1804	5123	0	28	80	source_plane=0 shape=0 rot=0
terrain	void_overlay_no_floor_context	41	void overlay	1804	5124	0	28	80	source_plane=0 shape=0 rot=0
terrain	void_overlay_no_floor_context	41	void overlay	1804	5125	0	28	80	source_plane=0 shape=0 rot=0
terrain	void_overlay_no_floor_context	41	void overlay	1804	5126	0	28	80	source_plane=0 shape=0 rot=0
terrain	void_overlay_no_floor_context	41	void overlay	1804	5127	0	28	80	source_plane=0 shape=0 rot=0
terrain	void_overlay_no_floor_context	41	void overlay	1804	5128	0	28	80	source_plane=0 shape=0 rot=0
terrain	void_overlay_no_floor_context	41	void overlay	1804	5129	0	28	80	source_plane=0 shape=0 rot=0
terrain	void_overlay_no_floor_context	41	void overlay	1804	5130	0	28	80	source_plane=0 shape=0 rot=0
terrain	void_overlay_no_floor_context	41	void overlay	1804	5131	0	28	80	source_plane=0 shape=0 rot=0
terrain	void_overlay_no_floor_context	41	void overlay	1804	5132	0	28	80	source_plane=0 shape=0 rot=0
terrain	void_overlay_no_floor_context	41	void overlay	1804	5133	0	28	80	source_plane=0 shape=0 rot=0
terrain	void_overlay_no_floor_context	41	void overlay	1804	5134	0	28	80	source_plane=0 shape=0 rot=0
terrain	void_overlay_no_floor_context	41	void overlay	1804	5135	0	28	80	source_plane=0 shape=0 rot=0
terrain	void_overlay_no_floor_context	41	void overlay	1804	5136	0	28	80	source_plane=0 shape=0 rot=0
terrain	void_overlay_no_floor_context	41	void overlay	1804	5137	0	28	80	source_plane=0 shape=0 rot=0
terrain	void_overlay_no_floor_context	41	void overlay	1804	5138	0	28	80	source_plane=0 shape=0 rot=0
terrain	void_overlay_no_floor_context	41	void overlay	1804	5139	0	28	80	source_plane=0 shape=0 rot=0
terrain	void_overlay_no_floor_context	41	void overlay	1804	5140	0	28	80	source_plane=0 shape=0 rot=0
terrain	void_overlay_no_floor_context	41	void overlay	1804	5141	0	28	80	source_plane=0 shape=0 rot=0
terrain	void_overlay_no_floor_context	41	void overlay	1804	5142	0	28	80	source_plane=0 shape=0 rot=0
terrain	void_overlay_no_floor_context	41	void overlay	1804	5143	0	28	80	source_plane=0 shape=0 rot=0
terrain	void_overlay_no_floor_context	41	void overlay	1804	5144	0	28	80	source_plane=0 shape=0 rot=0
terrain	void_overlay_no_floor_context	41	void overlay	1804	5145	0	28	80	source_plane=0 shape=0 rot=0
terrain	void_overlay_no_floor_context	41	void overlay	1804	5146	0	28	80	source_plane=0 shape=0 rot=0
terrain	void_overlay_no_floor_context	41	void overlay	1804	5147	0	28	80	source_plane=0 shape=0 rot=0
terrain	void_overlay_no_floor_context	41	void overlay	1804	5148	0	28	80	source_plane=0 shape=0 rot=0
terrain	void_overlay_no_floor_context	41	void overlay	1804	5149	0	28	80	source_plane=0 shape=0 rot=0
terrain	void_overlay_no_floor_context	41	void overlay	1804	5150	0	28	80	source_plane=0 shape=0 rot=0
terrain	void_overlay_no_floor_context	41	void overlay	1804	5151	0	28	80	source_plane=0 shape=0 rot=0
terrain	void_overlay_no_floor_context	41	void overlay	1804	5152	0	28	80	source_plane=0 shape=0 rot=0
terrain	void_overlay_no_floor_context	41	void overlay	1804	5153	0	28	80	source_plane=0 shape=0 rot=0
terrain	void_overlay_no_floor_context	41	void overlay	1804	5154	0	28	80	source_plane=0 shape=0 rot=0
terrain	void_overlay_no_floor_context	41	void overlay	1804	5155	0	28	80	source_plane=0 shape=0 rot=0
terrain	void_overlay_no_floor_context	41	void overlay	1804	5156	0	28	80	source_plane=0 shape=0 rot=0
terrain	void_overlay_no_floor_context	41	void overlay	1804	5157	0	28	80	source_plane=0 shape=0 rot=0
terrain	void_overlay_no_floor_context	41	void overlay	1804	5158	0	28	80	source_plane=0 shape=0 rot=0
terrain	void_overlay_no_floor_context	41	void overlay	1804	5159	0	28	80	source_plane=0 shape=0 rot=0
terrain	void_overlay_no_floor_context	41	void overlay	1804	5160	0	28	80	source_plane=0 shape=0 rot=0
terrain	void_overlay_no_floor_context	41	void overlay	1804	5161	0	28	80	source_plane=0 shape=0 rot=0
terrain	void_overlay_no_floor_context	41	void overlay	1804	5162	0	28	80	source_plane=0 shape=0 rot=0
terrain	void_overlay_no_floor_context	41	void overlay	1804	5163	0	28	80	source_plane=0 shape=0 rot=0
terrain	void_overlay_no_floor_context	41	void overlay	1804	5164	0	28	80	source_plane=0 shape=0 rot=0
terrain	void_overlay_no_floor_context	41	void overlay	1804	5165	0	28	80	source_plane=0 shape=0 rot=0
terrain	void_overlay_no_floor_context	41	void overlay	1804	5166	0	28	80	source_plane=0 shape=0 rot=0
terrain	void_overlay_no_floor_context	41	void overlay	1804	5167	0	28	80	source_plane=0 shape=0 rot=0
terrain	void_overlay_no_floor_context	41	void overlay	1804	5168	0	28	80	source_plane=0 shape=0 rot=0
terrain	void_overlay_no_floor_context	41	void overlay	1804	5169	0	28	80	source_plane=0 shape=0 rot=0
terrain	void_overlay_no_floor_context	41	void overlay	1804	5170	0	28	80	source_plane=0 shape=0 rot=0
terrain	void_overlay_no_floor_context	41	void overlay	1804	5171	0	28	80	source_plane=0 shape=0 rot=0
terrain	void_overlay_no_floor_context	41	void overlay	1804	5172	0	28	80	source_plane=0 shape=0 rot=0
terrain	void_overlay_no_floor_context	41	void overlay	1804	5173	0	28	80	source_plane=0 shape=0 rot=0
terrain	void_overlay_no_floor_context	41	void overlay	1804	5174	0	28	80	source_plane=0 shape=0 rot=0
terrain	void_overlay_no_floor_context	41	void overlay	1804	5175	0	28	80	source_plane=0 shape=0 rot=0
terrain	void_overlay_no_floor_context	41	void overlay	1804	5176	0	28	80	source_plane=0 shape=0 rot=0
terrain	void_overlay_no_floor_context	41	void overlay	1804	5177	0	28	80	source_plane=0 shape=0 rot=0
terrain	void_overlay_no_floor_context	41	void overlay	1804	5178	0	28	80	source_plane=0 shape=0 rot=0
terrain	void_overlay_no_floor_context	41	void overlay	1804	5179	0	28	80	source_plane=0 shape=0 rot=0
terrain	void_overlay_no_floor_context	41	void overlay	1804	5180	0	28	80	source_plane=0 shape=0 rot=0
terrain	void_overlay_no_floor_context	41	void overlay	1804	5181	0	28	80	source_plane=0 shape=0 rot=0
terrain	void_overlay_no_floor_context	41	void overlay	1804	5182	0	28	80	source_plane=0 shape=0 rot=0
terrain	void_overlay_no_floor_context	41	void overlay	1804	5183	0	28	80	source_plane=0 shape=0 rot=0
terrain	void_overlay_no_floor_context	41	void overlay	1805	5122	0	28	80	source_plane=0 shape=0 rot=0
terrain	void_overlay_no_floor_context	41	void overlay	1805	5123	0	28	80	source_plane=0 shape=0 rot=0
terrain	void_overlay_no_floor_context	41	void overlay	1805	5124	0	28	80	source_plane=0 shape=0 rot=0
terrain	void_overlay_no_floor_context	41	void overlay	1805	5125	0	28	80	source_plane=0 shape=0 rot=0
terrain	void_overlay_no_floor_context	41	void overlay	1805	5126	0	28	80	source_plane=0 shape=0 rot=0
terrain	void_overlay_no_floor_context	41	void overlay	1805	5127	0	28	80	source_plane=0 shape=0 rot=0
terrain	void_overlay_no_floor_context	41	void overlay	1805	5128	0	28	80	source_plane=0 shape=0 rot=0
terrain	void_overlay_no_floor_context	41	void overlay	1805	5129	0	28	80	source_plane=0 shape=0 rot=0
terrain	void_overlay_no_floor_context	41	void overlay	1805	5130	0	28	80	source_plane=0 shape=0 rot=0
terrain	void_overlay_no_floor_context	41	void overlay	1805	5131	0	28	80	source_plane=0 shape=0 rot=0
terrain	void_overlay_no_floor_context	41	void overlay	1805	5132	0	28	80	source_plane=0 shape=0 rot=0
terrain	void_overlay_no_floor_context	41	void overlay	1805	5133	0	28	80	source_plane=0 shape=0 rot=0
terrain	void_overlay_no_floor_context	41	void overlay	1805	5134	0	28	80	source_plane=0 shape=0 rot=0
terrain	void_overlay_no_floor_context	41	void overlay	1805	5135	0	28	80	source_plane=0 shape=0 rot=0
terrain	void_overlay_no_floor_context	41	void overlay	1805	5136	0	28	80	source_plane=0 shape=0 rot=0
terrain	void_overlay_no_floor_context	41	void overlay	1805	5137	0	28	80	source_plane=0 shape=0 rot=0
terrain	void_overlay_no_floor_context	41	void overlay	1805	5138	0	28	80	source_plane=0 shape=0 rot=0
terrain	void_overlay_no_floor_context	41	void overlay	1805	5139	0	28	80	source_plane=0 shape=0 rot=0
terrain	void_overlay_no_floor_context	41	void overlay	1805	5140	0	28	80	source_plane=0 shape=0 rot=0
terrain	void_overlay_no_floor_context	41	void overlay	1805	5141	0	28	80	source_plane=0 shape=0 rot=0
terrain	void_overlay_no_floor_context	41	void overlay	1805	5142	0	28	80	source_plane=0 shape=0 rot=0
terrain	void_overlay_no_floor_context	41	void overlay	1805	5143	0	28	80	source_plane=0 shape=0 rot=0
terrain	void_overlay_no_floor_context	41	void overlay	1805	5144	0	28	80	source_plane=0 shape=0 rot=0
terrain	void_overlay_no_floor_context	41	void overlay	1805	5145	0	28	80	source_plane=0 shape=0 rot=0
terrain	void_overlay_no_floor_context	41	void overlay	1805	5146	0	28	80	source_plane=0 shape=0 rot=0
terrain	void_overlay_no_floor_context	41	void overlay	1805	5147	0	28	80	source_plane=0 shape=0 rot=0
terrain	void_overlay_no_floor_context	41	void overlay	1805	5148	0	28	80	source_plane=0 shape=0 rot=0
terrain	void_overlay_no_floor_context	41	void overlay	1805	5149	0	28	80	source_plane=0 shape=0 rot=0
terrain	void_overlay_no_floor_context	41	void overlay	1805	5150	0	28	80	source_plane=0 shape=0 rot=0
terrain	void_overlay_no_floor_context	41	void overlay	1805	5151	0	28	80	source_plane=0 shape=0 rot=0
terrain	void_overlay_no_floor_context	41	void overlay	1805	5152	0	28	80	source_plane=0 shape=0 rot=0
terrain	void_overlay_no_floor_context	41	void overlay	1805	5153	0	28	80	source_plane=0 shape=0 rot=0
terrain	void_overlay_no_floor_context	41	void overlay	1805	5154	0	28	80	source_plane=0 shape=0 rot=0
terrain	void_overlay_no_floor_context	41	void overlay	1805	5155	0	28	80	source_plane=0 shape=0 rot=0
terrain	void_overlay_no_floor_context	41	void overlay	1805	5156	0	28	80	source_plane=0 shape=0 rot=0
terrain	void_overlay_no_floor_context	41	void overlay	1805	5157	0	28	80	source_plane=0 shape=0 rot=0
terrain	void_overlay_no_floor_context	41	void overlay	1805	5158	0	28	80	source_plane=0 shape=0 rot=0
terrain	void_overlay_no_floor_context	41	void overlay	1805	5159	0	28	80	source_plane=0 shape=0 rot=0
terrain	void_overlay_no_floor_context	41	void overlay	1805	5160	0	28	80	source_plane=0 shape=0 rot=0
terrain	void_overlay_no_floor_context	41	void overlay	1805	5161	0	28	80	source_plane=0 shape=0 rot=0
terrain	void_overlay_no_floor_context	41	void overlay	1805	5162	0	28	80	source_plane=0 shape=0 rot=0
terrain	void_overlay_no_floor_context	41	void overlay	1805	5163	0	28	80	source_plane=0 shape=0 rot=0
terrain	void_overlay_no_floor_context	41	void overlay	1805	5164	0	28	80	source_plane=0 shape=0 rot=0
terrain	void_overlay_no_floor_context	41	void overlay	1805	5165	0	28	80	source_plane=0 shape=0 rot=0
terrain	void_overlay_no_floor_context	41	void overlay	1805	5166	0	28	80	source_plane=0 shape=0 rot=0
terrain	void_overlay_no_floor_context	41	void overlay	1805	5167	0	28	80	source_plane=0 shape=0 rot=0
terrain	void_overlay_no_floor_context	41	void overlay	1805	5168	0	28	80	source_plane=0 shape=0 rot=0
terrain	void_overlay_no_floor_context	41	void overlay	1805	5169	0	28	80	source_plane=0 shape=0 rot=0
terrain	void_overlay_no_floor_context	41	void overlay	1805	5170	0	28	80	source_plane=0 shape=0 rot=0
terrain	void_overlay_no_floor_context	41	void overlay	1805	5171	0	28	80	source_plane=0 shape=0 rot=0
terrain	void_overlay_no_floor_context	41	void overlay	1805	5172	0	28	80	source_plane=0 shape=0 rot=0
terrain	void_overlay_no_floor_context	41	void overlay	1805	5173	0	28	80	source_plane=0 shape=0 rot=0
terrain	void_overlay_no_floor_context	41	void overlay	1805	5174	0	28	80	source_plane=0 shape=0 rot=0
terrain	void_overlay_no_floor_context	41	void overlay	1805	5175	0	28	80	source_plane=0 shape=0 rot=0
terrain	void_overlay_no_floor_context	41	void overlay	1805	5176	0	28	80	source_plane=0 shape=0 rot=0
terrain	void_overlay_no_floor_context	41	void overlay	1805	5177	0	28	80	source_plane=0 shape=0 rot=0
terrain	void_overlay_no_floor_context	41	void overlay	1805	5178	0	28	80	source_plane=0 shape=0 rot=0
terrain	void_overlay_no_floor_context	41	void overlay	1805	5179	0	28	80	source_plane=0 shape=0 rot=0
terrain	void_overlay_no_floor_context	41	void overlay	1805	5180	0	28	80	source_plane=0 shape=0 rot=0
terrain	void_overlay_no_floor_context	41	void overlay	1805	5181	0	28	80	source_plane=0 shape=0 rot=0
terrain	void_overlay_no_floor_context	41	void overlay	1805	5182	0	28	80	source_plane=0 shape=0 rot=0
terrain	void_overlay_no_floor_context	41	void overlay	1805	5183	0	28	80	source_plane=0 shape=0 rot=0
terrain	void_overlay_no_floor_context	41	void overlay	1806	5122	0	28	80	source_plane=0 shape=0 rot=0
terrain	void_overlay_no_floor_context	41	void overlay	1806	5123	0	28	80	source_plane=0 shape=0 rot=0
terrain	void_overlay_no_floor_context	41	void overlay	1806	5124	0	28	80	source_plane=0 shape=0 rot=0
terrain	void_overlay_no_floor_context	41	void overlay	1806	5125	0	28	80	source_plane=0 shape=0 rot=0
terrain	void_overlay_no_floor_context	41	void overlay	1806	5126	0	28	80	source_plane=0 shape=0 rot=0
terrain	void_overlay_no_floor_context	41	void overlay	1806	5127	0	28	80	source_plane=0 shape=0 rot=0
terrain	void_overlay_no_floor_context	41	void overlay	1806	5128	0	28	80	source_plane=0 shape=0 rot=0
terrain	void_overlay_no_floor_context	41	void overlay	1806	5129	0	28	80	source_plane=0 shape=0 rot=0
terrain	void_overlay_no_floor_context	41	void overlay	1806	5130	0	28	80	source_plane=0 shape=0 rot=0
terrain	void_overlay_no_floor_context	41	void overlay	1806	5131	0	28	80	source_plane=0 shape=0 rot=0
terrain	void_overlay_no_floor_context	41	void overlay	1806	5132	0	28	80	source_plane=0 shape=0 rot=0
terrain	void_overlay_no_floor_context	41	void overlay	1806	5133	0	28	80	source_plane=0 shape=0 rot=0
terrain	void_overlay_no_floor_context	41	void overlay	1806	5134	0	28	80	source_plane=0 shape=0 rot=0
terrain	void_overlay_no_floor_context	41	void overlay	1806	5135	0	28	80	source_plane=0 shape=0 rot=0
terrain	void_overlay_no_floor_context	41	void overlay	1806	5136	0	28	80	source_plane=0 shape=0 rot=0
terrain	void_overlay_no_floor_context	41	void overlay	1806	5137	0	28	80	source_plane=0 shape=0 rot=0
terrain	void_overlay_no_floor_context	41	void overlay	1806	5138	0	28	80	source_plane=0 shape=0 rot=0
terrain	void_overlay_no_floor_context	41	void overlay	1806	5139	0	28	80	source_plane=0 shape=0 rot=0
terrain	void_overlay_no_floor_context	41	void overlay	1806	5140	0	28	80	source_plane=0 shape=0 rot=0
terrain	void_overlay_no_floor_context	41	void overlay	1806	5141	0	28	80	source_plane=0 shape=0 rot=0
terrain	void_overlay_no_floor_context	41	void overlay	1806	5142	0	28	80	source_plane=0 shape=0 rot=0
terrain	void_overlay_no_floor_context	41	void overlay	1806	5143	0	28	80	source_plane=0 shape=0 rot=0
terrain	void_overlay_no_floor_context	41	void overlay	1806	5144	0	28	80	source_plane=0 shape=0 rot=0
terrain	void_overlay_no_floor_context	41	void overlay	1806	5145	0	28	80	source_plane=0 shape=0 rot=0
terrain	void_overlay_no_floor_context	41	void overlay	1806	5146	0	28	80	source_plane=0 shape=0 rot=0
terrain	void_overlay_no_floor_context	41	void overlay	1806	5147	0	28	80	source_plane=0 shape=0 rot=0
terrain	void_overlay_no_floor_context	41	void overlay	1806	5148	0	28	80	source_plane=0 shape=0 rot=0
terrain	void_overlay_no_floor_context	41	void overlay	1806	5149	0	28	80	source_plane=0 shape=0 rot=0
terrain	void_overlay_no_floor_context	41	void overlay	1806	5150	0	28	80	source_plane=0 shape=0 rot=0
terrain	void_overlay_no_floor_context	41	void overlay	1806	5151	0	28	80	source_plane=0 shape=0 rot=0
terrain	void_overlay_no_floor_context	41	void overlay	1806	5152	0	28	80	source_plane=0 shape=0 rot=0
terrain	void_overlay_no_floor_context	41	void overlay	1806	5153	0	28	80	source_plane=0 shape=0 rot=0
terrain	void_overlay_no_floor_context	41	void overlay	1806	5154	0	28	80	source_plane=0 shape=0 rot=0
terrain	void_overlay_no_floor_context	41	void overlay	1806	5155	0	28	80	source_plane=0 shape=0 rot=0
terrain	void_overlay_no_floor_context	41	void overlay	1806	5156	0	28	80	source_plane=0 shape=0 rot=0
terrain	void_overlay_no_floor_context	41	void overlay	1806	5157	0	28	80	source_plane=0 shape=0 rot=0
terrain	void_overlay_no_floor_context	41	void overlay	1806	5158	0	28	80	source_plane=0 shape=0 rot=0
terrain	void_overlay_no_floor_context	41	void overlay	1806	5159	0	28	80	source_plane=0 shape=0 rot=0
terrain	void_overlay_no_floor_context	41	void overlay	1806	5160	0	28	80	source_plane=0 shape=0 rot=0
terrain	void_overlay_no_floor_context	41	void overlay	1806	5161	0	28	80	source_plane=0 shape=0 rot=0
terrain	void_overlay_no_floor_context	41	void overlay	1806	5162	0	28	80	source_plane=0 shape=0 rot=0
terrain	void_overlay_no_floor_context	41	void overlay	1806	5163	0	28	80	source_plane=0 shape=0 rot=0
terrain	void_overlay_no_floor_context	41	void overlay	1806	5164	0	28	80	source_plane=0 shape=0 rot=0
terrain	void_overlay_no_floor_context	41	void overlay	1806	5165	0	28	80	source_plane=0 shape=0 rot=0
terrain	void_overlay_no_floor_context	41	void overlay	1806	5166	0	28	80	source_plane=0 shape=0 rot=0
terrain	void_overlay_no_floor_context	41	void overlay	1806	5167	0	28	80	source_plane=0 shape=0 rot=0
terrain	void_overlay_no_floor_context	41	void overlay	1806	5168	0	28	80	source_plane=0 shape=0 rot=0
terrain	void_overlay_no_floor_context	41	void overlay	1806	5169	0	28	80	source_plane=0 shape=0 rot=0
terrain	void_overlay_no_floor_context	41	void overlay	1806	5170	0	28	80	source_plane=0 shape=0 rot=0
terrain	void_overlay_no_floor_context	41	void overlay	1806	5171	0	28	80	source_plane=0 shape=0 rot=0
terrain	void_overlay_no_floor_context	41	void overlay	1806	5172	0	28	80	source_plane=0 shape=0 rot=0
terrain	void_overlay_no_floor_context	41	void overlay	1806	5173	0	28	80	source_plane=0 shape=0 rot=0
terrain	void_overlay_no_floor_context	41	void overlay	1806	5174	0	28	80	source_plane=0 shape=0 rot=0
terrain	void_overlay_no_floor_context	41	void overlay	1806	5175	0	28	80	source_plane=0 shape=0 rot=0
terrain	void_overlay_no_floor_context	41	void overlay	1806	5176	0	28	80	source_plane=0 shape=0 rot=0
terrain	void_overlay_no_floor_context	41	void overlay	1806	5177	0	28	80	source_plane=0 shape=0 rot=0
terrain	void_overlay_no_floor_context	41	void overlay	1806	5178	0	28	80	source_plane=0 shape=0 rot=0
terrain	void_overlay_no_floor_context	41	void overlay	1806	5179	0	28	80	source_plane=0 shape=0 rot=0
terrain	void_overlay_no_floor_context	41	void overlay	1806	5180	0	28	80	source_plane=0 shape=0 rot=0
terrain	void_overlay_no_floor_context	41	void overlay	1806	5181	0	28	80	source_plane=0 shape=0 rot=0
terrain	void_overlay_no_floor_context	41	void overlay	1806	5182	0	28	80	source_plane=0 shape=0 rot=0
terrain	void_overlay_no_floor_context	41	void overlay	1806	5183	0	28	80	source_plane=0 shape=0 rot=0
terrain	void_overlay_no_floor_context	41	void overlay	1807	5122	0	28	80	source_plane=0 shape=0 rot=0
terrain	void_overlay_no_floor_context	41	void overlay	1807	5123	0	28	80	source_plane=0 shape=0 rot=0
terrain	void_overlay_no_floor_context	41	void overlay	1807	5124	0	28	80	source_plane=0 shape=0 rot=0
terrain	void_overlay_no_floor_context	41	void overlay	1807	5125	0	28	80	source_plane=0 shape=0 rot=0
terrain	void_overlay_no_floor_context	41	void overlay	1807	5126	0	28	80	source_plane=0 shape=0 rot=0
terrain	void_overlay_no_floor_context	41	void overlay	1807	5127	0	28	80	source_plane=0 shape=0 rot=0
terrain	void_overlay_no_floor_context	41	void overlay	1807	5128	0	28	80	source_plane=0 shape=0 rot=0
terrain	void_overlay_no_floor_context	41	void overlay	1807	5129	0	28	80	source_plane=0 shape=0 rot=0
terrain	void_overlay_no_floor_context	41	void overlay	1807	5130	0	28	80	source_plane=0 shape=0 rot=0
terrain	void_overlay_no_floor_context	41	void overlay	1807	5131	0	28	80	source_plane=0 shape=0 rot=0
terrain	void_overlay_no_floor_context	41	void overlay	1807	5132	0	28	80	source_plane=0 shape=0 rot=0
terrain	void_overlay_no_floor_context	41	void overlay	1807	5133	0	28	80	source_plane=0 shape=0 rot=0
terrain	void_overlay_no_floor_context	41	void overlay	1807	5134	0	28	80	source_plane=0 shape=0 rot=0
terrain	void_overlay_no_floor_context	41	void overlay	1807	5135	0	28	80	source_plane=0 shape=0 rot=0
terrain	void_overlay_no_floor_context	41	void overlay	1807	5136	0	28	80	source_plane=0 shape=0 rot=0
terrain	void_overlay_no_floor_context	41	void overlay	1807	5137	0	28	80	source_plane=0 shape=0 rot=0
terrain	void_overlay_no_floor_context	41	void overlay	1807	5138	0	28	80	source_plane=0 shape=0 rot=0
terrain	void_overlay_no_floor_context	41	void overlay	1807	5139	0	28	80	source_plane=0 shape=0 rot=0
terrain	void_overlay_no_floor_context	41	void overlay	1807	5140	0	28	80	source_plane=0 shape=0 rot=0
terrain	void_overlay_no_floor_context	41	void overlay	1807	5141	0	28	80	source_plane=0 shape=0 rot=0
terrain	void_overlay_no_floor_context	41	void overlay	1807	5142	0	28	80	source_plane=0 shape=0 rot=0
terrain	void_overlay_no_floor_context	41	void overlay	1807	5143	0	28	80	source_plane=0 shape=0 rot=0
terrain	void_overlay_no_floor_context	41	void overlay	1807	5144	0	28	80	source_plane=0 shape=0 rot=0
terrain	void_overlay_no_floor_context	41	void overlay	1807	5145	0	28	80	source_plane=0 shape=0 rot=0
terrain	void_overlay_no_floor_context	41	void overlay	1807	5146	0	28	80	source_plane=0 shape=0 rot=0
terrain	void_overlay_no_floor_context	41	void overlay	1807	5147	0	28	80	source_plane=0 shape=0 rot=0
terrain	void_overlay_no_floor_context	41	void overlay	1807	5148	0	28	80	source_plane=0 shape=0 rot=0
terrain	void_overlay_no_floor_context	41	void overlay	1807	5149	0	28	80	source_plane=0 shape=0 rot=0
terrain	void_overlay_no_floor_context	41	void overlay	1807	5150	0	28	80	source_plane=0 shape=0 rot=0
terrain	void_overlay_no_floor_context	41	void overlay	1807	5151	0	28	80	source_plane=0 shape=0 rot=0
terrain	void_overlay_no_floor_context	41	void overlay	1807	5152	0	28	80	source_plane=0 shape=0 rot=0
terrain	void_overlay_no_floor_context	41	void overlay	1807	5153	0	28	80	source_plane=0 shape=0 rot=0
terrain	void_overlay_no_floor_context	41	void overlay	1807	5154	0	28	80	source_plane=0 shape=0 rot=0
terrain	void_overlay_no_floor_context	41	void overlay	1807	5155	0	28	80	source_plane=0 shape=0 rot=0
terrain	void_overlay_no_floor_context	41	void overlay	1807	5156	0	28	80	source_plane=0 shape=0 rot=0
terrain	void_overlay_no_floor_context	41	void overlay	1807	5157	0	28	80	source_plane=0 shape=0 rot=0
terrain	void_overlay_no_floor_context	41	void overlay	1807	5158	0	28	80	source_plane=0 shape=0 rot=0
terrain	void_overlay_no_floor_context	41	void overlay	1807	5159	0	28	80	source_plane=0 shape=0 rot=0
terrain	void_overlay_no_floor_context	41	void overlay	1807	5160	0	28	80	source_plane=0 shape=0 rot=0
terrain	void_overlay_no_floor_context	41	void overlay	1807	5161	0	28	80	source_plane=0 shape=0 rot=0
terrain	void_overlay_no_floor_context	41	void overlay	1807	5162	0	28	80	source_plane=0 shape=0 rot=0
terrain	void_overlay_no_floor_context	41	void overlay	1807	5163	0	28	80	source_plane=0 shape=0 rot=0
terrain	void_overlay_no_floor_context	41	void overlay	1807	5164	0	28	80	source_plane=0 shape=0 rot=0
terrain	void_overlay_no_floor_context	41	void overlay	1807	5165	0	28	80	source_plane=0 shape=0 rot=0
terrain	void_overlay_no_floor_context	41	void overlay	1807	5166	0	28	80	source_plane=0 shape=0 rot=0
terrain	void_overlay_no_floor_context	41	void overlay	1807	5167	0	28	80	source_plane=0 shape=0 rot=0
terrain	void_overlay_no_floor_context	41	void overlay	1807	5168	0	28	80	source_plane=0 shape=0 rot=0
terrain	void_overlay_no_floor_context	41	void overlay	1807	5169	0	28	80	source_plane=0 shape=0 rot=0
terrain	void_overlay_no_floor_context	41	void overlay	1807	5170	0	28	80	source_plane=0 shape=0 rot=0
terrain	void_overlay_no_floor_context	41	void overlay	1807	5171	0	28	80	source_plane=0 shape=0 rot=0
terrain	void_overlay_no_floor_context	41	void overlay	1807	5172	0	28	80	source_plane=0 shape=0 rot=0
terrain	void_overlay_no_floor_context	41	void overlay	1807	5173	0	28	80	source_plane=0 shape=0 rot=0
terrain	void_overlay_no_floor_context	41	void overlay	1807	5174	0	28	80	source_plane=0 shape=0 rot=0
terrain	void_overlay_no_floor_context	41	void overlay	1807	5175	0	28	80	source_plane=0 shape=0 rot=0
terrain	void_overlay_no_floor_context	41	void overlay	1807	5176	0	28	80	source_plane=0 shape=0 rot=0
terrain	void_overlay_no_floor_context	41	void overlay	1807	5177	0	28	80	source_plane=0 shape=0 rot=0
terrain	void_overlay_no_floor_context	41	void overlay	1807	5178	0	28	80	source_plane=0 shape=0 rot=0
terrain	void_overlay_no_floor_context	41	void overlay	1807	5179	0	28	80	source_plane=0 shape=0 rot=0
terrain	void_overlay_no_floor_context	41	void overlay	1807	5180	0	28	80	source_plane=0 shape=0 rot=0
terrain	void_overlay_no_floor_context	41	void overlay	1807	5181	0	28	80	source_plane=0 shape=0 rot=0
terrain	void_overlay_no_floor_context	41	void overlay	1807	5182	0	28	80	source_plane=0 shape=0 rot=0
terrain	void_overlay_no_floor_context	41	void overlay	1807	5183	0	28	80	source_plane=0 shape=0 rot=0
terrain	void_overlay_no_floor_context	41	void overlay	1808	5122	0	28	80	source_plane=0 shape=0 rot=0
terrain	void_overlay_no_floor_context	41	void overlay	1808	5123	0	28	80	source_plane=0 shape=0 rot=0
terrain	void_overlay_no_floor_context	41	void overlay	1808	5124	0	28	80	source_plane=0 shape=0 rot=0
terrain	void_overlay_no_floor_context	41	void overlay	1808	5125	0	28	80	source_plane=0 shape=0 rot=0
terrain	void_overlay_no_floor_context	41	void overlay	1808	5126	0	28	80	source_plane=0 shape=0 rot=0
terrain	void_overlay_no_floor_context	41	void overlay	1808	5127	0	28	80	source_plane=0 shape=0 rot=0
terrain	void_overlay_no_floor_context	41	void overlay	1808	5128	0	28	80	source_plane=0 shape=0 rot=0
terrain	void_overlay_no_floor_context	41	void overlay	1808	5129	0	28	80	source_plane=0 shape=0 rot=0
terrain	void_overlay_no_floor_context	41	void overlay	1808	5130	0	28	80	source_plane=0 shape=0 rot=0
terrain	void_overlay_no_floor_context	41	void overlay	1808	5131	0	28	80	source_plane=0 shape=0 rot=0
terrain	void_overlay_no_floor_context	41	void overlay	1808	5132	0	28	80	source_plane=0 shape=0 rot=0
terrain	void_overlay_no_floor_context	41	void overlay	1808	5133	0	28	80	source_plane=0 shape=0 rot=0
terrain	void_overlay_no_floor_context	41	void overlay	1808	5134	0	28	80	source_plane=0 shape=0 rot=0
terrain	void_overlay_no_floor_context	41	void overlay	1808	5135	0	28	80	source_plane=0 shape=0 rot=0
terrain	void_overlay_no_floor_context	41	void overlay	1808	5136	0	28	80	source_plane=0 shape=0 rot=0
terrain	void_overlay_no_floor_context	41	void overlay	1808	5137	0	28	80	source_plane=0 shape=0 rot=0
terrain	void_overlay_no_floor_context	41	void overlay	1808	5138	0	28	80	source_plane=0 shape=0 rot=0
terrain	void_overlay_no_floor_context	41	void overlay	1808	5139	0	28	80	source_plane=0 shape=0 rot=0
terrain	void_overlay_no_floor_context	41	void overlay	1808	5140	0	28	80	source_plane=0 shape=0 rot=0
terrain	void_overlay_no_floor_context	41	void overlay	1808	5141	0	28	80	source_plane=0 shape=0 rot=0
terrain	void_overlay_no_floor_context	41	void overlay	1808	5142	0	28	80	source_plane=0 shape=0 rot=0
terrain	void_overlay_no_floor_context	41	void overlay	1808	5143	0	28	80	source_plane=0 shape=0 rot=0
terrain	void_overlay_no_floor_context	41	void overlay	1808	5144	0	28	80	source_plane=0 shape=0 rot=0
terrain	void_overlay_no_floor_context	41	void overlay	1808	5145	0	28	80	source_plane=0 shape=0 rot=0
terrain	void_overlay_no_floor_context	41	void overlay	1808	5146	0	28	80	source_plane=0 shape=0 rot=0
terrain	void_overlay_no_floor_context	41	void overlay	1808	5147	0	28	80	source_plane=0 shape=0 rot=0
terrain	void_overlay_no_floor_context	41	void overlay	1808	5148	0	28	80	source_plane=0 shape=0 rot=0
terrain	void_overlay_no_floor_context	41	void overlay	1808	5149	0	28	80	source_plane=0 shape=0 rot=0
terrain	void_overlay_no_floor_context	41	void overlay	1808	5150	0	28	80	source_plane=0 shape=0 rot=0
terrain	void_overlay_no_floor_context	41	void overlay	1808	5151	0	28	80	source_plane=0 shape=0 rot=0
terrain	void_overlay_no_floor_context	41	void overlay	1808	5152	0	28	80	source_plane=0 shape=0 rot=0
terrain	void_overlay_no_floor_context	41	void overlay	1808	5153	0	28	80	source_plane=0 shape=0 rot=0
terrain	void_overlay_no_floor_context	41	void overlay	1808	5154	0	28	80	source_plane=0 shape=0 rot=0
terrain	void_overlay_no_floor_context	41	void overlay	1808	5155	0	28	80	source_plane=0 shape=0 rot=0
terrain	void_overlay_no_floor_context	41	void overlay	1808	5156	0	28	80	source_plane=0 shape=0 rot=0
terrain	void_overlay_no_floor_context	41	void overlay	1808	5157	0	28	80	source_plane=0 shape=0 rot=0
terrain	void_overlay_no_floor_context	41	void overlay	1808	5158	0	28	80	source_plane=0 shape=0 rot=0
terrain	void_overlay_no_floor_context	41	void overlay	1808	5159	0	28	80	source_plane=0 shape=0 rot=0
terrain	void_overlay_no_floor_context	41	void overlay	1808	5160	0	28	80	source_plane=0 shape=0 rot=0
terrain	void_overlay_no_floor_context	41	void overlay	1808	5161	0	28	80	source_plane=0 shape=0 rot=0
terrain	void_overlay_no_floor_context	41	void overlay	1808	5162	0	28	80	source_plane=0 shape=0 rot=0
terrain	void_overlay_no_floor_context	41	void overlay	1808	5163	0	28	80	source_plane=0 shape=0 rot=0
terrain	void_overlay_no_floor_context	41	void overlay	1808	5164	0	28	80	source_plane=0 shape=0 rot=0
terrain	void_overlay_no_floor_context	41	void overlay	1808	5165	0	28	80	source_plane=0 shape=0 rot=0
terrain	void_overlay_no_floor_context	41	void overlay	1808	5166	0	28	80	source_plane=0 shape=0 rot=0
terrain	void_overlay_no_floor_context	41	void overlay	1808	5167	0	28	80	source_plane=0 shape=0 rot=0
terrain	void_overlay_no_floor_context	41	void overlay	1808	5168	0	28	80	source_plane=0 shape=0 rot=0
terrain	void_overlay_no_floor_context	41	void overlay	1808	5169	0	28	80	source_plane=0 shape=0 rot=0
terrain	void_overlay_no_floor_context	41	void overlay	1808	5170	0	28	80	source_plane=0 shape=0 rot=0
terrain	void_overlay_no_floor_context	41	void overlay	1808	5171	0	28	80	source_plane=0 shape=0 rot=0
terrain	void_overlay_no_floor_context	41	void overlay	1808	5172	0	28	80	source_plane=0 shape=0 rot=0
terrain	void_overlay_no_floor_context	41	void overlay	1808	5173	0	28	80	source_plane=0 shape=0 rot=0
terrain	void_overlay_no_floor_context	41	void overlay	1808	5174	0	28	80	source_plane=0 shape=0 rot=0
terrain	void_overlay_no_floor_context	41	void overlay	1808	5175	0	28	80	source_plane=0 shape=0 rot=0
terrain	void_overlay_no_floor_context	41	void overlay	1808	5176	0	28	80	source_plane=0 shape=0 rot=0
terrain	void_overlay_no_floor_context	41	void overlay	1808	5177	0	28	80	source_plane=0 shape=0 rot=0
terrain	void_overlay_no_floor_context	41	void overlay	1808	5178	0	28	80	source_plane=0 shape=0 rot=0
terrain	void_overlay_no_floor_context	41	void overlay	1808	5179	0	28	80	source_plane=0 shape=0 rot=0
terrain	void_overlay_no_floor_context	41	void overlay	1808	5180	0	28	80	source_plane=0 shape=0 rot=0
terrain	void_overlay_no_floor_context	41	void overlay	1808	5181	0	28	80	source_plane=0 shape=0 rot=0
terrain	void_overlay_no_floor_context	41	void overlay	1808	5182	0	28	80	source_plane=0 shape=0 rot=0
terrain	void_overlay_no_floor_context	41	void overlay	1808	5183	0	28	80	source_plane=0 shape=0 rot=0
terrain	void_overlay_no_floor_context	41	void overlay	1809	5122	0	28	80	source_plane=0 shape=0 rot=0
terrain	void_overlay_no_floor_context	41	void overlay	1809	5123	0	28	80	source_plane=0 shape=0 rot=0
terrain	void_overlay_no_floor_context	41	void overlay	1809	5124	0	28	80	source_plane=0 shape=0 rot=0
terrain	void_overlay_no_floor_context	41	void overlay	1809	5125	0	28	80	source_plane=0 shape=0 rot=0
terrain	void_overlay_no_floor_context	41	void overlay	1809	5126	0	28	80	source_plane=0 shape=0 rot=0
terrain	void_overlay_no_floor_context	41	void overlay	1809	5127	0	28	80	source_plane=0 shape=0 rot=0
terrain	void_overlay_no_floor_context	41	void overlay	1809	5128	0	28	80	source_plane=0 shape=0 rot=0
terrain	void_overlay_no_floor_context	41	void overlay	1809	5129	0	28	80	source_plane=0 shape=0 rot=0
terrain	void_overlay_no_floor_context	41	void overlay	1809	5130	0	28	80	source_plane=0 shape=0 rot=0
terrain	void_overlay_no_floor_context	41	void overlay	1809	5131	0	28	80	source_plane=0 shape=0 rot=0
terrain	void_overlay_no_floor_context	41	void overlay	1809	5132	0	28	80	source_plane=0 shape=0 rot=0
terrain	void_overlay_no_floor_context	41	void overlay	1809	5133	0	28	80	source_plane=0 shape=0 rot=0
terrain	void_overlay_no_floor_context	41	void overlay	1809	5134	0	28	80	source_plane=0 shape=0 rot=0
terrain	void_overlay_no_floor_context	41	void overlay	1809	5135	0	28	80	source_plane=0 shape=0 rot=0
terrain	void_overlay_no_floor_context	41	void overlay	1809	5136	0	28	80	source_plane=0 shape=0 rot=0
terrain	void_overlay_no_floor_context	41	void overlay	1809	5137	0	28	80	source_plane=0 shape=0 rot=0
terrain	void_overlay_no_floor_context	41	void overlay	1809	5138	0	28	80	source_plane=0 shape=0 rot=0
terrain	void_overlay_no_floor_context	41	void overlay	1809	5139	0	28	80	source_plane=0 shape=0 rot=0
terrain	void_overlay_no_floor_context	41	void overlay	1809	5140	0	28	80	source_plane=0 shape=0 rot=0
terrain	void_overlay_no_floor_context	41	void overlay	1809	5141	0	28	80	source_plane=0 shape=0 rot=0
terrain	void_overlay_no_floor_context	41	void overlay	1809	5142	0	28	80	source_plane=0 shape=0 rot=0
terrain	void_overlay_no_floor_context	41	void overlay	1809	5143	0	28	80	source_plane=0 shape=0 rot=0
terrain	void_overlay_no_floor_context	41	void overlay	1809	5144	0	28	80	source_plane=0 shape=0 rot=0
terrain	void_overlay_no_floor_context	41	void overlay	1809	5145	0	28	80	source_plane=0 shape=0 rot=0
terrain	void_overlay_no_floor_context	41	void overlay	1809	5146	0	28	80	source_plane=0 shape=0 rot=0
terrain	void_overlay_no_floor_context	41	void overlay	1809	5147	0	28	80	source_plane=0 shape=0 rot=0
terrain	void_overlay_no_floor_context	41	void overlay	1809	5148	0	28	80	source_plane=0 shape=0 rot=0
terrain	void_overlay_no_floor_context	41	void overlay	1809	5149	0	28	80	source_plane=0 shape=0 rot=0
terrain	void_overlay_no_floor_context	41	void overlay	1809	5150	0	28	80	source_plane=0 shape=0 rot=0
terrain	void_overlay_no_floor_context	41	void overlay	1809	5151	0	28	80	source_plane=0 shape=0 rot=0
terrain	void_overlay_no_floor_context	41	void overlay	1809	5152	0	28	80	source_plane=0 shape=0 rot=0
terrain	void_overlay_no_floor_context	41	void overlay	1809	5153	0	28	80	source_plane=0 shape=0 rot=0
terrain	void_overlay_no_floor_context	41	void overlay	1809	5154	0	28	80	source_plane=0 shape=0 rot=0
terrain	void_overlay_no_floor_context	41	void overlay	1809	5155	0	28	80	source_plane=0 shape=0 rot=0
terrain	void_overlay_no_floor_context	41	void overlay	1809	5156	0	28	80	source_plane=0 shape=0 rot=0
terrain	void_overlay_no_floor_context	41	void overlay	1809	5157	0	28	80	source_plane=0 shape=0 rot=0
terrain	void_overlay_no_floor_context	41	void overlay	1809	5158	0	28	80	source_plane=0 shape=0 rot=0
terrain	void_overlay_no_floor_context	41	void overlay	1809	5159	0	28	80	source_plane=0 shape=0 rot=0
terrain	void_overlay_no_floor_context	41	void overlay	1809	5160	0	28	80	source_plane=0 shape=0 rot=0
terrain	void_overlay_no_floor_context	41	void overlay	1809	5161	0	28	80	source_plane=0 shape=0 rot=0
terrain	void_overlay_no_floor_context	41	void overlay	1809	5162	0	28	80	source_plane=0 shape=0 rot=0
terrain	void_overlay_no_floor_context	41	void overlay	1809	5163	0	28	80	source_plane=0 shape=0 rot=0
terrain	void_overlay_no_floor_context	41	void overlay	1809	5164	0	28	80	source_plane=0 shape=0 rot=0
terrain	void_overlay_no_floor_context	41	void overlay	1809	5165	0	28	80	source_plane=0 shape=0 rot=0
terrain	void_overlay_no_floor_context	41	void overlay	1809	5166	0	28	80	source_plane=0 shape=0 rot=0
terrain	void_overlay_no_floor_context	41	void overlay	1809	5167	0	28	80	source_plane=0 shape=0 rot=0
terrain	void_overlay_no_floor_context	41	void overlay	1809	5168	0	28	80	source_plane=0 shape=0 rot=0
terrain	void_overlay_no_floor_context	41	void overlay	1809	5169	0	28	80	source_plane=0 shape=0 rot=0
terrain	void_overlay_no_floor_context	41	void overlay	1809	5170	0	28	80	source_plane=0 shape=0 rot=0
terrain	void_overlay_no_floor_context	41	void overlay	1809	5171	0	28	80	source_plane=0 shape=0 rot=0
terrain	void_overlay_no_floor_context	41	void overlay	1809	5172	0	28	80	source_plane=0 shape=0 rot=0
terrain	void_overlay_no_floor_context	41	void overlay	1809	5173	0	28	80	source_plane=0 shape=0 rot=0
terrain	void_overlay_no_floor_context	41	void overlay	1809	5174	0	28	80	source_plane=0 shape=0 rot=0
terrain	void_overlay_no_floor_context	41	void overlay	1809	5175	0	28	80	source_plane=0 shape=0 rot=0
terrain	void_overlay_no_floor_context	41	void overlay	1809	5176	0	28	80	source_plane=0 shape=0 rot=0
terrain	void_overlay_no_floor_context	41	void overlay	1809	5177	0	28	80	source_plane=0 shape=0 rot=0
terrain	void_overlay_no_floor_context	41	void overlay	1809	5178	0	28	80	source_plane=0 shape=0 rot=0
terrain	void_overlay_no_floor_context	41	void overlay	1809	5179	0	28	80	source_plane=0 shape=0 rot=0
terrain	void_overlay_no_floor_context	41	void overlay	1809	5180	0	28	80	source_plane=0 shape=0 rot=0
terrain	void_overlay_no_floor_context	41	void overlay	1809	5181	0	28	80	source_plane=0 shape=0 rot=0
terrain	void_overlay_no_floor_context	41	void overlay	1809	5182	0	28	80	source_plane=0 shape=0 rot=0
terrain	void_overlay_no_floor_context	41	void overlay	1809	5183	0	28	80	source_plane=0 shape=0 rot=0
terrain	void_overlay_no_floor_context	41	void overlay	1810	5122	0	28	80	source_plane=0 shape=0 rot=0
terrain	void_overlay_no_floor_context	41	void overlay	1810	5123	0	28	80	source_plane=0 shape=0 rot=0
terrain	void_overlay_no_floor_context	41	void overlay	1810	5124	0	28	80	source_plane=0 shape=0 rot=0
terrain	void_overlay_no_floor_context	41	void overlay	1810	5125	0	28	80	source_plane=0 shape=0 rot=0
terrain	void_overlay_no_floor_context	41	void overlay	1810	5126	0	28	80	source_plane=0 shape=0 rot=0
terrain	void_overlay_no_floor_context	41	void overlay	1810	5127	0	28	80	source_plane=0 shape=0 rot=0
terrain	void_overlay_no_floor_context	41	void overlay	1810	5128	0	28	80	source_plane=0 shape=0 rot=0
terrain	void_overlay_no_floor_context	41	void overlay	1810	5129	0	28	80	source_plane=0 shape=0 rot=0
terrain	void_overlay_no_floor_context	41	void overlay	1810	5130	0	28	80	source_plane=0 shape=0 rot=0
terrain	void_overlay_no_floor_context	41	void overlay	1810	5131	0	28	80	source_plane=0 shape=0 rot=0
terrain	void_overlay_no_floor_context	41	void overlay	1810	5132	0	28	80	source_plane=0 shape=0 rot=0
terrain	void_overlay_no_floor_context	41	void overlay	1810	5133	0	28	80	source_plane=0 shape=0 rot=0
terrain	void_overlay_no_floor_context	41	void overlay	1810	5134	0	28	80	source_plane=0 shape=0 rot=0
terrain	void_overlay_no_floor_context	41	void overlay	1810	5135	0	28	80	source_plane=0 shape=0 rot=0
terrain	void_overlay_no_floor_context	41	void overlay	1810	5136	0	28	80	source_plane=0 shape=0 rot=0
terrain	void_overlay_no_floor_context	41	void overlay	1810	5137	0	28	80	source_plane=0 shape=0 rot=0
terrain	void_overlay_no_floor_context	41	void overlay	1810	5138	0	28	80	source_plane=0 shape=0 rot=0
terrain	void_overlay_no_floor_context	41	void overlay	1810	5139	0	28	80	source_plane=0 shape=0 rot=0
terrain	void_overlay_no_floor_context	41	void overlay	1810	5140	0	28	80	source_plane=0 shape=0 rot=0
terrain	void_overlay_no_floor_context	41	void overlay	1810	5141	0	28	80	source_plane=0 shape=0 rot=0
terrain	void_overlay_no_floor_context	41	void overlay	1810	5142	0	28	80	source_plane=0 shape=0 rot=0
terrain	void_overlay_no_floor_context	41	void overlay	1810	5143	0	28	80	source_plane=0 shape=0 rot=0
terrain	void_overlay_no_floor_context	41	void overlay	1810	5144	0	28	80	source_plane=0 shape=0 rot=0
terrain	void_overlay_no_floor_context	41	void overlay	1810	5145	0	28	80	source_plane=0 shape=0 rot=0
terrain	void_overlay_no_floor_context	41	void overlay	1810	5146	0	28	80	source_plane=0 shape=0 rot=0
terrain	void_overlay_no_floor_context	41	void overlay	1810	5147	0	28	80	source_plane=0 shape=0 rot=0
terrain	void_overlay_no_floor_context	41	void overlay	1810	5148	0	28	80	source_plane=0 shape=0 rot=0
terrain	void_overlay_no_floor_context	41	void overlay	1810	5149	0	28	80	source_plane=0 shape=0 rot=0
terrain	void_overlay_no_floor_context	41	void overlay	1810	5150	0	28	80	source_plane=0 shape=0 rot=0
terrain	void_overlay_no_floor_context	41	void overlay	1810	5151	0	28	80	source_plane=0 shape=0 rot=0
terrain	void_overlay_no_floor_context	41	void overlay	1810	5152	0	28	80	source_plane=0 shape=0 rot=0
terrain	void_overlay_no_floor_context	41	void overlay	1810	5153	0	28	80	source_plane=0 shape=0 rot=0
terrain	void_overlay_no_floor_context	41	void overlay	1810	5154	0	28	80	source_plane=0 shape=0 rot=0
terrain	void_overlay_no_floor_context	41	void overlay	1810	5155	0	28	80	source_plane=0 shape=0 rot=0
terrain	void_overlay_no_floor_context	41	void overlay	1810	5156	0	28	80	source_plane=0 shape=0 rot=0
terrain	void_overlay_no_floor_context	41	void overlay	1810	5157	0	28	80	source_plane=0 shape=0 rot=0
terrain	void_overlay_no_floor_context	41	void overlay	1810	5158	0	28	80	source_plane=0 shape=0 rot=0
terrain	void_overlay_no_floor_context	41	void overlay	1810	5159	0	28	80	source_plane=0 shape=0 rot=0
terrain	void_overlay_no_floor_context	41	void overlay	1810	5160	0	28	80	source_plane=0 shape=0 rot=0
terrain	void_overlay_no_floor_context	41	void overlay	1810	5161	0	28	80	source_plane=0 shape=0 rot=0
terrain	void_overlay_no_floor_context	41	void overlay	1810	5162	0	28	80	source_plane=0 shape=0 rot=0
terrain	void_overlay_no_floor_context	41	void overlay	1810	5163	0	28	80	source_plane=0 shape=0 rot=0
terrain	void_overlay_no_floor_context	41	void overlay	1810	5164	0	28	80	source_plane=0 shape=0 rot=0
terrain	void_overlay_no_floor_context	41	void overlay	1810	5165	0	28	80	source_plane=0 shape=0 rot=0
terrain	void_overlay_no_floor_context	41	void overlay	1810	5166	0	28	80	source_plane=0 shape=0 rot=0
terrain	void_overlay_no_floor_context	41	void overlay	1810	5167	0	28	80	source_plane=0 shape=0 rot=0
terrain	void_overlay_no_floor_context	41	void overlay	1810	5168	0	28	80	source_plane=0 shape=0 rot=0
terrain	void_overlay_no_floor_context	41	void overlay	1810	5169	0	28	80	source_plane=0 shape=0 rot=0
terrain	void_overlay_no_floor_context	41	void overlay	1810	5170	0	28	80	source_plane=0 shape=0 rot=0
terrain	void_overlay_no_floor_context	41	void overlay	1810	5171	0	28	80	source_plane=0 shape=0 rot=0
terrain	void_overlay_no_floor_context	41	void overlay	1810	5172	0	28	80	source_plane=0 shape=0 rot=0
terrain	void_overlay_no_floor_context	41	void overlay	1810	5173	0	28	80	source_plane=0 shape=0 rot=0
terrain	void_overlay_no_floor_context	41	void overlay	1810	5174	0	28	80	source_plane=0 shape=0 rot=0
terrain	void_overlay_no_floor_context	41	void overlay	1810	5175	0	28	80	source_plane=0 shape=0 rot=0
terrain	void_overlay_no_floor_context	41	void overlay	1810	5176	0	28	80	source_plane=0 shape=0 rot=0
terrain	void_overlay_no_floor_context	41	void overlay	1810	5177	0	28	80	source_plane=0 shape=0 rot=0
terrain	void_overlay_no_floor_context	41	void overlay	1810	5178	0	28	80	source_plane=0 shape=0 rot=0
terrain	void_overlay_no_floor_context	41	void overlay	1810	5179	0	28	80	source_plane=0 shape=0 rot=0
terrain	void_overlay_no_floor_context	41	void overlay	1810	5180	0	28	80	source_plane=0 shape=0 rot=0
terrain	void_overlay_no_floor_context	41	void overlay	1810	5181	0	28	80	source_plane=0 shape=0 rot=0
terrain	void_overlay_no_floor_context	41	void overlay	1810	5182	0	28	80	source_plane=0 shape=0 rot=0
terrain	void_overlay_no_floor_context	41	void overlay	1810	5183	0	28	80	source_plane=0 shape=0 rot=0
terrain	void_overlay_no_floor_context	41	void overlay	1811	5122	0	28	80	source_plane=0 shape=0 rot=0
terrain	void_overlay_no_floor_context	41	void overlay	1811	5123	0	28	80	source_plane=0 shape=0 rot=0
terrain	void_overlay_no_floor_context	41	void overlay	1811	5124	0	28	80	source_plane=0 shape=0 rot=0
terrain	void_overlay_no_floor_context	41	void overlay	1811	5125	0	28	80	source_plane=0 shape=0 rot=0
terrain	void_overlay_no_floor_context	41	void overlay	1811	5126	0	28	80	source_plane=0 shape=0 rot=0
terrain	void_overlay_no_floor_context	41	void overlay	1811	5127	0	28	80	source_plane=0 shape=0 rot=0
terrain	void_overlay_no_floor_context	41	void overlay	1811	5128	0	28	80	source_plane=0 shape=0 rot=0
terrain	void_overlay_no_floor_context	41	void overlay	1811	5129	0	28	80	source_plane=0 shape=0 rot=0
terrain	void_overlay_no_floor_context	41	void overlay	1811	5130	0	28	80	source_plane=0 shape=0 rot=0
terrain	void_overlay_no_floor_context	41	void overlay	1811	5131	0	28	80	source_plane=0 shape=0 rot=0
terrain	void_overlay_no_floor_context	41	void overlay	1811	5132	0	28	80	source_plane=0 shape=0 rot=0
terrain	void_overlay_no_floor_context	41	void overlay	1811	5133	0	28	80	source_plane=0 shape=0 rot=0
terrain	void_overlay_no_floor_context	41	void overlay	1811	5134	0	28	80	source_plane=0 shape=0 rot=0
terrain	void_overlay_no_floor_context	41	void overlay	1811	5135	0	28	80	source_plane=0 shape=0 rot=0
terrain	void_overlay_no_floor_context	41	void overlay	1811	5136	0	28	80	source_plane=0 shape=0 rot=0
terrain	void_overlay_no_floor_context	41	void overlay	1811	5137	0	28	80	source_plane=0 shape=0 rot=0
terrain	void_overlay_no_floor_context	41	void overlay	1811	5138	0	28	80	source_plane=0 shape=0 rot=0
terrain	void_overlay_no_floor_context	41	void overlay	1811	5139	0	28	80	source_plane=0 shape=0 rot=0
terrain	void_overlay_no_floor_context	41	void overlay	1811	5140	0	28	80	source_plane=0 shape=0 rot=0
terrain	void_overlay_no_floor_context	41	void overlay	1811	5141	0	28	80	source_plane=0 shape=0 rot=0
terrain	void_overlay_no_floor_context	41	void overlay	1811	5142	0	28	80	source_plane=0 shape=0 rot=0
terrain	void_overlay_no_floor_context	41	void overlay	1811	5143	0	28	80	source_plane=0 shape=0 rot=0
terrain	void_overlay_no_floor_context	41	void overlay	1811	5144	0	28	80	source_plane=0 shape=0 rot=0
terrain	void_overlay_no_floor_context	41	void overlay	1811	5145	0	28	80	source_plane=0 shape=0 rot=0
terrain	void_overlay_no_floor_context	41	void overlay	1811	5146	0	28	80	source_plane=0 shape=0 rot=0
terrain	void_overlay_no_floor_context	41	void overlay	1811	5147	0	28	80	source_plane=0 shape=0 rot=0
terrain	void_overlay_no_floor_context	41	void overlay	1811	5148	0	28	80	source_plane=0 shape=0 rot=0
terrain	void_overlay_no_floor_context	41	void overlay	1811	5149	0	28	80	source_plane=0 shape=0 rot=0
terrain	void_overlay_no_floor_context	41	void overlay	1811	5150	0	28	80	source_plane=0 shape=0 rot=0
terrain	void_overlay_no_floor_context	41	void overlay	1811	5151	0	28	80	source_plane=0 shape=0 rot=0
terrain	void_overlay_no_floor_context	41	void overlay	1811	5152	0	28	80	source_plane=0 shape=0 rot=0
terrain	void_overlay_no_floor_context	41	void overlay	1811	5153	0	28	80	source_plane=0 shape=0 rot=0
terrain	void_overlay_no_floor_context	41	void overlay	1811	5154	0	28	80	source_plane=0 shape=0 rot=0
terrain	void_overlay_no_floor_context	41	void overlay	1811	5155	0	28	80	source_plane=0 shape=0 rot=0
terrain	void_overlay_no_floor_context	41	void overlay	1811	5156	0	28	80	source_plane=0 shape=0 rot=0
terrain	void_overlay_no_floor_context	41	void overlay	1811	5157	0	28	80	source_plane=0 shape=0 rot=0
terrain	void_overlay_no_floor_context	41	void overlay	1811	5158	0	28	80	source_plane=0 shape=0 rot=0
terrain	void_overlay_no_floor_context	41	void overlay	1811	5159	0	28	80	source_plane=0 shape=0 rot=0
terrain	void_overlay_no_floor_context	41	void overlay	1811	5160	0	28	80	source_plane=0 shape=0 rot=0
terrain	void_overlay_no_floor_context	41	void overlay	1811	5161	0	28	80	source_plane=0 shape=0 rot=0
terrain	void_overlay_no_floor_context	41	void overlay	1811	5162	0	28	80	source_plane=0 shape=0 rot=0
terrain	void_overlay_no_floor_context	41	void overlay	1811	5163	0	28	80	source_plane=0 shape=0 rot=0
terrain	void_overlay_no_floor_context	41	void overlay	1811	5164	0	28	80	source_plane=0 shape=0 rot=0
terrain	void_overlay_no_floor_context	41	void overlay	1811	5165	0	28	80	source_plane=0 shape=0 rot=0
terrain	void_overlay_no_floor_context	41	void overlay	1811	5166	0	28	80	source_plane=0 shape=0 rot=0
terrain	void_overlay_no_floor_context	41	void overlay	1811	5167	0	28	80	source_plane=0 shape=0 rot=0
terrain	void_overlay_no_floor_context	41	void overlay	1811	5168	0	28	80	source_plane=0 shape=0 rot=0
terrain	void_overlay_no_floor_context	41	void overlay	1811	5169	0	28	80	source_plane=0 shape=0 rot=0
terrain	void_overlay_no_floor_context	41	void overlay	1811	5170	0	28	80	source_plane=0 shape=0 rot=0
terrain	void_overlay_no_floor_context	41	void overlay	1811	5171	0	28	80	source_plane=0 shape=0 rot=0
terrain	void_overlay_no_floor_context	41	void overlay	1811	5172	0	28	80	source_plane=0 shape=0 rot=0
terrain	void_overlay_no_floor_context	41	void overlay	1811	5173	0	28	80	source_plane=0 shape=0 rot=0
terrain	void_overlay_no_floor_context	41	void overlay	1811	5174	0	28	80	source_plane=0 shape=0 rot=0
terrain	void_overlay_no_floor_context	41	void overlay	1811	5175	0	28	80	source_plane=0 shape=0 rot=0
terrain	void_overlay_no_floor_context	41	void overlay	1811	5176	0	28	80	source_plane=0 shape=0 rot=0
terrain	void_overlay_no_floor_context	41	void overlay	1811	5177	0	28	80	source_plane=0 shape=0 rot=0
terrain	void_overlay_no_floor_context	41	void overlay	1811	5178	0	28	80	source_plane=0 shape=0 rot=0
terrain	void_overlay_no_floor_context	41	void overlay	1811	5179	0	28	80	source_plane=0 shape=0 rot=0
terrain	void_overlay_no_floor_context	41	void overlay	1811	5180	0	28	80	source_plane=0 shape=0 rot=0
terrain	void_overlay_no_floor_context	41	void overlay	1811	5181	0	28	80	source_plane=0 shape=0 rot=0
terrain	void_overlay_no_floor_context	41	void overlay	1811	5182	0	28	80	source_plane=0 shape=0 rot=0
terrain	void_overlay_no_floor_context	41	void overlay	1811	5183	0	28	80	source_plane=0 shape=0 rot=0
terrain	void_overlay_no_floor_context	41	void overlay	1812	5122	0	28	80	source_plane=0 shape=0 rot=0
terrain	void_overlay_no_floor_context	41	void overlay	1812	5123	0	28	80	source_plane=0 shape=0 rot=0
terrain	void_overlay_no_floor_context	41	void overlay	1812	5124	0	28	80	source_plane=0 shape=0 rot=0
terrain	void_overlay_no_floor_context	41	void overlay	1812	5125	0	28	80	source_plane=0 shape=0 rot=0
terrain	void_overlay_no_floor_context	41	void overlay	1812	5126	0	28	80	source_plane=0 shape=0 rot=0
terrain	void_overlay_no_floor_context	41	void overlay	1812	5127	0	28	80	source_plane=0 shape=0 rot=0
terrain	void_overlay_no_floor_context	41	void overlay	1812	5128	0	28	80	source_plane=0 shape=0 rot=0
terrain	void_overlay_no_floor_context	41	void overlay	1812	5129	0	28	80	source_plane=0 shape=0 rot=0
terrain	void_overlay_no_floor_context	41	void overlay	1812	5130	0	28	80	source_plane=0 shape=0 rot=0
terrain	void_overlay_no_floor_context	41	void overlay	1812	5131	0	28	80	source_plane=0 shape=0 rot=0
terrain	void_overlay_no_floor_context	41	void overlay	1812	5132	0	28	80	source_plane=0 shape=0 rot=0
terrain	void_overlay_no_floor_context	41	void overlay	1812	5133	0	28	80	source_plane=0 shape=0 rot=0
terrain	void_overlay_no_floor_context	41	void overlay	1812	5134	0	28	80	source_plane=0 shape=0 rot=0
terrain	void_overlay_no_floor_context	41	void overlay	1812	5135	0	28	80	source_plane=0 shape=0 rot=0
terrain	void_overlay_no_floor_context	41	void overlay	1812	5136	0	28	80	source_plane=0 shape=0 rot=0
terrain	void_overlay_no_floor_context	41	void overlay	1812	5137	0	28	80	source_plane=0 shape=0 rot=0
terrain	void_overlay_no_floor_context	41	void overlay	1812	5138	0	28	80	source_plane=0 shape=0 rot=0
terrain	void_overlay_no_floor_context	41	void overlay	1812	5139	0	28	80	source_plane=0 shape=0 rot=0
terrain	void_overlay_no_floor_context	41	void overlay	1812	5140	0	28	80	source_plane=0 shape=0 rot=0
terrain	void_overlay_no_floor_context	41	void overlay	1812	5141	0	28	80	source_plane=0 shape=0 rot=0
terrain	void_overlay_no_floor_context	41	void overlay	1812	5142	0	28	80	source_plane=0 shape=0 rot=0
terrain	void_overlay_no_floor_context	41	void overlay	1812	5143	0	28	80	source_plane=0 shape=0 rot=0
terrain	void_overlay_no_floor_context	41	void overlay	1812	5144	0	28	80	source_plane=0 shape=0 rot=0
terrain	void_overlay_no_floor_context	41	void overlay	1812	5145	0	28	80	source_plane=0 shape=0 rot=0
terrain	void_overlay_no_floor_context	41	void overlay	1812	5146	0	28	80	source_plane=0 shape=0 rot=0
terrain	void_overlay_no_floor_context	41	void overlay	1812	5147	0	28	80	source_plane=0 shape=0 rot=0
terrain	void_overlay_no_floor_context	41	void overlay	1812	5148	0	28	80	source_plane=0 shape=0 rot=0
terrain	void_overlay_no_floor_context	41	void overlay	1812	5149	0	28	80	source_plane=0 shape=0 rot=0
terrain	void_overlay_no_floor_context	41	void overlay	1812	5150	0	28	80	source_plane=0 shape=0 rot=0
terrain	void_overlay_no_floor_context	41	void overlay	1812	5151	0	28	80	source_plane=0 shape=0 rot=0
terrain	void_overlay_no_floor_context	41	void overlay	1812	5152	0	28	80	source_plane=0 shape=0 rot=0
terrain	void_overlay_no_floor_context	41	void overlay	1812	5153	0	28	80	source_plane=0 shape=0 rot=0
terrain	void_overlay_no_floor_context	41	void overlay	1812	5154	0	28	80	source_plane=0 shape=0 rot=0
terrain	void_overlay_no_floor_context	41	void overlay	1812	5155	0	28	80	source_plane=0 shape=0 rot=0
terrain	void_overlay_no_floor_context	41	void overlay	1812	5156	0	28	80	source_plane=0 shape=0 rot=0
terrain	void_overlay_no_floor_context	41	void overlay	1812	5157	0	28	80	source_plane=0 shape=0 rot=0
terrain	void_overlay_no_floor_context	41	void overlay	1812	5158	0	28	80	source_plane=0 shape=0 rot=0
terrain	void_overlay_no_floor_context	41	void overlay	1812	5159	0	28	80	source_plane=0 shape=0 rot=0
terrain	void_overlay_no_floor_context	41	void overlay	1812	5160	0	28	80	source_plane=0 shape=0 rot=0
terrain	void_overlay_no_floor_context	41	void overlay	1812	5161	0	28	80	source_plane=0 shape=0 rot=0
terrain	void_overlay_no_floor_context	41	void overlay	1812	5162	0	28	80	source_plane=0 shape=0 rot=0
terrain	void_overlay_no_floor_context	41	void overlay	1812	5163	0	28	80	source_plane=0 shape=0 rot=0
terrain	void_overlay_no_floor_context	41	void overlay	1812	5164	0	28	80	source_plane=0 shape=0 rot=0
terrain	void_overlay_no_floor_context	41	void overlay	1812	5165	0	28	80	source_plane=0 shape=0 rot=0
terrain	void_overlay_no_floor_context	41	void overlay	1812	5166	0	28	80	source_plane=0 shape=0 rot=0
terrain	void_overlay_no_floor_context	41	void overlay	1812	5167	0	28	80	source_plane=0 shape=0 rot=0
terrain	void_overlay_no_floor_context	41	void overlay	1812	5168	0	28	80	source_plane=0 shape=0 rot=0
terrain	void_overlay_no_floor_context	41	void overlay	1812	5169	0	28	80	source_plane=0 shape=0 rot=0
terrain	void_overlay_no_floor_context	41	void overlay	1812	5170	0	28	80	source_plane=0 shape=0 rot=0
terrain	void_overlay_no_floor_context	41	void overlay	1812	5171	0	28	80	source_plane=0 shape=0 rot=0
terrain	void_overlay_no_floor_context	41	void overlay	1812	5172	0	28	80	source_plane=0 shape=0 rot=0
terrain	void_overlay_no_floor_context	41	void overlay	1812	5173	0	28	80	source_plane=0 shape=0 rot=0
terrain	void_overlay_no_floor_context	41	void overlay	1812	5174	0	28	80	source_plane=0 shape=0 rot=0
terrain	void_overlay_no_floor_context	41	void overlay	1812	5175	0	28	80	source_plane=0 shape=0 rot=0
terrain	void_overlay_no_floor_context	41	void overlay	1812	5176	0	28	80	source_plane=0 shape=0 rot=0
terrain	void_overlay_no_floor_context	41	void overlay	1812	5177	0	28	80	source_plane=0 shape=0 rot=0
terrain	void_overlay_no_floor_context	41	void overlay	1812	5178	0	28	80	source_plane=0 shape=0 rot=0
terrain	void_overlay_no_floor_context	41	void overlay	1812	5179	0	28	80	source_plane=0 shape=0 rot=0
terrain	void_overlay_no_floor_context	41	void overlay	1812	5180	0	28	80	source_plane=0 shape=0 rot=0
terrain	void_overlay_no_floor_context	41	void overlay	1812	5181	0	28	80	source_plane=0 shape=0 rot=0
terrain	void_overlay_no_floor_context	41	void overlay	1812	5182	0	28	80	source_plane=0 shape=0 rot=0
terrain	void_overlay_no_floor_context	41	void overlay	1812	5183	0	28	80	source_plane=0 shape=0 rot=0
terrain	void_overlay_no_floor_context	41	void overlay	1813	5122	0	28	80	source_plane=0 shape=0 rot=0
terrain	void_overlay_no_floor_context	41	void overlay	1813	5123	0	28	80	source_plane=0 shape=0 rot=0
terrain	void_overlay_no_floor_context	41	void overlay	1813	5124	0	28	80	source_plane=0 shape=0 rot=0
terrain	void_overlay_no_floor_context	41	void overlay	1813	5125	0	28	80	source_plane=0 shape=0 rot=0
terrain	void_overlay_no_floor_context	41	void overlay	1813	5126	0	28	80	source_plane=0 shape=0 rot=0
terrain	void_overlay_no_floor_context	41	void overlay	1813	5127	0	28	80	source_plane=0 shape=0 rot=0
terrain	void_overlay_no_floor_context	41	void overlay	1813	5128	0	28	80	source_plane=0 shape=0 rot=0
terrain	void_overlay_no_floor_context	41	void overlay	1813	5129	0	28	80	source_plane=0 shape=0 rot=0
terrain	void_overlay_no_floor_context	41	void overlay	1813	5130	0	28	80	source_plane=0 shape=0 rot=0
terrain	void_overlay_no_floor_context	41	void overlay	1813	5131	0	28	80	source_plane=0 shape=0 rot=0
terrain	void_overlay_no_floor_context	41	void overlay	1813	5132	0	28	80	source_plane=0 shape=0 rot=0
terrain	void_overlay_no_floor_context	41	void overlay	1813	5133	0	28	80	source_plane=0 shape=0 rot=0
terrain	void_overlay_no_floor_context	41	void overlay	1813	5134	0	28	80	source_plane=0 shape=0 rot=0
terrain	void_overlay_no_floor_context	41	void overlay	1813	5135	0	28	80	source_plane=0 shape=0 rot=0
terrain	void_overlay_no_floor_context	41	void overlay	1813	5136	0	28	80	source_plane=0 shape=0 rot=0
terrain	void_overlay_no_floor_context	41	void overlay	1813	5137	0	28	80	source_plane=0 shape=0 rot=0
terrain	void_overlay_no_floor_context	41	void overlay	1813	5138	0	28	80	source_plane=0 shape=0 rot=0
terrain	void_overlay_no_floor_context	41	void overlay	1813	5139	0	28	80	source_plane=0 shape=0 rot=0
terrain	void_overlay_no_floor_context	41	void overlay	1813	5140	0	28	80	source_plane=0 shape=0 rot=0
terrain	void_overlay_no_floor_context	41	void overlay	1813	5141	0	28	80	source_plane=0 shape=0 rot=0
terrain	void_overlay_no_floor_context	41	void overlay	1813	5142	0	28	80	source_plane=0 shape=0 rot=0
terrain	void_overlay_no_floor_context	41	void overlay	1813	5143	0	28	80	source_plane=0 shape=0 rot=0
terrain	void_overlay_no_floor_context	41	void overlay	1813	5144	0	28	80	source_plane=0 shape=0 rot=0
terrain	void_overlay_no_floor_context	41	void overlay	1813	5145	0	28	80	source_plane=0 shape=0 rot=0
terrain	void_overlay_no_floor_context	41	void overlay	1813	5146	0	28	80	source_plane=0 shape=0 rot=0
terrain	void_overlay_no_floor_context	41	void overlay	1813	5147	0	28	80	source_plane=0 shape=0 rot=0
terrain	void_overlay_no_floor_context	41	void overlay	1813	5148	0	28	80	source_plane=0 shape=0 rot=0
terrain	void_overlay_no_floor_context	41	void overlay	1813	5149	0	28	80	source_plane=0 shape=0 rot=0
terrain	void_overlay_no_floor_context	41	void overlay	1813	5150	0	28	80	source_plane=0 shape=0 rot=0
terrain	void_overlay_no_floor_context	41	void overlay	1813	5151	0	28	80	source_plane=0 shape=0 rot=0
terrain	void_overlay_no_floor_context	41	void overlay	1813	5152	0	28	80	source_plane=0 shape=0 rot=0
terrain	void_overlay_no_floor_context	41	void overlay	1813	5153	0	28	80	source_plane=0 shape=0 rot=0
terrain	void_overlay_no_floor_context	41	void overlay	1813	5154	0	28	80	source_plane=0 shape=0 rot=0
terrain	void_overlay_no_floor_context	41	void overlay	1813	5155	0	28	80	source_plane=0 shape=0 rot=0
terrain	void_overlay_no_floor_context	41	void overlay	1813	5156	0	28	80	source_plane=0 shape=0 rot=0
terrain	void_overlay_no_floor_context	41	void overlay	1813	5157	0	28	80	source_plane=0 shape=0 rot=0
terrain	void_overlay_no_floor_context	41	void overlay	1813	5158	0	28	80	source_plane=0 shape=0 rot=0
terrain	void_overlay_no_floor_context	41	void overlay	1813	5159	0	28	80	source_plane=0 shape=0 rot=0
terrain	void_overlay_no_floor_context	41	void overlay	1813	5160	0	28	80	source_plane=0 shape=0 rot=0
terrain	void_overlay_no_floor_context	41	void overlay	1813	5161	0	28	80	source_plane=0 shape=0 rot=0
terrain	void_overlay_no_floor_context	41	void overlay	1813	5162	0	28	80	source_plane=0 shape=0 rot=0
terrain	void_overlay_no_floor_context	41	void overlay	1813	5163	0	28	80	source_plane=0 shape=0 rot=0
terrain	void_overlay_no_floor_context	41	void overlay	1813	5164	0	28	80	source_plane=0 shape=0 rot=0
terrain	void_overlay_no_floor_context	41	void overlay	1813	5165	0	28	80	source_plane=0 shape=0 rot=0
terrain	void_overlay_no_floor_context	41	void overlay	1813	5166	0	28	80	source_plane=0 shape=0 rot=0
terrain	void_overlay_no_floor_context	41	void overlay	1813	5167	0	28	80	source_plane=0 shape=0 rot=0
terrain	void_overlay_no_floor_context	41	void overlay	1813	5168	0	28	80	source_plane=0 shape=0 rot=0
terrain	void_overlay_no_floor_context	41	void overlay	1813	5169	0	28	80	source_plane=0 shape=0 rot=0
terrain	void_overlay_no_floor_context	41	void overlay	1813	5170	0	28	80	source_plane=0 shape=0 rot=0
terrain	void_overlay_no_floor_context	41	void overlay	1813	5171	0	28	80	source_plane=0 shape=0 rot=0
terrain	void_overlay_no_floor_context	41	void overlay	1813	5172	0	28	80	source_plane=0 shape=0 rot=0
terrain	void_overlay_no_floor_context	41	void overlay	1813	5173	0	28	80	source_plane=0 shape=0 rot=0
terrain	void_overlay_no_floor_context	41	void overlay	1813	5174	0	28	80	source_plane=0 shape=0 rot=0
terrain	void_overlay_no_floor_context	41	void overlay	1813	5175	0	28	80	source_plane=0 shape=0 rot=0
terrain	void_overlay_no_floor_context	41	void overlay	1813	5176	0	28	80	source_plane=0 shape=0 rot=0
terrain	void_overlay_no_floor_context	41	void overlay	1813	5177	0	28	80	source_plane=0 shape=0 rot=0
terrain	void_overlay_no_floor_context	41	void overlay	1813	5178	0	28	80	source_plane=0 shape=0 rot=0
terrain	void_overlay_no_floor_context	41	void overlay	1813	5179	0	28	80	source_plane=0 shape=0 rot=0
terrain	void_overlay_no_floor_context	41	void overlay	1813	5180	0	28	80	source_plane=0 shape=0 rot=0
terrain	void_overlay_no_floor_context	41	void overlay	1813	5181	0	28	80	source_plane=0 shape=0 rot=0
terrain	void_overlay_no_floor_context	41	void overlay	1813	5182	0	28	80	source_plane=0 shape=0 rot=0
terrain	void_overlay_no_floor_context	41	void overlay	1813	5183	0	28	80	source_plane=0 shape=0 rot=0
terrain	void_overlay_no_floor_context	41	void overlay	1814	5122	0	28	80	source_plane=0 shape=0 rot=0
terrain	void_overlay_no_floor_context	41	void overlay	1814	5123	0	28	80	source_plane=0 shape=0 rot=0
terrain	void_overlay_no_floor_context	41	void overlay	1814	5124	0	28	80	source_plane=0 shape=0 rot=0
terrain	void_overlay_no_floor_context	41	void overlay	1814	5125	0	28	80	source_plane=0 shape=0 rot=0
terrain	void_overlay_no_floor_context	41	void overlay	1814	5126	0	28	80	source_plane=0 shape=0 rot=0
terrain	void_overlay_no_floor_context	41	void overlay	1814	5127	0	28	80	source_plane=0 shape=0 rot=0
terrain	void_overlay_no_floor_context	41	void overlay	1814	5128	0	28	80	source_plane=0 shape=0 rot=0
terrain	void_overlay_no_floor_context	41	void overlay	1814	5129	0	28	80	source_plane=0 shape=0 rot=0
terrain	void_overlay_no_floor_context	41	void overlay	1814	5130	0	28	80	source_plane=0 shape=0 rot=0
terrain	void_overlay_no_floor_context	41	void overlay	1814	5131	0	28	80	source_plane=0 shape=0 rot=0
terrain	void_overlay_no_floor_context	41	void overlay	1814	5132	0	28	80	source_plane=0 shape=0 rot=0
terrain	void_overlay_no_floor_context	41	void overlay	1814	5133	0	28	80	source_plane=0 shape=0 rot=0
terrain	void_overlay_no_floor_context	41	void overlay	1814	5134	0	28	80	source_plane=0 shape=0 rot=0
terrain	void_overlay_no_floor_context	41	void overlay	1814	5135	0	28	80	source_plane=0 shape=0 rot=0
terrain	void_overlay_no_floor_context	41	void overlay	1814	5136	0	28	80	source_plane=0 shape=0 rot=0
terrain	void_overlay_no_floor_context	41	void overlay	1814	5137	0	28	80	source_plane=0 shape=0 rot=0
terrain	void_overlay_no_floor_context	41	void overlay	1814	5138	0	28	80	source_plane=0 shape=0 rot=0
terrain	void_overlay_no_floor_context	41	void overlay	1814	5139	0	28	80	source_plane=0 shape=0 rot=0
terrain	void_overlay_no_floor_context	41	void overlay	1814	5140	0	28	80	source_plane=0 shape=0 rot=0
terrain	void_overlay_no_floor_context	41	void overlay	1814	5141	0	28	80	source_plane=0 shape=0 rot=0
terrain	void_overlay_no_floor_context	41	void overlay	1814	5142	0	28	80	source_plane=0 shape=0 rot=0
terrain	void_overlay_no_floor_context	41	void overlay	1814	5143	0	28	80	source_plane=0 shape=0 rot=0
terrain	void_overlay_no_floor_context	41	void overlay	1814	5144	0	28	80	source_plane=0 shape=0 rot=0
terrain	void_overlay_no_floor_context	41	void overlay	1814	5145	0	28	80	source_plane=0 shape=0 rot=0
terrain	void_overlay_no_floor_context	41	void overlay	1814	5146	0	28	80	source_plane=0 shape=0 rot=0
terrain	void_overlay_no_floor_context	41	void overlay	1814	5147	0	28	80	source_plane=0 shape=0 rot=0
terrain	void_overlay_no_floor_context	41	void overlay	1814	5148	0	28	80	source_plane=0 shape=0 rot=0
terrain	void_overlay_no_floor_context	41	void overlay	1814	5149	0	28	80	source_plane=0 shape=0 rot=0
terrain	void_overlay_no_floor_context	41	void overlay	1814	5150	0	28	80	source_plane=0 shape=0 rot=0
terrain	void_overlay_no_floor_context	41	void overlay	1814	5151	0	28	80	source_plane=0 shape=0 rot=0
terrain	void_overlay_no_floor_context	41	void overlay	1814	5152	0	28	80	source_plane=0 shape=0 rot=0
terrain	void_overlay_no_floor_context	41	void overlay	1814	5153	0	28	80	source_plane=0 shape=0 rot=0
terrain	void_overlay_no_floor_context	41	void overlay	1814	5154	0	28	80	source_plane=0 shape=0 rot=0
terrain	void_overlay_no_floor_context	41	void overlay	1814	5155	0	28	80	source_plane=0 shape=0 rot=0
terrain	void_overlay_no_floor_context	41	void overlay	1814	5156	0	28	80	source_plane=0 shape=0 rot=0
terrain	void_overlay_no_floor_context	41	void overlay	1814	5157	0	28	80	source_plane=0 shape=0 rot=0
terrain	void_overlay_no_floor_context	41	void overlay	1814	5158	0	28	80	source_plane=0 shape=0 rot=0
terrain	void_overlay_no_floor_context	41	void overlay	1814	5159	0	28	80	source_plane=0 shape=0 rot=0
terrain	void_overlay_no_floor_context	41	void overlay	1814	5160	0	28	80	source_plane=0 shape=0 rot=0
terrain	void_overlay_no_floor_context	41	void overlay	1814	5161	0	28	80	source_plane=0 shape=0 rot=0
terrain	void_overlay_no_floor_context	41	void overlay	1814	5162	0	28	80	source_plane=0 shape=0 rot=0
terrain	void_overlay_no_floor_context	41	void overlay	1814	5163	0	28	80	source_plane=0 shape=0 rot=0
terrain	void_overlay_no_floor_context	41	void overlay	1814	5164	0	28	80	source_plane=0 shape=0 rot=0
terrain	void_overlay_no_floor_context	41	void overlay	1814	5165	0	28	80	source_plane=0 shape=0 rot=0
terrain	void_overlay_no_floor_context	41	void overlay	1814	5166	0	28	80	source_plane=0 shape=0 rot=0
terrain	void_overlay_no_floor_context	41	void overlay	1814	5167	0	28	80	source_plane=0 shape=0 rot=0
terrain	void_overlay_no_floor_context	41	void overlay	1814	5168	0	28	80	source_plane=0 shape=0 rot=0
terrain	void_overlay_no_floor_context	41	void overlay	1814	5169	0	28	80	source_plane=0 shape=0 rot=0
terrain	void_overlay_no_floor_context	41	void overlay	1814	5170	0	28	80	source_plane=0 shape=0 rot=0
terrain	void_overlay_no_floor_context	41	void overlay	1814	5171	0	28	80	source_plane=0 shape=0 rot=0
terrain	void_overlay_no_floor_context	41	void overlay	1814	5172	0	28	80	source_plane=0 shape=0 rot=0
terrain	void_overlay_no_floor_context	41	void overlay	1814	5173	0	28	80	source_plane=0 shape=0 rot=0
terrain	void_overlay_no_floor_context	41	void overlay	1814	5174	0	28	80	source_plane=0 shape=0 rot=0
terrain	void_overlay_no_floor_context	41	void overlay	1814	5175	0	28	80	source_plane=0 shape=0 rot=0
terrain	void_overlay_no_floor_context	41	void overlay	1814	5176	0	28	80	source_plane=0 shape=0 rot=0
terrain	void_overlay_no_floor_context	41	void overlay	1814	5177	0	28	80	source_plane=0 shape=0 rot=0
terrain	void_overlay_no_floor_context	41	void overlay	1814	5178	0	28	80	source_plane=0 shape=0 rot=0
terrain	void_overlay_no_floor_context	41	void overlay	1814	5179	0	28	80	source_plane=0 shape=0 rot=0
terrain	void_overlay_no_floor_context	41	void overlay	1814	5180	0	28	80	source_plane=0 shape=0 rot=0
terrain	void_overlay_no_floor_context	41	void overlay	1814	5181	0	28	80	source_plane=0 shape=0 rot=0
terrain	void_overlay_no_floor_context	41	void overlay	1814	5182	0	28	80	source_plane=0 shape=0 rot=0
terrain	void_overlay_no_floor_context	41	void overlay	1814	5183	0	28	80	source_plane=0 shape=0 rot=0
terrain	void_overlay_no_floor_context	41	void overlay	1815	5122	0	28	80	source_plane=0 shape=0 rot=0
terrain	void_overlay_no_floor_context	41	void overlay	1815	5123	0	28	80	source_plane=0 shape=0 rot=0
terrain	void_overlay_no_floor_context	41	void overlay	1815	5124	0	28	80	source_plane=0 shape=0 rot=0
terrain	void_overlay_no_floor_context	41	void overlay	1815	5125	0	28	80	source_plane=0 shape=0 rot=0
terrain	void_overlay_no_floor_context	41	void overlay	1815	5126	0	28	80	source_plane=0 shape=0 rot=0
terrain	void_overlay_no_floor_context	41	void overlay	1815	5127	0	28	80	source_plane=0 shape=0 rot=0
terrain	void_overlay_no_floor_context	41	void overlay	1815	5128	0	28	80	source_plane=0 shape=0 rot=0
terrain	void_overlay_no_floor_context	41	void overlay	1815	5129	0	28	80	source_plane=0 shape=0 rot=0
terrain	void_overlay_no_floor_context	41	void overlay	1815	5130	0	28	80	source_plane=0 shape=0 rot=0
terrain	void_overlay_no_floor_context	41	void overlay	1815	5131	0	28	80	source_plane=0 shape=0 rot=0
terrain	void_overlay_no_floor_context	41	void overlay	1815	5132	0	28	80	source_plane=0 shape=0 rot=0
terrain	void_overlay_no_floor_context	41	void overlay	1815	5133	0	28	80	source_plane=0 shape=0 rot=0
terrain	void_overlay_no_floor_context	41	void overlay	1815	5134	0	28	80	source_plane=0 shape=0 rot=0
terrain	void_overlay_no_floor_context	41	void overlay	1815	5135	0	28	80	source_plane=0 shape=0 rot=0
terrain	void_overlay_no_floor_context	41	void overlay	1815	5136	0	28	80	source_plane=0 shape=0 rot=0
terrain	void_overlay_no_floor_context	41	void overlay	1815	5137	0	28	80	source_plane=0 shape=0 rot=0
terrain	void_overlay_no_floor_context	41	void overlay	1815	5138	0	28	80	source_plane=0 shape=0 rot=0
terrain	void_overlay_no_floor_context	41	void overlay	1815	5139	0	28	80	source_plane=0 shape=0 rot=0
terrain	void_overlay_no_floor_context	41	void overlay	1815	5140	0	28	80	source_plane=0 shape=0 rot=0
terrain	void_overlay_no_floor_context	41	void overlay	1815	5141	0	28	80	source_plane=0 shape=0 rot=0
terrain	void_overlay_no_floor_context	41	void overlay	1815	5142	0	28	80	source_plane=0 shape=0 rot=0
terrain	void_overlay_no_floor_context	41	void overlay	1815	5143	0	28	80	source_plane=0 shape=0 rot=0
terrain	void_overlay_no_floor_context	41	void overlay	1815	5144	0	28	80	source_plane=0 shape=0 rot=0
terrain	void_overlay_no_floor_context	41	void overlay	1815	5145	0	28	80	source_plane=0 shape=0 rot=0
terrain	void_overlay_no_floor_context	41	void overlay	1815	5146	0	28	80	source_plane=0 shape=0 rot=0
terrain	void_overlay_no_floor_context	41	void overlay	1815	5147	0	28	80	source_plane=0 shape=0 rot=0
terrain	void_overlay_no_floor_context	41	void overlay	1815	5148	0	28	80	source_plane=0 shape=0 rot=0
terrain	void_overlay_no_floor_context	41	void overlay	1815	5149	0	28	80	source_plane=0 shape=0 rot=0
terrain	void_overlay_no_floor_context	41	void overlay	1815	5150	0	28	80	source_plane=0 shape=0 rot=0
terrain	void_overlay_no_floor_context	41	void overlay	1815	5151	0	28	80	source_plane=0 shape=0 rot=0
terrain	void_overlay_no_floor_context	41	void overlay	1815	5152	0	28	80	source_plane=0 shape=0 rot=0
terrain	void_overlay_no_floor_context	41	void overlay	1815	5153	0	28	80	source_plane=0 shape=0 rot=0
terrain	void_overlay_no_floor_context	41	void overlay	1815	5154	0	28	80	source_plane=0 shape=0 rot=0
terrain	void_overlay_no_floor_context	41	void overlay	1815	5155	0	28	80	source_plane=0 shape=0 rot=0
terrain	void_overlay_no_floor_context	41	void overlay	1815	5156	0	28	80	source_plane=0 shape=0 rot=0
terrain	void_overlay_no_floor_context	41	void overlay	1815	5157	0	28	80	source_plane=0 shape=0 rot=0
terrain	void_overlay_no_floor_context	41	void overlay	1815	5158	0	28	80	source_plane=0 shape=0 rot=0
terrain	void_overlay_no_floor_context	41	void overlay	1815	5159	0	28	80	source_plane=0 shape=0 rot=0
terrain	void_overlay_no_floor_context	41	void overlay	1815	5160	0	28	80	source_plane=0 shape=0 rot=0
terrain	void_overlay_no_floor_context	41	void overlay	1815	5161	0	28	80	source_plane=0 shape=0 rot=0
terrain	void_overlay_no_floor_context	41	void overlay	1815	5162	0	28	80	source_plane=0 shape=0 rot=0
terrain	void_overlay_no_floor_context	41	void overlay	1815	5163	0	28	80	source_plane=0 shape=0 rot=0
terrain	void_overlay_no_floor_context	41	void overlay	1815	5164	0	28	80	source_plane=0 shape=0 rot=0
terrain	void_overlay_no_floor_context	41	void overlay	1815	5165	0	28	80	source_plane=0 shape=0 rot=0
terrain	void_overlay_no_floor_context	41	void overlay	1815	5166	0	28	80	source_plane=0 shape=0 rot=0
terrain	void_overlay_no_floor_context	41	void overlay	1815	5167	0	28	80	source_plane=0 shape=0 rot=0
terrain	void_overlay_no_floor_context	41	void overlay	1815	5168	0	28	80	source_plane=0 shape=0 rot=0
terrain	void_overlay_no_floor_context	41	void overlay	1815	5169	0	28	80	source_plane=0 shape=0 rot=0
terrain	void_overlay_no_floor_context	41	void overlay	1815	5170	0	28	80	source_plane=0 shape=0 rot=0
terrain	void_overlay_no_floor_context	41	void overlay	1815	5171	0	28	80	source_plane=0 shape=0 rot=0
terrain	void_overlay_no_floor_context	41	void overlay	1815	5172	0	28	80	source_plane=0 shape=0 rot=0
terrain	void_overlay_no_floor_context	41	void overlay	1815	5173	0	28	80	source_plane=0 shape=0 rot=0
terrain	void_overlay_no_floor_context	41	void overlay	1815	5174	0	28	80	source_plane=0 shape=0 rot=0
terrain	void_overlay_no_floor_context	41	void overlay	1815	5175	0	28	80	source_plane=0 shape=0 rot=0
terrain	void_overlay_no_floor_context	41	void overlay	1815	5176	0	28	80	source_plane=0 shape=0 rot=0
terrain	void_overlay_no_floor_context	41	void overlay	1815	5177	0	28	80	source_plane=0 shape=0 rot=0
terrain	void_overlay_no_floor_context	41	void overlay	1815	5178	0	28	80	source_plane=0 shape=0 rot=0
terrain	void_overlay_no_floor_context	41	void overlay	1815	5179	0	28	80	source_plane=0 shape=0 rot=0
terrain	void_overlay_no_floor_context	41	void overlay	1815	5180	0	28	80	source_plane=0 shape=0 rot=0
terrain	void_overlay_no_floor_context	41	void overlay	1815	5181	0	28	80	source_plane=0 shape=0 rot=0
terrain	void_overlay_no_floor_context	41	void overlay	1815	5182	0	28	80	source_plane=0 shape=0 rot=0
terrain	void_overlay_no_floor_context	41	void overlay	1815	5183	0	28	80	source_plane=0 shape=0 rot=0
terrain	void_overlay_no_floor_context	41	void overlay	1816	5122	0	28	80	source_plane=0 shape=0 rot=0
terrain	void_overlay_no_floor_context	41	void overlay	1816	5123	0	28	80	source_plane=0 shape=0 rot=0
terrain	void_overlay_no_floor_context	41	void overlay	1816	5124	0	28	80	source_plane=0 shape=0 rot=0
terrain	void_overlay_no_floor_context	41	void overlay	1816	5125	0	28	80	source_plane=0 shape=0 rot=0
terrain	void_overlay_no_floor_context	41	void overlay	1816	5126	0	28	80	source_plane=0 shape=0 rot=0
terrain	void_overlay_no_floor_context	41	void overlay	1816	5127	0	28	80	source_plane=0 shape=0 rot=0
terrain	void_overlay_no_floor_context	41	void overlay	1816	5128	0	28	80	source_plane=0 shape=0 rot=0
terrain	void_overlay_no_floor_context	41	void overlay	1816	5129	0	28	80	source_plane=0 shape=0 rot=0
terrain	void_overlay_no_floor_context	41	void overlay	1816	5130	0	28	80	source_plane=0 shape=0 rot=0
terrain	void_overlay_no_floor_context	41	void overlay	1816	5131	0	28	80	source_plane=0 shape=0 rot=0
terrain	void_overlay_no_floor_context	41	void overlay	1816	5132	0	28	80	source_plane=0 shape=0 rot=0
terrain	void_overlay_no_floor_context	41	void overlay	1816	5133	0	28	80	source_plane=0 shape=0 rot=0
terrain	void_overlay_no_floor_context	41	void overlay	1816	5134	0	28	80	source_plane=0 shape=0 rot=0
terrain	void_overlay_no_floor_context	41	void overlay	1816	5135	0	28	80	source_plane=0 shape=0 rot=0
terrain	void_overlay_no_floor_context	41	void overlay	1816	5136	0	28	80	source_plane=0 shape=0 rot=0
terrain	void_overlay_no_floor_context	41	void overlay	1816	5137	0	28	80	source_plane=0 shape=0 rot=0
terrain	void_overlay_no_floor_context	41	void overlay	1816	5138	0	28	80	source_plane=0 shape=0 rot=0
terrain	void_overlay_no_floor_context	41	void overlay	1816	5139	0	28	80	source_plane=0 shape=0 rot=0
terrain	void_overlay_no_floor_context	41	void overlay	1816	5140	0	28	80	source_plane=0 shape=0 rot=0
terrain	void_overlay_no_floor_context	41	void overlay	1816	5141	0	28	80	source_plane=0 shape=0 rot=0
terrain	void_overlay_no_floor_context	41	void overlay	1816	5142	0	28	80	source_plane=0 shape=0 rot=0
terrain	void_overlay_no_floor_context	41	void overlay	1816	5143	0	28	80	source_plane=0 shape=0 rot=0
terrain	void_overlay_no_floor_context	41	void overlay	1816	5144	0	28	80	source_plane=0 shape=0 rot=0
terrain	void_overlay_no_floor_context	41	void overlay	1816	5145	0	28	80	source_plane=0 shape=0 rot=0
terrain	void_overlay_no_floor_context	41	void overlay	1816	5146	0	28	80	source_plane=0 shape=0 rot=0
terrain	void_overlay_no_floor_context	41	void overlay	1816	5147	0	28	80	source_plane=0 shape=0 rot=0
terrain	void_overlay_no_floor_context	41	void overlay	1816	5148	0	28	80	source_plane=0 shape=0 rot=0
terrain	void_overlay_no_floor_context	41	void overlay	1816	5149	0	28	80	source_plane=0 shape=0 rot=0
terrain	void_overlay_no_floor_context	41	void overlay	1816	5150	0	28	80	source_plane=0 shape=0 rot=0
terrain	void_overlay_no_floor_context	41	void overlay	1816	5151	0	28	80	source_plane=0 shape=0 rot=0
terrain	void_overlay_no_floor_context	41	void overlay	1816	5152	0	28	80	source_plane=0 shape=0 rot=0
terrain	void_overlay_no_floor_context	41	void overlay	1816	5153	0	28	80	source_plane=0 shape=0 rot=0
terrain	void_overlay_no_floor_context	41	void overlay	1816	5154	0	28	80	source_plane=0 shape=0 rot=0
terrain	void_overlay_no_floor_context	41	void overlay	1816	5155	0	28	80	source_plane=0 shape=0 rot=0
terrain	void_overlay_no_floor_context	41	void overlay	1816	5156	0	28	80	source_plane=0 shape=0 rot=0
terrain	void_overlay_no_floor_context	41	void overlay	1816	5157	0	28	80	source_plane=0 shape=0 rot=0
terrain	void_overlay_no_floor_context	41	void overlay	1816	5158	0	28	80	source_plane=0 shape=0 rot=0
terrain	void_overlay_no_floor_context	41	void overlay	1816	5159	0	28	80	source_plane=0 shape=0 rot=0
terrain	void_overlay_no_floor_context	41	void overlay	1816	5160	0	28	80	source_plane=0 shape=0 rot=0
terrain	void_overlay_no_floor_context	41	void overlay	1816	5161	0	28	80	source_plane=0 shape=0 rot=0
terrain	void_overlay_no_floor_context	41	void overlay	1816	5162	0	28	80	source_plane=0 shape=0 rot=0
terrain	void_overlay_no_floor_context	41	void overlay	1816	5163	0	28	80	source_plane=0 shape=0 rot=0
terrain	void_overlay_no_floor_context	41	void overlay	1816	5164	0	28	80	source_plane=0 shape=0 rot=0
terrain	void_overlay_no_floor_context	41	void overlay	1816	5165	0	28	80	source_plane=0 shape=0 rot=0
terrain	void_overlay_no_floor_context	41	void overlay	1816	5166	0	28	80	source_plane=0 shape=0 rot=0
terrain	void_overlay_no_floor_context	41	void overlay	1816	5167	0	28	80	source_plane=0 shape=0 rot=0
terrain	void_overlay_no_floor_context	41	void overlay	1816	5168	0	28	80	source_plane=0 shape=0 rot=0
terrain	void_overlay_no_floor_context	41	void overlay	1816	5169	0	28	80	source_plane=0 shape=0 rot=0
terrain	void_overlay_no_floor_context	41	void overlay	1816	5170	0	28	80	source_plane=0 shape=0 rot=0
terrain	void_overlay_no_floor_context	41	void overlay	1816	5171	0	28	80	source_plane=0 shape=0 rot=0
terrain	void_overlay_no_floor_context	41	void overlay	1816	5172	0	28	80	source_plane=0 shape=0 rot=0
terrain	void_overlay_no_floor_context	41	void overlay	1816	5173	0	28	80	source_plane=0 shape=0 rot=0
terrain	void_overlay_no_floor_context	41	void overlay	1816	5174	0	28	80	source_plane=0 shape=0 rot=0
terrain	void_overlay_no_floor_context	41	void overlay	1816	5175	0	28	80	source_plane=0 shape=0 rot=0
terrain	void_overlay_no_floor_context	41	void overlay	1816	5176	0	28	80	source_plane=0 shape=0 rot=0
terrain	void_overlay_no_floor_context	41	void overlay	1816	5177	0	28	80	source_plane=0 shape=0 rot=0
terrain	void_overlay_no_floor_context	41	void overlay	1816	5178	0	28	80	source_plane=0 shape=0 rot=0
terrain	void_overlay_no_floor_context	41	void overlay	1816	5179	0	28	80	source_plane=0 shape=0 rot=0
terrain	void_overlay_no_floor_context	41	void overlay	1816	5180	0	28	80	source_plane=0 shape=0 rot=0
terrain	void_overlay_no_floor_context	41	void overlay	1816	5181	0	28	80	source_plane=0 shape=0 rot=0
terrain	void_overlay_no_floor_context	41	void overlay	1816	5182	0	28	80	source_plane=0 shape=0 rot=0
terrain	void_overlay_no_floor_context	41	void overlay	1816	5183	0	28	80	source_plane=0 shape=0 rot=0
terrain	void_overlay_no_floor_context	41	void overlay	1817	5122	0	28	80	source_plane=0 shape=0 rot=0
terrain	void_overlay_no_floor_context	41	void overlay	1817	5123	0	28	80	source_plane=0 shape=0 rot=0
terrain	void_overlay_no_floor_context	41	void overlay	1817	5124	0	28	80	source_plane=0 shape=0 rot=0
terrain	void_overlay_no_floor_context	41	void overlay	1817	5125	0	28	80	source_plane=0 shape=0 rot=0
terrain	void_overlay_no_floor_context	41	void overlay	1817	5126	0	28	80	source_plane=0 shape=0 rot=0
terrain	void_overlay_no_floor_context	41	void overlay	1817	5127	0	28	80	source_plane=0 shape=0 rot=0
terrain	void_overlay_no_floor_context	41	void overlay	1817	5128	0	28	80	source_plane=0 shape=0 rot=0
terrain	void_overlay_no_floor_context	41	void overlay	1817	5129	0	28	80	source_plane=0 shape=0 rot=0
terrain	void_overlay_no_floor_context	41	void overlay	1817	5130	0	28	80	source_plane=0 shape=0 rot=0
terrain	void_overlay_no_floor_context	41	void overlay	1817	5131	0	28	80	source_plane=0 shape=0 rot=0
terrain	void_overlay_no_floor_context	41	void overlay	1817	5132	0	28	80	source_plane=0 shape=0 rot=0
terrain	void_overlay_no_floor_context	41	void overlay	1817	5133	0	28	80	source_plane=0 shape=0 rot=0
terrain	void_overlay_no_floor_context	41	void overlay	1817	5134	0	28	80	source_plane=0 shape=0 rot=0
terrain	void_overlay_no_floor_context	41	void overlay	1817	5135	0	28	80	source_plane=0 shape=0 rot=0
terrain	void_overlay_no_floor_context	41	void overlay	1817	5136	0	28	80	source_plane=0 shape=0 rot=0
terrain	void_overlay_no_floor_context	41	void overlay	1817	5137	0	28	80	source_plane=0 shape=0 rot=0
terrain	void_overlay_no_floor_context	41	void overlay	1817	5138	0	28	80	source_plane=0 shape=0 rot=0
terrain	void_overlay_no_floor_context	41	void overlay	1817	5139	0	28	80	source_plane=0 shape=0 rot=0
terrain	void_overlay_no_floor_context	41	void overlay	1817	5140	0	28	80	source_plane=0 shape=0 rot=0
terrain	void_overlay_no_floor_context	41	void overlay	1817	5141	0	28	80	source_plane=0 shape=0 rot=0
terrain	void_overlay_no_floor_context	41	void overlay	1817	5142	0	28	80	source_plane=0 shape=0 rot=0
terrain	void_overlay_no_floor_context	41	void overlay	1817	5143	0	28	80	source_plane=0 shape=0 rot=0
terrain	void_overlay_no_floor_context	41	void overlay	1817	5144	0	28	80	source_plane=0 shape=0 rot=0
terrain	void_overlay_no_floor_context	41	void overlay	1817	5145	0	28	80	source_plane=0 shape=0 rot=0
terrain	void_overlay_no_floor_context	41	void overlay	1817	5146	0	28	80	source_plane=0 shape=0 rot=0
terrain	void_overlay_no_floor_context	41	void overlay	1817	5147	0	28	80	source_plane=0 shape=0 rot=0
terrain	void_overlay_no_floor_context	41	void overlay	1817	5148	0	28	80	source_plane=0 shape=0 rot=0
terrain	void_overlay_no_floor_context	41	void overlay	1817	5149	0	28	80	source_plane=0 shape=0 rot=0
terrain	void_overlay_no_floor_context	41	void overlay	1817	5150	0	28	80	source_plane=0 shape=0 rot=0
terrain	void_overlay_no_floor_context	41	void overlay	1817	5151	0	28	80	source_plane=0 shape=0 rot=0
terrain	void_overlay_no_floor_context	41	void overlay	1817	5152	0	28	80	source_plane=0 shape=0 rot=0
terrain	void_overlay_no_floor_context	41	void overlay	1817	5153	0	28	80	source_plane=0 shape=0 rot=0
terrain	void_overlay_no_floor_context	41	void overlay	1817	5154	0	28	80	source_plane=0 shape=0 rot=0
terrain	void_overlay_no_floor_context	41	void overlay	1817	5155	0	28	80	source_plane=0 shape=0 rot=0
terrain	void_overlay_no_floor_context	41	void overlay	1817	5156	0	28	80	source_plane=0 shape=0 rot=0
terrain	void_overlay_no_floor_context	41	void overlay	1817	5157	0	28	80	source_plane=0 shape=0 rot=0
terrain	void_overlay_no_floor_context	41	void overlay	1817	5158	0	28	80	source_plane=0 shape=0 rot=0
terrain	void_overlay_no_floor_context	41	void overlay	1817	5159	0	28	80	source_plane=0 shape=0 rot=0
terrain	void_overlay_no_floor_context	41	void overlay	1817	5160	0	28	80	source_plane=0 shape=0 rot=0
terrain	void_overlay_no_floor_context	41	void overlay	1817	5161	0	28	80	source_plane=0 shape=0 rot=0
terrain	void_overlay_no_floor_context	41	void overlay	1817	5162	0	28	80	source_plane=0 shape=0 rot=0
terrain	void_overlay_no_floor_context	41	void overlay	1817	5163	0	28	80	source_plane=0 shape=0 rot=0
terrain	void_overlay_no_floor_context	41	void overlay	1817	5164	0	28	80	source_plane=0 shape=0 rot=0
terrain	void_overlay_no_floor_context	41	void overlay	1817	5165	0	28	80	source_plane=0 shape=0 rot=0
terrain	void_overlay_no_floor_context	41	void overlay	1817	5166	0	28	80	source_plane=0 shape=0 rot=0
terrain	void_overlay_no_floor_context	41	void overlay	1817	5167	0	28	80	source_plane=0 shape=0 rot=0
terrain	void_overlay_no_floor_context	41	void overlay	1817	5168	0	28	80	source_plane=0 shape=0 rot=0
terrain	void_overlay_no_floor_context	41	void overlay	1817	5169	0	28	80	source_plane=0 shape=0 rot=0
terrain	void_overlay_no_floor_context	41	void overlay	1817	5170	0	28	80	source_plane=0 shape=0 rot=0
terrain	void_overlay_no_floor_context	41	void overlay	1817	5171	0	28	80	source_plane=0 shape=0 rot=0
terrain	void_overlay_no_floor_context	41	void overlay	1817	5172	0	28	80	source_plane=0 shape=0 rot=0
terrain	void_overlay_no_floor_context	41	void overlay	1817	5173	0	28	80	source_plane=0 shape=0 rot=0
terrain	void_overlay_no_floor_context	41	void overlay	1817	5174	0	28	80	source_plane=0 shape=0 rot=0
terrain	void_overlay_no_floor_context	41	void overlay	1817	5175	0	28	80	source_plane=0 shape=0 rot=0
terrain	void_overlay_no_floor_context	41	void overlay	1817	5176	0	28	80	source_plane=0 shape=0 rot=0
terrain	void_overlay_no_floor_context	41	void overlay	1817	5177	0	28	80	source_plane=0 shape=0 rot=0
terrain	void_overlay_no_floor_context	41	void overlay	1817	5178	0	28	80	source_plane=0 shape=0 rot=0
terrain	void_overlay_no_floor_context	41	void overlay	1817	5179	0	28	80	source_plane=0 shape=0 rot=0
terrain	void_overlay_no_floor_context	41	void overlay	1817	5180	0	28	80	source_plane=0 shape=0 rot=0
terrain	void_overlay_no_floor_context	41	void overlay	1817	5181	0	28	80	source_plane=0 shape=0 rot=0
terrain	void_overlay_no_floor_context	41	void overlay	1817	5182	0	28	80	source_plane=0 shape=0 rot=0
terrain	void_overlay_no_floor_context	41	void overlay	1817	5183	0	28	80	source_plane=0 shape=0 rot=0
terrain	void_overlay_no_floor_context	41	void overlay	1818	5122	0	28	80	source_plane=0 shape=0 rot=0
terrain	void_overlay_no_floor_context	41	void overlay	1818	5123	0	28	80	source_plane=0 shape=0 rot=0
terrain	void_overlay_no_floor_context	41	void overlay	1818	5124	0	28	80	source_plane=0 shape=0 rot=0
terrain	void_overlay_no_floor_context	41	void overlay	1818	5125	0	28	80	source_plane=0 shape=0 rot=0
terrain	void_overlay_no_floor_context	41	void overlay	1818	5126	0	28	80	source_plane=0 shape=0 rot=0
terrain	void_overlay_no_floor_context	41	void overlay	1818	5127	0	28	80	source_plane=0 shape=0 rot=0
terrain	void_overlay_no_floor_context	41	void overlay	1818	5128	0	28	80	source_plane=0 shape=0 rot=0
terrain	void_overlay_no_floor_context	41	void overlay	1818	5129	0	28	80	source_plane=0 shape=0 rot=0
terrain	void_overlay_no_floor_context	41	void overlay	1818	5130	0	28	80	source_plane=0 shape=0 rot=0
terrain	void_overlay_no_floor_context	41	void overlay	1818	5131	0	28	80	source_plane=0 shape=0 rot=0
terrain	void_overlay_no_floor_context	41	void overlay	1818	5132	0	28	80	source_plane=0 shape=0 rot=0
terrain	void_overlay_no_floor_context	41	void overlay	1818	5133	0	28	80	source_plane=0 shape=0 rot=0
terrain	void_overlay_no_floor_context	41	void overlay	1818	5134	0	28	80	source_plane=0 shape=0 rot=0
terrain	void_overlay_no_floor_context	41	void overlay	1818	5135	0	28	80	source_plane=0 shape=0 rot=0
terrain	void_overlay_no_floor_context	41	void overlay	1818	5136	0	28	80	source_plane=0 shape=0 rot=0
terrain	void_overlay_no_floor_context	41	void overlay	1818	5137	0	28	80	source_plane=0 shape=0 rot=0
terrain	void_overlay_no_floor_context	41	void overlay	1818	5138	0	28	80	source_plane=0 shape=0 rot=0
terrain	void_overlay_no_floor_context	41	void overlay	1818	5139	0	28	80	source_plane=0 shape=0 rot=0
terrain	void_overlay_no_floor_context	41	void overlay	1818	5140	0	28	80	source_plane=0 shape=0 rot=0
terrain	void_overlay_no_floor_context	41	void overlay	1818	5141	0	28	80	source_plane=0 shape=0 rot=0
terrain	void_overlay_no_floor_context	41	void overlay	1818	5142	0	28	80	source_plane=0 shape=0 rot=0
terrain	void_overlay_no_floor_context	41	void overlay	1818	5143	0	28	80	source_plane=0 shape=0 rot=0
terrain	void_overlay_no_floor_context	41	void overlay	1818	5144	0	28	80	source_plane=0 shape=0 rot=0
terrain	void_overlay_no_floor_context	41	void overlay	1818	5145	0	28	80	source_plane=0 shape=0 rot=0
terrain	void_overlay_no_floor_context	41	void overlay	1818	5146	0	28	80	source_plane=0 shape=0 rot=0
terrain	void_overlay_no_floor_context	41	void overlay	1818	5147	0	28	80	source_plane=0 shape=0 rot=0
terrain	void_overlay_no_floor_context	41	void overlay	1818	5148	0	28	80	source_plane=0 shape=0 rot=0
terrain	void_overlay_no_floor_context	41	void overlay	1818	5149	0	28	80	source_plane=0 shape=0 rot=0
terrain	void_overlay_no_floor_context	41	void overlay	1818	5150	0	28	80	source_plane=0 shape=0 rot=0
terrain	void_overlay_no_floor_context	41	void overlay	1818	5151	0	28	80	source_plane=0 shape=0 rot=0
terrain	void_overlay_no_floor_context	41	void overlay	1818	5152	0	28	80	source_plane=0 shape=0 rot=0
terrain	void_overlay_no_floor_context	41	void overlay	1818	5153	0	28	80	source_plane=0 shape=0 rot=0
terrain	void_overlay_no_floor_context	41	void overlay	1818	5154	0	28	80	source_plane=0 shape=0 rot=0
terrain	void_overlay_no_floor_context	41	void overlay	1818	5155	0	28	80	source_plane=0 shape=0 rot=0
terrain	void_overlay_no_floor_context	41	void overlay	1818	5156	0	28	80	source_plane=0 shape=0 rot=0
terrain	void_overlay_no_floor_context	41	void overlay	1818	5157	0	28	80	source_plane=0 shape=0 rot=0
terrain	void_overlay_no_floor_context	41	void overlay	1818	5158	0	28	80	source_plane=0 shape=0 rot=0
terrain	void_overlay_no_floor_context	41	void overlay	1818	5159	0	28	80	source_plane=0 shape=0 rot=0
terrain	void_overlay_no_floor_context	41	void overlay	1818	5160	0	28	80	source_plane=0 shape=0 rot=0
terrain	void_overlay_no_floor_context	41	void overlay	1818	5161	0	28	80	source_plane=0 shape=0 rot=0
terrain	void_overlay_no_floor_context	41	void overlay	1818	5162	0	28	80	source_plane=0 shape=0 rot=0
terrain	void_overlay_no_floor_context	41	void overlay	1818	5163	0	28	80	source_plane=0 shape=0 rot=0
terrain	void_overlay_no_floor_context	41	void overlay	1818	5164	0	28	80	source_plane=0 shape=0 rot=0
terrain	void_overlay_no_floor_context	41	void overlay	1818	5165	0	28	80	source_plane=0 shape=0 rot=0
terrain	void_overlay_no_floor_context	41	void overlay	1818	5166	0	28	80	source_plane=0 shape=0 rot=0
terrain	void_overlay_no_floor_context	41	void overlay	1818	5167	0	28	80	source_plane=0 shape=0 rot=0
terrain	void_overlay_no_floor_context	41	void overlay	1818	5168	0	28	80	source_plane=0 shape=0 rot=0
terrain	void_overlay_no_floor_context	41	void overlay	1818	5169	0	28	80	source_plane=0 shape=0 rot=0
terrain	void_overlay_no_floor_context	41	void overlay	1818	5170	0	28	80	source_plane=0 shape=0 rot=0
terrain	void_overlay_no_floor_context	41	void overlay	1818	5171	0	28	80	source_plane=0 shape=0 rot=0
terrain	void_overlay_no_floor_context	41	void overlay	1818	5172	0	28	80	source_plane=0 shape=0 rot=0
terrain	void_overlay_no_floor_context	41	void overlay	1818	5173	0	28	80	source_plane=0 shape=0 rot=0
terrain	void_overlay_no_floor_context	41	void overlay	1818	5174	0	28	80	source_plane=0 shape=0 rot=0
terrain	void_overlay_no_floor_context	41	void overlay	1818	5175	0	28	80	source_plane=0 shape=0 rot=0
terrain	void_overlay_no_floor_context	41	void overlay	1818	5176	0	28	80	source_plane=0 shape=0 rot=0
terrain	void_overlay_no_floor_context	41	void overlay	1818	5177	0	28	80	source_plane=0 shape=0 rot=0
terrain	void_overlay_no_floor_context	41	void overlay	1818	5178	0	28	80	source_plane=0 shape=0 rot=0
terrain	void_overlay_no_floor_context	41	void overlay	1818	5179	0	28	80	source_plane=0 shape=0 rot=0
terrain	void_overlay_no_floor_context	41	void overlay	1818	5180	0	28	80	source_plane=0 shape=0 rot=0
terrain	void_overlay_no_floor_context	41	void overlay	1818	5181	0	28	80	source_plane=0 shape=0 rot=0
terrain	void_overlay_no_floor_context	41	void overlay	1818	5182	0	28	80	source_plane=0 shape=0 rot=0
terrain	void_overlay_no_floor_context	41	void overlay	1818	5183	0	28	80	source_plane=0 shape=0 rot=0
terrain	void_overlay_no_floor_context	41	void overlay	1819	5122	0	28	80	source_plane=0 shape=0 rot=0
terrain	void_overlay_no_floor_context	41	void overlay	1819	5123	0	28	80	source_plane=0 shape=0 rot=0
terrain	void_overlay_no_floor_context	41	void overlay	1819	5124	0	28	80	source_plane=0 shape=0 rot=0
terrain	void_overlay_no_floor_context	41	void overlay	1819	5125	0	28	80	source_plane=0 shape=0 rot=0
terrain	void_overlay_no_floor_context	41	void overlay	1819	5126	0	28	80	source_plane=0 shape=0 rot=0
terrain	void_overlay_no_floor_context	41	void overlay	1819	5127	0	28	80	source_plane=0 shape=0 rot=0
terrain	void_overlay_no_floor_context	41	void overlay	1819	5128	0	28	80	source_plane=0 shape=0 rot=0
terrain	void_overlay_no_floor_context	41	void overlay	1819	5129	0	28	80	source_plane=0 shape=0 rot=0
terrain	void_overlay_no_floor_context	41	void overlay	1819	5130	0	28	80	source_plane=0 shape=0 rot=0
terrain	void_overlay_no_floor_context	41	void overlay	1819	5131	0	28	80	source_plane=0 shape=0 rot=0
terrain	void_overlay_no_floor_context	41	void overlay	1819	5132	0	28	80	source_plane=0 shape=0 rot=0
terrain	void_overlay_no_floor_context	41	void overlay	1819	5133	0	28	80	source_plane=0 shape=0 rot=0
terrain	void_overlay_no_floor_context	41	void overlay	1819	5134	0	28	80	source_plane=0 shape=0 rot=0
terrain	void_overlay_no_floor_context	41	void overlay	1819	5135	0	28	80	source_plane=0 shape=0 rot=0
terrain	void_overlay_no_floor_context	41	void overlay	1819	5136	0	28	80	source_plane=0 shape=0 rot=0
terrain	void_overlay_no_floor_context	41	void overlay	1819	5137	0	28	80	source_plane=0 shape=0 rot=0
terrain	void_overlay_no_floor_context	41	void overlay	1819	5138	0	28	80	source_plane=0 shape=0 rot=0
terrain	void_overlay_no_floor_context	41	void overlay	1819	5139	0	28	80	source_plane=0 shape=0 rot=0
terrain	void_overlay_no_floor_context	41	void overlay	1819	5140	0	28	80	source_plane=0 shape=0 rot=0
terrain	void_overlay_no_floor_context	41	void overlay	1819	5141	0	28	80	source_plane=0 shape=0 rot=0
terrain	void_overlay_no_floor_context	41	void overlay	1819	5142	0	28	80	source_plane=0 shape=0 rot=0
terrain	void_overlay_no_floor_context	41	void overlay	1819	5143	0	28	80	source_plane=0 shape=0 rot=0
terrain	void_overlay_no_floor_context	41	void overlay	1819	5144	0	28	80	source_plane=0 shape=0 rot=0
terrain	void_overlay_no_floor_context	41	void overlay	1819	5145	0	28	80	source_plane=0 shape=0 rot=0
terrain	void_overlay_no_floor_context	41	void overlay	1819	5146	0	28	80	source_plane=0 shape=0 rot=0
terrain	void_overlay_no_floor_context	41	void overlay	1819	5147	0	28	80	source_plane=0 shape=0 rot=0
terrain	void_overlay_no_floor_context	41	void overlay	1819	5148	0	28	80	source_plane=0 shape=0 rot=0
terrain	void_overlay_no_floor_context	41	void overlay	1819	5149	0	28	80	source_plane=0 shape=0 rot=0
terrain	void_overlay_no_floor_context	41	void overlay	1819	5150	0	28	80	source_plane=0 shape=0 rot=0
terrain	void_overlay_no_floor_context	41	void overlay	1819	5151	0	28	80	source_plane=0 shape=0 rot=0
terrain	void_overlay_no_floor_context	41	void overlay	1819	5152	0	28	80	source_plane=0 shape=0 rot=0
terrain	void_overlay_no_floor_context	41	void overlay	1819	5153	0	28	80	source_plane=0 shape=0 rot=0
terrain	void_overlay_no_floor_context	41	void overlay	1819	5154	0	28	80	source_plane=0 shape=0 rot=0
terrain	void_overlay_no_floor_context	41	void overlay	1819	5155	0	28	80	source_plane=0 shape=0 rot=0
terrain	void_overlay_no_floor_context	41	void overlay	1819	5156	0	28	80	source_plane=0 shape=0 rot=0
terrain	void_overlay_no_floor_context	41	void overlay	1819	5157	0	28	80	source_plane=0 shape=0 rot=0
terrain	void_overlay_no_floor_context	41	void overlay	1819	5158	0	28	80	source_plane=0 shape=0 rot=0
terrain	void_overlay_no_floor_context	41	void overlay	1819	5159	0	28	80	source_plane=0 shape=0 rot=0
terrain	void_overlay_no_floor_context	41	void overlay	1819	5160	0	28	80	source_plane=0 shape=0 rot=0
terrain	void_overlay_no_floor_context	41	void overlay	1819	5161	0	28	80	source_plane=0 shape=0 rot=0
terrain	void_overlay_no_floor_context	41	void overlay	1819	5162	0	28	80	source_plane=0 shape=0 rot=0
terrain	void_overlay_no_floor_context	41	void overlay	1819	5163	0	28	80	source_plane=0 shape=0 rot=0
terrain	void_overlay_no_floor_context	41	void overlay	1819	5164	0	28	80	source_plane=0 shape=0 rot=0
terrain	void_overlay_no_floor_context	41	void overlay	1819	5165	0	28	80	source_plane=0 shape=0 rot=0
terrain	void_overlay_no_floor_context	41	void overlay	1819	5166	0	28	80	source_plane=0 shape=0 rot=0
terrain	void_overlay_no_floor_context	41	void overlay	1819	5167	0	28	80	source_plane=0 shape=0 rot=0
terrain	void_overlay_no_floor_context	41	void overlay	1819	5168	0	28	80	source_plane=0 shape=0 rot=0
terrain	void_overlay_no_floor_context	41	void overlay	1819	5169	0	28	80	source_plane=0 shape=0 rot=0
terrain	void_overlay_no_floor_context	41	void overlay	1819	5170	0	28	80	source_plane=0 shape=0 rot=0
terrain	void_overlay_no_floor_context	41	void overlay	1819	5171	0	28	80	source_plane=0 shape=0 rot=0
terrain	void_overlay_no_floor_context	41	void overlay	1819	5172	0	28	80	source_plane=0 shape=0 rot=0
terrain	void_overlay_no_floor_context	41	void overlay	1819	5173	0	28	80	source_plane=0 shape=0 rot=0
terrain	void_overlay_no_floor_context	41	void overlay	1819	5174	0	28	80	source_plane=0 shape=0 rot=0
terrain	void_overlay_no_floor_context	41	void overlay	1819	5175	0	28	80	source_plane=0 shape=0 rot=0
terrain	void_overlay_no_floor_context	41	void overlay	1819	5176	0	28	80	source_plane=0 shape=0 rot=0
terrain	void_overlay_no_floor_context	41	void overlay	1819	5177	0	28	80	source_plane=0 shape=0 rot=0
terrain	void_overlay_no_floor_context	41	void overlay	1819	5178	0	28	80	source_plane=0 shape=0 rot=0
terrain	void_overlay_no_floor_context	41	void overlay	1819	5179	0	28	80	source_plane=0 shape=0 rot=0
terrain	void_overlay_no_floor_context	41	void overlay	1819	5180	0	28	80	source_plane=0 shape=0 rot=0
terrain	void_overlay_no_floor_context	41	void overlay	1819	5181	0	28	80	source_plane=0 shape=0 rot=0
terrain	void_overlay_no_floor_context	41	void overlay	1819	5182	0	28	80	source_plane=0 shape=0 rot=0
terrain	void_overlay_no_floor_context	41	void overlay	1819	5183	0	28	80	source_plane=0 shape=0 rot=0
terrain	void_overlay_no_floor_context	41	void overlay	1820	5122	0	28	80	source_plane=0 shape=0 rot=0
terrain	void_overlay_no_floor_context	41	void overlay	1820	5123	0	28	80	source_plane=0 shape=0 rot=0
terrain	void_overlay_no_floor_context	41	void overlay	1820	5124	0	28	80	source_plane=0 shape=0 rot=0
terrain	void_overlay_no_floor_context	41	void overlay	1820	5125	0	28	80	source_plane=0 shape=0 rot=0
terrain	void_overlay_no_floor_context	41	void overlay	1820	5126	0	28	80	source_plane=0 shape=0 rot=0
terrain	void_overlay_no_floor_context	41	void overlay	1820	5127	0	28	80	source_plane=0 shape=0 rot=0
terrain	void_overlay_no_floor_context	41	void overlay	1820	5128	0	28	80	source_plane=0 shape=0 rot=0
terrain	void_overlay_no_floor_context	41	void overlay	1820	5129	0	28	80	source_plane=0 shape=0 rot=0
terrain	void_overlay_no_floor_context	41	void overlay	1820	5130	0	28	80	source_plane=0 shape=0 rot=0
terrain	void_overlay_no_floor_context	41	void overlay	1820	5131	0	28	80	source_plane=0 shape=0 rot=0
terrain	void_overlay_no_floor_context	41	void overlay	1820	5132	0	28	80	source_plane=0 shape=0 rot=0
terrain	void_overlay_no_floor_context	41	void overlay	1820	5133	0	28	80	source_plane=0 shape=0 rot=0
terrain	void_overlay_no_floor_context	41	void overlay	1820	5134	0	28	80	source_plane=0 shape=0 rot=0
terrain	void_overlay_no_floor_context	41	void overlay	1820	5135	0	28	80	source_plane=0 shape=0 rot=0
terrain	void_overlay_no_floor_context	41	void overlay	1820	5136	0	28	80	source_plane=0 shape=0 rot=0
terrain	void_overlay_no_floor_context	41	void overlay	1820	5137	0	28	80	source_plane=0 shape=0 rot=0
terrain	void_overlay_no_floor_context	41	void overlay	1820	5138	0	28	80	source_plane=0 shape=0 rot=0
terrain	void_overlay_no_floor_context	41	void overlay	1820	5139	0	28	80	source_plane=0 shape=0 rot=0
terrain	void_overlay_no_floor_context	41	void overlay	1820	5140	0	28	80	source_plane=0 shape=0 rot=0
terrain	void_overlay_no_floor_context	41	void overlay	1820	5141	0	28	80	source_plane=0 shape=0 rot=0
terrain	void_overlay_no_floor_context	41	void overlay	1820	5142	0	28	80	source_plane=0 shape=0 rot=0
terrain	void_overlay_no_floor_context	41	void overlay	1820	5143	0	28	80	source_plane=0 shape=0 rot=0
terrain	void_overlay_no_floor_context	41	void overlay	1820	5144	0	28	80	source_plane=0 shape=0 rot=0
terrain	void_overlay_no_floor_context	41	void overlay	1820	5145	0	28	80	source_plane=0 shape=0 rot=0
terrain	void_overlay_no_floor_context	41	void overlay	1820	5146	0	28	80	source_plane=0 shape=0 rot=0
terrain	void_overlay_no_floor_context	41	void overlay	1820	5147	0	28	80	source_plane=0 shape=0 rot=0
terrain	void_overlay_no_floor_context	41	void overlay	1820	5148	0	28	80	source_plane=0 shape=0 rot=0
terrain	void_overlay_no_floor_context	41	void overlay	1820	5149	0	28	80	source_plane=0 shape=0 rot=0
terrain	void_overlay_no_floor_context	41	void overlay	1820	5150	0	28	80	source_plane=0 shape=0 rot=0
terrain	void_overlay_no_floor_context	41	void overlay	1820	5151	0	28	80	source_plane=0 shape=0 rot=0
terrain	void_overlay_no_floor_context	41	void overlay	1820	5152	0	28	80	source_plane=0 shape=0 rot=0
terrain	void_overlay_no_floor_context	41	void overlay	1820	5153	0	28	80	source_plane=0 shape=0 rot=0
terrain	void_overlay_no_floor_context	41	void overlay	1820	5154	0	28	80	source_plane=0 shape=0 rot=0
terrain	void_overlay_no_floor_context	41	void overlay	1820	5155	0	28	80	source_plane=0 shape=0 rot=0
terrain	void_overlay_no_floor_context	41	void overlay	1820	5156	0	28	80	source_plane=0 shape=0 rot=0
terrain	void_overlay_no_floor_context	41	void overlay	1820	5157	0	28	80	source_plane=0 shape=0 rot=0
terrain	void_overlay_no_floor_context	41	void overlay	1820	5158	0	28	80	source_plane=0 shape=0 rot=0
terrain	void_overlay_no_floor_context	41	void overlay	1820	5159	0	28	80	source_plane=0 shape=0 rot=0
terrain	void_overlay_no_floor_context	41	void overlay	1820	5160	0	28	80	source_plane=0 shape=0 rot=0
terrain	void_overlay_no_floor_context	41	void overlay	1820	5161	0	28	80	source_plane=0 shape=0 rot=0
terrain	void_overlay_no_floor_context	41	void overlay	1820	5162	0	28	80	source_plane=0 shape=0 rot=0
terrain	void_overlay_no_floor_context	41	void overlay	1820	5163	0	28	80	source_plane=0 shape=0 rot=0
terrain	void_overlay_no_floor_context	41	void overlay	1820	5164	0	28	80	source_plane=0 shape=0 rot=0
terrain	void_overlay_no_floor_context	41	void overlay	1820	5165	0	28	80	source_plane=0 shape=0 rot=0
terrain	void_overlay_no_floor_context	41	void overlay	1820	5166	0	28	80	source_plane=0 shape=0 rot=0
terrain	void_overlay_no_floor_context	41	void overlay	1820	5167	0	28	80	source_plane=0 shape=0 rot=0
terrain	void_overlay_no_floor_context	41	void overlay	1820	5168	0	28	80	source_plane=0 shape=0 rot=0
terrain	void_overlay_no_floor_context	41	void overlay	1820	5169	0	28	80	source_plane=0 shape=0 rot=0
terrain	void_overlay_no_floor_context	41	void overlay	1820	5170	0	28	80	source_plane=0 shape=0 rot=0
terrain	void_overlay_no_floor_context	41	void overlay	1820	5171	0	28	80	source_plane=0 shape=0 rot=0
terrain	void_overlay_no_floor_context	41	void overlay	1820	5172	0	28	80	source_plane=0 shape=0 rot=0
terrain	void_overlay_no_floor_context	41	void overlay	1820	5173	0	28	80	source_plane=0 shape=0 rot=0
terrain	void_overlay_no_floor_context	41	void overlay	1820	5174	0	28	80	source_plane=0 shape=0 rot=0
terrain	void_overlay_no_floor_context	41	void overlay	1820	5175	0	28	80	source_plane=0 shape=0 rot=0
terrain	void_overlay_no_floor_context	41	void overlay	1820	5176	0	28	80	source_plane=0 shape=0 rot=0
terrain	void_overlay_no_floor_context	41	void overlay	1820	5177	0	28	80	source_plane=0 shape=0 rot=0
terrain	void_overlay_no_floor_context	41	void overlay	1820	5178	0	28	80	source_plane=0 shape=0 rot=0
terrain	void_overlay_no_floor_context	41	void overlay	1820	5179	0	28	80	source_plane=0 shape=0 rot=0
terrain	void_overlay_no_floor_context	41	void overlay	1820	5180	0	28	80	source_plane=0 shape=0 rot=0
terrain	void_overlay_no_floor_context	41	void overlay	1820	5181	0	28	80	source_plane=0 shape=0 rot=0
terrain	void_overlay_no_floor_context	41	void overlay	1820	5182	0	28	80	source_plane=0 shape=0 rot=0
terrain	void_overlay_no_floor_context	41	void overlay	1820	5183	0	28	80	source_plane=0 shape=0 rot=0
terrain	void_overlay_no_floor_context	41	void overlay	1821	5122	0	28	80	source_plane=0 shape=0 rot=0
terrain	void_overlay_no_floor_context	41	void overlay	1821	5123	0	28	80	source_plane=0 shape=0 rot=0
terrain	void_overlay_no_floor_context	41	void overlay	1821	5124	0	28	80	source_plane=0 shape=0 rot=0
terrain	void_overlay_no_floor_context	41	void overlay	1821	5125	0	28	80	source_plane=0 shape=0 rot=0
terrain	void_overlay_no_floor_context	41	void overlay	1821	5126	0	28	80	source_plane=0 shape=0 rot=0
terrain	void_overlay_no_floor_context	41	void overlay	1821	5127	0	28	80	source_plane=0 shape=0 rot=0
terrain	void_overlay_no_floor_context	41	void overlay	1821	5128	0	28	80	source_plane=0 shape=0 rot=0
terrain	void_overlay_no_floor_context	41	void overlay	1821	5129	0	28	80	source_plane=0 shape=0 rot=0
terrain	void_overlay_no_floor_context	41	void overlay	1821	5130	0	28	80	source_plane=0 shape=0 rot=0
terrain	void_overlay_no_floor_context	41	void overlay	1821	5131	0	28	80	source_plane=0 shape=0 rot=0
terrain	void_overlay_no_floor_context	41	void overlay	1821	5132	0	28	80	source_plane=0 shape=0 rot=0
terrain	void_overlay_no_floor_context	41	void overlay	1821	5133	0	28	80	source_plane=0 shape=0 rot=0
terrain	void_overlay_no_floor_context	41	void overlay	1821	5134	0	28	80	source_plane=0 shape=0 rot=0
terrain	void_overlay_no_floor_context	41	void overlay	1821	5135	0	28	80	source_plane=0 shape=0 rot=0
terrain	void_overlay_no_floor_context	41	void overlay	1821	5136	0	28	80	source_plane=0 shape=0 rot=0
terrain	void_overlay_no_floor_context	41	void overlay	1821	5137	0	28	80	source_plane=0 shape=0 rot=0
terrain	void_overlay_no_floor_context	41	void overlay	1821	5138	0	28	80	source_plane=0 shape=0 rot=0
terrain	void_overlay_no_floor_context	41	void overlay	1821	5139	0	28	80	source_plane=0 shape=0 rot=0
terrain	void_overlay_no_floor_context	41	void overlay	1821	5140	0	28	80	source_plane=0 shape=0 rot=0
terrain	void_overlay_no_floor_context	41	void overlay	1821	5141	0	28	80	source_plane=0 shape=0 rot=0
terrain	void_overlay_no_floor_context	41	void overlay	1821	5142	0	28	80	source_plane=0 shape=0 rot=0
terrain	void_overlay_no_floor_context	41	void overlay	1821	5143	0	28	80	source_plane=0 shape=0 rot=0
terrain	void_overlay_no_floor_context	41	void overlay	1821	5144	0	28	80	source_plane=0 shape=0 rot=0
terrain	void_overlay_no_floor_context	41	void overlay	1821	5145	0	28	80	source_plane=0 shape=0 rot=0
terrain	void_overlay_no_floor_context	41	void overlay	1821	5146	0	28	80	source_plane=0 shape=0 rot=0
terrain	void_overlay_no_floor_context	41	void overlay	1821	5147	0	28	80	source_plane=0 shape=0 rot=0
terrain	void_overlay_no_floor_context	41	void overlay	1821	5148	0	28	80	source_plane=0 shape=0 rot=0
terrain	void_overlay_no_floor_context	41	void overlay	1821	5149	0	28	80	source_plane=0 shape=0 rot=0
terrain	void_overlay_no_floor_context	41	void overlay	1821	5150	0	28	80	source_plane=0 shape=0 rot=0
terrain	void_overlay_no_floor_context	41	void overlay	1821	5151	0	28	80	source_plane=0 shape=0 rot=0
terrain	void_overlay_no_floor_context	41	void overlay	1821	5152	0	28	80	source_plane=0 shape=0 rot=0
terrain	void_overlay_no_floor_context	41	void overlay	1821	5153	0	28	80	source_plane=0 shape=0 rot=0
terrain	void_overlay_no_floor_context	41	void overlay	1821	5154	0	28	80	source_plane=0 shape=0 rot=0
terrain	void_overlay_no_floor_context	41	void overlay	1821	5155	0	28	80	source_plane=0 shape=0 rot=0
terrain	void_overlay_no_floor_context	41	void overlay	1821	5156	0	28	80	source_plane=0 shape=0 rot=0
terrain	void_overlay_no_floor_context	41	void overlay	1821	5157	0	28	80	source_plane=0 shape=0 rot=0
terrain	void_overlay_no_floor_context	41	void overlay	1821	5158	0	28	80	source_plane=0 shape=0 rot=0
terrain	void_overlay_no_floor_context	41	void overlay	1821	5159	0	28	80	source_plane=0 shape=0 rot=0
terrain	void_overlay_no_floor_context	41	void overlay	1821	5160	0	28	80	source_plane=0 shape=0 rot=0
terrain	void_overlay_no_floor_context	41	void overlay	1821	5161	0	28	80	source_plane=0 shape=0 rot=0
terrain	void_overlay_no_floor_context	41	void overlay	1821	5162	0	28	80	source_plane=0 shape=0 rot=0
terrain	void_overlay_no_floor_context	41	void overlay	1821	5163	0	28	80	source_plane=0 shape=0 rot=0
terrain	void_overlay_no_floor_context	41	void overlay	1821	5164	0	28	80	source_plane=0 shape=0 rot=0
terrain	void_overlay_no_floor_context	41	void overlay	1821	5165	0	28	80	source_plane=0 shape=0 rot=0
terrain	void_overlay_no_floor_context	41	void overlay	1821	5166	0	28	80	source_plane=0 shape=0 rot=0
terrain	void_overlay_no_floor_context	41	void overlay	1821	5167	0	28	80	source_plane=0 shape=0 rot=0
terrain	void_overlay_no_floor_context	41	void overlay	1821	5168	0	28	80	source_plane=0 shape=0 rot=0
terrain	void_overlay_no_floor_context	41	void overlay	1821	5169	0	28	80	source_plane=0 shape=0 rot=0
terrain	void_overlay_no_floor_context	41	void overlay	1821	5170	0	28	80	source_plane=0 shape=0 rot=0
terrain	void_overlay_no_floor_context	41	void overlay	1821	5171	0	28	80	source_plane=0 shape=0 rot=0
terrain	void_overlay_no_floor_context	41	void overlay	1821	5172	0	28	80	source_plane=0 shape=0 rot=0
terrain	void_overlay_no_floor_context	41	void overlay	1821	5173	0	28	80	source_plane=0 shape=0 rot=0
terrain	void_overlay_no_floor_context	41	void overlay	1821	5174	0	28	80	source_plane=0 shape=0 rot=0
terrain	void_overlay_no_floor_context	41	void overlay	1821	5175	0	28	80	source_plane=0 shape=0 rot=0
terrain	void_overlay_no_floor_context	41	void overlay	1821	5176	0	28	80	source_plane=0 shape=0 rot=0
terrain	void_overlay_no_floor_context	41	void overlay	1821	5177	0	28	80	source_plane=0 shape=0 rot=0
terrain	void_overlay_no_floor_context	41	void overlay	1821	5178	0	28	80	source_plane=0 shape=0 rot=0
terrain	void_overlay_no_floor_context	41	void overlay	1821	5179	0	28	80	source_plane=0 shape=0 rot=0
terrain	void_overlay_no_floor_context	41	void overlay	1821	5180	0	28	80	source_plane=0 shape=0 rot=0
terrain	void_overlay_no_floor_context	41	void overlay	1821	5181	0	28	80	source_plane=0 shape=0 rot=0
terrain	void_overlay_no_floor_context	41	void overlay	1821	5182	0	28	80	source_plane=0 shape=0 rot=0
terrain	void_overlay_no_floor_context	41	void overlay	1821	5183	0	28	80	source_plane=0 shape=0 rot=0
terrain	void_overlay_no_floor_context	41	void overlay	1822	5122	0	28	80	source_plane=0 shape=0 rot=0
terrain	void_overlay_no_floor_context	41	void overlay	1822	5123	0	28	80	source_plane=0 shape=0 rot=0
terrain	void_overlay_no_floor_context	41	void overlay	1822	5124	0	28	80	source_plane=0 shape=0 rot=0
terrain	void_overlay_no_floor_context	41	void overlay	1822	5125	0	28	80	source_plane=0 shape=0 rot=0
terrain	void_overlay_no_floor_context	41	void overlay	1822	5126	0	28	80	source_plane=0 shape=0 rot=0
terrain	void_overlay_no_floor_context	41	void overlay	1822	5127	0	28	80	source_plane=0 shape=0 rot=0
terrain	void_overlay_no_floor_context	41	void overlay	1822	5128	0	28	80	source_plane=0 shape=0 rot=0
terrain	void_overlay_no_floor_context	41	void overlay	1822	5129	0	28	80	source_plane=0 shape=0 rot=0
terrain	void_overlay_no_floor_context	41	void overlay	1822	5130	0	28	80	source_plane=0 shape=0 rot=0
terrain	void_overlay_no_floor_context	41	void overlay	1822	5131	0	28	80	source_plane=0 shape=0 rot=0
terrain	void_overlay_no_floor_context	41	void overlay	1822	5132	0	28	80	source_plane=0 shape=0 rot=0
terrain	void_overlay_no_floor_context	41	void overlay	1822	5133	0	28	80	source_plane=0 shape=0 rot=0
terrain	void_overlay_no_floor_context	41	void overlay	1822	5134	0	28	80	source_plane=0 shape=0 rot=0
terrain	void_overlay_no_floor_context	41	void overlay	1822	5135	0	28	80	source_plane=0 shape=0 rot=0
terrain	void_overlay_no_floor_context	41	void overlay	1822	5136	0	28	80	source_plane=0 shape=0 rot=0
terrain	void_overlay_no_floor_context	41	void overlay	1822	5137	0	28	80	source_plane=0 shape=0 rot=0
terrain	void_overlay_no_floor_context	41	void overlay	1822	5138	0	28	80	source_plane=0 shape=0 rot=0
terrain	void_overlay_no_floor_context	41	void overlay	1822	5139	0	28	80	source_plane=0 shape=0 rot=0
terrain	void_overlay_no_floor_context	41	void overlay	1822	5140	0	28	80	source_plane=0 shape=0 rot=0
terrain	void_overlay_no_floor_context	41	void overlay	1822	5141	0	28	80	source_plane=0 shape=0 rot=0
terrain	void_overlay_no_floor_context	41	void overlay	1822	5142	0	28	80	source_plane=0 shape=0 rot=0
terrain	void_overlay_no_floor_context	41	void overlay	1822	5143	0	28	80	source_plane=0 shape=0 rot=0
terrain	void_overlay_no_floor_context	41	void overlay	1822	5144	0	28	80	source_plane=0 shape=0 rot=0
terrain	void_overlay_no_floor_context	41	void overlay	1822	5145	0	28	80	source_plane=0 shape=0 rot=0
terrain	void_overlay_no_floor_context	41	void overlay	1822	5146	0	28	80	source_plane=0 shape=0 rot=0
terrain	void_overlay_no_floor_context	41	void overlay	1822	5147	0	28	80	source_plane=0 shape=0 rot=0
terrain	void_overlay_no_floor_context	41	void overlay	1822	5148	0	28	80	source_plane=0 shape=0 rot=0
terrain	void_overlay_no_floor_context	41	void overlay	1822	5149	0	28	80	source_plane=0 shape=0 rot=0
terrain	void_overlay_no_floor_context	41	void overlay	1822	5150	0	28	80	source_plane=0 shape=0 rot=0
terrain	void_overlay_no_floor_context	41	void overlay	1822	5151	0	28	80	source_plane=0 shape=0 rot=0
terrain	void_overlay_no_floor_context	41	void overlay	1822	5152	0	28	80	source_plane=0 shape=0 rot=0
terrain	void_overlay_no_floor_context	41	void overlay	1822	5153	0	28	80	source_plane=0 shape=0 rot=0
terrain	void_overlay_no_floor_context	41	void overlay	1822	5154	0	28	80	source_plane=0 shape=0 rot=0
terrain	void_overlay_no_floor_context	41	void overlay	1822	5155	0	28	80	source_plane=0 shape=0 rot=0
terrain	void_overlay_no_floor_context	41	void overlay	1822	5156	0	28	80	source_plane=0 shape=0 rot=0
terrain	void_overlay_no_floor_context	41	void overlay	1822	5157	0	28	80	source_plane=0 shape=0 rot=0
terrain	void_overlay_no_floor_context	41	void overlay	1822	5158	0	28	80	source_plane=0 shape=0 rot=0
terrain	void_overlay_no_floor_context	41	void overlay	1822	5159	0	28	80	source_plane=0 shape=0 rot=0
terrain	void_overlay_no_floor_context	41	void overlay	1822	5160	0	28	80	source_plane=0 shape=0 rot=0
terrain	void_overlay_no_floor_context	41	void overlay	1822	5161	0	28	80	source_plane=0 shape=0 rot=0
terrain	void_overlay_no_floor_context	41	void overlay	1822	5162	0	28	80	source_plane=0 shape=0 rot=0
terrain	void_overlay_no_floor_context	41	void overlay	1822	5163	0	28	80	source_plane=0 shape=0 rot=0
terrain	void_overlay_no_floor_context	41	void overlay	1822	5164	0	28	80	source_plane=0 shape=0 rot=0
terrain	void_overlay_no_floor_context	41	void overlay	1822	5165	0	28	80	source_plane=0 shape=0 rot=0
terrain	void_overlay_no_floor_context	41	void overlay	1822	5166	0	28	80	source_plane=0 shape=0 rot=0
terrain	void_overlay_no_floor_context	41	void overlay	1822	5167	0	28	80	source_plane=0 shape=0 rot=0
terrain	void_overlay_no_floor_context	41	void overlay	1822	5168	0	28	80	source_plane=0 shape=0 rot=0
terrain	void_overlay_no_floor_context	41	void overlay	1822	5169	0	28	80	source_plane=0 shape=0 rot=0
terrain	void_overlay_no_floor_context	41	void overlay	1822	5170	0	28	80	source_plane=0 shape=0 rot=0
terrain	void_overlay_no_floor_context	41	void overlay	1822	5171	0	28	80	source_plane=0 shape=0 rot=0
terrain	void_overlay_no_floor_context	41	void overlay	1822	5172	0	28	80	source_plane=0 shape=0 rot=0
terrain	void_overlay_no_floor_context	41	void overlay	1822	5173	0	28	80	source_plane=0 shape=0 rot=0
terrain	void_overlay_no_floor_context	41	void overlay	1822	5174	0	28	80	source_plane=0 shape=0 rot=0
terrain	void_overlay_no_floor_context	41	void overlay	1822	5175	0	28	80	source_plane=0 shape=0 rot=0
terrain	void_overlay_no_floor_context	41	void overlay	1822	5176	0	28	80	source_plane=0 shape=0 rot=0
terrain	void_overlay_no_floor_context	41	void overlay	1822	5177	0	28	80	source_plane=0 shape=0 rot=0
terrain	void_overlay_no_floor_context	41	void overlay	1822	5178	0	28	80	source_plane=0 shape=0 rot=0
terrain	void_overlay_no_floor_context	41	void overlay	1822	5179	0	28	80	source_plane=0 shape=0 rot=0
terrain	void_overlay_no_floor_context	41	void overlay	1822	5180	0	28	80	source_plane=0 shape=0 rot=0
terrain	void_overlay_no_floor_context	41	void overlay	1822	5181	0	28	80	source_plane=0 shape=0 rot=0
terrain	void_overlay_no_floor_context	41	void overlay	1822	5182	0	28	80	source_plane=0 shape=0 rot=0
terrain	void_overlay_no_floor_context	41	void overlay	1822	5183	0	28	80	source_plane=0 shape=0 rot=0
terrain	void_overlay_no_floor_context	41	void overlay	1823	5122	0	28	80	source_plane=0 shape=0 rot=0
terrain	void_overlay_no_floor_context	41	void overlay	1823	5123	0	28	80	source_plane=0 shape=0 rot=0
terrain	void_overlay_no_floor_context	41	void overlay	1823	5124	0	28	80	source_plane=0 shape=0 rot=0
terrain	void_overlay_no_floor_context	41	void overlay	1823	5125	0	28	80	source_plane=0 shape=0 rot=0
terrain	void_overlay_no_floor_context	41	void overlay	1823	5126	0	28	80	source_plane=0 shape=0 rot=0
terrain	void_overlay_no_floor_context	41	void overlay	1823	5127	0	28	80	source_plane=0 shape=0 rot=0
terrain	void_overlay_no_floor_context	41	void overlay	1823	5128	0	28	80	source_plane=0 shape=0 rot=0
terrain	void_overlay_no_floor_context	41	void overlay	1823	5129	0	28	80	source_plane=0 shape=0 rot=0
terrain	void_overlay_no_floor_context	41	void overlay	1823	5130	0	28	80	source_plane=0 shape=0 rot=0
terrain	void_overlay_no_floor_context	41	void overlay	1823	5131	0	28	80	source_plane=0 shape=0 rot=0
terrain	void_overlay_no_floor_context	41	void overlay	1823	5132	0	28	80	source_plane=0 shape=0 rot=0
terrain	void_overlay_no_floor_context	41	void overlay	1823	5133	0	28	80	source_plane=0 shape=0 rot=0
terrain	void_overlay_no_floor_context	41	void overlay	1823	5134	0	28	80	source_plane=0 shape=0 rot=0
terrain	void_overlay_no_floor_context	41	void overlay	1823	5135	0	28	80	source_plane=0 shape=0 rot=0
terrain	void_overlay_no_floor_context	41	void overlay	1823	5136	0	28	80	source_plane=0 shape=0 rot=0
terrain	void_overlay_no_floor_context	41	void overlay	1823	5137	0	28	80	source_plane=0 shape=0 rot=0
terrain	void_overlay_no_floor_context	41	void overlay	1823	5138	0	28	80	source_plane=0 shape=0 rot=0
terrain	void_overlay_no_floor_context	41	void overlay	1823	5139	0	28	80	source_plane=0 shape=0 rot=0
terrain	void_overlay_no_floor_context	41	void overlay	1823	5140	0	28	80	source_plane=0 shape=0 rot=0
terrain	void_overlay_no_floor_context	41	void overlay	1823	5141	0	28	80	source_plane=0 shape=0 rot=0
terrain	void_overlay_no_floor_context	41	void overlay	1823	5142	0	28	80	source_plane=0 shape=0 rot=0
terrain	void_overlay_no_floor_context	41	void overlay	1823	5143	0	28	80	source_plane=0 shape=0 rot=0
terrain	void_overlay_no_floor_context	41	void overlay	1823	5144	0	28	80	source_plane=0 shape=0 rot=0
terrain	void_overlay_no_floor_context	41	void overlay	1823	5145	0	28	80	source_plane=0 shape=0 rot=0
terrain	void_overlay_no_floor_context	41	void overlay	1823	5146	0	28	80	source_plane=0 shape=0 rot=0
terrain	void_overlay_no_floor_context	41	void overlay	1823	5147	0	28	80	source_plane=0 shape=0 rot=0
terrain	void_overlay_no_floor_context	41	void overlay	1823	5148	0	28	80	source_plane=0 shape=0 rot=0
terrain	void_overlay_no_floor_context	41	void overlay	1823	5149	0	28	80	source_plane=0 shape=0 rot=0
terrain	void_overlay_no_floor_context	41	void overlay	1823	5150	0	28	80	source_plane=0 shape=0 rot=0
terrain	void_overlay_no_floor_context	41	void overlay	1823	5151	0	28	80	source_plane=0 shape=0 rot=0
terrain	void_overlay_no_floor_context	41	void overlay	1823	5152	0	28	80	source_plane=0 shape=0 rot=0
terrain	void_overlay_no_floor_context	41	void overlay	1823	5153	0	28	80	source_plane=0 shape=0 rot=0
terrain	void_overlay_no_floor_context	41	void overlay	1823	5154	0	28	80	source_plane=0 shape=0 rot=0
terrain	void_overlay_no_floor_context	41	void overlay	1823	5155	0	28	80	source_plane=0 shape=0 rot=0
terrain	void_overlay_no_floor_context	41	void overlay	1823	5156	0	28	80	source_plane=0 shape=0 rot=0
terrain	void_overlay_no_floor_context	41	void overlay	1823	5157	0	28	80	source_plane=0 shape=0 rot=0
terrain	void_overlay_no_floor_context	41	void overlay	1823	5158	0	28	80	source_plane=0 shape=0 rot=0
terrain	void_overlay_no_floor_context	41	void overlay	1823	5159	0	28	80	source_plane=0 shape=0 rot=0
terrain	void_overlay_no_floor_context	41	void overlay	1823	5160	0	28	80	source_plane=0 shape=0 rot=0
terrain	void_overlay_no_floor_context	41	void overlay	1823	5161	0	28	80	source_plane=0 shape=0 rot=0
terrain	void_overlay_no_floor_context	41	void overlay	1823	5162	0	28	80	source_plane=0 shape=0 rot=0
terrain	void_overlay_no_floor_context	41	void overlay	1823	5163	0	28	80	source_plane=0 shape=0 rot=0
terrain	void_overlay_no_floor_context	41	void overlay	1823	5164	0	28	80	source_plane=0 shape=0 rot=0
terrain	void_overlay_no_floor_context	41	void overlay	1823	5165	0	28	80	source_plane=0 shape=0 rot=0
terrain	void_overlay_no_floor_context	41	void overlay	1823	5166	0	28	80	source_plane=0 shape=0 rot=0
terrain	void_overlay_no_floor_context	41	void overlay	1823	5167	0	28	80	source_plane=0 shape=0 rot=0
terrain	void_overlay_no_floor_context	41	void overlay	1823	5168	0	28	80	source_plane=0 shape=0 rot=0
terrain	void_overlay_no_floor_context	41	void overlay	1823	5169	0	28	80	source_plane=0 shape=0 rot=0
terrain	void_overlay_no_floor_context	41	void overlay	1823	5170	0	28	80	source_plane=0 shape=0 rot=0
terrain	void_overlay_no_floor_context	41	void overlay	1823	5171	0	28	80	source_plane=0 shape=0 rot=0
terrain	void_overlay_no_floor_context	41	void overlay	1823	5172	0	28	80	source_plane=0 shape=0 rot=0
terrain	void_overlay_no_floor_context	41	void overlay	1823	5173	0	28	80	source_plane=0 shape=0 rot=0
terrain	void_overlay_no_floor_context	41	void overlay	1823	5174	0	28	80	source_plane=0 shape=0 rot=0
terrain	void_overlay_no_floor_context	41	void overlay	1823	5175	0	28	80	source_plane=0 shape=0 rot=0
terrain	void_overlay_no_floor_context	41	void overlay	1823	5176	0	28	80	source_plane=0 shape=0 rot=0
terrain	void_overlay_no_floor_context	41	void overlay	1823	5177	0	28	80	source_plane=0 shape=0 rot=0
terrain	void_overlay_no_floor_context	41	void overlay	1823	5178	0	28	80	source_plane=0 shape=0 rot=0
terrain	void_overlay_no_floor_context	41	void overlay	1823	5179	0	28	80	source_plane=0 shape=0 rot=0
terrain	void_overlay_no_floor_context	41	void overlay	1823	5180	0	28	80	source_plane=0 shape=0 rot=0
terrain	void_overlay_no_floor_context	41	void overlay	1823	5181	0	28	80	source_plane=0 shape=0 rot=0
terrain	void_overlay_no_floor_context	41	void overlay	1823	5182	0	28	80	source_plane=0 shape=0 rot=0
terrain	void_overlay_no_floor_context	41	void overlay	1823	5183	0	28	80	source_plane=0 shape=0 rot=0
terrain	void_overlay_no_floor_context	41	void overlay	1824	5122	0	28	80	source_plane=0 shape=0 rot=0
terrain	void_overlay_no_floor_context	41	void overlay	1824	5123	0	28	80	source_plane=0 shape=0 rot=0
terrain	void_overlay_no_floor_context	41	void overlay	1824	5124	0	28	80	source_plane=0 shape=0 rot=0
terrain	void_overlay_no_floor_context	41	void overlay	1824	5125	0	28	80	source_plane=0 shape=0 rot=0
terrain	void_overlay_no_floor_context	41	void overlay	1824	5126	0	28	80	source_plane=0 shape=0 rot=0
terrain	void_overlay_no_floor_context	41	void overlay	1824	5127	0	28	80	source_plane=0 shape=0 rot=0
terrain	void_overlay_no_floor_context	41	void overlay	1824	5128	0	28	80	source_plane=0 shape=0 rot=0
terrain	void_overlay_no_floor_context	41	void overlay	1824	5129	0	28	80	source_plane=0 shape=0 rot=0
terrain	void_overlay_no_floor_context	41	void overlay	1824	5130	0	28	80	source_plane=0 shape=0 rot=0
terrain	void_overlay_no_floor_context	41	void overlay	1824	5131	0	28	80	source_plane=0 shape=0 rot=0
terrain	void_overlay_no_floor_context	41	void overlay	1824	5132	0	28	80	source_plane=0 shape=0 rot=0
terrain	void_overlay_no_floor_context	41	void overlay	1824	5133	0	28	80	source_plane=0 shape=0 rot=0
terrain	void_overlay_no_floor_context	41	void overlay	1824	5134	0	28	80	source_plane=0 shape=0 rot=0
terrain	void_overlay_no_floor_context	41	void overlay	1824	5135	0	28	80	source_plane=0 shape=0 rot=0
terrain	void_overlay_no_floor_context	41	void overlay	1824	5136	0	28	80	source_plane=0 shape=0 rot=0
terrain	void_overlay_no_floor_context	41	void overlay	1824	5137	0	28	80	source_plane=0 shape=0 rot=0
terrain	void_overlay_no_floor_context	41	void overlay	1824	5138	0	28	80	source_plane=0 shape=0 rot=0
terrain	void_overlay_no_floor_context	41	void overlay	1824	5139	0	28	80	source_plane=0 shape=0 rot=0
terrain	void_overlay_no_floor_context	41	void overlay	1824	5140	0	28	80	source_plane=0 shape=0 rot=0
terrain	void_overlay_no_floor_context	41	void overlay	1824	5141	0	28	80	source_plane=0 shape=0 rot=0
terrain	void_overlay_no_floor_context	41	void overlay	1824	5142	0	28	80	source_plane=0 shape=0 rot=0
terrain	void_overlay_no_floor_context	41	void overlay	1824	5143	0	28	80	source_plane=0 shape=0 rot=0
terrain	void_overlay_no_floor_context	41	void overlay	1824	5144	0	28	80	source_plane=0 shape=0 rot=0
terrain	void_overlay_no_floor_context	41	void overlay	1824	5145	0	28	80	source_plane=0 shape=0 rot=0
terrain	void_overlay_no_floor_context	41	void overlay	1824	5146	0	28	80	source_plane=0 shape=0 rot=0
terrain	void_overlay_no_floor_context	41	void overlay	1824	5147	0	28	80	source_plane=0 shape=0 rot=0
terrain	void_overlay_no_floor_context	41	void overlay	1824	5148	0	28	80	source_plane=0 shape=0 rot=0
terrain	void_overlay_no_floor_context	41	void overlay	1824	5149	0	28	80	source_plane=0 shape=0 rot=0
terrain	void_overlay_no_floor_context	41	void overlay	1824	5150	0	28	80	source_plane=0 shape=0 rot=0
terrain	void_overlay_no_floor_context	41	void overlay	1824	5151	0	28	80	source_plane=0 shape=0 rot=0
terrain	void_overlay_no_floor_context	41	void overlay	1824	5152	0	28	80	source_plane=0 shape=0 rot=0
terrain	void_overlay_no_floor_context	41	void overlay	1824	5153	0	28	80	source_plane=0 shape=0 rot=0
terrain	void_overlay_no_floor_context	41	void overlay	1824	5154	0	28	80	source_plane=0 shape=0 rot=0
terrain	void_overlay_no_floor_context	41	void overlay	1824	5155	0	28	80	source_plane=0 shape=0 rot=0
terrain	void_overlay_no_floor_context	41	void overlay	1824	5156	0	28	80	source_plane=0 shape=0 rot=0
terrain	void_overlay_no_floor_context	41	void overlay	1824	5157	0	28	80	source_plane=0 shape=0 rot=0
terrain	void_overlay_no_floor_context	41	void overlay	1824	5158	0	28	80	source_plane=0 shape=0 rot=0
terrain	void_overlay_no_floor_context	41	void overlay	1824	5159	0	28	80	source_plane=0 shape=0 rot=0
terrain	void_overlay_no_floor_context	41	void overlay	1824	5160	0	28	80	source_plane=0 shape=0 rot=0
terrain	void_overlay_no_floor_context	41	void overlay	1824	5161	0	28	80	source_plane=0 shape=0 rot=0
terrain	void_overlay_no_floor_context	41	void overlay	1824	5162	0	28	80	source_plane=0 shape=0 rot=0
terrain	void_overlay_no_floor_context	41	void overlay	1824	5163	0	28	80	source_plane=0 shape=0 rot=0
terrain	void_overlay_no_floor_context	41	void overlay	1824	5164	0	28	80	source_plane=0 shape=0 rot=0
terrain	void_overlay_no_floor_context	41	void overlay	1824	5165	0	28	80	source_plane=0 shape=0 rot=0
terrain	void_overlay_no_floor_context	41	void overlay	1824	5166	0	28	80	source_plane=0 shape=0 rot=0
terrain	void_overlay_no_floor_context	41	void overlay	1824	5167	0	28	80	source_plane=0 shape=0 rot=0
terrain	void_overlay_no_floor_context	41	void overlay	1824	5168	0	28	80	source_plane=0 shape=0 rot=0
terrain	void_overlay_no_floor_context	41	void overlay	1824	5169	0	28	80	source_plane=0 shape=0 rot=0
terrain	void_overlay_no_floor_context	41	void overlay	1824	5170	0	28	80	source_plane=0 shape=0 rot=0
terrain	void_overlay_no_floor_context	41	void overlay	1824	5171	0	28	80	source_plane=0 shape=0 rot=0
terrain	void_overlay_no_floor_context	41	void overlay	1824	5172	0	28	80	source_plane=0 shape=0 rot=0
terrain	void_overlay_no_floor_context	41	void overlay	1824	5173	0	28	80	source_plane=0 shape=0 rot=0
terrain	void_overlay_no_floor_context	41	void overlay	1824	5174	0	28	80	source_plane=0 shape=0 rot=0
terrain	void_overlay_no_floor_context	41	void overlay	1824	5175	0	28	80	source_plane=0 shape=0 rot=0
terrain	void_overlay_no_floor_context	41	void overlay	1824	5176	0	28	80	source_plane=0 shape=0 rot=0
terrain	void_overlay_no_floor_context	41	void overlay	1824	5177	0	28	80	source_plane=0 shape=0 rot=0
terrain	void_overlay_no_floor_context	41	void overlay	1824	5178	0	28	80	source_plane=0 shape=0 rot=0
terrain	void_overlay_no_floor_context	41	void overlay	1824	5179	0	28	80	source_plane=0 shape=0 rot=0
terrain	void_overlay_no_floor_context	41	void overlay	1824	5180	0	28	80	source_plane=0 shape=0 rot=0
terrain	void_overlay_no_floor_context	41	void overlay	1824	5181	0	28	80	source_plane=0 shape=0 rot=0
terrain	void_overlay_no_floor_context	41	void overlay	1824	5182	0	28	80	source_plane=0 shape=0 rot=0
terrain	void_overlay_no_floor_context	41	void overlay	1824	5183	0	28	80	source_plane=0 shape=0 rot=0
terrain	void_overlay_no_floor_context	41	void overlay	1825	5122	0	28	80	source_plane=0 shape=0 rot=0
terrain	void_overlay_no_floor_context	41	void overlay	1825	5123	0	28	80	source_plane=0 shape=0 rot=0
terrain	void_overlay_no_floor_context	41	void overlay	1825	5124	0	28	80	source_plane=0 shape=0 rot=0
terrain	void_overlay_no_floor_context	41	void overlay	1825	5125	0	28	80	source_plane=0 shape=0 rot=0
terrain	void_overlay_no_floor_context	41	void overlay	1825	5126	0	28	80	source_plane=0 shape=0 rot=0
terrain	void_overlay_no_floor_context	41	void overlay	1825	5127	0	28	80	source_plane=0 shape=0 rot=0
terrain	void_overlay_no_floor_context	41	void overlay	1825	5128	0	28	80	source_plane=0 shape=0 rot=0
terrain	void_overlay_no_floor_context	41	void overlay	1825	5129	0	28	80	source_plane=0 shape=0 rot=0
terrain	void_overlay_no_floor_context	41	void overlay	1825	5130	0	28	80	source_plane=0 shape=0 rot=0
terrain	void_overlay_no_floor_context	41	void overlay	1825	5131	0	28	80	source_plane=0 shape=0 rot=0
terrain	void_overlay_no_floor_context	41	void overlay	1825	5132	0	28	80	source_plane=0 shape=0 rot=0
terrain	void_overlay_no_floor_context	41	void overlay	1825	5133	0	28	80	source_plane=0 shape=0 rot=0
terrain	void_overlay_no_floor_context	41	void overlay	1825	5134	0	28	80	source_plane=0 shape=0 rot=0
terrain	void_overlay_no_floor_context	41	void overlay	1825	5135	0	28	80	source_plane=0 shape=0 rot=0
terrain	void_overlay_no_floor_context	41	void overlay	1825	5136	0	28	80	source_plane=0 shape=0 rot=0
terrain	void_overlay_no_floor_context	41	void overlay	1825	5137	0	28	80	source_plane=0 shape=0 rot=0
terrain	void_overlay_no_floor_context	41	void overlay	1825	5138	0	28	80	source_plane=0 shape=0 rot=0
terrain	void_overlay_no_floor_context	41	void overlay	1825	5139	0	28	80	source_plane=0 shape=0 rot=0
terrain	void_overlay_no_floor_context	41	void overlay	1825	5140	0	28	80	source_plane=0 shape=0 rot=0
terrain	void_overlay_no_floor_context	41	void overlay	1825	5141	0	28	80	source_plane=0 shape=0 rot=0
terrain	void_overlay_no_floor_context	41	void overlay	1825	5142	0	28	80	source_plane=0 shape=0 rot=0
terrain	void_overlay_no_floor_context	41	void overlay	1825	5143	0	28	80	source_plane=0 shape=0 rot=0
terrain	void_overlay_no_floor_context	41	void overlay	1825	5144	0	28	80	source_plane=0 shape=0 rot=0
terrain	void_overlay_no_floor_context	41	void overlay	1825	5145	0	28	80	source_plane=0 shape=0 rot=0
terrain	void_overlay_no_floor_context	41	void overlay	1825	5146	0	28	80	source_plane=0 shape=0 rot=0
terrain	void_overlay_no_floor_context	41	void overlay	1825	5147	0	28	80	source_plane=0 shape=0 rot=0
terrain	void_overlay_no_floor_context	41	void overlay	1825	5148	0	28	80	source_plane=0 shape=0 rot=0
terrain	void_overlay_no_floor_context	41	void overlay	1825	5149	0	28	80	source_plane=0 shape=0 rot=0
terrain	void_overlay_no_floor_context	41	void overlay	1825	5150	0	28	80	source_plane=0 shape=0 rot=0
terrain	void_overlay_no_floor_context	41	void overlay	1825	5151	0	28	80	source_plane=0 shape=0 rot=0
terrain	void_overlay_no_floor_context	41	void overlay	1825	5152	0	28	80	source_plane=0 shape=0 rot=0
terrain	void_overlay_no_floor_context	41	void overlay	1825	5153	0	28	80	source_plane=0 shape=0 rot=0
terrain	void_overlay_no_floor_context	41	void overlay	1825	5154	0	28	80	source_plane=0 shape=0 rot=0
terrain	void_overlay_no_floor_context	41	void overlay	1825	5155	0	28	80	source_plane=0 shape=0 rot=0
terrain	void_overlay_no_floor_context	41	void overlay	1825	5156	0	28	80	source_plane=0 shape=0 rot=0
terrain	void_overlay_no_floor_context	41	void overlay	1825	5157	0	28	80	source_plane=0 shape=0 rot=0
terrain	void_overlay_no_floor_context	41	void overlay	1825	5158	0	28	80	source_plane=0 shape=0 rot=0
terrain	void_overlay_no_floor_context	41	void overlay	1825	5159	0	28	80	source_plane=0 shape=0 rot=0
terrain	void_overlay_no_floor_context	41	void overlay	1825	5160	0	28	80	source_plane=0 shape=0 rot=0
terrain	void_overlay_no_floor_context	41	void overlay	1825	5161	0	28	80	source_plane=0 shape=0 rot=0
terrain	void_overlay_no_floor_context	41	void overlay	1825	5162	0	28	80	source_plane=0 shape=0 rot=0
terrain	void_overlay_no_floor_context	41	void overlay	1825	5163	0	28	80	source_plane=0 shape=0 rot=0
terrain	void_overlay_no_floor_context	41	void overlay	1825	5164	0	28	80	source_plane=0 shape=0 rot=0
terrain	void_overlay_no_floor_context	41	void overlay	1825	5165	0	28	80	source_plane=0 shape=0 rot=0
terrain	void_overlay_no_floor_context	41	void overlay	1825	5166	0	28	80	source_plane=0 shape=0 rot=0
terrain	void_overlay_no_floor_context	41	void overlay	1825	5167	0	28	80	source_plane=0 shape=0 rot=0
terrain	void_overlay_no_floor_context	41	void overlay	1825	5168	0	28	80	source_plane=0 shape=0 rot=0
terrain	void_overlay_no_floor_context	41	void overlay	1825	5169	0	28	80	source_plane=0 shape=0 rot=0
terrain	void_overlay_no_floor_context	41	void overlay	1825	5170	0	28	80	source_plane=0 shape=0 rot=0
terrain	void_overlay_no_floor_context	41	void overlay	1825	5171	0	28	80	source_plane=0 shape=0 rot=0
terrain	void_overlay_no_floor_context	41	void overlay	1825	5172	0	28	80	source_plane=0 shape=0 rot=0
terrain	void_overlay_no_floor_context	41	void overlay	1825	5173	0	28	80	source_plane=0 shape=0 rot=0
terrain	void_overlay_no_floor_context	41	void overlay	1825	5174	0	28	80	source_plane=0 shape=0 rot=0
terrain	void_overlay_no_floor_context	41	void overlay	1825	5175	0	28	80	source_plane=0 shape=0 rot=0
terrain	void_overlay_no_floor_context	41	void overlay	1825	5176	0	28	80	source_plane=0 shape=0 rot=0
terrain	void_overlay_no_floor_context	41	void overlay	1825	5177	0	28	80	source_plane=0 shape=0 rot=0
terrain	void_overlay_no_floor_context	41	void overlay	1825	5178	0	28	80	source_plane=0 shape=0 rot=0
terrain	void_overlay_no_floor_context	41	void overlay	1825	5179	0	28	80	source_plane=0 shape=0 rot=0
terrain	void_overlay_no_floor_context	41	void overlay	1825	5180	0	28	80	source_plane=0 shape=0 rot=0
terrain	void_overlay_no_floor_context	41	void overlay	1825	5181	0	28	80	source_plane=0 shape=0 rot=0
terrain	void_overlay_no_floor_context	41	void overlay	1825	5182	0	28	80	source_plane=0 shape=0 rot=0
terrain	void_overlay_no_floor_context	41	void overlay	1825	5183	0	28	80	source_plane=0 shape=0 rot=0
terrain	void_overlay_no_floor_context	41	void overlay	1826	5122	0	28	80	source_plane=0 shape=0 rot=0
terrain	void_overlay_no_floor_context	41	void overlay	1826	5123	0	28	80	source_plane=0 shape=0 rot=0
terrain	void_overlay_no_floor_context	41	void overlay	1826	5124	0	28	80	source_plane=0 shape=0 rot=0
terrain	void_overlay_no_floor_context	41	void overlay	1826	5125	0	28	80	source_plane=0 shape=0 rot=0
terrain	void_overlay_no_floor_context	41	void overlay	1826	5126	0	28	80	source_plane=0 shape=0 rot=0
terrain	void_overlay_no_floor_context	41	void overlay	1826	5127	0	28	80	source_plane=0 shape=0 rot=0
terrain	void_overlay_no_floor_context	41	void overlay	1826	5128	0	28	80	source_plane=0 shape=0 rot=0
terrain	void_overlay_no_floor_context	41	void overlay	1826	5129	0	28	80	source_plane=0 shape=0 rot=0
terrain	void_overlay_no_floor_context	41	void overlay	1826	5130	0	28	80	source_plane=0 shape=0 rot=0
terrain	void_overlay_no_floor_context	41	void overlay	1826	5131	0	28	80	source_plane=0 shape=0 rot=0
terrain	void_overlay_no_floor_context	41	void overlay	1826	5132	0	28	80	source_plane=0 shape=0 rot=0
terrain	void_overlay_no_floor_context	41	void overlay	1826	5133	0	28	80	source_plane=0 shape=0 rot=0
terrain	void_overlay_no_floor_context	41	void overlay	1826	5134	0	28	80	source_plane=0 shape=0 rot=0
terrain	void_overlay_no_floor_context	41	void overlay	1826	5135	0	28	80	source_plane=0 shape=0 rot=0
terrain	void_overlay_no_floor_context	41	void overlay	1826	5136	0	28	80	source_plane=0 shape=0 rot=0
terrain	void_overlay_no_floor_context	41	void overlay	1826	5137	0	28	80	source_plane=0 shape=0 rot=0
terrain	void_overlay_no_floor_context	41	void overlay	1826	5138	0	28	80	source_plane=0 shape=0 rot=0
terrain	void_overlay_no_floor_context	41	void overlay	1826	5139	0	28	80	source_plane=0 shape=0 rot=0
terrain	void_overlay_no_floor_context	41	void overlay	1826	5140	0	28	80	source_plane=0 shape=0 rot=0
terrain	void_overlay_no_floor_context	41	void overlay	1826	5141	0	28	80	source_plane=0 shape=0 rot=0
terrain	void_overlay_no_floor_context	41	void overlay	1826	5142	0	28	80	source_plane=0 shape=0 rot=0
terrain	void_overlay_no_floor_context	41	void overlay	1826	5143	0	28	80	source_plane=0 shape=0 rot=0
terrain	void_overlay_no_floor_context	41	void overlay	1826	5144	0	28	80	source_plane=0 shape=0 rot=0
terrain	void_overlay_no_floor_context	41	void overlay	1826	5145	0	28	80	source_plane=0 shape=0 rot=0
terrain	void_overlay_no_floor_context	41	void overlay	1826	5146	0	28	80	source_plane=0 shape=0 rot=0
terrain	void_overlay_no_floor_context	41	void overlay	1826	5147	0	28	80	source_plane=0 shape=0 rot=0
terrain	void_overlay_no_floor_context	41	void overlay	1826	5148	0	28	80	source_plane=0 shape=0 rot=0
terrain	void_overlay_no_floor_context	41	void overlay	1826	5149	0	28	80	source_plane=0 shape=0 rot=0
terrain	void_overlay_no_floor_context	41	void overlay	1826	5150	0	28	80	source_plane=0 shape=0 rot=0
terrain	void_overlay_no_floor_context	41	void overlay	1826	5151	0	28	80	source_plane=0 shape=0 rot=0
terrain	void_overlay_no_floor_context	41	void overlay	1826	5152	0	28	80	source_plane=0 shape=0 rot=0
terrain	void_overlay_no_floor_context	41	void overlay	1826	5153	0	28	80	source_plane=0 shape=0 rot=0
terrain	void_overlay_no_floor_context	41	void overlay	1826	5154	0	28	80	source_plane=0 shape=0 rot=0
terrain	void_overlay_no_floor_context	41	void overlay	1826	5155	0	28	80	source_plane=0 shape=0 rot=0
terrain	void_overlay_no_floor_context	41	void overlay	1826	5156	0	28	80	source_plane=0 shape=0 rot=0
terrain	void_overlay_no_floor_context	41	void overlay	1826	5157	0	28	80	source_plane=0 shape=0 rot=0
terrain	void_overlay_no_floor_context	41	void overlay	1826	5158	0	28	80	source_plane=0 shape=0 rot=0
terrain	void_overlay_no_floor_context	41	void overlay	1826	5159	0	28	80	source_plane=0 shape=0 rot=0
terrain	void_overlay_no_floor_context	41	void overlay	1826	5160	0	28	80	source_plane=0 shape=0 rot=0
terrain	void_overlay_no_floor_context	41	void overlay	1826	5161	0	28	80	source_plane=0 shape=0 rot=0
terrain	void_overlay_no_floor_context	41	void overlay	1826	5162	0	28	80	source_plane=0 shape=0 rot=0
terrain	void_overlay_no_floor_context	41	void overlay	1826	5163	0	28	80	source_plane=0 shape=0 rot=0
terrain	void_overlay_no_floor_context	41	void overlay	1826	5164	0	28	80	source_plane=0 shape=0 rot=0
terrain	void_overlay_no_floor_context	41	void overlay	1826	5165	0	28	80	source_plane=0 shape=0 rot=0
terrain	void_overlay_no_floor_context	41	void overlay	1826	5166	0	28	80	source_plane=0 shape=0 rot=0
terrain	void_overlay_no_floor_context	41	void overlay	1826	5167	0	28	80	source_plane=0 shape=0 rot=0
terrain	void_overlay_no_floor_context	41	void overlay	1826	5168	0	28	80	source_plane=0 shape=0 rot=0
terrain	void_overlay_no_floor_context	41	void overlay	1826	5169	0	28	80	source_plane=0 shape=0 rot=0
terrain	void_overlay_no_floor_context	41	void overlay	1826	5170	0	28	80	source_plane=0 shape=0 rot=0
terrain	void_overlay_no_floor_context	41	void overlay	1826	5171	0	28	80	source_plane=0 shape=0 rot=0
terrain	void_overlay_no_floor_context	41	void overlay	1826	5172	0	28	80	source_plane=0 shape=0 rot=0
terrain	void_overlay_no_floor_context	41	void overlay	1826	5173	0	28	80	source_plane=0 shape=0 rot=0
terrain	void_overlay_no_floor_context	41	void overlay	1826	5174	0	28	80	source_plane=0 shape=0 rot=0
terrain	void_overlay_no_floor_context	41	void overlay	1826	5175	0	28	80	source_plane=0 shape=0 rot=0
terrain	void_overlay_no_floor_context	41	void overlay	1826	5176	0	28	80	source_plane=0 shape=0 rot=0
terrain	void_overlay_no_floor_context	41	void overlay	1826	5177	0	28	80	source_plane=0 shape=0 rot=0
terrain	void_overlay_no_floor_context	41	void overlay	1826	5178	0	28	80	source_plane=0 shape=0 rot=0
terrain	void_overlay_no_floor_context	41	void overlay	1826	5179	0	28	80	source_plane=0 shape=0 rot=0
terrain	void_overlay_no_floor_context	41	void overlay	1826	5180	0	28	80	source_plane=0 shape=0 rot=0
terrain	void_overlay_no_floor_context	41	void overlay	1826	5181	0	28	80	source_plane=0 shape=0 rot=0
terrain	void_overlay_no_floor_context	41	void overlay	1826	5182	0	28	80	source_plane=0 shape=0 rot=0
terrain	void_overlay_no_floor_context	41	void overlay	1826	5183	0	28	80	source_plane=0 shape=0 rot=0
terrain	void_overlay_no_floor_context	41	void overlay	1827	5122	0	28	80	source_plane=0 shape=0 rot=0
terrain	void_overlay_no_floor_context	41	void overlay	1827	5123	0	28	80	source_plane=0 shape=0 rot=0
terrain	void_overlay_no_floor_context	41	void overlay	1827	5124	0	28	80	source_plane=0 shape=0 rot=0
terrain	void_overlay_no_floor_context	41	void overlay	1827	5125	0	28	80	source_plane=0 shape=0 rot=0
terrain	void_overlay_no_floor_context	41	void overlay	1827	5126	0	28	80	source_plane=0 shape=0 rot=0
terrain	void_overlay_no_floor_context	41	void overlay	1827	5127	0	28	80	source_plane=0 shape=0 rot=0
terrain	void_overlay_no_floor_context	41	void overlay	1827	5128	0	28	80	source_plane=0 shape=0 rot=0
terrain	void_overlay_no_floor_context	41	void overlay	1827	5129	0	28	80	source_plane=0 shape=0 rot=0
terrain	void_overlay_no_floor_context	41	void overlay	1827	5130	0	28	80	source_plane=0 shape=0 rot=0
terrain	void_overlay_no_floor_context	41	void overlay	1827	5131	0	28	80	source_plane=0 shape=0 rot=0
terrain	void_overlay_no_floor_context	41	void overlay	1827	5132	0	28	80	source_plane=0 shape=0 rot=0
terrain	void_overlay_no_floor_context	41	void overlay	1827	5133	0	28	80	source_plane=0 shape=0 rot=0
terrain	void_overlay_no_floor_context	41	void overlay	1827	5134	0	28	80	source_plane=0 shape=0 rot=0
terrain	void_overlay_no_floor_context	41	void overlay	1827	5135	0	28	80	source_plane=0 shape=0 rot=0
terrain	void_overlay_no_floor_context	41	void overlay	1827	5136	0	28	80	source_plane=0 shape=0 rot=0
terrain	void_overlay_no_floor_context	41	void overlay	1827	5137	0	28	80	source_plane=0 shape=0 rot=0
terrain	void_overlay_no_floor_context	41	void overlay	1827	5138	0	28	80	source_plane=0 shape=0 rot=0
terrain	void_overlay_no_floor_context	41	void overlay	1827	5139	0	28	80	source_plane=0 shape=0 rot=0
terrain	void_overlay_no_floor_context	41	void overlay	1827	5140	0	28	80	source_plane=0 shape=0 rot=0
terrain	void_overlay_no_floor_context	41	void overlay	1827	5141	0	28	80	source_plane=0 shape=0 rot=0
terrain	void_overlay_no_floor_context	41	void overlay	1827	5142	0	28	80	source_plane=0 shape=0 rot=0
terrain	void_overlay_no_floor_context	41	void overlay	1827	5143	0	28	80	source_plane=0 shape=0 rot=0
terrain	void_overlay_no_floor_context	41	void overlay	1827	5144	0	28	80	source_plane=0 shape=0 rot=0
terrain	void_overlay_no_floor_context	41	void overlay	1827	5145	0	28	80	source_plane=0 shape=0 rot=0
terrain	void_overlay_no_floor_context	41	void overlay	1827	5146	0	28	80	source_plane=0 shape=0 rot=0
terrain	void_overlay_no_floor_context	41	void overlay	1827	5147	0	28	80	source_plane=0 shape=0 rot=0
terrain	void_overlay_no_floor_context	41	void overlay	1827	5148	0	28	80	source_plane=0 shape=0 rot=0
terrain	void_overlay_no_floor_context	41	void overlay	1827	5149	0	28	80	source_plane=0 shape=0 rot=0
terrain	void_overlay_no_floor_context	41	void overlay	1827	5150	0	28	80	source_plane=0 shape=0 rot=0
terrain	void_overlay_no_floor_context	41	void overlay	1827	5151	0	28	80	source_plane=0 shape=0 rot=0
terrain	void_overlay_no_floor_context	41	void overlay	1827	5152	0	28	80	source_plane=0 shape=0 rot=0
terrain	void_overlay_no_floor_context	41	void overlay	1827	5153	0	28	80	source_plane=0 shape=0 rot=0
terrain	void_overlay_no_floor_context	41	void overlay	1827	5154	0	28	80	source_plane=0 shape=0 rot=0
terrain	void_overlay_no_floor_context	41	void overlay	1827	5155	0	28	80	source_plane=0 shape=0 rot=0
terrain	void_overlay_no_floor_context	41	void overlay	1827	5156	0	28	80	source_plane=0 shape=0 rot=0
terrain	void_overlay_no_floor_context	41	void overlay	1827	5157	0	28	80	source_plane=0 shape=0 rot=0
terrain	void_overlay_no_floor_context	41	void overlay	1827	5158	0	28	80	source_plane=0 shape=0 rot=0
terrain	void_overlay_no_floor_context	41	void overlay	1827	5159	0	28	80	source_plane=0 shape=0 rot=0
terrain	void_overlay_no_floor_context	41	void overlay	1827	5160	0	28	80	source_plane=0 shape=0 rot=0
terrain	void_overlay_no_floor_context	41	void overlay	1827	5161	0	28	80	source_plane=0 shape=0 rot=0
terrain	void_overlay_no_floor_context	41	void overlay	1827	5162	0	28	80	source_plane=0 shape=0 rot=0
terrain	void_overlay_no_floor_context	41	void overlay	1827	5163	0	28	80	source_plane=0 shape=0 rot=0
terrain	void_overlay_no_floor_context	41	void overlay	1827	5164	0	28	80	source_plane=0 shape=0 rot=0
terrain	void_overlay_no_floor_context	41	void overlay	1827	5165	0	28	80	source_plane=0 shape=0 rot=0
terrain	void_overlay_no_floor_context	41	void overlay	1827	5166	0	28	80	source_plane=0 shape=0 rot=0
terrain	void_overlay_no_floor_context	41	void overlay	1827	5167	0	28	80	source_plane=0 shape=0 rot=0
terrain	void_overlay_no_floor_context	41	void overlay	1827	5168	0	28	80	source_plane=0 shape=0 rot=0
terrain	void_overlay_no_floor_context	41	void overlay	1827	5169	0	28	80	source_plane=0 shape=0 rot=0
terrain	void_overlay_no_floor_context	41	void overlay	1827	5170	0	28	80	source_plane=0 shape=0 rot=0
terrain	void_overlay_no_floor_context	41	void overlay	1827	5171	0	28	80	source_plane=0 shape=0 rot=0
terrain	void_overlay_no_floor_context	41	void overlay	1827	5172	0	28	80	source_plane=0 shape=0 rot=0
terrain	void_overlay_no_floor_context	41	void overlay	1827	5173	0	28	80	source_plane=0 shape=0 rot=0
terrain	void_overlay_no_floor_context	41	void overlay	1827	5174	0	28	80	source_plane=0 shape=0 rot=0
terrain	void_overlay_no_floor_context	41	void overlay	1827	5175	0	28	80	source_plane=0 shape=0 rot=0
terrain	void_overlay_no_floor_context	41	void overlay	1827	5176	0	28	80	source_plane=0 shape=0 rot=0
terrain	void_overlay_no_floor_context	41	void overlay	1827	5177	0	28	80	source_plane=0 shape=0 rot=0
terrain	void_overlay_no_floor_context	41	void overlay	1827	5178	0	28	80	source_plane=0 shape=0 rot=0
terrain	void_overlay_no_floor_context	41	void overlay	1827	5179	0	28	80	source_plane=0 shape=0 rot=0
terrain	void_overlay_no_floor_context	41	void overlay	1827	5180	0	28	80	source_plane=0 shape=0 rot=0
terrain	void_overlay_no_floor_context	41	void overlay	1827	5181	0	28	80	source_plane=0 shape=0 rot=0
terrain	void_overlay_no_floor_context	41	void overlay	1827	5182	0	28	80	source_plane=0 shape=0 rot=0
terrain	void_overlay_no_floor_context	41	void overlay	1827	5183	0	28	80	source_plane=0 shape=0 rot=0
terrain	void_overlay_no_floor_context	41	void overlay	1828	5122	0	28	80	source_plane=0 shape=0 rot=0
terrain	void_overlay_no_floor_context	41	void overlay	1828	5123	0	28	80	source_plane=0 shape=0 rot=0
terrain	void_overlay_no_floor_context	41	void overlay	1828	5124	0	28	80	source_plane=0 shape=0 rot=0
terrain	void_overlay_no_floor_context	41	void overlay	1828	5125	0	28	80	source_plane=0 shape=0 rot=0
terrain	void_overlay_no_floor_context	41	void overlay	1828	5126	0	28	80	source_plane=0 shape=0 rot=0
terrain	void_overlay_no_floor_context	41	void overlay	1828	5127	0	28	80	source_plane=0 shape=0 rot=0
terrain	void_overlay_no_floor_context	41	void overlay	1828	5128	0	28	80	source_plane=0 shape=0 rot=0
terrain	void_overlay_no_floor_context	41	void overlay	1828	5129	0	28	80	source_plane=0 shape=0 rot=0
terrain	void_overlay_no_floor_context	41	void overlay	1828	5130	0	28	80	source_plane=0 shape=0 rot=0
terrain	void_overlay_no_floor_context	41	void overlay	1828	5131	0	28	80	source_plane=0 shape=0 rot=0
terrain	void_overlay_no_floor_context	41	void overlay	1828	5132	0	28	80	source_plane=0 shape=0 rot=0
terrain	void_overlay_no_floor_context	41	void overlay	1828	5133	0	28	80	source_plane=0 shape=0 rot=0
terrain	void_overlay_no_floor_context	41	void overlay	1828	5134	0	28	80	source_plane=0 shape=0 rot=0
terrain	void_overlay_no_floor_context	41	void overlay	1828	5135	0	28	80	source_plane=0 shape=0 rot=0
terrain	void_overlay_no_floor_context	41	void overlay	1828	5136	0	28	80	source_plane=0 shape=0 rot=0
terrain	void_overlay_no_floor_context	41	void overlay	1828	5137	0	28	80	source_plane=0 shape=0 rot=0
terrain	void_overlay_no_floor_context	41	void overlay	1828	5138	0	28	80	source_plane=0 shape=0 rot=0
terrain	void_overlay_no_floor_context	41	void overlay	1828	5139	0	28	80	source_plane=0 shape=0 rot=0
terrain	void_overlay_no_floor_context	41	void overlay	1828	5140	0	28	80	source_plane=0 shape=0 rot=0
terrain	void_overlay_no_floor_context	41	void overlay	1828	5141	0	28	80	source_plane=0 shape=0 rot=0
terrain	void_overlay_no_floor_context	41	void overlay	1828	5142	0	28	80	source_plane=0 shape=0 rot=0
terrain	void_overlay_no_floor_context	41	void overlay	1828	5143	0	28	80	source_plane=0 shape=0 rot=0
terrain	void_overlay_no_floor_context	41	void overlay	1828	5144	0	28	80	source_plane=0 shape=0 rot=0
terrain	void_overlay_no_floor_context	41	void overlay	1828	5145	0	28	80	source_plane=0 shape=0 rot=0
terrain	void_overlay_no_floor_context	41	void overlay	1828	5146	0	28	80	source_plane=0 shape=0 rot=0
terrain	void_overlay_no_floor_context	41	void overlay	1828	5147	0	28	80	source_plane=0 shape=0 rot=0
terrain	void_overlay_no_floor_context	41	void overlay	1828	5148	0	28	80	source_plane=0 shape=0 rot=0
terrain	void_overlay_no_floor_context	41	void overlay	1828	5149	0	28	80	source_plane=0 shape=0 rot=0
terrain	void_overlay_no_floor_context	41	void overlay	1828	5150	0	28	80	source_plane=0 shape=0 rot=0
terrain	void_overlay_no_floor_context	41	void overlay	1828	5151	0	28	80	source_plane=0 shape=0 rot=0
terrain	void_overlay_no_floor_context	41	void overlay	1828	5152	0	28	80	source_plane=0 shape=0 rot=0
terrain	void_overlay_no_floor_context	41	void overlay	1828	5153	0	28	80	source_plane=0 shape=0 rot=0
terrain	void_overlay_no_floor_context	41	void overlay	1828	5154	0	28	80	source_plane=0 shape=0 rot=0
terrain	void_overlay_no_floor_context	41	void overlay	1828	5155	0	28	80	source_plane=0 shape=0 rot=0
terrain	void_overlay_no_floor_context	41	void overlay	1828	5156	0	28	80	source_plane=0 shape=0 rot=0
terrain	void_overlay_no_floor_context	41	void overlay	1828	5157	0	28	80	source_plane=0 shape=0 rot=0
terrain	void_overlay_no_floor_context	41	void overlay	1828	5158	0	28	80	source_plane=0 shape=0 rot=0
terrain	void_overlay_no_floor_context	41	void overlay	1828	5159	0	28	80	source_plane=0 shape=0 rot=0
terrain	void_overlay_no_floor_context	41	void overlay	1828	5160	0	28	80	source_plane=0 shape=0 rot=0
terrain	void_overlay_no_floor_context	41	void overlay	1828	5161	0	28	80	source_plane=0 shape=0 rot=0
terrain	void_overlay_no_floor_context	41	void overlay	1828	5162	0	28	80	source_plane=0 shape=0 rot=0
terrain	void_overlay_no_floor_context	41	void overlay	1828	5163	0	28	80	source_plane=0 shape=0 rot=0
terrain	void_overlay_no_floor_context	41	void overlay	1828	5164	0	28	80	source_plane=0 shape=0 rot=0
terrain	void_overlay_no_floor_context	41	void overlay	1828	5165	0	28	80	source_plane=0 shape=0 rot=0
terrain	void_overlay_no_floor_context	41	void overlay	1828	5166	0	28	80	source_plane=0 shape=0 rot=0
terrain	void_overlay_no_floor_context	41	void overlay	1828	5167	0	28	80	source_plane=0 shape=0 rot=0
terrain	void_overlay_no_floor_context	41	void overlay	1828	5168	0	28	80	source_plane=0 shape=0 rot=0
terrain	void_overlay_no_floor_context	41	void overlay	1828	5169	0	28	80	source_plane=0 shape=0 rot=0
terrain	void_overlay_no_floor_context	41	void overlay	1828	5170	0	28	80	source_plane=0 shape=0 rot=0
terrain	void_overlay_no_floor_context	41	void overlay	1828	5171	0	28	80	source_plane=0 shape=0 rot=0
terrain	void_overlay_no_floor_context	41	void overlay	1828	5172	0	28	80	source_plane=0 shape=0 rot=0
terrain	void_overlay_no_floor_context	41	void overlay	1828	5173	0	28	80	source_plane=0 shape=0 rot=0
terrain	void_overlay_no_floor_context	41	void overlay	1828	5174	0	28	80	source_plane=0 shape=0 rot=0
terrain	void_overlay_no_floor_context	41	void overlay	1828	5175	0	28	80	source_plane=0 shape=0 rot=0
terrain	void_overlay_no_floor_context	41	void overlay	1828	5176	0	28	80	source_plane=0 shape=0 rot=0
terrain	void_overlay_no_floor_context	41	void overlay	1828	5177	0	28	80	source_plane=0 shape=0 rot=0
terrain	void_overlay_no_floor_context	41	void overlay	1828	5178	0	28	80	source_plane=0 shape=0 rot=0
terrain	void_overlay_no_floor_context	41	void overlay	1828	5179	0	28	80	source_plane=0 shape=0 rot=0
terrain	void_overlay_no_floor_context	41	void overlay	1828	5180	0	28	80	source_plane=0 shape=0 rot=0
terrain	void_overlay_no_floor_context	41	void overlay	1828	5181	0	28	80	source_plane=0 shape=0 rot=0
terrain	void_overlay_no_floor_context	41	void overlay	1828	5182	0	28	80	source_plane=0 shape=0 rot=0
terrain	void_overlay_no_floor_context	41	void overlay	1828	5183	0	28	80	source_plane=0 shape=0 rot=0
terrain	void_overlay_no_floor_context	41	void overlay	1829	5122	0	28	80	source_plane=0 shape=0 rot=0
terrain	void_overlay_no_floor_context	41	void overlay	1829	5123	0	28	80	source_plane=0 shape=0 rot=0
terrain	void_overlay_no_floor_context	41	void overlay	1829	5124	0	28	80	source_plane=0 shape=0 rot=0
terrain	void_overlay_no_floor_context	41	void overlay	1829	5125	0	28	80	source_plane=0 shape=0 rot=0
terrain	void_overlay_no_floor_context	41	void overlay	1829	5126	0	28	80	source_plane=0 shape=0 rot=0
terrain	void_overlay_no_floor_context	41	void overlay	1829	5127	0	28	80	source_plane=0 shape=0 rot=0
terrain	void_overlay_no_floor_context	41	void overlay	1829	5128	0	28	80	source_plane=0 shape=0 rot=0
terrain	void_overlay_no_floor_context	41	void overlay	1829	5129	0	28	80	source_plane=0 shape=0 rot=0
terrain	void_overlay_no_floor_context	41	void overlay	1829	5130	0	28	80	source_plane=0 shape=0 rot=0
terrain	void_overlay_no_floor_context	41	void overlay	1829	5131	0	28	80	source_plane=0 shape=0 rot=0
terrain	void_overlay_no_floor_context	41	void overlay	1829	5132	0	28	80	source_plane=0 shape=0 rot=0
terrain	void_overlay_no_floor_context	41	void overlay	1829	5133	0	28	80	source_plane=0 shape=0 rot=0
terrain	void_overlay_no_floor_context	41	void overlay	1829	5134	0	28	80	source_plane=0 shape=0 rot=0
terrain	void_overlay_no_floor_context	41	void overlay	1829	5135	0	28	80	source_plane=0 shape=0 rot=0
terrain	void_overlay_no_floor_context	41	void overlay	1829	5136	0	28	80	source_plane=0 shape=0 rot=0
terrain	void_overlay_no_floor_context	41	void overlay	1829	5137	0	28	80	source_plane=0 shape=0 rot=0
terrain	void_overlay_no_floor_context	41	void overlay	1829	5138	0	28	80	source_plane=0 shape=0 rot=0
terrain	void_overlay_no_floor_context	41	void overlay	1829	5139	0	28	80	source_plane=0 shape=0 rot=0
terrain	void_overlay_no_floor_context	41	void overlay	1829	5140	0	28	80	source_plane=0 shape=0 rot=0
terrain	void_overlay_no_floor_context	41	void overlay	1829	5141	0	28	80	source_plane=0 shape=0 rot=0
terrain	void_overlay_no_floor_context	41	void overlay	1829	5142	0	28	80	source_plane=0 shape=0 rot=0
terrain	void_overlay_no_floor_context	41	void overlay	1829	5143	0	28	80	source_plane=0 shape=0 rot=0
terrain	void_overlay_no_floor_context	41	void overlay	1829	5144	0	28	80	source_plane=0 shape=0 rot=0
terrain	void_overlay_no_floor_context	41	void overlay	1829	5145	0	28	80	source_plane=0 shape=0 rot=0
terrain	void_overlay_no_floor_context	41	void overlay	1829	5146	0	28	80	source_plane=0 shape=0 rot=0
terrain	void_overlay_no_floor_context	41	void overlay	1829	5147	0	28	80	source_plane=0 shape=0 rot=0
terrain	void_overlay_no_floor_context	41	void overlay	1829	5148	0	28	80	source_plane=0 shape=0 rot=0
terrain	void_overlay_no_floor_context	41	void overlay	1829	5149	0	28	80	source_plane=0 shape=0 rot=0
terrain	void_overlay_no_floor_context	41	void overlay	1829	5150	0	28	80	source_plane=0 shape=0 rot=0
terrain	void_overlay_no_floor_context	41	void overlay	1829	5151	0	28	80	source_plane=0 shape=0 rot=0
terrain	void_overlay_no_floor_context	41	void overlay	1829	5152	0	28	80	source_plane=0 shape=0 rot=0
terrain	void_overlay_no_floor_context	41	void overlay	1829	5153	0	28	80	source_plane=0 shape=0 rot=0
terrain	void_overlay_no_floor_context	41	void overlay	1829	5154	0	28	80	source_plane=0 shape=0 rot=0
terrain	void_overlay_no_floor_context	41	void overlay	1829	5155	0	28	80	source_plane=0 shape=0 rot=0
terrain	void_overlay_no_floor_context	41	void overlay	1829	5156	0	28	80	source_plane=0 shape=0 rot=0
terrain	void_overlay_no_floor_context	41	void overlay	1829	5157	0	28	80	source_plane=0 shape=0 rot=0
terrain	void_overlay_no_floor_context	41	void overlay	1829	5158	0	28	80	source_plane=0 shape=0 rot=0
terrain	void_overlay_no_floor_context	41	void overlay	1829	5159	0	28	80	source_plane=0 shape=0 rot=0
terrain	void_overlay_no_floor_context	41	void overlay	1829	5160	0	28	80	source_plane=0 shape=0 rot=0
terrain	void_overlay_no_floor_context	41	void overlay	1829	5161	0	28	80	source_plane=0 shape=0 rot=0
terrain	void_overlay_no_floor_context	41	void overlay	1829	5162	0	28	80	source_plane=0 shape=0 rot=0
terrain	void_overlay_no_floor_context	41	void overlay	1829	5163	0	28	80	source_plane=0 shape=0 rot=0
terrain	void_overlay_no_floor_context	41	void overlay	1829	5164	0	28	80	source_plane=0 shape=0 rot=0
terrain	void_overlay_no_floor_context	41	void overlay	1829	5165	0	28	80	source_plane=0 shape=0 rot=0
terrain	void_overlay_no_floor_context	41	void overlay	1829	5166	0	28	80	source_plane=0 shape=0 rot=0
terrain	void_overlay_no_floor_context	41	void overlay	1829	5167	0	28	80	source_plane=0 shape=0 rot=0
terrain	void_overlay_no_floor_context	41	void overlay	1829	5168	0	28	80	source_plane=0 shape=0 rot=0
terrain	void_overlay_no_floor_context	41	void overlay	1829	5169	0	28	80	source_plane=0 shape=0 rot=0
terrain	void_overlay_no_floor_context	41	void overlay	1829	5170	0	28	80	source_plane=0 shape=0 rot=0
terrain	void_overlay_no_floor_context	41	void overlay	1829	5171	0	28	80	source_plane=0 shape=0 rot=0
terrain	void_overlay_no_floor_context	41	void overlay	1829	5172	0	28	80	source_plane=0 shape=0 rot=0
terrain	void_overlay_no_floor_context	41	void overlay	1829	5173	0	28	80	source_plane=0 shape=0 rot=0
terrain	void_overlay_no_floor_context	41	void overlay	1829	5174	0	28	80	source_plane=0 shape=0 rot=0
terrain	void_overlay_no_floor_context	41	void overlay	1829	5175	0	28	80	source_plane=0 shape=0 rot=0
terrain	void_overlay_no_floor_context	41	void overlay	1829	5176	0	28	80	source_plane=0 shape=0 rot=0
terrain	void_overlay_no_floor_context	41	void overlay	1829	5177	0	28	80	source_plane=0 shape=0 rot=0
terrain	void_overlay_no_floor_context	41	void overlay	1829	5178	0	28	80	source_plane=0 shape=0 rot=0
terrain	void_overlay_no_floor_context	41	void overlay	1829	5179	0	28	80	source_plane=0 shape=0 rot=0
terrain	void_overlay_no_floor_context	41	void overlay	1829	5180	0	28	80	source_plane=0 shape=0 rot=0
terrain	void_overlay_no_floor_context	41	void overlay	1829	5181	0	28	80	source_plane=0 shape=0 rot=0
terrain	void_overlay_no_floor_context	41	void overlay	1829	5182	0	28	80	source_plane=0 shape=0 rot=0
terrain	void_overlay_no_floor_context	41	void overlay	1829	5183	0	28	80	source_plane=0 shape=0 rot=0
terrain	void_overlay_no_floor_context	41	void overlay	1830	5122	0	28	80	source_plane=0 shape=0 rot=0
terrain	void_overlay_no_floor_context	41	void overlay	1830	5123	0	28	80	source_plane=0 shape=0 rot=0
terrain	void_overlay_no_floor_context	41	void overlay	1830	5124	0	28	80	source_plane=0 shape=0 rot=0
terrain	void_overlay_no_floor_context	41	void overlay	1830	5125	0	28	80	source_plane=0 shape=0 rot=0
terrain	void_overlay_no_floor_context	41	void overlay	1830	5126	0	28	80	source_plane=0 shape=0 rot=0
terrain	void_overlay_no_floor_context	41	void overlay	1830	5127	0	28	80	source_plane=0 shape=0 rot=0
terrain	void_overlay_no_floor_context	41	void overlay	1830	5128	0	28	80	source_plane=0 shape=0 rot=0
terrain	void_overlay_no_floor_context	41	void overlay	1830	5129	0	28	80	source_plane=0 shape=0 rot=0
terrain	void_overlay_no_floor_context	41	void overlay	1830	5130	0	28	80	source_plane=0 shape=0 rot=0
terrain	void_overlay_no_floor_context	41	void overlay	1830	5131	0	28	80	source_plane=0 shape=0 rot=0
terrain	void_overlay_no_floor_context	41	void overlay	1830	5132	0	28	80	source_plane=0 shape=0 rot=0
terrain	void_overlay_no_floor_context	41	void overlay	1830	5133	0	28	80	source_plane=0 shape=0 rot=0
terrain	void_overlay_no_floor_context	41	void overlay	1830	5134	0	28	80	source_plane=0 shape=0 rot=0
terrain	void_overlay_no_floor_context	41	void overlay	1830	5135	0	28	80	source_plane=0 shape=0 rot=0
terrain	void_overlay_no_floor_context	41	void overlay	1830	5136	0	28	80	source_plane=0 shape=0 rot=0
terrain	void_overlay_no_floor_context	41	void overlay	1830	5137	0	28	80	source_plane=0 shape=0 rot=0
terrain	void_overlay_no_floor_context	41	void overlay	1830	5138	0	28	80	source_plane=0 shape=0 rot=0
terrain	void_overlay_no_floor_context	41	void overlay	1830	5139	0	28	80	source_plane=0 shape=0 rot=0
terrain	void_overlay_no_floor_context	41	void overlay	1830	5140	0	28	80	source_plane=0 shape=0 rot=0
terrain	void_overlay_no_floor_context	41	void overlay	1830	5141	0	28	80	source_plane=0 shape=0 rot=0
terrain	void_overlay_no_floor_context	41	void overlay	1830	5142	0	28	80	source_plane=0 shape=0 rot=0
terrain	void_overlay_no_floor_context	41	void overlay	1830	5143	0	28	80	source_plane=0 shape=0 rot=0
terrain	void_overlay_no_floor_context	41	void overlay	1830	5144	0	28	80	source_plane=0 shape=0 rot=0
terrain	void_overlay_no_floor_context	41	void overlay	1830	5145	0	28	80	source_plane=0 shape=0 rot=0
terrain	void_overlay_no_floor_context	41	void overlay	1830	5146	0	28	80	source_plane=0 shape=0 rot=0
terrain	void_overlay_no_floor_context	41	void overlay	1830	5147	0	28	80	source_plane=0 shape=0 rot=0
terrain	void_overlay_no_floor_context	41	void overlay	1830	5148	0	28	80	source_plane=0 shape=0 rot=0
terrain	void_overlay_no_floor_context	41	void overlay	1830	5149	0	28	80	source_plane=0 shape=0 rot=0
terrain	void_overlay_no_floor_context	41	void overlay	1830	5150	0	28	80	source_plane=0 shape=0 rot=0
terrain	void_overlay_no_floor_context	41	void overlay	1830	5151	0	28	80	source_plane=0 shape=0 rot=0
terrain	void_overlay_no_floor_context	41	void overlay	1830	5152	0	28	80	source_plane=0 shape=0 rot=0
terrain	void_overlay_no_floor_context	41	void overlay	1830	5153	0	28	80	source_plane=0 shape=0 rot=0
terrain	void_overlay_no_floor_context	41	void overlay	1830	5154	0	28	80	source_plane=0 shape=0 rot=0
terrain	void_overlay_no_floor_context	41	void overlay	1830	5155	0	28	80	source_plane=0 shape=0 rot=0
terrain	void_overlay_no_floor_context	41	void overlay	1830	5156	0	28	80	source_plane=0 shape=0 rot=0
terrain	void_overlay_no_floor_context	41	void overlay	1830	5157	0	28	80	source_plane=0 shape=0 rot=0
terrain	void_overlay_no_floor_context	41	void overlay	1830	5158	0	28	80	source_plane=0 shape=0 rot=0
terrain	void_overlay_no_floor_context	41	void overlay	1830	5159	0	28	80	source_plane=0 shape=0 rot=0
terrain	void_overlay_no_floor_context	41	void overlay	1830	5160	0	28	80	source_plane=0 shape=0 rot=0
terrain	void_overlay_no_floor_context	41	void overlay	1830	5161	0	28	80	source_plane=0 shape=0 rot=0
terrain	void_overlay_no_floor_context	41	void overlay	1830	5162	0	28	80	source_plane=0 shape=0 rot=0
terrain	void_overlay_no_floor_context	41	void overlay	1830	5163	0	28	80	source_plane=0 shape=0 rot=0
terrain	void_overlay_no_floor_context	41	void overlay	1830	5164	0	28	80	source_plane=0 shape=0 rot=0
terrain	void_overlay_no_floor_context	41	void overlay	1830	5165	0	28	80	source_plane=0 shape=0 rot=0
terrain	void_overlay_no_floor_context	41	void overlay	1830	5166	0	28	80	source_plane=0 shape=0 rot=0
terrain	void_overlay_no_floor_context	41	void overlay	1830	5167	0	28	80	source_plane=0 shape=0 rot=0
terrain	void_overlay_no_floor_context	41	void overlay	1830	5168	0	28	80	source_plane=0 shape=0 rot=0
terrain	void_overlay_no_floor_context	41	void overlay	1830	5169	0	28	80	source_plane=0 shape=0 rot=0
terrain	void_overlay_no_floor_context	41	void overlay	1830	5170	0	28	80	source_plane=0 shape=0 rot=0
terrain	void_overlay_no_floor_context	41	void overlay	1830	5171	0	28	80	source_plane=0 shape=0 rot=0
terrain	void_overlay_no_floor_context	41	void overlay	1830	5172	0	28	80	source_plane=0 shape=0 rot=0
terrain	void_overlay_no_floor_context	41	void overlay	1830	5173	0	28	80	source_plane=0 shape=0 rot=0
terrain	void_overlay_no_floor_context	41	void overlay	1830	5174	0	28	80	source_plane=0 shape=0 rot=0
terrain	void_overlay_no_floor_context	41	void overlay	1830	5175	0	28	80	source_plane=0 shape=0 rot=0
terrain	void_overlay_no_floor_context	41	void overlay	1830	5176	0	28	80	source_plane=0 shape=0 rot=0
terrain	void_overlay_no_floor_context	41	void overlay	1830	5177	0	28	80	source_plane=0 shape=0 rot=0
terrain	void_overlay_no_floor_context	41	void overlay	1830	5178	0	28	80	source_plane=0 shape=0 rot=0
terrain	void_overlay_no_floor_context	41	void overlay	1830	5179	0	28	80	source_plane=0 shape=0 rot=0
terrain	void_overlay_no_floor_context	41	void overlay	1830	5180	0	28	80	source_plane=0 shape=0 rot=0
terrain	void_overlay_no_floor_context	41	void overlay	1830	5181	0	28	80	source_plane=0 shape=0 rot=0
terrain	void_overlay_no_floor_context	41	void overlay	1830	5182	0	28	80	source_plane=0 shape=0 rot=0
terrain	void_overlay_no_floor_context	41	void overlay	1830	5183	0	28	80	source_plane=0 shape=0 rot=0
terrain	void_overlay_no_floor_context	41	void overlay	1831	5122	0	28	80	source_plane=0 shape=0 rot=0
terrain	void_overlay_no_floor_context	41	void overlay	1831	5123	0	28	80	source_plane=0 shape=0 rot=0
terrain	void_overlay_no_floor_context	41	void overlay	1831	5124	0	28	80	source_plane=0 shape=0 rot=0
terrain	void_overlay_no_floor_context	41	void overlay	1831	5125	0	28	80	source_plane=0 shape=0 rot=0
terrain	void_overlay_no_floor_context	41	void overlay	1831	5126	0	28	80	source_plane=0 shape=0 rot=0
terrain	void_overlay_no_floor_context	41	void overlay	1831	5127	0	28	80	source_plane=0 shape=0 rot=0
terrain	void_overlay_no_floor_context	41	void overlay	1831	5128	0	28	80	source_plane=0 shape=0 rot=0
terrain	void_overlay_no_floor_context	41	void overlay	1831	5129	0	28	80	source_plane=0 shape=0 rot=0
terrain	void_overlay_no_floor_context	41	void overlay	1831	5130	0	28	80	source_plane=0 shape=0 rot=0
terrain	void_overlay_no_floor_context	41	void overlay	1831	5131	0	28	80	source_plane=0 shape=0 rot=0
terrain	void_overlay_no_floor_context	41	void overlay	1831	5132	0	28	80	source_plane=0 shape=0 rot=0
terrain	void_overlay_no_floor_context	41	void overlay	1831	5133	0	28	80	source_plane=0 shape=0 rot=0
terrain	void_overlay_no_floor_context	41	void overlay	1831	5134	0	28	80	source_plane=0 shape=0 rot=0
terrain	void_overlay_no_floor_context	41	void overlay	1831	5135	0	28	80	source_plane=0 shape=0 rot=0
terrain	void_overlay_no_floor_context	41	void overlay	1831	5136	0	28	80	source_plane=0 shape=0 rot=0
terrain	void_overlay_no_floor_context	41	void overlay	1831	5137	0	28	80	source_plane=0 shape=0 rot=0
terrain	void_overlay_no_floor_context	41	void overlay	1831	5138	0	28	80	source_plane=0 shape=0 rot=0
terrain	void_overlay_no_floor_context	41	void overlay	1831	5139	0	28	80	source_plane=0 shape=0 rot=0
terrain	void_overlay_no_floor_context	41	void overlay	1831	5140	0	28	80	source_plane=0 shape=0 rot=0
terrain	void_overlay_no_floor_context	41	void overlay	1831	5141	0	28	80	source_plane=0 shape=0 rot=0
terrain	void_overlay_no_floor_context	41	void overlay	1831	5142	0	28	80	source_plane=0 shape=0 rot=0
terrain	void_overlay_no_floor_context	41	void overlay	1831	5143	0	28	80	source_plane=0 shape=0 rot=0
terrain	void_overlay_no_floor_context	41	void overlay	1831	5144	0	28	80	source_plane=0 shape=0 rot=0
terrain	void_overlay_no_floor_context	41	void overlay	1831	5145	0	28	80	source_plane=0 shape=0 rot=0
terrain	void_overlay_no_floor_context	41	void overlay	1831	5146	0	28	80	source_plane=0 shape=0 rot=0
terrain	void_overlay_no_floor_context	41	void overlay	1831	5147	0	28	80	source_plane=0 shape=0 rot=0
terrain	void_overlay_no_floor_context	41	void overlay	1831	5148	0	28	80	source_plane=0 shape=0 rot=0
terrain	void_overlay_no_floor_context	41	void overlay	1831	5149	0	28	80	source_plane=0 shape=0 rot=0
terrain	void_overlay_no_floor_context	41	void overlay	1831	5150	0	28	80	source_plane=0 shape=0 rot=0
terrain	void_overlay_no_floor_context	41	void overlay	1831	5151	0	28	80	source_plane=0 shape=0 rot=0
terrain	void_overlay_no_floor_context	41	void overlay	1831	5152	0	28	80	source_plane=0 shape=0 rot=0
terrain	void_overlay_no_floor_context	41	void overlay	1831	5153	0	28	80	source_plane=0 shape=0 rot=0
terrain	void_overlay_no_floor_context	41	void overlay	1831	5154	0	28	80	source_plane=0 shape=0 rot=0
terrain	void_overlay_no_floor_context	41	void overlay	1831	5155	0	28	80	source_plane=0 shape=0 rot=0
terrain	void_overlay_no_floor_context	41	void overlay	1831	5156	0	28	80	source_plane=0 shape=0 rot=0
terrain	void_overlay_no_floor_context	41	void overlay	1831	5157	0	28	80	source_plane=0 shape=0 rot=0
terrain	void_overlay_no_floor_context	41	void overlay	1831	5158	0	28	80	source_plane=0 shape=0 rot=0
terrain	void_overlay_no_floor_context	41	void overlay	1831	5159	0	28	80	source_plane=0 shape=0 rot=0
terrain	void_overlay_no_floor_context	41	void overlay	1831	5160	0	28	80	source_plane=0 shape=0 rot=0
terrain	void_overlay_no_floor_context	41	void overlay	1831	5161	0	28	80	source_plane=0 shape=0 rot=0
terrain	void_overlay_no_floor_context	41	void overlay	1831	5162	0	28	80	source_plane=0 shape=0 rot=0
terrain	void_overlay_no_floor_context	41	void overlay	1831	5163	0	28	80	source_plane=0 shape=0 rot=0
terrain	void_overlay_no_floor_context	41	void overlay	1831	5164	0	28	80	source_plane=0 shape=0 rot=0
terrain	void_overlay_no_floor_context	41	void overlay	1831	5165	0	28	80	source_plane=0 shape=0 rot=0
terrain	void_overlay_no_floor_context	41	void overlay	1831	5166	0	28	80	source_plane=0 shape=0 rot=0
terrain	void_overlay_no_floor_context	41	void overlay	1831	5167	0	28	80	source_plane=0 shape=0 rot=0
terrain	void_overlay_no_floor_context	41	void overlay	1831	5168	0	28	80	source_plane=0 shape=0 rot=0
terrain	void_overlay_no_floor_context	41	void overlay	1831	5169	0	28	80	source_plane=0 shape=0 rot=0
terrain	void_overlay_no_floor_context	41	void overlay	1831	5170	0	28	80	source_plane=0 shape=0 rot=0
terrain	void_overlay_no_floor_context	41	void overlay	1831	5171	0	28	80	source_plane=0 shape=0 rot=0
terrain	void_overlay_no_floor_context	41	void overlay	1831	5172	0	28	80	source_plane=0 shape=0 rot=0
terrain	void_overlay_no_floor_context	41	void overlay	1831	5173	0	28	80	source_plane=0 shape=0 rot=0
terrain	void_overlay_no_floor_context	41	void overlay	1831	5174	0	28	80	source_plane=0 shape=0 rot=0
terrain	void_overlay_no_floor_context	41	void overlay	1831	5175	0	28	80	source_plane=0 shape=0 rot=0
terrain	void_overlay_no_floor_context	41	void overlay	1831	5176	0	28	80	source_plane=0 shape=0 rot=0
terrain	void_overlay_no_floor_context	41	void overlay	1831	5177	0	28	80	source_plane=0 shape=0 rot=0
terrain	void_overlay_no_floor_context	41	void overlay	1831	5178	0	28	80	source_plane=0 shape=0 rot=0
terrain	void_overlay_no_floor_context	41	void overlay	1831	5179	0	28	80	source_plane=0 shape=0 rot=0
terrain	void_overlay_no_floor_context	41	void overlay	1831	5180	0	28	80	source_plane=0 shape=0 rot=0
terrain	void_overlay_no_floor_context	41	void overlay	1831	5181	0	28	80	source_plane=0 shape=0 rot=0
terrain	void_overlay_no_floor_context	41	void overlay	1831	5182	0	28	80	source_plane=0 shape=0 rot=0
terrain	void_overlay_no_floor_context	41	void overlay	1831	5183	0	28	80	source_plane=0 shape=0 rot=0
terrain	void_overlay_no_floor_context	41	void overlay	1832	5122	0	28	80	source_plane=0 shape=0 rot=0
terrain	void_overlay_no_floor_context	41	void overlay	1832	5123	0	28	80	source_plane=0 shape=0 rot=0
terrain	void_overlay_no_floor_context	41	void overlay	1832	5124	0	28	80	source_plane=0 shape=0 rot=0
terrain	void_overlay_no_floor_context	41	void overlay	1832	5125	0	28	80	source_plane=0 shape=0 rot=0
terrain	void_overlay_no_floor_context	41	void overlay	1832	5126	0	28	80	source_plane=0 shape=0 rot=0
terrain	void_overlay_no_floor_context	41	void overlay	1832	5127	0	28	80	source_plane=0 shape=0 rot=0
terrain	void_overlay_no_floor_context	41	void overlay	1832	5128	0	28	80	source_plane=0 shape=0 rot=0
terrain	void_overlay_no_floor_context	41	void overlay	1832	5129	0	28	80	source_plane=0 shape=0 rot=0
terrain	void_overlay_no_floor_context	41	void overlay	1832	5130	0	28	80	source_plane=0 shape=0 rot=0
terrain	void_overlay_no_floor_context	41	void overlay	1832	5131	0	28	80	source_plane=0 shape=0 rot=0
terrain	void_overlay_no_floor_context	41	void overlay	1832	5132	0	28	80	source_plane=0 shape=0 rot=0
terrain	void_overlay_no_floor_context	41	void overlay	1832	5133	0	28	80	source_plane=0 shape=0 rot=0
terrain	void_overlay_no_floor_context	41	void overlay	1832	5134	0	28	80	source_plane=0 shape=0 rot=0
terrain	void_overlay_no_floor_context	41	void overlay	1832	5135	0	28	80	source_plane=0 shape=0 rot=0
terrain	void_overlay_no_floor_context	41	void overlay	1832	5136	0	28	80	source_plane=0 shape=0 rot=0
terrain	void_overlay_no_floor_context	41	void overlay	1832	5137	0	28	80	source_plane=0 shape=0 rot=0
terrain	void_overlay_no_floor_context	41	void overlay	1832	5138	0	28	80	source_plane=0 shape=0 rot=0
terrain	void_overlay_no_floor_context	41	void overlay	1832	5139	0	28	80	source_plane=0 shape=0 rot=0
terrain	void_overlay_no_floor_context	41	void overlay	1832	5140	0	28	80	source_plane=0 shape=0 rot=0
terrain	void_overlay_no_floor_context	41	void overlay	1832	5141	0	28	80	source_plane=0 shape=0 rot=0
terrain	void_overlay_no_floor_context	41	void overlay	1832	5142	0	28	80	source_plane=0 shape=0 rot=0
terrain	void_overlay_no_floor_context	41	void overlay	1832	5143	0	28	80	source_plane=0 shape=0 rot=0
terrain	void_overlay_no_floor_context	41	void overlay	1832	5144	0	28	80	source_plane=0 shape=0 rot=0
terrain	void_overlay_no_floor_context	41	void overlay	1832	5145	0	28	80	source_plane=0 shape=0 rot=0
terrain	void_overlay_no_floor_context	41	void overlay	1832	5146	0	28	80	source_plane=0 shape=0 rot=0
terrain	void_overlay_no_floor_context	41	void overlay	1832	5147	0	28	80	source_plane=0 shape=0 rot=0
terrain	void_overlay_no_floor_context	41	void overlay	1832	5148	0	28	80	source_plane=0 shape=0 rot=0
terrain	void_overlay_no_floor_context	41	void overlay	1832	5149	0	28	80	source_plane=0 shape=0 rot=0
terrain	void_overlay_no_floor_context	41	void overlay	1832	5150	0	28	80	source_plane=0 shape=0 rot=0
terrain	void_overlay_no_floor_context	41	void overlay	1832	5151	0	28	80	source_plane=0 shape=0 rot=0
terrain	void_overlay_no_floor_context	41	void overlay	1832	5152	0	28	80	source_plane=0 shape=0 rot=0
terrain	void_overlay_no_floor_context	41	void overlay	1832	5153	0	28	80	source_plane=0 shape=0 rot=0
terrain	void_overlay_no_floor_context	41	void overlay	1832	5154	0	28	80	source_plane=0 shape=0 rot=0
terrain	void_overlay_no_floor_context	41	void overlay	1832	5155	0	28	80	source_plane=0 shape=0 rot=0
terrain	void_overlay_no_floor_context	41	void overlay	1832	5156	0	28	80	source_plane=0 shape=0 rot=0
terrain	void_overlay_no_floor_context	41	void overlay	1832	5157	0	28	80	source_plane=0 shape=0 rot=0
terrain	void_overlay_no_floor_context	41	void overlay	1832	5158	0	28	80	source_plane=0 shape=0 rot=0
terrain	void_overlay_no_floor_context	41	void overlay	1832	5159	0	28	80	source_plane=0 shape=0 rot=0
terrain	void_overlay_no_floor_context	41	void overlay	1832	5160	0	28	80	source_plane=0 shape=0 rot=0
terrain	void_overlay_no_floor_context	41	void overlay	1832	5161	0	28	80	source_plane=0 shape=0 rot=0
terrain	void_overlay_no_floor_context	41	void overlay	1832	5162	0	28	80	source_plane=0 shape=0 rot=0
terrain	void_overlay_no_floor_context	41	void overlay	1832	5163	0	28	80	source_plane=0 shape=0 rot=0
terrain	void_overlay_no_floor_context	41	void overlay	1832	5164	0	28	80	source_plane=0 shape=0 rot=0
terrain	void_overlay_no_floor_context	41	void overlay	1832	5165	0	28	80	source_plane=0 shape=0 rot=0
terrain	void_overlay_no_floor_context	41	void overlay	1832	5166	0	28	80	source_plane=0 shape=0 rot=0
terrain	void_overlay_no_floor_context	41	void overlay	1832	5167	0	28	80	source_plane=0 shape=0 rot=0
terrain	void_overlay_no_floor_context	41	void overlay	1832	5168	0	28	80	source_plane=0 shape=0 rot=0
terrain	void_overlay_no_floor_context	41	void overlay	1832	5169	0	28	80	source_plane=0 shape=0 rot=0
terrain	void_overlay_no_floor_context	41	void overlay	1832	5170	0	28	80	source_plane=0 shape=0 rot=0
terrain	void_overlay_no_floor_context	41	void overlay	1832	5171	0	28	80	source_plane=0 shape=0 rot=0
terrain	void_overlay_no_floor_context	41	void overlay	1832	5172	0	28	80	source_plane=0 shape=0 rot=0
terrain	void_overlay_no_floor_context	41	void overlay	1832	5173	0	28	80	source_plane=0 shape=0 rot=0
terrain	void_overlay_no_floor_context	41	void overlay	1832	5174	0	28	80	source_plane=0 shape=0 rot=0
terrain	void_overlay_no_floor_context	41	void overlay	1832	5175	0	28	80	source_plane=0 shape=0 rot=0
terrain	void_overlay_no_floor_context	41	void overlay	1832	5176	0	28	80	source_plane=0 shape=0 rot=0
terrain	void_overlay_no_floor_context	41	void overlay	1832	5177	0	28	80	source_plane=0 shape=0 rot=0
terrain	void_overlay_no_floor_context	41	void overlay	1832	5178	0	28	80	source_plane=0 shape=0 rot=0
terrain	void_overlay_no_floor_context	41	void overlay	1832	5179	0	28	80	source_plane=0 shape=0 rot=0
terrain	void_overlay_no_floor_context	41	void overlay	1832	5180	0	28	80	source_plane=0 shape=0 rot=0
terrain	void_overlay_no_floor_context	41	void overlay	1832	5181	0	28	80	source_plane=0 shape=0 rot=0
terrain	void_overlay_no_floor_context	41	void overlay	1832	5182	0	28	80	source_plane=0 shape=0 rot=0
terrain	void_overlay_no_floor_context	41	void overlay	1832	5183	0	28	80	source_plane=0 shape=0 rot=0
terrain	void_overlay_no_floor_context	41	void overlay	1833	5122	0	28	80	source_plane=0 shape=0 rot=0
terrain	void_overlay_no_floor_context	41	void overlay	1833	5123	0	28	80	source_plane=0 shape=0 rot=0
terrain	void_overlay_no_floor_context	41	void overlay	1833	5124	0	28	80	source_plane=0 shape=0 rot=0
terrain	void_overlay_no_floor_context	41	void overlay	1833	5125	0	28	80	source_plane=0 shape=0 rot=0
terrain	void_overlay_no_floor_context	41	void overlay	1833	5126	0	28	80	source_plane=0 shape=0 rot=0
terrain	void_overlay_no_floor_context	41	void overlay	1833	5127	0	28	80	source_plane=0 shape=0 rot=0
terrain	void_overlay_no_floor_context	41	void overlay	1833	5128	0	28	80	source_plane=0 shape=0 rot=0
terrain	void_overlay_no_floor_context	41	void overlay	1833	5129	0	28	80	source_plane=0 shape=0 rot=0
terrain	void_overlay_no_floor_context	41	void overlay	1833	5130	0	28	80	source_plane=0 shape=0 rot=0
terrain	void_overlay_no_floor_context	41	void overlay	1833	5131	0	28	80	source_plane=0 shape=0 rot=0
terrain	void_overlay_no_floor_context	41	void overlay	1833	5132	0	28	80	source_plane=0 shape=0 rot=0
terrain	void_overlay_no_floor_context	41	void overlay	1833	5133	0	28	80	source_plane=0 shape=0 rot=0
terrain	void_overlay_no_floor_context	41	void overlay	1833	5134	0	28	80	source_plane=0 shape=0 rot=0
terrain	void_overlay_no_floor_context	41	void overlay	1833	5135	0	28	80	source_plane=0 shape=0 rot=0
terrain	void_overlay_no_floor_context	41	void overlay	1833	5136	0	28	80	source_plane=0 shape=0 rot=0
terrain	void_overlay_no_floor_context	41	void overlay	1833	5137	0	28	80	source_plane=0 shape=0 rot=0
terrain	void_overlay_no_floor_context	41	void overlay	1833	5138	0	28	80	source_plane=0 shape=0 rot=0
terrain	void_overlay_no_floor_context	41	void overlay	1833	5139	0	28	80	source_plane=0 shape=0 rot=0
terrain	void_overlay_no_floor_context	41	void overlay	1833	5140	0	28	80	source_plane=0 shape=0 rot=0
terrain	void_overlay_no_floor_context	41	void overlay	1833	5141	0	28	80	source_plane=0 shape=0 rot=0
terrain	void_overlay_no_floor_context	41	void overlay	1833	5142	0	28	80	source_plane=0 shape=0 rot=0
terrain	void_overlay_no_floor_context	41	void overlay	1833	5143	0	28	80	source_plane=0 shape=0 rot=0
terrain	void_overlay_no_floor_context	41	void overlay	1833	5144	0	28	80	source_plane=0 shape=0 rot=0
terrain	void_overlay_no_floor_context	41	void overlay	1833	5145	0	28	80	source_plane=0 shape=0 rot=0
terrain	void_overlay_no_floor_context	41	void overlay	1833	5146	0	28	80	source_plane=0 shape=0 rot=0
terrain	void_overlay_no_floor_context	41	void overlay	1833	5147	0	28	80	source_plane=0 shape=0 rot=0
terrain	void_overlay_no_floor_context	41	void overlay	1833	5148	0	28	80	source_plane=0 shape=0 rot=0
terrain	void_overlay_no_floor_context	41	void overlay	1833	5149	0	28	80	source_plane=0 shape=0 rot=0
terrain	void_overlay_no_floor_context	41	void overlay	1833	5150	0	28	80	source_plane=0 shape=0 rot=0
terrain	void_overlay_no_floor_context	41	void overlay	1833	5151	0	28	80	source_plane=0 shape=0 rot=0
terrain	void_overlay_no_floor_context	41	void overlay	1833	5152	0	28	80	source_plane=0 shape=0 rot=0
terrain	void_overlay_no_floor_context	41	void overlay	1833	5153	0	28	80	source_plane=0 shape=0 rot=0
terrain	void_overlay_no_floor_context	41	void overlay	1833	5154	0	28	80	source_plane=0 shape=0 rot=0
terrain	void_overlay_no_floor_context	41	void overlay	1833	5155	0	28	80	source_plane=0 shape=0 rot=0
terrain	void_overlay_no_floor_context	41	void overlay	1833	5156	0	28	80	source_plane=0 shape=0 rot=0
terrain	void_overlay_no_floor_context	41	void overlay	1833	5157	0	28	80	source_plane=0 shape=0 rot=0
terrain	void_overlay_no_floor_context	41	void overlay	1833	5158	0	28	80	source_plane=0 shape=0 rot=0
terrain	void_overlay_no_floor_context	41	void overlay	1833	5159	0	28	80	source_plane=0 shape=0 rot=0
terrain	void_overlay_no_floor_context	41	void overlay	1833	5160	0	28	80	source_plane=0 shape=0 rot=0
terrain	void_overlay_no_floor_context	41	void overlay	1833	5161	0	28	80	source_plane=0 shape=0 rot=0
terrain	void_overlay_no_floor_context	41	void overlay	1833	5162	0	28	80	source_plane=0 shape=0 rot=0
terrain	void_overlay_no_floor_context	41	void overlay	1833	5163	0	28	80	source_plane=0 shape=0 rot=0
terrain	void_overlay_no_floor_context	41	void overlay	1833	5164	0	28	80	source_plane=0 shape=0 rot=0
terrain	void_overlay_no_floor_context	41	void overlay	1833	5165	0	28	80	source_plane=0 shape=0 rot=0
terrain	void_overlay_no_floor_context	41	void overlay	1833	5166	0	28	80	source_plane=0 shape=0 rot=0
terrain	void_overlay_no_floor_context	41	void overlay	1833	5167	0	28	80	source_plane=0 shape=0 rot=0
terrain	void_overlay_no_floor_context	41	void overlay	1833	5168	0	28	80	source_plane=0 shape=0 rot=0
terrain	void_overlay_no_floor_context	41	void overlay	1833	5169	0	28	80	source_plane=0 shape=0 rot=0
terrain	void_overlay_no_floor_context	41	void overlay	1833	5170	0	28	80	source_plane=0 shape=0 rot=0
terrain	void_overlay_no_floor_context	41	void overlay	1833	5171	0	28	80	source_plane=0 shape=0 rot=0
terrain	void_overlay_no_floor_context	41	void overlay	1833	5172	0	28	80	source_plane=0 shape=0 rot=0
terrain	void_overlay_no_floor_context	41	void overlay	1833	5173	0	28	80	source_plane=0 shape=0 rot=0
terrain	void_overlay_no_floor_context	41	void overlay	1833	5174	0	28	80	source_plane=0 shape=0 rot=0
terrain	void_overlay_no_floor_context	41	void overlay	1833	5175	0	28	80	source_plane=0 shape=0 rot=0
terrain	void_overlay_no_floor_context	41	void overlay	1833	5176	0	28	80	source_plane=0 shape=0 rot=0
terrain	void_overlay_no_floor_context	41	void overlay	1833	5177	0	28	80	source_plane=0 shape=0 rot=0
terrain	void_overlay_no_floor_context	41	void overlay	1833	5178	0	28	80	source_plane=0 shape=0 rot=0
terrain	void_overlay_no_floor_context	41	void overlay	1833	5179	0	28	80	source_plane=0 shape=0 rot=0
terrain	void_overlay_no_floor_context	41	void overlay	1833	5180	0	28	80	source_plane=0 shape=0 rot=0
terrain	void_overlay_no_floor_context	41	void overlay	1833	5181	0	28	80	source_plane=0 shape=0 rot=0
terrain	void_overlay_no_floor_context	41	void overlay	1833	5182	0	28	80	source_plane=0 shape=0 rot=0
terrain	void_overlay_no_floor_context	41	void overlay	1833	5183	0	28	80	source_plane=0 shape=0 rot=0
terrain	void_overlay_no_floor_context	41	void overlay	1834	5122	0	28	80	source_plane=0 shape=0 rot=0
terrain	void_overlay_no_floor_context	41	void overlay	1834	5123	0	28	80	source_plane=0 shape=0 rot=0
terrain	void_overlay_no_floor_context	41	void overlay	1834	5124	0	28	80	source_plane=0 shape=0 rot=0
terrain	void_overlay_no_floor_context	41	void overlay	1834	5125	0	28	80	source_plane=0 shape=0 rot=0
terrain	void_overlay_no_floor_context	41	void overlay	1834	5126	0	28	80	source_plane=0 shape=0 rot=0
terrain	void_overlay_no_floor_context	41	void overlay	1834	5127	0	28	80	source_plane=0 shape=0 rot=0
terrain	void_overlay_no_floor_context	41	void overlay	1834	5128	0	28	80	source_plane=0 shape=0 rot=0
terrain	void_overlay_no_floor_context	41	void overlay	1834	5129	0	28	80	source_plane=0 shape=0 rot=0
terrain	void_overlay_no_floor_context	41	void overlay	1834	5130	0	28	80	source_plane=0 shape=0 rot=0
terrain	void_overlay_no_floor_context	41	void overlay	1834	5131	0	28	80	source_plane=0 shape=0 rot=0
terrain	void_overlay_no_floor_context	41	void overlay	1834	5132	0	28	80	source_plane=0 shape=0 rot=0
terrain	void_overlay_no_floor_context	41	void overlay	1834	5133	0	28	80	source_plane=0 shape=0 rot=0
terrain	void_overlay_no_floor_context	41	void overlay	1834	5134	0	28	80	source_plane=0 shape=0 rot=0
terrain	void_overlay_no_floor_context	41	void overlay	1834	5135	0	28	80	source_plane=0 shape=0 rot=0
terrain	void_overlay_no_floor_context	41	void overlay	1834	5136	0	28	80	source_plane=0 shape=0 rot=0
terrain	void_overlay_no_floor_context	41	void overlay	1834	5137	0	28	80	source_plane=0 shape=0 rot=0
terrain	void_overlay_no_floor_context	41	void overlay	1834	5138	0	28	80	source_plane=0 shape=0 rot=0
terrain	void_overlay_no_floor_context	41	void overlay	1834	5139	0	28	80	source_plane=0 shape=0 rot=0
terrain	void_overlay_no_floor_context	41	void overlay	1834	5140	0	28	80	source_plane=0 shape=0 rot=0
terrain	void_overlay_no_floor_context	41	void overlay	1834	5141	0	28	80	source_plane=0 shape=0 rot=0
terrain	void_overlay_no_floor_context	41	void overlay	1834	5142	0	28	80	source_plane=0 shape=0 rot=0
terrain	void_overlay_no_floor_context	41	void overlay	1834	5143	0	28	80	source_plane=0 shape=0 rot=0
terrain	void_overlay_no_floor_context	41	void overlay	1834	5144	0	28	80	source_plane=0 shape=0 rot=0
terrain	void_overlay_no_floor_context	41	void overlay	1834	5145	0	28	80	source_plane=0 shape=0 rot=0
terrain	void_overlay_no_floor_context	41	void overlay	1834	5146	0	28	80	source_plane=0 shape=0 rot=0
terrain	void_overlay_no_floor_context	41	void overlay	1834	5147	0	28	80	source_plane=0 shape=0 rot=0
terrain	void_overlay_no_floor_context	41	void overlay	1834	5148	0	28	80	source_plane=0 shape=0 rot=0
terrain	void_overlay_no_floor_context	41	void overlay	1834	5149	0	28	80	source_plane=0 shape=0 rot=0
terrain	void_overlay_no_floor_context	41	void overlay	1834	5150	0	28	80	source_plane=0 shape=0 rot=0
terrain	void_overlay_no_floor_context	41	void overlay	1834	5151	0	28	80	source_plane=0 shape=0 rot=0
terrain	void_overlay_no_floor_context	41	void overlay	1834	5152	0	28	80	source_plane=0 shape=0 rot=0
terrain	void_overlay_no_floor_context	41	void overlay	1834	5153	0	28	80	source_plane=0 shape=0 rot=0
terrain	void_overlay_no_floor_context	41	void overlay	1834	5154	0	28	80	source_plane=0 shape=0 rot=0
terrain	void_overlay_no_floor_context	41	void overlay	1834	5155	0	28	80	source_plane=0 shape=0 rot=0
terrain	void_overlay_no_floor_context	41	void overlay	1834	5156	0	28	80	source_plane=0 shape=0 rot=0
terrain	void_overlay_no_floor_context	41	void overlay	1834	5157	0	28	80	source_plane=0 shape=0 rot=0
terrain	void_overlay_no_floor_context	41	void overlay	1834	5158	0	28	80	source_plane=0 shape=0 rot=0
terrain	void_overlay_no_floor_context	41	void overlay	1834	5159	0	28	80	source_plane=0 shape=0 rot=0
terrain	void_overlay_no_floor_context	41	void overlay	1834	5160	0	28	80	source_plane=0 shape=0 rot=0
terrain	void_overlay_no_floor_context	41	void overlay	1834	5161	0	28	80	source_plane=0 shape=0 rot=0
terrain	void_overlay_no_floor_context	41	void overlay	1834	5162	0	28	80	source_plane=0 shape=0 rot=0
terrain	void_overlay_no_floor_context	41	void overlay	1834	5163	0	28	80	source_plane=0 shape=0 rot=0
terrain	void_overlay_no_floor_context	41	void overlay	1834	5164	0	28	80	source_plane=0 shape=0 rot=0
terrain	void_overlay_no_floor_context	41	void overlay	1834	5165	0	28	80	source_plane=0 shape=0 rot=0
terrain	void_overlay_no_floor_context	41	void overlay	1834	5166	0	28	80	source_plane=0 shape=0 rot=0
terrain	void_overlay_no_floor_context	41	void overlay	1834	5167	0	28	80	source_plane=0 shape=0 rot=0
terrain	void_overlay_no_floor_context	41	void overlay	1834	5168	0	28	80	source_plane=0 shape=0 rot=0
terrain	void_overlay_no_floor_context	41	void overlay	1834	5169	0	28	80	source_plane=0 shape=0 rot=0
terrain	void_overlay_no_floor_context	41	void overlay	1834	5170	0	28	80	source_plane=0 shape=0 rot=0
terrain	void_overlay_no_floor_context	41	void overlay	1834	5171	0	28	80	source_plane=0 shape=0 rot=0
terrain	void_overlay_no_floor_context	41	void overlay	1834	5172	0	28	80	source_plane=0 shape=0 rot=0
terrain	void_overlay_no_floor_context	41	void overlay	1834	5173	0	28	80	source_plane=0 shape=0 rot=0
terrain	void_overlay_no_floor_context	41	void overlay	1834	5174	0	28	80	source_plane=0 shape=0 rot=0
terrain	void_overlay_no_floor_context	41	void overlay	1834	5175	0	28	80	source_plane=0 shape=0 rot=0
terrain	void_overlay_no_floor_context	41	void overlay	1834	5176	0	28	80	source_plane=0 shape=0 rot=0
terrain	void_overlay_no_floor_context	41	void overlay	1834	5177	0	28	80	source_plane=0 shape=0 rot=0
terrain	void_overlay_no_floor_context	41	void overlay	1834	5178	0	28	80	source_plane=0 shape=0 rot=0
terrain	void_overlay_no_floor_context	41	void overlay	1834	5179	0	28	80	source_plane=0 shape=0 rot=0
terrain	void_overlay_no_floor_context	41	void overlay	1834	5180	0	28	80	source_plane=0 shape=0 rot=0
terrain	void_overlay_no_floor_context	41	void overlay	1834	5181	0	28	80	source_plane=0 shape=0 rot=0
terrain	void_overlay_no_floor_context	41	void overlay	1834	5182	0	28	80	source_plane=0 shape=0 rot=0
terrain	void_overlay_no_floor_context	41	void overlay	1834	5183	0	28	80	source_plane=0 shape=0 rot=0
terrain	void_overlay_no_floor_context	41	void overlay	1835	5122	0	28	80	source_plane=0 shape=0 rot=0
terrain	void_overlay_no_floor_context	41	void overlay	1835	5123	0	28	80	source_plane=0 shape=0 rot=0
terrain	void_overlay_no_floor_context	41	void overlay	1835	5124	0	28	80	source_plane=0 shape=0 rot=0
terrain	void_overlay_no_floor_context	41	void overlay	1835	5125	0	28	80	source_plane=0 shape=0 rot=0
terrain	void_overlay_no_floor_context	41	void overlay	1835	5126	0	28	80	source_plane=0 shape=0 rot=0
terrain	void_overlay_no_floor_context	41	void overlay	1835	5127	0	28	80	source_plane=0 shape=0 rot=0
terrain	void_overlay_no_floor_context	41	void overlay	1835	5128	0	28	80	source_plane=0 shape=0 rot=0
terrain	void_overlay_no_floor_context	41	void overlay	1835	5129	0	28	80	source_plane=0 shape=0 rot=0
terrain	void_overlay_no_floor_context	41	void overlay	1835	5130	0	28	80	source_plane=0 shape=0 rot=0
terrain	void_overlay_no_floor_context	41	void overlay	1835	5131	0	28	80	source_plane=0 shape=0 rot=0
terrain	void_overlay_no_floor_context	41	void overlay	1835	5132	0	28	80	source_plane=0 shape=0 rot=0
terrain	void_overlay_no_floor_context	41	void overlay	1835	5133	0	28	80	source_plane=0 shape=0 rot=0
terrain	void_overlay_no_floor_context	41	void overlay	1835	5134	0	28	80	source_plane=0 shape=0 rot=0
terrain	void_overlay_no_floor_context	41	void overlay	1835	5135	0	28	80	source_plane=0 shape=0 rot=0
terrain	void_overlay_no_floor_context	41	void overlay	1835	5136	0	28	80	source_plane=0 shape=0 rot=0
terrain	void_overlay_no_floor_context	41	void overlay	1835	5137	0	28	80	source_plane=0 shape=0 rot=0
terrain	void_overlay_no_floor_context	41	void overlay	1835	5138	0	28	80	source_plane=0 shape=0 rot=0
terrain	void_overlay_no_floor_context	41	void overlay	1835	5139	0	28	80	source_plane=0 shape=0 rot=0
terrain	void_overlay_no_floor_context	41	void overlay	1835	5140	0	28	80	source_plane=0 shape=0 rot=0
terrain	void_overlay_no_floor_context	41	void overlay	1835	5141	0	28	80	source_plane=0 shape=0 rot=0
terrain	void_overlay_no_floor_context	41	void overlay	1835	5142	0	28	80	source_plane=0 shape=0 rot=0
terrain	void_overlay_no_floor_context	41	void overlay	1835	5143	0	28	80	source_plane=0 shape=0 rot=0
terrain	void_overlay_no_floor_context	41	void overlay	1835	5144	0	28	80	source_plane=0 shape=0 rot=0
terrain	void_overlay_no_floor_context	41	void overlay	1835	5145	0	28	80	source_plane=0 shape=0 rot=0
terrain	void_overlay_no_floor_context	41	void overlay	1835	5146	0	28	80	source_plane=0 shape=0 rot=0
terrain	void_overlay_no_floor_context	41	void overlay	1835	5147	0	28	80	source_plane=0 shape=0 rot=0
terrain	void_overlay_no_floor_context	41	void overlay	1835	5148	0	28	80	source_plane=0 shape=0 rot=0
terrain	void_overlay_no_floor_context	41	void overlay	1835	5149	0	28	80	source_plane=0 shape=0 rot=0
terrain	void_overlay_no_floor_context	41	void overlay	1835	5150	0	28	80	source_plane=0 shape=0 rot=0
terrain	void_overlay_no_floor_context	41	void overlay	1835	5151	0	28	80	source_plane=0 shape=0 rot=0
terrain	void_overlay_no_floor_context	41	void overlay	1835	5152	0	28	80	source_plane=0 shape=0 rot=0
terrain	void_overlay_no_floor_context	41	void overlay	1835	5153	0	28	80	source_plane=0 shape=0 rot=0
terrain	void_overlay_no_floor_context	41	void overlay	1835	5154	0	28	80	source_plane=0 shape=0 rot=0
terrain	void_overlay_no_floor_context	41	void overlay	1835	5155	0	28	80	source_plane=0 shape=0 rot=0
terrain	void_overlay_no_floor_context	41	void overlay	1835	5156	0	28	80	source_plane=0 shape=0 rot=0
terrain	void_overlay_no_floor_context	41	void overlay	1835	5157	0	28	80	source_plane=0 shape=0 rot=0
terrain	void_overlay_no_floor_context	41	void overlay	1835	5158	0	28	80	source_plane=0 shape=0 rot=0
terrain	void_overlay_no_floor_context	41	void overlay	1835	5159	0	28	80	source_plane=0 shape=0 rot=0
terrain	void_overlay_no_floor_context	41	void overlay	1835	5160	0	28	80	source_plane=0 shape=0 rot=0
terrain	void_overlay_no_floor_context	41	void overlay	1835	5161	0	28	80	source_plane=0 shape=0 rot=0
terrain	void_overlay_no_floor_context	41	void overlay	1835	5162	0	28	80	source_plane=0 shape=0 rot=0
terrain	void_overlay_no_floor_context	41	void overlay	1835	5163	0	28	80	source_plane=0 shape=0 rot=0
terrain	void_overlay_no_floor_context	41	void overlay	1835	5164	0	28	80	source_plane=0 shape=0 rot=0
terrain	void_overlay_no_floor_context	41	void overlay	1835	5165	0	28	80	source_plane=0 shape=0 rot=0
terrain	void_overlay_no_floor_context	41	void overlay	1835	5166	0	28	80	source_plane=0 shape=0 rot=0
terrain	void_overlay_no_floor_context	41	void overlay	1835	5167	0	28	80	source_plane=0 shape=0 rot=0
terrain	void_overlay_no_floor_context	41	void overlay	1835	5168	0	28	80	source_plane=0 shape=0 rot=0
terrain	void_overlay_no_floor_context	41	void overlay	1835	5169	0	28	80	source_plane=0 shape=0 rot=0
terrain	void_overlay_no_floor_context	41	void overlay	1835	5170	0	28	80	source_plane=0 shape=0 rot=0
terrain	void_overlay_no_floor_context	41	void overlay	1835	5171	0	28	80	source_plane=0 shape=0 rot=0
terrain	void_overlay_no_floor_context	41	void overlay	1835	5172	0	28	80	source_plane=0 shape=0 rot=0
terrain	void_overlay_no_floor_context	41	void overlay	1835	5173	0	28	80	source_plane=0 shape=0 rot=0
terrain	void_overlay_no_floor_context	41	void overlay	1835	5174	0	28	80	source_plane=0 shape=0 rot=0
terrain	void_overlay_no_floor_context	41	void overlay	1835	5175	0	28	80	source_plane=0 shape=0 rot=0
terrain	void_overlay_no_floor_context	41	void overlay	1835	5176	0	28	80	source_plane=0 shape=0 rot=0
terrain	void_overlay_no_floor_context	41	void overlay	1835	5177	0	28	80	source_plane=0 shape=0 rot=0
terrain	void_overlay_no_floor_context	41	void overlay	1835	5178	0	28	80	source_plane=0 shape=0 rot=0
terrain	void_overlay_no_floor_context	41	void overlay	1835	5179	0	28	80	source_plane=0 shape=0 rot=0
terrain	void_overlay_no_floor_context	41	void overlay	1835	5180	0	28	80	source_plane=0 shape=0 rot=0
terrain	void_overlay_no_floor_context	41	void overlay	1835	5181	0	28	80	source_plane=0 shape=0 rot=0
terrain	void_overlay_no_floor_context	41	void overlay	1835	5182	0	28	80	source_plane=0 shape=0 rot=0
terrain	void_overlay_no_floor_context	41	void overlay	1835	5183	0	28	80	source_plane=0 shape=0 rot=0
terrain	void_overlay_no_floor_context	41	void overlay	1836	5122	0	28	80	source_plane=0 shape=0 rot=0
terrain	void_overlay_no_floor_context	41	void overlay	1836	5123	0	28	80	source_plane=0 shape=0 rot=0
terrain	void_overlay_no_floor_context	41	void overlay	1836	5124	0	28	80	source_plane=0 shape=0 rot=0
terrain	void_overlay_no_floor_context	41	void overlay	1836	5125	0	28	80	source_plane=0 shape=0 rot=0
terrain	void_overlay_no_floor_context	41	void overlay	1836	5126	0	28	80	source_plane=0 shape=0 rot=0
terrain	void_overlay_no_floor_context	41	void overlay	1836	5127	0	28	80	source_plane=0 shape=0 rot=0
terrain	void_overlay_no_floor_context	41	void overlay	1836	5128	0	28	80	source_plane=0 shape=0 rot=0
terrain	void_overlay_no_floor_context	41	void overlay	1836	5129	0	28	80	source_plane=0 shape=0 rot=0
terrain	void_overlay_no_floor_context	41	void overlay	1836	5130	0	28	80	source_plane=0 shape=0 rot=0
terrain	void_overlay_no_floor_context	41	void overlay	1836	5131	0	28	80	source_plane=0 shape=0 rot=0
terrain	void_overlay_no_floor_context	41	void overlay	1836	5132	0	28	80	source_plane=0 shape=0 rot=0
terrain	void_overlay_no_floor_context	41	void overlay	1836	5133	0	28	80	source_plane=0 shape=0 rot=0
terrain	void_overlay_no_floor_context	41	void overlay	1836	5134	0	28	80	source_plane=0 shape=0 rot=0
terrain	void_overlay_no_floor_context	41	void overlay	1836	5135	0	28	80	source_plane=0 shape=0 rot=0
terrain	void_overlay_no_floor_context	41	void overlay	1836	5136	0	28	80	source_plane=0 shape=0 rot=0
terrain	void_overlay_no_floor_context	41	void overlay	1836	5137	0	28	80	source_plane=0 shape=0 rot=0
terrain	void_overlay_no_floor_context	41	void overlay	1836	5138	0	28	80	source_plane=0 shape=0 rot=0
terrain	void_overlay_no_floor_context	41	void overlay	1836	5139	0	28	80	source_plane=0 shape=0 rot=0
terrain	void_overlay_no_floor_context	41	void overlay	1836	5140	0	28	80	source_plane=0 shape=0 rot=0
terrain	void_overlay_no_floor_context	41	void overlay	1836	5141	0	28	80	source_plane=0 shape=0 rot=0
terrain	void_overlay_no_floor_context	41	void overlay	1836	5142	0	28	80	source_plane=0 shape=0 rot=0
terrain	void_overlay_no_floor_context	41	void overlay	1836	5143	0	28	80	source_plane=0 shape=0 rot=0
terrain	void_overlay_no_floor_context	41	void overlay	1836	5144	0	28	80	source_plane=0 shape=0 rot=0
terrain	void_overlay_no_floor_context	41	void overlay	1836	5145	0	28	80	source_plane=0 shape=0 rot=0
terrain	void_overlay_no_floor_context	41	void overlay	1836	5146	0	28	80	source_plane=0 shape=0 rot=0
terrain	void_overlay_no_floor_context	41	void overlay	1836	5147	0	28	80	source_plane=0 shape=0 rot=0
terrain	void_overlay_no_floor_context	41	void overlay	1836	5148	0	28	80	source_plane=0 shape=0 rot=0
terrain	void_overlay_no_floor_context	41	void overlay	1836	5149	0	28	80	source_plane=0 shape=0 rot=0
terrain	void_overlay_no_floor_context	41	void overlay	1836	5150	0	28	80	source_plane=0 shape=0 rot=0
terrain	void_overlay_no_floor_context	41	void overlay	1836	5151	0	28	80	source_plane=0 shape=0 rot=0
terrain	void_overlay_no_floor_context	41	void overlay	1836	5152	0	28	80	source_plane=0 shape=0 rot=0
terrain	void_overlay_no_floor_context	41	void overlay	1836	5153	0	28	80	source_plane=0 shape=0 rot=0
terrain	void_overlay_no_floor_context	41	void overlay	1836	5154	0	28	80	source_plane=0 shape=0 rot=0
terrain	void_overlay_no_floor_context	41	void overlay	1836	5155	0	28	80	source_plane=0 shape=0 rot=0
terrain	void_overlay_no_floor_context	41	void overlay	1836	5156	0	28	80	source_plane=0 shape=0 rot=0
terrain	void_overlay_no_floor_context	41	void overlay	1836	5157	0	28	80	source_plane=0 shape=0 rot=0
terrain	void_overlay_no_floor_context	41	void overlay	1836	5158	0	28	80	source_plane=0 shape=0 rot=0
terrain	void_overlay_no_floor_context	41	void overlay	1836	5159	0	28	80	source_plane=0 shape=0 rot=0
terrain	void_overlay_no_floor_context	41	void overlay	1836	5160	0	28	80	source_plane=0 shape=0 rot=0
terrain	void_overlay_no_floor_context	41	void overlay	1836	5161	0	28	80	source_plane=0 shape=0 rot=0
terrain	void_overlay_no_floor_context	41	void overlay	1836	5162	0	28	80	source_plane=0 shape=0 rot=0
terrain	void_overlay_no_floor_context	41	void overlay	1836	5163	0	28	80	source_plane=0 shape=0 rot=0
terrain	void_overlay_no_floor_context	41	void overlay	1836	5164	0	28	80	source_plane=0 shape=0 rot=0
terrain	void_overlay_no_floor_context	41	void overlay	1836	5165	0	28	80	source_plane=0 shape=0 rot=0
terrain	void_overlay_no_floor_context	41	void overlay	1836	5166	0	28	80	source_plane=0 shape=0 rot=0
terrain	void_overlay_no_floor_context	41	void overlay	1836	5167	0	28	80	source_plane=0 shape=0 rot=0
terrain	void_overlay_no_floor_context	41	void overlay	1836	5168	0	28	80	source_plane=0 shape=0 rot=0
terrain	void_overlay_no_floor_context	41	void overlay	1836	5169	0	28	80	source_plane=0 shape=0 rot=0
terrain	void_overlay_no_floor_context	41	void overlay	1836	5170	0	28	80	source_plane=0 shape=0 rot=0
terrain	void_overlay_no_floor_context	41	void overlay	1836	5171	0	28	80	source_plane=0 shape=0 rot=0
terrain	void_overlay_no_floor_context	41	void overlay	1836	5172	0	28	80	source_plane=0 shape=0 rot=0
terrain	void_overlay_no_floor_context	41	void overlay	1836	5173	0	28	80	source_plane=0 shape=0 rot=0
terrain	void_overlay_no_floor_context	41	void overlay	1836	5174	0	28	80	source_plane=0 shape=0 rot=0
terrain	void_overlay_no_floor_context	41	void overlay	1836	5175	0	28	80	source_plane=0 shape=0 rot=0
terrain	void_overlay_no_floor_context	41	void overlay	1836	5176	0	28	80	source_plane=0 shape=0 rot=0
terrain	void_overlay_no_floor_context	41	void overlay	1836	5177	0	28	80	source_plane=0 shape=0 rot=0
terrain	void_overlay_no_floor_context	41	void overlay	1836	5178	0	28	80	source_plane=0 shape=0 rot=0
terrain	void_overlay_no_floor_context	41	void overlay	1836	5179	0	28	80	source_plane=0 shape=0 rot=0
terrain	void_overlay_no_floor_context	41	void overlay	1836	5180	0	28	80	source_plane=0 shape=0 rot=0
terrain	void_overlay_no_floor_context	41	void overlay	1836	5181	0	28	80	source_plane=0 shape=0 rot=0
terrain	void_overlay_no_floor_context	41	void overlay	1836	5182	0	28	80	source_plane=0 shape=0 rot=0
terrain	void_overlay_no_floor_context	41	void overlay	1836	5183	0	28	80	source_plane=0 shape=0 rot=0
terrain	void_overlay_no_floor_context	41	void overlay	1837	5122	0	28	80	source_plane=0 shape=0 rot=0
terrain	void_overlay_no_floor_context	41	void overlay	1837	5123	0	28	80	source_plane=0 shape=0 rot=0
terrain	void_overlay_no_floor_context	41	void overlay	1837	5124	0	28	80	source_plane=0 shape=0 rot=0
terrain	void_overlay_no_floor_context	41	void overlay	1837	5125	0	28	80	source_plane=0 shape=0 rot=0
terrain	void_overlay_no_floor_context	41	void overlay	1837	5126	0	28	80	source_plane=0 shape=0 rot=0
terrain	void_overlay_no_floor_context	41	void overlay	1837	5127	0	28	80	source_plane=0 shape=0 rot=0
terrain	void_overlay_no_floor_context	41	void overlay	1837	5128	0	28	80	source_plane=0 shape=0 rot=0
terrain	void_overlay_no_floor_context	41	void overlay	1837	5129	0	28	80	source_plane=0 shape=0 rot=0
terrain	void_overlay_no_floor_context	41	void overlay	1837	5130	0	28	80	source_plane=0 shape=0 rot=0
terrain	void_overlay_no_floor_context	41	void overlay	1837	5131	0	28	80	source_plane=0 shape=0 rot=0
terrain	void_overlay_no_floor_context	41	void overlay	1837	5132	0	28	80	source_plane=0 shape=0 rot=0
terrain	void_overlay_no_floor_context	41	void overlay	1837	5133	0	28	80	source_plane=0 shape=0 rot=0
terrain	void_overlay_no_floor_context	41	void overlay	1837	5134	0	28	80	source_plane=0 shape=0 rot=0
terrain	void_overlay_no_floor_context	41	void overlay	1837	5135	0	28	80	source_plane=0 shape=0 rot=0
terrain	void_overlay_no_floor_context	41	void overlay	1837	5136	0	28	80	source_plane=0 shape=0 rot=0
terrain	void_overlay_no_floor_context	41	void overlay	1837	5137	0	28	80	source_plane=0 shape=0 rot=0
terrain	void_overlay_no_floor_context	41	void overlay	1837	5138	0	28	80	source_plane=0 shape=0 rot=0
terrain	void_overlay_no_floor_context	41	void overlay	1837	5139	0	28	80	source_plane=0 shape=0 rot=0
terrain	void_overlay_no_floor_context	41	void overlay	1837	5140	0	28	80	source_plane=0 shape=0 rot=0
terrain	void_overlay_no_floor_context	41	void overlay	1837	5141	0	28	80	source_plane=0 shape=0 rot=0
terrain	void_overlay_no_floor_context	41	void overlay	1837	5142	0	28	80	source_plane=0 shape=0 rot=0
terrain	void_overlay_no_floor_context	41	void overlay	1837	5143	0	28	80	source_plane=0 shape=0 rot=0
terrain	void_overlay_no_floor_context	41	void overlay	1837	5144	0	28	80	source_plane=0 shape=0 rot=0
terrain	void_overlay_no_floor_context	41	void overlay	1837	5145	0	28	80	source_plane=0 shape=0 rot=0
terrain	void_overlay_no_floor_context	41	void overlay	1837	5146	0	28	80	source_plane=0 shape=0 rot=0
terrain	void_overlay_no_floor_context	41	void overlay	1837	5147	0	28	80	source_plane=0 shape=0 rot=0
terrain	void_overlay_no_floor_context	41	void overlay	1837	5148	0	28	80	source_plane=0 shape=0 rot=0
terrain	void_overlay_no_floor_context	41	void overlay	1837	5149	0	28	80	source_plane=0 shape=0 rot=0
terrain	void_overlay_no_floor_context	41	void overlay	1837	5150	0	28	80	source_plane=0 shape=0 rot=0
terrain	void_overlay_no_floor_context	41	void overlay	1837	5151	0	28	80	source_plane=0 shape=0 rot=0
terrain	void_overlay_no_floor_context	41	void overlay	1837	5152	0	28	80	source_plane=0 shape=0 rot=0
terrain	void_overlay_no_floor_context	41	void overlay	1837	5153	0	28	80	source_plane=0 shape=0 rot=0
terrain	void_overlay_no_floor_context	41	void overlay	1837	5154	0	28	80	source_plane=0 shape=0 rot=0
terrain	void_overlay_no_floor_context	41	void overlay	1837	5155	0	28	80	source_plane=0 shape=0 rot=0
terrain	void_overlay_no_floor_context	41	void overlay	1837	5156	0	28	80	source_plane=0 shape=0 rot=0
terrain	void_overlay_no_floor_context	41	void overlay	1837	5157	0	28	80	source_plane=0 shape=0 rot=0
terrain	void_overlay_no_floor_context	41	void overlay	1837	5158	0	28	80	source_plane=0 shape=0 rot=0
terrain	void_overlay_no_floor_context	41	void overlay	1837	5159	0	28	80	source_plane=0 shape=0 rot=0
terrain	void_overlay_no_floor_context	41	void overlay	1837	5160	0	28	80	source_plane=0 shape=0 rot=0
terrain	void_overlay_no_floor_context	41	void overlay	1837	5161	0	28	80	source_plane=0 shape=0 rot=0
terrain	void_overlay_no_floor_context	41	void overlay	1837	5162	0	28	80	source_plane=0 shape=0 rot=0
terrain	void_overlay_no_floor_context	41	void overlay	1837	5163	0	28	80	source_plane=0 shape=0 rot=0
terrain	void_overlay_no_floor_context	41	void overlay	1837	5164	0	28	80	source_plane=0 shape=0 rot=0
terrain	void_overlay_no_floor_context	41	void overlay	1837	5165	0	28	80	source_plane=0 shape=0 rot=0
terrain	void_overlay_no_floor_context	41	void overlay	1837	5166	0	28	80	source_plane=0 shape=0 rot=0
terrain	void_overlay_no_floor_context	41	void overlay	1837	5167	0	28	80	source_plane=0 shape=0 rot=0
terrain	void_overlay_no_floor_context	41	void overlay	1837	5168	0	28	80	source_plane=0 shape=0 rot=0
terrain	void_overlay_no_floor_context	41	void overlay	1837	5169	0	28	80	source_plane=0 shape=0 rot=0
terrain	void_overlay_no_floor_context	41	void overlay	1837	5170	0	28	80	source_plane=0 shape=0 rot=0
terrain	void_overlay_no_floor_context	41	void overlay	1837	5171	0	28	80	source_plane=0 shape=0 rot=0
terrain	void_overlay_no_floor_context	41	void overlay	1837	5172	0	28	80	source_plane=0 shape=0 rot=0
terrain	void_overlay_no_floor_context	41	void overlay	1837	5173	0	28	80	source_plane=0 shape=0 rot=0
terrain	void_overlay_no_floor_context	41	void overlay	1837	5174	0	28	80	source_plane=0 shape=0 rot=0
terrain	void_overlay_no_floor_context	41	void overlay	1837	5175	0	28	80	source_plane=0 shape=0 rot=0
terrain	void_overlay_no_floor_context	41	void overlay	1837	5176	0	28	80	source_plane=0 shape=0 rot=0
terrain	void_overlay_no_floor_context	41	void overlay	1837	5177	0	28	80	source_plane=0 shape=0 rot=0
terrain	void_overlay_no_floor_context	41	void overlay	1837	5178	0	28	80	source_plane=0 shape=0 rot=0
terrain	void_overlay_no_floor_context	41	void overlay	1837	5179	0	28	80	source_plane=0 shape=0 rot=0
terrain	void_overlay_no_floor_context	41	void overlay	1837	5180	0	28	80	source_plane=0 shape=0 rot=0
terrain	void_overlay_no_floor_context	41	void overlay	1837	5181	0	28	80	source_plane=0 shape=0 rot=0
terrain	void_overlay_no_floor_context	41	void overlay	1837	5182	0	28	80	source_plane=0 shape=0 rot=0
terrain	void_overlay_no_floor_context	41	void overlay	1837	5183	0	28	80	source_plane=0 shape=0 rot=0
terrain	void_overlay_no_floor_context	41	void overlay	1838	5122	0	28	80	source_plane=0 shape=0 rot=0
terrain	void_overlay_no_floor_context	41	void overlay	1838	5123	0	28	80	source_plane=0 shape=0 rot=0
terrain	void_overlay_no_floor_context	41	void overlay	1838	5124	0	28	80	source_plane=0 shape=0 rot=0
terrain	void_overlay_no_floor_context	41	void overlay	1838	5125	0	28	80	source_plane=0 shape=0 rot=0
terrain	void_overlay_no_floor_context	41	void overlay	1838	5126	0	28	80	source_plane=0 shape=0 rot=0
terrain	void_overlay_no_floor_context	41	void overlay	1838	5127	0	28	80	source_plane=0 shape=0 rot=0
terrain	void_overlay_no_floor_context	41	void overlay	1838	5128	0	28	80	source_plane=0 shape=0 rot=0
terrain	void_overlay_no_floor_context	41	void overlay	1838	5129	0	28	80	source_plane=0 shape=0 rot=0
terrain	void_overlay_no_floor_context	41	void overlay	1838	5130	0	28	80	source_plane=0 shape=0 rot=0
terrain	void_overlay_no_floor_context	41	void overlay	1838	5131	0	28	80	source_plane=0 shape=0 rot=0
terrain	void_overlay_no_floor_context	41	void overlay	1838	5132	0	28	80	source_plane=0 shape=0 rot=0
terrain	void_overlay_no_floor_context	41	void overlay	1838	5133	0	28	80	source_plane=0 shape=0 rot=0
terrain	void_overlay_no_floor_context	41	void overlay	1838	5134	0	28	80	source_plane=0 shape=0 rot=0
terrain	void_overlay_no_floor_context	41	void overlay	1838	5135	0	28	80	source_plane=0 shape=0 rot=0
terrain	void_overlay_no_floor_context	41	void overlay	1838	5136	0	28	80	source_plane=0 shape=0 rot=0
terrain	void_overlay_no_floor_context	41	void overlay	1838	5137	0	28	80	source_plane=0 shape=0 rot=0
terrain	void_overlay_no_floor_context	41	void overlay	1838	5138	0	28	80	source_plane=0 shape=0 rot=0
terrain	void_overlay_no_floor_context	41	void overlay	1838	5139	0	28	80	source_plane=0 shape=0 rot=0
terrain	void_overlay_no_floor_context	41	void overlay	1838	5140	0	28	80	source_plane=0 shape=0 rot=0
terrain	void_overlay_no_floor_context	41	void overlay	1838	5141	0	28	80	source_plane=0 shape=0 rot=0
terrain	void_overlay_no_floor_context	41	void overlay	1838	5142	0	28	80	source_plane=0 shape=0 rot=0
terrain	void_overlay_no_floor_context	41	void overlay	1838	5143	0	28	80	source_plane=0 shape=0 rot=0
terrain	void_overlay_no_floor_context	41	void overlay	1838	5144	0	28	80	source_plane=0 shape=0 rot=0
terrain	void_overlay_no_floor_context	41	void overlay	1838	5145	0	28	80	source_plane=0 shape=0 rot=0
terrain	void_overlay_no_floor_context	41	void overlay	1838	5146	0	28	80	source_plane=0 shape=0 rot=0
terrain	void_overlay_no_floor_context	41	void overlay	1838	5147	0	28	80	source_plane=0 shape=0 rot=0
terrain	void_overlay_no_floor_context	41	void overlay	1838	5148	0	28	80	source_plane=0 shape=0 rot=0
terrain	void_overlay_no_floor_context	41	void overlay	1838	5149	0	28	80	source_plane=0 shape=0 rot=0
terrain	void_overlay_no_floor_context	41	void overlay	1838	5150	0	28	80	source_plane=0 shape=0 rot=0
terrain	void_overlay_no_floor_context	41	void overlay	1838	5151	0	28	80	source_plane=0 shape=0 rot=0
terrain	void_overlay_no_floor_context	41	void overlay	1838	5152	0	28	80	source_plane=0 shape=0 rot=0
terrain	void_overlay_no_floor_context	41	void overlay	1838	5153	0	28	80	source_plane=0 shape=0 rot=0
terrain	void_overlay_no_floor_context	41	void overlay	1838	5154	0	28	80	source_plane=0 shape=0 rot=0
terrain	void_overlay_no_floor_context	41	void overlay	1838	5155	0	28	80	source_plane=0 shape=0 rot=0
terrain	void_overlay_no_floor_context	41	void overlay	1838	5156	0	28	80	source_plane=0 shape=0 rot=0
terrain	void_overlay_no_floor_context	41	void overlay	1838	5157	0	28	80	source_plane=0 shape=0 rot=0
terrain	void_overlay_no_floor_context	41	void overlay	1838	5158	0	28	80	source_plane=0 shape=0 rot=0
terrain	void_overlay_no_floor_context	41	void overlay	1838	5159	0	28	80	source_plane=0 shape=0 rot=0
terrain	void_overlay_no_floor_context	41	void overlay	1838	5160	0	28	80	source_plane=0 shape=0 rot=0
terrain	void_overlay_no_floor_context	41	void overlay	1838	5161	0	28	80	source_plane=0 shape=0 rot=0
terrain	void_overlay_no_floor_context	41	void overlay	1838	5162	0	28	80	source_plane=0 shape=0 rot=0
terrain	void_overlay_no_floor_context	41	void overlay	1838	5163	0	28	80	source_plane=0 shape=0 rot=0
terrain	void_overlay_no_floor_context	41	void overlay	1838	5164	0	28	80	source_plane=0 shape=0 rot=0
terrain	void_overlay_no_floor_context	41	void overlay	1838	5165	0	28	80	source_plane=0 shape=0 rot=0
terrain	void_overlay_no_floor_context	41	void overlay	1838	5166	0	28	80	source_plane=0 shape=0 rot=0
terrain	void_overlay_no_floor_context	41	void overlay	1838	5167	0	28	80	source_plane=0 shape=0 rot=0
terrain	void_overlay_no_floor_context	41	void overlay	1838	5168	0	28	80	source_plane=0 shape=0 rot=0
terrain	void_overlay_no_floor_context	41	void overlay	1838	5169	0	28	80	source_plane=0 shape=0 rot=0
terrain	void_overlay_no_floor_context	41	void overlay	1838	5170	0	28	80	source_plane=0 shape=0 rot=0
terrain	void_overlay_no_floor_context	41	void overlay	1838	5171	0	28	80	source_plane=0 shape=0 rot=0
terrain	void_overlay_no_floor_context	41	void overlay	1838	5172	0	28	80	source_plane=0 shape=0 rot=0
terrain	void_overlay_no_floor_context	41	void overlay	1838	5173	0	28	80	source_plane=0 shape=0 rot=0
terrain	void_overlay_no_floor_context	41	void overlay	1838	5174	0	28	80	source_plane=0 shape=0 rot=0
terrain	void_overlay_no_floor_context	41	void overlay	1838	5175	0	28	80	source_plane=0 shape=0 rot=0
terrain	void_overlay_no_floor_context	41	void overlay	1838	5176	0	28	80	source_plane=0 shape=0 rot=0
terrain	void_overlay_no_floor_context	41	void overlay	1838	5177	0	28	80	source_plane=0 shape=0 rot=0
terrain	void_overlay_no_floor_context	41	void overlay	1838	5178	0	28	80	source_plane=0 shape=0 rot=0
terrain	void_overlay_no_floor_context	41	void overlay	1838	5179	0	28	80	source_plane=0 shape=0 rot=0
terrain	void_overlay_no_floor_context	41	void overlay	1838	5180	0	28	80	source_plane=0 shape=0 rot=0
terrain	void_overlay_no_floor_context	41	void overlay	1838	5181	0	28	80	source_plane=0 shape=0 rot=0
terrain	void_overlay_no_floor_context	41	void overlay	1838	5182	0	28	80	source_plane=0 shape=0 rot=0
terrain	void_overlay_no_floor_context	41	void overlay	1838	5183	0	28	80	source_plane=0 shape=0 rot=0
terrain	void_overlay_no_floor_context	41	void overlay	1839	5122	0	28	80	source_plane=0 shape=0 rot=0
terrain	void_overlay_no_floor_context	41	void overlay	1839	5123	0	28	80	source_plane=0 shape=0 rot=0
terrain	void_overlay_no_floor_context	41	void overlay	1839	5124	0	28	80	source_plane=0 shape=0 rot=0
terrain	void_overlay_no_floor_context	41	void overlay	1839	5125	0	28	80	source_plane=0 shape=0 rot=0
terrain	void_overlay_no_floor_context	41	void overlay	1839	5126	0	28	80	source_plane=0 shape=0 rot=0
terrain	void_overlay_no_floor_context	41	void overlay	1839	5127	0	28	80	source_plane=0 shape=0 rot=0
terrain	void_overlay_no_floor_context	41	void overlay	1839	5128	0	28	80	source_plane=0 shape=0 rot=0
terrain	void_overlay_no_floor_context	41	void overlay	1839	5129	0	28	80	source_plane=0 shape=0 rot=0
terrain	void_overlay_no_floor_context	41	void overlay	1839	5130	0	28	80	source_plane=0 shape=0 rot=0
terrain	void_overlay_no_floor_context	41	void overlay	1839	5131	0	28	80	source_plane=0 shape=0 rot=0
terrain	void_overlay_no_floor_context	41	void overlay	1839	5132	0	28	80	source_plane=0 shape=0 rot=0
terrain	void_overlay_no_floor_context	41	void overlay	1839	5133	0	28	80	source_plane=0 shape=0 rot=0
terrain	void_overlay_no_floor_context	41	void overlay	1839	5134	0	28	80	source_plane=0 shape=0 rot=0
terrain	void_overlay_no_floor_context	41	void overlay	1839	5135	0	28	80	source_plane=0 shape=0 rot=0
terrain	void_overlay_no_floor_context	41	void overlay	1839	5136	0	28	80	source_plane=0 shape=0 rot=0
terrain	void_overlay_no_floor_context	41	void overlay	1839	5137	0	28	80	source_plane=0 shape=0 rot=0
terrain	void_overlay_no_floor_context	41	void overlay	1839	5138	0	28	80	source_plane=0 shape=0 rot=0
terrain	void_overlay_no_floor_context	41	void overlay	1839	5139	0	28	80	source_plane=0 shape=0 rot=0
terrain	void_overlay_no_floor_context	41	void overlay	1839	5140	0	28	80	source_plane=0 shape=0 rot=0
terrain	void_overlay_no_floor_context	41	void overlay	1839	5141	0	28	80	source_plane=0 shape=0 rot=0
terrain	void_overlay_no_floor_context	41	void overlay	1839	5142	0	28	80	source_plane=0 shape=0 rot=0
terrain	void_overlay_no_floor_context	41	void overlay	1839	5143	0	28	80	source_plane=0 shape=0 rot=0
terrain	void_overlay_no_floor_context	41	void overlay	1839	5144	0	28	80	source_plane=0 shape=0 rot=0
terrain	void_overlay_no_floor_context	41	void overlay	1839	5145	0	28	80	source_plane=0 shape=0 rot=0
terrain	void_overlay_no_floor_context	41	void overlay	1839	5146	0	28	80	source_plane=0 shape=0 rot=0
terrain	void_overlay_no_floor_context	41	void overlay	1839	5147	0	28	80	source_plane=0 shape=0 rot=0
terrain	void_overlay_no_floor_context	41	void overlay	1839	5148	0	28	80	source_plane=0 shape=0 rot=0
terrain	void_overlay_no_floor_context	41	void overlay	1839	5149	0	28	80	source_plane=0 shape=0 rot=0
terrain	void_overlay_no_floor_context	41	void overlay	1839	5150	0	28	80	source_plane=0 shape=0 rot=0
terrain	void_overlay_no_floor_context	41	void overlay	1839	5151	0	28	80	source_plane=0 shape=0 rot=0
terrain	void_overlay_no_floor_context	41	void overlay	1839	5152	0	28	80	source_plane=0 shape=0 rot=0
terrain	void_overlay_no_floor_context	41	void overlay	1839	5153	0	28	80	source_plane=0 shape=0 rot=0
terrain	void_overlay_no_floor_context	41	void overlay	1839	5154	0	28	80	source_plane=0 shape=0 rot=0
terrain	void_overlay_no_floor_context	41	void overlay	1839	5155	0	28	80	source_plane=0 shape=0 rot=0
terrain	void_overlay_no_floor_context	41	void overlay	1839	5156	0	28	80	source_plane=0 shape=0 rot=0
terrain	void_overlay_no_floor_context	41	void overlay	1839	5157	0	28	80	source_plane=0 shape=0 rot=0
terrain	void_overlay_no_floor_context	41	void overlay	1839	5158	0	28	80	source_plane=0 shape=0 rot=0
terrain	void_overlay_no_floor_context	41	void overlay	1839	5159	0	28	80	source_plane=0 shape=0 rot=0
terrain	void_overlay_no_floor_context	41	void overlay	1839	5160	0	28	80	source_plane=0 shape=0 rot=0
terrain	void_overlay_no_floor_context	41	void overlay	1839	5161	0	28	80	source_plane=0 shape=0 rot=0
terrain	void_overlay_no_floor_context	41	void overlay	1839	5162	0	28	80	source_plane=0 shape=0 rot=0
terrain	void_overlay_no_floor_context	41	void overlay	1839	5163	0	28	80	source_plane=0 shape=0 rot=0
terrain	void_overlay_no_floor_context	41	void overlay	1839	5164	0	28	80	source_plane=0 shape=0 rot=0
terrain	void_overlay_no_floor_context	41	void overlay	1839	5165	0	28	80	source_plane=0 shape=0 rot=0
terrain	void_overlay_no_floor_context	41	void overlay	1839	5166	0	28	80	source_plane=0 shape=0 rot=0
terrain	void_overlay_no_floor_context	41	void overlay	1839	5167	0	28	80	source_plane=0 shape=0 rot=0
terrain	void_overlay_no_floor_context	41	void overlay	1839	5168	0	28	80	source_plane=0 shape=0 rot=0
terrain	void_overlay_no_floor_context	41	void overlay	1839	5169	0	28	80	source_plane=0 shape=0 rot=0
terrain	void_overlay_no_floor_context	41	void overlay	1839	5170	0	28	80	source_plane=0 shape=0 rot=0
terrain	void_overlay_no_floor_context	41	void overlay	1839	5171	0	28	80	source_plane=0 shape=0 rot=0
terrain	void_overlay_no_floor_context	41	void overlay	1839	5172	0	28	80	source_plane=0 shape=0 rot=0
terrain	void_overlay_no_floor_context	41	void overlay	1839	5173	0	28	80	source_plane=0 shape=0 rot=0
terrain	void_overlay_no_floor_context	41	void overlay	1839	5174	0	28	80	source_plane=0 shape=0 rot=0
terrain	void_overlay_no_floor_context	41	void overlay	1839	5175	0	28	80	source_plane=0 shape=0 rot=0
terrain	void_overlay_no_floor_context	41	void overlay	1839	5176	0	28	80	source_plane=0 shape=0 rot=0
terrain	void_overlay_no_floor_context	41	void overlay	1839	5177	0	28	80	source_plane=0 shape=0 rot=0
terrain	void_overlay_no_floor_context	41	void overlay	1839	5178	0	28	80	source_plane=0 shape=0 rot=0
terrain	void_overlay_no_floor_context	41	void overlay	1839	5179	0	28	80	source_plane=0 shape=0 rot=0
terrain	void_overlay_no_floor_context	41	void overlay	1839	5180	0	28	80	source_plane=0 shape=0 rot=0
terrain	void_overlay_no_floor_context	41	void overlay	1839	5181	0	28	80	source_plane=0 shape=0 rot=0
terrain	void_overlay_no_floor_context	41	void overlay	1839	5182	0	28	80	source_plane=0 shape=0 rot=0
terrain	void_overlay_no_floor_context	41	void overlay	1839	5183	0	28	80	source_plane=0 shape=0 rot=0
terrain	void_overlay_no_floor_context	41	void overlay	1840	5122	0	28	80	source_plane=0 shape=0 rot=0
terrain	void_overlay_no_floor_context	41	void overlay	1840	5123	0	28	80	source_plane=0 shape=0 rot=0
terrain	void_overlay_no_floor_context	41	void overlay	1840	5124	0	28	80	source_plane=0 shape=0 rot=0
terrain	void_overlay_no_floor_context	41	void overlay	1840	5125	0	28	80	source_plane=0 shape=0 rot=0
terrain	void_overlay_no_floor_context	41	void overlay	1840	5126	0	28	80	source_plane=0 shape=0 rot=0
terrain	void_overlay_no_floor_context	41	void overlay	1840	5127	0	28	80	source_plane=0 shape=0 rot=0
terrain	void_overlay_no_floor_context	41	void overlay	1840	5128	0	28	80	source_plane=0 shape=0 rot=0
terrain	void_overlay_no_floor_context	41	void overlay	1840	5129	0	28	80	source_plane=0 shape=0 rot=0
terrain	void_overlay_no_floor_context	41	void overlay	1840	5130	0	28	80	source_plane=0 shape=0 rot=0
terrain	void_overlay_no_floor_context	41	void overlay	1840	5131	0	28	80	source_plane=0 shape=0 rot=0
terrain	void_overlay_no_floor_context	41	void overlay	1840	5132	0	28	80	source_plane=0 shape=0 rot=0
terrain	void_overlay_no_floor_context	41	void overlay	1840	5133	0	28	80	source_plane=0 shape=0 rot=0
terrain	void_overlay_no_floor_context	41	void overlay	1840	5134	0	28	80	source_plane=0 shape=0 rot=0
terrain	void_overlay_no_floor_context	41	void overlay	1840	5135	0	28	80	source_plane=0 shape=0 rot=0
terrain	void_overlay_no_floor_context	41	void overlay	1840	5136	0	28	80	source_plane=0 shape=0 rot=0
terrain	void_overlay_no_floor_context	41	void overlay	1840	5137	0	28	80	source_plane=0 shape=0 rot=0
terrain	void_overlay_no_floor_context	41	void overlay	1840	5138	0	28	80	source_plane=0 shape=0 rot=0
terrain	void_overlay_no_floor_context	41	void overlay	1840	5139	0	28	80	source_plane=0 shape=0 rot=0
terrain	void_overlay_no_floor_context	41	void overlay	1840	5140	0	28	80	source_plane=0 shape=0 rot=0
terrain	void_overlay_no_floor_context	41	void overlay	1840	5141	0	28	80	source_plane=0 shape=0 rot=0
terrain	void_overlay_no_floor_context	41	void overlay	1840	5142	0	28	80	source_plane=0 shape=0 rot=0
terrain	void_overlay_no_floor_context	41	void overlay	1840	5143	0	28	80	source_plane=0 shape=0 rot=0
terrain	void_overlay_no_floor_context	41	void overlay	1840	5144	0	28	80	source_plane=0 shape=0 rot=0
terrain	void_overlay_no_floor_context	41	void overlay	1840	5145	0	28	80	source_plane=0 shape=0 rot=0
terrain	void_overlay_no_floor_context	41	void overlay	1840	5146	0	28	80	source_plane=0 shape=0 rot=0
terrain	void_overlay_no_floor_context	41	void overlay	1840	5147	0	28	80	source_plane=0 shape=0 rot=0
terrain	void_overlay_no_floor_context	41	void overlay	1840	5148	0	28	80	source_plane=0 shape=0 rot=0
terrain	void_overlay_no_floor_context	41	void overlay	1840	5149	0	28	80	source_plane=0 shape=0 rot=0
terrain	void_overlay_no_floor_context	41	void overlay	1840	5150	0	28	80	source_plane=0 shape=0 rot=0
terrain	void_overlay_no_floor_context	41	void overlay	1840	5151	0	28	80	source_plane=0 shape=0 rot=0
terrain	void_overlay_no_floor_context	41	void overlay	1840	5152	0	28	80	source_plane=0 shape=0 rot=0
terrain	void_overlay_no_floor_context	41	void overlay	1840	5153	0	28	80	source_plane=0 shape=0 rot=0
terrain	void_overlay_no_floor_context	41	void overlay	1840	5154	0	28	80	source_plane=0 shape=0 rot=0
terrain	void_overlay_no_floor_context	41	void overlay	1840	5155	0	28	80	source_plane=0 shape=0 rot=0
terrain	void_overlay_no_floor_context	41	void overlay	1840	5156	0	28	80	source_plane=0 shape=0 rot=0
terrain	void_overlay_no_floor_context	41	void overlay	1840	5157	0	28	80	source_plane=0 shape=0 rot=0
terrain	void_overlay_no_floor_context	41	void overlay	1840	5158	0	28	80	source_plane=0 shape=0 rot=0
terrain	void_overlay_no_floor_context	41	void overlay	1840	5159	0	28	80	source_plane=0 shape=0 rot=0
terrain	void_overlay_no_floor_context	41	void overlay	1840	5160	0	28	80	source_plane=0 shape=0 rot=0
terrain	void_overlay_no_floor_context	41	void overlay	1840	5161	0	28	80	source_plane=0 shape=0 rot=0
terrain	void_overlay_no_floor_context	41	void overlay	1840	5162	0	28	80	source_plane=0 shape=0 rot=0
terrain	void_overlay_no_floor_context	41	void overlay	1840	5163	0	28	80	source_plane=0 shape=0 rot=0
terrain	void_overlay_no_floor_context	41	void overlay	1840	5164	0	28	80	source_plane=0 shape=0 rot=0
terrain	void_overlay_no_floor_context	41	void overlay	1840	5165	0	28	80	source_plane=0 shape=0 rot=0
terrain	void_overlay_no_floor_context	41	void overlay	1840	5166	0	28	80	source_plane=0 shape=0 rot=0
terrain	void_overlay_no_floor_context	41	void overlay	1840	5167	0	28	80	source_plane=0 shape=0 rot=0
terrain	void_overlay_no_floor_context	41	void overlay	1840	5168	0	28	80	source_plane=0 shape=0 rot=0
terrain	void_overlay_no_floor_context	41	void overlay	1840	5169	0	28	80	source_plane=0 shape=0 rot=0
terrain	void_overlay_no_floor_context	41	void overlay	1840	5170	0	28	80	source_plane=0 shape=0 rot=0
terrain	void_overlay_no_floor_context	41	void overlay	1840	5171	0	28	80	source_plane=0 shape=0 rot=0
terrain	void_overlay_no_floor_context	41	void overlay	1840	5172	0	28	80	source_plane=0 shape=0 rot=0
terrain	void_overlay_no_floor_context	41	void overlay	1840	5173	0	28	80	source_plane=0 shape=0 rot=0
terrain	void_overlay_no_floor_context	41	void overlay	1840	5174	0	28	80	source_plane=0 shape=0 rot=0
terrain	void_overlay_no_floor_context	41	void overlay	1840	5175	0	28	80	source_plane=0 shape=0 rot=0
terrain	void_overlay_no_floor_context	41	void overlay	1840	5176	0	28	80	source_plane=0 shape=0 rot=0
terrain	void_overlay_no_floor_context	41	void overlay	1840	5177	0	28	80	source_plane=0 shape=0 rot=0
terrain	void_overlay_no_floor_context	41	void overlay	1840	5178	0	28	80	source_plane=0 shape=0 rot=0
terrain	void_overlay_no_floor_context	41	void overlay	1840	5179	0	28	80	source_plane=0 shape=0 rot=0
terrain	void_overlay_no_floor_context	41	void overlay	1840	5180	0	28	80	source_plane=0 shape=0 rot=0
terrain	void_overlay_no_floor_context	41	void overlay	1840	5181	0	28	80	source_plane=0 shape=0 rot=0
terrain	void_overlay_no_floor_context	41	void overlay	1840	5182	0	28	80	source_plane=0 shape=0 rot=0
terrain	void_overlay_no_floor_context	41	void overlay	1840	5183	0	28	80	source_plane=0 shape=0 rot=0
terrain	void_overlay_no_floor_context	41	void overlay	1841	5122	0	28	80	source_plane=0 shape=0 rot=0
terrain	void_overlay_no_floor_context	41	void overlay	1841	5123	0	28	80	source_plane=0 shape=0 rot=0
terrain	void_overlay_no_floor_context	41	void overlay	1841	5124	0	28	80	source_plane=0 shape=0 rot=0
terrain	void_overlay_no_floor_context	41	void overlay	1841	5125	0	28	80	source_plane=0 shape=0 rot=0
terrain	void_overlay_no_floor_context	41	void overlay	1841	5126	0	28	80	source_plane=0 shape=0 rot=0
terrain	void_overlay_no_floor_context	41	void overlay	1841	5127	0	28	80	source_plane=0 shape=0 rot=0
terrain	void_overlay_no_floor_context	41	void overlay	1841	5128	0	28	80	source_plane=0 shape=0 rot=0
terrain	void_overlay_no_floor_context	41	void overlay	1841	5129	0	28	80	source_plane=0 shape=0 rot=0
terrain	void_overlay_no_floor_context	41	void overlay	1841	5130	0	28	80	source_plane=0 shape=0 rot=0
terrain	void_overlay_no_floor_context	41	void overlay	1841	5131	0	28	80	source_plane=0 shape=0 rot=0
terrain	void_overlay_no_floor_context	41	void overlay	1841	5132	0	28	80	source_plane=0 shape=0 rot=0
terrain	void_overlay_no_floor_context	41	void overlay	1841	5133	0	28	80	source_plane=0 shape=0 rot=0
terrain	void_overlay_no_floor_context	41	void overlay	1841	5134	0	28	80	source_plane=0 shape=0 rot=0
terrain	void_overlay_no_floor_context	41	void overlay	1841	5135	0	28	80	source_plane=0 shape=0 rot=0
terrain	void_overlay_no_floor_context	41	void overlay	1841	5136	0	28	80	source_plane=0 shape=0 rot=0
terrain	void_overlay_no_floor_context	41	void overlay	1841	5137	0	28	80	source_plane=0 shape=0 rot=0
terrain	void_overlay_no_floor_context	41	void overlay	1841	5138	0	28	80	source_plane=0 shape=0 rot=0
terrain	void_overlay_no_floor_context	41	void overlay	1841	5139	0	28	80	source_plane=0 shape=0 rot=0
terrain	void_overlay_no_floor_context	41	void overlay	1841	5140	0	28	80	source_plane=0 shape=0 rot=0
terrain	void_overlay_no_floor_context	41	void overlay	1841	5141	0	28	80	source_plane=0 shape=0 rot=0
terrain	void_overlay_no_floor_context	41	void overlay	1841	5142	0	28	80	source_plane=0 shape=0 rot=0
terrain	void_overlay_no_floor_context	41	void overlay	1841	5143	0	28	80	source_plane=0 shape=0 rot=0
terrain	void_overlay_no_floor_context	41	void overlay	1841	5144	0	28	80	source_plane=0 shape=0 rot=0
terrain	void_overlay_no_floor_context	41	void overlay	1841	5145	0	28	80	source_plane=0 shape=0 rot=0
terrain	void_overlay_no_floor_context	41	void overlay	1841	5146	0	28	80	source_plane=0 shape=0 rot=0
terrain	void_overlay_no_floor_context	41	void overlay	1841	5147	0	28	80	source_plane=0 shape=0 rot=0
terrain	void_overlay_no_floor_context	41	void overlay	1841	5148	0	28	80	source_plane=0 shape=0 rot=0
terrain	void_overlay_no_floor_context	41	void overlay	1841	5149	0	28	80	source_plane=0 shape=0 rot=0
terrain	void_overlay_no_floor_context	41	void overlay	1841	5150	0	28	80	source_plane=0 shape=0 rot=0
terrain	void_overlay_no_floor_context	41	void overlay	1841	5151	0	28	80	source_plane=0 shape=0 rot=0
terrain	void_overlay_no_floor_context	41	void overlay	1841	5152	0	28	80	source_plane=0 shape=0 rot=0
terrain	void_overlay_no_floor_context	41	void overlay	1841	5153	0	28	80	source_plane=0 shape=0 rot=0
terrain	void_overlay_no_floor_context	41	void overlay	1841	5154	0	28	80	source_plane=0 shape=0 rot=0
terrain	void_overlay_no_floor_context	41	void overlay	1841	5155	0	28	80	source_plane=0 shape=0 rot=0
terrain	void_overlay_no_floor_context	41	void overlay	1841	5156	0	28	80	source_plane=0 shape=0 rot=0
terrain	void_overlay_no_floor_context	41	void overlay	1841	5157	0	28	80	source_plane=0 shape=0 rot=0
terrain	void_overlay_no_floor_context	41	void overlay	1841	5158	0	28	80	source_plane=0 shape=0 rot=0
terrain	void_overlay_no_floor_context	41	void overlay	1841	5159	0	28	80	source_plane=0 shape=0 rot=0
terrain	void_overlay_no_floor_context	41	void overlay	1841	5160	0	28	80	source_plane=0 shape=0 rot=0
terrain	void_overlay_no_floor_context	41	void overlay	1841	5161	0	28	80	source_plane=0 shape=0 rot=0
terrain	void_overlay_no_floor_context	41	void overlay	1841	5162	0	28	80	source_plane=0 shape=0 rot=0
terrain	void_overlay_no_floor_context	41	void overlay	1841	5163	0	28	80	source_plane=0 shape=0 rot=0
terrain	void_overlay_no_floor_context	41	void overlay	1841	5164	0	28	80	source_plane=0 shape=0 rot=0
terrain	void_overlay_no_floor_context	41	void overlay	1841	5165	0	28	80	source_plane=0 shape=0 rot=0
terrain	void_overlay_no_floor_context	41	void overlay	1841	5166	0	28	80	source_plane=0 shape=0 rot=0
terrain	void_overlay_no_floor_context	41	void overlay	1841	5167	0	28	80	source_plane=0 shape=0 rot=0
terrain	void_overlay_no_floor_context	41	void overlay	1841	5168	0	28	80	source_plane=0 shape=0 rot=0
terrain	void_overlay_no_floor_context	41	void overlay	1841	5169	0	28	80	source_plane=0 shape=0 rot=0
terrain	void_overlay_no_floor_context	41	void overlay	1841	5170	0	28	80	source_plane=0 shape=0 rot=0
terrain	void_overlay_no_floor_context	41	void overlay	1841	5171	0	28	80	source_plane=0 shape=0 rot=0
terrain	void_overlay_no_floor_context	41	void overlay	1841	5172	0	28	80	source_plane=0 shape=0 rot=0
terrain	void_overlay_no_floor_context	41	void overlay	1841	5173	0	28	80	source_plane=0 shape=0 rot=0
terrain	void_overlay_no_floor_context	41	void overlay	1841	5174	0	28	80	source_plane=0 shape=0 rot=0
terrain	void_overlay_no_floor_context	41	void overlay	1841	5175	0	28	80	source_plane=0 shape=0 rot=0
terrain	void_overlay_no_floor_context	41	void overlay	1841	5176	0	28	80	source_plane=0 shape=0 rot=0
terrain	void_overlay_no_floor_context	41	void overlay	1841	5177	0	28	80	source_plane=0 shape=0 rot=0
terrain	void_overlay_no_floor_context	41	void overlay	1841	5178	0	28	80	source_plane=0 shape=0 rot=0
terrain	void_overlay_no_floor_context	41	void overlay	1841	5179	0	28	80	source_plane=0 shape=0 rot=0
terrain	void_overlay_no_floor_context	41	void overlay	1841	5180	0	28	80	source_plane=0 shape=0 rot=0
terrain	void_overlay_no_floor_context	41	void overlay	1841	5181	0	28	80	source_plane=0 shape=0 rot=0
terrain	void_overlay_no_floor_context	41	void overlay	1841	5182	0	28	80	source_plane=0 shape=0 rot=0
terrain	void_overlay_no_floor_context	41	void overlay	1841	5183	0	28	80	source_plane=0 shape=0 rot=0
terrain	void_overlay_no_floor_context	41	void overlay	1842	5122	0	28	80	source_plane=0 shape=0 rot=0
terrain	void_overlay_no_floor_context	41	void overlay	1842	5123	0	28	80	source_plane=0 shape=0 rot=0
terrain	void_overlay_no_floor_context	41	void overlay	1842	5124	0	28	80	source_plane=0 shape=0 rot=0
terrain	void_overlay_no_floor_context	41	void overlay	1842	5125	0	28	80	source_plane=0 shape=0 rot=0
terrain	void_overlay_no_floor_context	41	void overlay	1842	5126	0	28	80	source_plane=0 shape=0 rot=0
terrain	void_overlay_no_floor_context	41	void overlay	1842	5127	0	28	80	source_plane=0 shape=0 rot=0
terrain	void_overlay_no_floor_context	41	void overlay	1842	5128	0	28	80	source_plane=0 shape=0 rot=0
terrain	void_overlay_no_floor_context	41	void overlay	1842	5129	0	28	80	source_plane=0 shape=0 rot=0
terrain	void_overlay_no_floor_context	41	void overlay	1842	5130	0	28	80	source_plane=0 shape=0 rot=0
terrain	void_overlay_no_floor_context	41	void overlay	1842	5131	0	28	80	source_plane=0 shape=0 rot=0
terrain	void_overlay_no_floor_context	41	void overlay	1842	5132	0	28	80	source_plane=0 shape=0 rot=0
terrain	void_overlay_no_floor_context	41	void overlay	1842	5133	0	28	80	source_plane=0 shape=0 rot=0
terrain	void_overlay_no_floor_context	41	void overlay	1842	5134	0	28	80	source_plane=0 shape=0 rot=0
terrain	void_overlay_no_floor_context	41	void overlay	1842	5135	0	28	80	source_plane=0 shape=0 rot=0
terrain	void_overlay_no_floor_context	41	void overlay	1842	5136	0	28	80	source_plane=0 shape=0 rot=0
terrain	void_overlay_no_floor_context	41	void overlay	1842	5137	0	28	80	source_plane=0 shape=0 rot=0
terrain	void_overlay_no_floor_context	41	void overlay	1842	5138	0	28	80	source_plane=0 shape=0 rot=0
terrain	void_overlay_no_floor_context	41	void overlay	1842	5139	0	28	80	source_plane=0 shape=0 rot=0
terrain	void_overlay_no_floor_context	41	void overlay	1842	5140	0	28	80	source_plane=0 shape=0 rot=0
terrain	void_overlay_no_floor_context	41	void overlay	1842	5141	0	28	80	source_plane=0 shape=0 rot=0
terrain	void_overlay_no_floor_context	41	void overlay	1842	5142	0	28	80	source_plane=0 shape=0 rot=0
terrain	void_overlay_no_floor_context	41	void overlay	1842	5143	0	28	80	source_plane=0 shape=0 rot=0
terrain	void_overlay_no_floor_context	41	void overlay	1842	5144	0	28	80	source_plane=0 shape=0 rot=0
terrain	void_overlay_no_floor_context	41	void overlay	1842	5145	0	28	80	source_plane=0 shape=0 rot=0
terrain	void_overlay_no_floor_context	41	void overlay	1842	5146	0	28	80	source_plane=0 shape=0 rot=0
terrain	void_overlay_no_floor_context	41	void overlay	1842	5147	0	28	80	source_plane=0 shape=0 rot=0
terrain	void_overlay_no_floor_context	41	void overlay	1842	5148	0	28	80	source_plane=0 shape=0 rot=0
terrain	void_overlay_no_floor_context	41	void overlay	1842	5149	0	28	80	source_plane=0 shape=0 rot=0
terrain	void_overlay_no_floor_context	41	void overlay	1842	5150	0	28	80	source_plane=0 shape=0 rot=0
terrain	void_overlay_no_floor_context	41	void overlay	1842	5151	0	28	80	source_plane=0 shape=0 rot=0
terrain	void_overlay_no_floor_context	41	void overlay	1842	5152	0	28	80	source_plane=0 shape=0 rot=0
terrain	void_overlay_no_floor_context	41	void overlay	1842	5153	0	28	80	source_plane=0 shape=0 rot=0
terrain	void_overlay_no_floor_context	41	void overlay	1842	5154	0	28	80	source_plane=0 shape=0 rot=0
terrain	void_overlay_no_floor_context	41	void overlay	1842	5155	0	28	80	source_plane=0 shape=0 rot=0
terrain	void_overlay_no_floor_context	41	void overlay	1842	5156	0	28	80	source_plane=0 shape=0 rot=0
terrain	void_overlay_no_floor_context	41	void overlay	1842	5157	0	28	80	source_plane=0 shape=0 rot=0
terrain	void_overlay_no_floor_context	41	void overlay	1842	5158	0	28	80	source_plane=0 shape=0 rot=0
terrain	void_overlay_no_floor_context	41	void overlay	1842	5159	0	28	80	source_plane=0 shape=0 rot=0
terrain	void_overlay_no_floor_context	41	void overlay	1842	5160	0	28	80	source_plane=0 shape=0 rot=0
terrain	void_overlay_no_floor_context	41	void overlay	1842	5161	0	28	80	source_plane=0 shape=0 rot=0
terrain	void_overlay_no_floor_context	41	void overlay	1842	5162	0	28	80	source_plane=0 shape=0 rot=0
terrain	void_overlay_no_floor_context	41	void overlay	1842	5163	0	28	80	source_plane=0 shape=0 rot=0
terrain	void_overlay_no_floor_context	41	void overlay	1842	5164	0	28	80	source_plane=0 shape=0 rot=0
terrain	void_overlay_no_floor_context	41	void overlay	1842	5165	0	28	80	source_plane=0 shape=0 rot=0
terrain	void_overlay_no_floor_context	41	void overlay	1842	5166	0	28	80	source_plane=0 shape=0 rot=0
terrain	void_overlay_no_floor_context	41	void overlay	1842	5167	0	28	80	source_plane=0 shape=0 rot=0
terrain	void_overlay_no_floor_context	41	void overlay	1842	5168	0	28	80	source_plane=0 shape=0 rot=0
terrain	void_overlay_no_floor_context	41	void overlay	1842	5169	0	28	80	source_plane=0 shape=0 rot=0
terrain	void_overlay_no_floor_context	41	void overlay	1842	5170	0	28	80	source_plane=0 shape=0 rot=0
terrain	void_overlay_no_floor_context	41	void overlay	1842	5171	0	28	80	source_plane=0 shape=0 rot=0
terrain	void_overlay_no_floor_context	41	void overlay	1842	5172	0	28	80	source_plane=0 shape=0 rot=0
terrain	void_overlay_no_floor_context	41	void overlay	1842	5173	0	28	80	source_plane=0 shape=0 rot=0
terrain	void_overlay_no_floor_context	41	void overlay	1842	5174	0	28	80	source_plane=0 shape=0 rot=0
terrain	void_overlay_no_floor_context	41	void overlay	1842	5175	0	28	80	source_plane=0 shape=0 rot=0
terrain	void_overlay_no_floor_context	41	void overlay	1842	5176	0	28	80	source_plane=0 shape=0 rot=0
terrain	void_overlay_no_floor_context	41	void overlay	1842	5177	0	28	80	source_plane=0 shape=0 rot=0
terrain	void_overlay_no_floor_context	41	void overlay	1842	5178	0	28	80	source_plane=0 shape=0 rot=0
terrain	void_overlay_no_floor_context	41	void overlay	1842	5179	0	28	80	source_plane=0 shape=0 rot=0
terrain	void_overlay_no_floor_context	41	void overlay	1842	5180	0	28	80	source_plane=0 shape=0 rot=0
terrain	void_overlay_no_floor_context	41	void overlay	1842	5181	0	28	80	source_plane=0 shape=0 rot=0
terrain	void_overlay_no_floor_context	41	void overlay	1842	5182	0	28	80	source_plane=0 shape=0 rot=0
terrain	void_overlay_no_floor_context	41	void overlay	1842	5183	0	28	80	source_plane=0 shape=0 rot=0
terrain	void_overlay_no_floor_context	41	void overlay	1843	5122	0	28	80	source_plane=0 shape=0 rot=0
terrain	void_overlay_no_floor_context	41	void overlay	1843	5123	0	28	80	source_plane=0 shape=0 rot=0
terrain	void_overlay_no_floor_context	41	void overlay	1843	5124	0	28	80	source_plane=0 shape=0 rot=0
terrain	void_overlay_no_floor_context	41	void overlay	1843	5125	0	28	80	source_plane=0 shape=0 rot=0
terrain	void_overlay_no_floor_context	41	void overlay	1843	5126	0	28	80	source_plane=0 shape=0 rot=0
terrain	void_overlay_no_floor_context	41	void overlay	1843	5127	0	28	80	source_plane=0 shape=0 rot=0
terrain	void_overlay_no_floor_context	41	void overlay	1843	5128	0	28	80	source_plane=0 shape=0 rot=0
terrain	void_overlay_no_floor_context	41	void overlay	1843	5129	0	28	80	source_plane=0 shape=0 rot=0
terrain	void_overlay_no_floor_context	41	void overlay	1843	5130	0	28	80	source_plane=0 shape=0 rot=0
terrain	void_overlay_no_floor_context	41	void overlay	1843	5131	0	28	80	source_plane=0 shape=0 rot=0
terrain	void_overlay_no_floor_context	41	void overlay	1843	5132	0	28	80	source_plane=0 shape=0 rot=0
terrain	void_overlay_no_floor_context	41	void overlay	1843	5133	0	28	80	source_plane=0 shape=0 rot=0
terrain	void_overlay_no_floor_context	41	void overlay	1843	5134	0	28	80	source_plane=0 shape=0 rot=0
terrain	void_overlay_no_floor_context	41	void overlay	1843	5135	0	28	80	source_plane=0 shape=0 rot=0
terrain	void_overlay_no_floor_context	41	void overlay	1843	5136	0	28	80	source_plane=0 shape=0 rot=0
terrain	void_overlay_no_floor_context	41	void overlay	1843	5137	0	28	80	source_plane=0 shape=0 rot=0
terrain	void_overlay_no_floor_context	41	void overlay	1843	5138	0	28	80	source_plane=0 shape=0 rot=0
terrain	void_overlay_no_floor_context	41	void overlay	1843	5139	0	28	80	source_plane=0 shape=0 rot=0
terrain	void_overlay_no_floor_context	41	void overlay	1843	5140	0	28	80	source_plane=0 shape=0 rot=0
terrain	void_overlay_no_floor_context	41	void overlay	1843	5141	0	28	80	source_plane=0 shape=0 rot=0
terrain	void_overlay_no_floor_context	41	void overlay	1843	5142	0	28	80	source_plane=0 shape=0 rot=0
terrain	void_overlay_no_floor_context	41	void overlay	1843	5143	0	28	80	source_plane=0 shape=0 rot=0
terrain	void_overlay_no_floor_context	41	void overlay	1843	5144	0	28	80	source_plane=0 shape=0 rot=0
terrain	void_overlay_no_floor_context	41	void overlay	1843	5145	0	28	80	source_plane=0 shape=0 rot=0
terrain	void_overlay_no_floor_context	41	void overlay	1843	5146	0	28	80	source_plane=0 shape=0 rot=0
terrain	void_overlay_no_floor_context	41	void overlay	1843	5147	0	28	80	source_plane=0 shape=0 rot=0
terrain	void_overlay_no_floor_context	41	void overlay	1843	5148	0	28	80	source_plane=0 shape=0 rot=0
terrain	void_overlay_no_floor_context	41	void overlay	1843	5149	0	28	80	source_plane=0 shape=0 rot=0
terrain	void_overlay_no_floor_context	41	void overlay	1843	5150	0	28	80	source_plane=0 shape=0 rot=0
terrain	void_overlay_no_floor_context	41	void overlay	1843	5151	0	28	80	source_plane=0 shape=0 rot=0
terrain	void_overlay_no_floor_context	41	void overlay	1843	5152	0	28	80	source_plane=0 shape=0 rot=0
terrain	void_overlay_no_floor_context	41	void overlay	1843	5153	0	28	80	source_plane=0 shape=0 rot=0
terrain	void_overlay_no_floor_context	41	void overlay	1843	5154	0	28	80	source_plane=0 shape=0 rot=0
terrain	void_overlay_no_floor_context	41	void overlay	1843	5155	0	28	80	source_plane=0 shape=0 rot=0
terrain	void_overlay_no_floor_context	41	void overlay	1843	5156	0	28	80	source_plane=0 shape=0 rot=0
terrain	void_overlay_no_floor_context	41	void overlay	1843	5157	0	28	80	source_plane=0 shape=0 rot=0
terrain	void_overlay_no_floor_context	41	void overlay	1843	5158	0	28	80	source_plane=0 shape=0 rot=0
terrain	void_overlay_no_floor_context	41	void overlay	1843	5159	0	28	80	source_plane=0 shape=0 rot=0
terrain	void_overlay_no_floor_context	41	void overlay	1843	5160	0	28	80	source_plane=0 shape=0 rot=0
terrain	void_overlay_no_floor_context	41	void overlay	1843	5161	0	28	80	source_plane=0 shape=0 rot=0
terrain	void_overlay_no_floor_context	41	void overlay	1843	5162	0	28	80	source_plane=0 shape=0 rot=0
terrain	void_overlay_no_floor_context	41	void overlay	1843	5163	0	28	80	source_plane=0 shape=0 rot=0
terrain	void_overlay_no_floor_context	41	void overlay	1843	5164	0	28	80	source_plane=0 shape=0 rot=0
terrain	void_overlay_no_floor_context	41	void overlay	1843	5165	0	28	80	source_plane=0 shape=0 rot=0
terrain	void_overlay_no_floor_context	41	void overlay	1843	5166	0	28	80	source_plane=0 shape=0 rot=0
terrain	void_overlay_no_floor_context	41	void overlay	1843	5167	0	28	80	source_plane=0 shape=0 rot=0
terrain	void_overlay_no_floor_context	41	void overlay	1843	5168	0	28	80	source_plane=0 shape=0 rot=0
terrain	void_overlay_no_floor_context	41	void overlay	1843	5169	0	28	80	source_plane=0 shape=0 rot=0
terrain	void_overlay_no_floor_context	41	void overlay	1843	5170	0	28	80	source_plane=0 shape=0 rot=0
terrain	void_overlay_no_floor_context	41	void overlay	1843	5171	0	28	80	source_plane=0 shape=0 rot=0
terrain	void_overlay_no_floor_context	41	void overlay	1843	5172	0	28	80	source_plane=0 shape=0 rot=0
terrain	void_overlay_no_floor_context	41	void overlay	1843	5173	0	28	80	source_plane=0 shape=0 rot=0
terrain	void_overlay_no_floor_context	41	void overlay	1843	5174	0	28	80	source_plane=0 shape=0 rot=0
terrain	void_overlay_no_floor_context	41	void overlay	1843	5175	0	28	80	source_plane=0 shape=0 rot=0
terrain	void_overlay_no_floor_context	41	void overlay	1843	5176	0	28	80	source_plane=0 shape=0 rot=0
terrain	void_overlay_no_floor_context	41	void overlay	1843	5177	0	28	80	source_plane=0 shape=0 rot=0
terrain	void_overlay_no_floor_context	41	void overlay	1843	5178	0	28	80	source_plane=0 shape=0 rot=0
terrain	void_overlay_no_floor_context	41	void overlay	1843	5179	0	28	80	source_plane=0 shape=0 rot=0
terrain	void_overlay_no_floor_context	41	void overlay	1843	5180	0	28	80	source_plane=0 shape=0 rot=0
terrain	void_overlay_no_floor_context	41	void overlay	1843	5181	0	28	80	source_plane=0 shape=0 rot=0
terrain	void_overlay_no_floor_context	41	void overlay	1843	5182	0	28	80	source_plane=0 shape=0 rot=0
terrain	void_overlay_no_floor_context	41	void overlay	1843	5183	0	28	80	source_plane=0 shape=0 rot=0
terrain	void_overlay_no_floor_context	41	void overlay	1844	5122	0	28	80	source_plane=0 shape=0 rot=0
terrain	void_overlay_no_floor_context	41	void overlay	1844	5123	0	28	80	source_plane=0 shape=0 rot=0
terrain	void_overlay_no_floor_context	41	void overlay	1844	5124	0	28	80	source_plane=0 shape=0 rot=0
terrain	void_overlay_no_floor_context	41	void overlay	1844	5125	0	28	80	source_plane=0 shape=0 rot=0
terrain	void_overlay_no_floor_context	41	void overlay	1844	5126	0	28	80	source_plane=0 shape=0 rot=0
terrain	void_overlay_no_floor_context	41	void overlay	1844	5127	0	28	80	source_plane=0 shape=0 rot=0
terrain	void_overlay_no_floor_context	41	void overlay	1844	5128	0	28	80	source_plane=0 shape=0 rot=0
terrain	void_overlay_no_floor_context	41	void overlay	1844	5129	0	28	80	source_plane=0 shape=0 rot=0
terrain	void_overlay_no_floor_context	41	void overlay	1844	5130	0	28	80	source_plane=0 shape=0 rot=0
terrain	void_overlay_no_floor_context	41	void overlay	1844	5131	0	28	80	source_plane=0 shape=0 rot=0
terrain	void_overlay_no_floor_context	41	void overlay	1844	5132	0	28	80	source_plane=0 shape=0 rot=0
terrain	void_overlay_no_floor_context	41	void overlay	1844	5133	0	28	80	source_plane=0 shape=0 rot=0
terrain	void_overlay_no_floor_context	41	void overlay	1844	5134	0	28	80	source_plane=0 shape=0 rot=0
terrain	void_overlay_no_floor_context	41	void overlay	1844	5135	0	28	80	source_plane=0 shape=0 rot=0
terrain	void_overlay_no_floor_context	41	void overlay	1844	5136	0	28	80	source_plane=0 shape=0 rot=0
terrain	void_overlay_no_floor_context	41	void overlay	1844	5137	0	28	80	source_plane=0 shape=0 rot=0
terrain	void_overlay_no_floor_context	41	void overlay	1844	5138	0	28	80	source_plane=0 shape=0 rot=0
terrain	void_overlay_no_floor_context	41	void overlay	1844	5139	0	28	80	source_plane=0 shape=0 rot=0
terrain	void_overlay_no_floor_context	41	void overlay	1844	5140	0	28	80	source_plane=0 shape=0 rot=0
terrain	void_overlay_no_floor_context	41	void overlay	1844	5141	0	28	80	source_plane=0 shape=0 rot=0
terrain	void_overlay_no_floor_context	41	void overlay	1844	5142	0	28	80	source_plane=0 shape=0 rot=0
terrain	void_overlay_no_floor_context	41	void overlay	1844	5143	0	28	80	source_plane=0 shape=0 rot=0
terrain	void_overlay_no_floor_context	41	void overlay	1844	5144	0	28	80	source_plane=0 shape=0 rot=0
terrain	void_overlay_no_floor_context	41	void overlay	1844	5145	0	28	80	source_plane=0 shape=0 rot=0
terrain	void_overlay_no_floor_context	41	void overlay	1844	5146	0	28	80	source_plane=0 shape=0 rot=0
terrain	void_overlay_no_floor_context	41	void overlay	1844	5147	0	28	80	source_plane=0 shape=0 rot=0
terrain	void_overlay_no_floor_context	41	void overlay	1844	5148	0	28	80	source_plane=0 shape=0 rot=0
terrain	void_overlay_no_floor_context	41	void overlay	1844	5149	0	28	80	source_plane=0 shape=0 rot=0
terrain	void_overlay_no_floor_context	41	void overlay	1844	5150	0	28	80	source_plane=0 shape=0 rot=0
terrain	void_overlay_no_floor_context	41	void overlay	1844	5151	0	28	80	source_plane=0 shape=0 rot=0
terrain	void_overlay_no_floor_context	41	void overlay	1844	5152	0	28	80	source_plane=0 shape=0 rot=0
terrain	void_overlay_no_floor_context	41	void overlay	1844	5153	0	28	80	source_plane=0 shape=0 rot=0
terrain	void_overlay_no_floor_context	41	void overlay	1844	5154	0	28	80	source_plane=0 shape=0 rot=0
terrain	void_overlay_no_floor_context	41	void overlay	1844	5155	0	28	80	source_plane=0 shape=0 rot=0
terrain	void_overlay_no_floor_context	41	void overlay	1844	5156	0	28	80	source_plane=0 shape=0 rot=0
terrain	void_overlay_no_floor_context	41	void overlay	1844	5157	0	28	80	source_plane=0 shape=0 rot=0
terrain	void_overlay_no_floor_context	41	void overlay	1844	5158	0	28	80	source_plane=0 shape=0 rot=0
terrain	void_overlay_no_floor_context	41	void overlay	1844	5159	0	28	80	source_plane=0 shape=0 rot=0
terrain	void_overlay_no_floor_context	41	void overlay	1844	5160	0	28	80	source_plane=0 shape=0 rot=0
terrain	void_overlay_no_floor_context	41	void overlay	1844	5161	0	28	80	source_plane=0 shape=0 rot=0
terrain	void_overlay_no_floor_context	41	void overlay	1844	5162	0	28	80	source_plane=0 shape=0 rot=0
terrain	void_overlay_no_floor_context	41	void overlay	1844	5163	0	28	80	source_plane=0 shape=0 rot=0
terrain	void_overlay_no_floor_context	41	void overlay	1844	5164	0	28	80	source_plane=0 shape=0 rot=0
terrain	void_overlay_no_floor_context	41	void overlay	1844	5165	0	28	80	source_plane=0 shape=0 rot=0
terrain	void_overlay_no_floor_context	41	void overlay	1844	5166	0	28	80	source_plane=0 shape=0 rot=0
terrain	void_overlay_no_floor_context	41	void overlay	1844	5167	0	28	80	source_plane=0 shape=0 rot=0
terrain	void_overlay_no_floor_context	41	void overlay	1844	5168	0	28	80	source_plane=0 shape=0 rot=0
terrain	void_overlay_no_floor_context	41	void overlay	1844	5169	0	28	80	source_plane=0 shape=0 rot=0
terrain	void_overlay_no_floor_context	41	void overlay	1844	5170	0	28	80	source_plane=0 shape=0 rot=0
terrain	void_overlay_no_floor_context	41	void overlay	1844	5171	0	28	80	source_plane=0 shape=0 rot=0
terrain	void_overlay_no_floor_context	41	void overlay	1844	5172	0	28	80	source_plane=0 shape=0 rot=0
terrain	void_overlay_no_floor_context	41	void overlay	1844	5173	0	28	80	source_plane=0 shape=0 rot=0
terrain	void_overlay_no_floor_context	41	void overlay	1844	5174	0	28	80	source_plane=0 shape=0 rot=0
terrain	void_overlay_no_floor_context	41	void overlay	1844	5175	0	28	80	source_plane=0 shape=0 rot=0
terrain	void_overlay_no_floor_context	41	void overlay	1844	5176	0	28	80	source_plane=0 shape=0 rot=0
terrain	void_overlay_no_floor_context	41	void overlay	1844	5177	0	28	80	source_plane=0 shape=0 rot=0
terrain	void_overlay_no_floor_context	41	void overlay	1844	5178	0	28	80	source_plane=0 shape=0 rot=0
terrain	void_overlay_no_floor_context	41	void overlay	1844	5179	0	28	80	source_plane=0 shape=0 rot=0
terrain	void_overlay_no_floor_context	41	void overlay	1844	5180	0	28	80	source_plane=0 shape=0 rot=0
terrain	void_overlay_no_floor_context	41	void overlay	1844	5181	0	28	80	source_plane=0 shape=0 rot=0
terrain	void_overlay_no_floor_context	41	void overlay	1844	5182	0	28	80	source_plane=0 shape=0 rot=0
terrain	void_overlay_no_floor_context	41	void overlay	1844	5183	0	28	80	source_plane=0 shape=0 rot=0
terrain	void_overlay_no_floor_context	41	void overlay	1845	5122	0	28	80	source_plane=0 shape=0 rot=0
terrain	void_overlay_no_floor_context	41	void overlay	1845	5123	0	28	80	source_plane=0 shape=0 rot=0
terrain	void_overlay_no_floor_context	41	void overlay	1845	5124	0	28	80	source_plane=0 shape=0 rot=0
terrain	void_overlay_no_floor_context	41	void overlay	1845	5125	0	28	80	source_plane=0 shape=0 rot=0
terrain	void_overlay_no_floor_context	41	void overlay	1845	5126	0	28	80	source_plane=0 shape=0 rot=0
terrain	void_overlay_no_floor_context	41	void overlay	1845	5127	0	28	80	source_plane=0 shape=0 rot=0
terrain	void_overlay_no_floor_context	41	void overlay	1845	5128	0	28	80	source_plane=0 shape=0 rot=0
terrain	void_overlay_no_floor_context	41	void overlay	1845	5129	0	28	80	source_plane=0 shape=0 rot=0
terrain	void_overlay_no_floor_context	41	void overlay	1845	5130	0	28	80	source_plane=0 shape=0 rot=0
terrain	void_overlay_no_floor_context	41	void overlay	1845	5131	0	28	80	source_plane=0 shape=0 rot=0
terrain	void_overlay_no_floor_context	41	void overlay	1845	5132	0	28	80	source_plane=0 shape=0 rot=0
terrain	void_overlay_no_floor_context	41	void overlay	1845	5133	0	28	80	source_plane=0 shape=0 rot=0
terrain	void_overlay_no_floor_context	41	void overlay	1845	5134	0	28	80	source_plane=0 shape=0 rot=0
terrain	void_overlay_no_floor_context	41	void overlay	1845	5135	0	28	80	source_plane=0 shape=0 rot=0
terrain	void_overlay_no_floor_context	41	void overlay	1845	5136	0	28	80	source_plane=0 shape=0 rot=0
terrain	void_overlay_no_floor_context	41	void overlay	1845	5137	0	28	80	source_plane=0 shape=0 rot=0
terrain	void_overlay_no_floor_context	41	void overlay	1845	5138	0	28	80	source_plane=0 shape=0 rot=0
terrain	void_overlay_no_floor_context	41	void overlay	1845	5139	0	28	80	source_plane=0 shape=0 rot=0
terrain	void_overlay_no_floor_context	41	void overlay	1845	5140	0	28	80	source_plane=0 shape=0 rot=0
terrain	void_overlay_no_floor_context	41	void overlay	1845	5141	0	28	80	source_plane=0 shape=0 rot=0
terrain	void_overlay_no_floor_context	41	void overlay	1845	5142	0	28	80	source_plane=0 shape=0 rot=0
terrain	void_overlay_no_floor_context	41	void overlay	1845	5143	0	28	80	source_plane=0 shape=0 rot=0
terrain	void_overlay_no_floor_context	41	void overlay	1845	5144	0	28	80	source_plane=0 shape=0 rot=0
terrain	void_overlay_no_floor_context	41	void overlay	1845	5145	0	28	80	source_plane=0 shape=0 rot=0
terrain	void_overlay_no_floor_context	41	void overlay	1845	5146	0	28	80	source_plane=0 shape=0 rot=0
terrain	void_overlay_no_floor_context	41	void overlay	1845	5147	0	28	80	source_plane=0 shape=0 rot=0
terrain	void_overlay_no_floor_context	41	void overlay	1845	5148	0	28	80	source_plane=0 shape=0 rot=0
terrain	void_overlay_no_floor_context	41	void overlay	1845	5149	0	28	80	source_plane=0 shape=0 rot=0
terrain	void_overlay_no_floor_context	41	void overlay	1845	5150	0	28	80	source_plane=0 shape=0 rot=0
terrain	void_overlay_no_floor_context	41	void overlay	1845	5151	0	28	80	source_plane=0 shape=0 rot=0
terrain	void_overlay_no_floor_context	41	void overlay	1845	5152	0	28	80	source_plane=0 shape=0 rot=0
terrain	void_overlay_no_floor_context	41	void overlay	1845	5153	0	28	80	source_plane=0 shape=0 rot=0
terrain	void_overlay_no_floor_context	41	void overlay	1845	5154	0	28	80	source_plane=0 shape=0 rot=0
terrain	void_overlay_no_floor_context	41	void overlay	1845	5155	0	28	80	source_plane=0 shape=0 rot=0
terrain	void_overlay_no_floor_context	41	void overlay	1845	5156	0	28	80	source_plane=0 shape=0 rot=0
terrain	void_overlay_no_floor_context	41	void overlay	1845	5157	0	28	80	source_plane=0 shape=0 rot=0
terrain	void_overlay_no_floor_context	41	void overlay	1845	5158	0	28	80	source_plane=0 shape=0 rot=0
terrain	void_overlay_no_floor_context	41	void overlay	1845	5159	0	28	80	source_plane=0 shape=0 rot=0
terrain	void_overlay_no_floor_context	41	void overlay	1845	5160	0	28	80	source_plane=0 shape=0 rot=0
terrain	void_overlay_no_floor_context	41	void overlay	1845	5161	0	28	80	source_plane=0 shape=0 rot=0
terrain	void_overlay_no_floor_context	41	void overlay	1845	5162	0	28	80	source_plane=0 shape=0 rot=0
terrain	void_overlay_no_floor_context	41	void overlay	1845	5163	0	28	80	source_plane=0 shape=0 rot=0
terrain	void_overlay_no_floor_context	41	void overlay	1845	5164	0	28	80	source_plane=0 shape=0 rot=0
terrain	void_overlay_no_floor_context	41	void overlay	1845	5165	0	28	80	source_plane=0 shape=0 rot=0
terrain	void_overlay_no_floor_context	41	void overlay	1845	5166	0	28	80	source_plane=0 shape=0 rot=0
terrain	void_overlay_no_floor_context	41	void overlay	1845	5167	0	28	80	source_plane=0 shape=0 rot=0
terrain	void_overlay_no_floor_context	41	void overlay	1845	5168	0	28	80	source_plane=0 shape=0 rot=0
terrain	void_overlay_no_floor_context	41	void overlay	1845	5169	0	28	80	source_plane=0 shape=0 rot=0
terrain	void_overlay_no_floor_context	41	void overlay	1845	5170	0	28	80	source_plane=0 shape=0 rot=0
terrain	void_overlay_no_floor_context	41	void overlay	1845	5171	0	28	80	source_plane=0 shape=0 rot=0
terrain	void_overlay_no_floor_context	41	void overlay	1845	5172	0	28	80	source_plane=0 shape=0 rot=0
terrain	void_overlay_no_floor_context	41	void overlay	1845	5173	0	28	80	source_plane=0 shape=0 rot=0
terrain	void_overlay_no_floor_context	41	void overlay	1845	5174	0	28	80	source_plane=0 shape=0 rot=0
terrain	void_overlay_no_floor_context	41	void overlay	1845	5175	0	28	80	source_plane=0 shape=0 rot=0
terrain	void_overlay_no_floor_context	41	void overlay	1845	5176	0	28	80	source_plane=0 shape=0 rot=0
terrain	void_overlay_no_floor_context	41	void overlay	1845	5177	0	28	80	source_plane=0 shape=0 rot=0
terrain	void_overlay_no_floor_context	41	void overlay	1845	5178	0	28	80	source_plane=0 shape=0 rot=0
terrain	void_overlay_no_floor_context	41	void overlay	1845	5179	0	28	80	source_plane=0 shape=0 rot=0
terrain	void_overlay_no_floor_context	41	void overlay	1845	5180	0	28	80	source_plane=0 shape=0 rot=0
terrain	void_overlay_no_floor_context	41	void overlay	1845	5181	0	28	80	source_plane=0 shape=0 rot=0
terrain	void_overlay_no_floor_context	41	void overlay	1845	5182	0	28	80	source_plane=0 shape=0 rot=0
terrain	void_overlay_no_floor_context	41	void overlay	1845	5183	0	28	80	source_plane=0 shape=0 rot=0
terrain	void_overlay_no_floor_context	41	void overlay	1846	5122	0	28	80	source_plane=0 shape=0 rot=0
terrain	void_overlay_no_floor_context	41	void overlay	1846	5123	0	28	80	source_plane=0 shape=0 rot=0
terrain	void_overlay_no_floor_context	41	void overlay	1846	5124	0	28	80	source_plane=0 shape=0 rot=0
terrain	void_overlay_no_floor_context	41	void overlay	1846	5125	0	28	80	source_plane=0 shape=0 rot=0
terrain	void_overlay_no_floor_context	41	void overlay	1846	5126	0	28	80	source_plane=0 shape=0 rot=0
terrain	void_overlay_no_floor_context	41	void overlay	1846	5127	0	28	80	source_plane=0 shape=0 rot=0
terrain	void_overlay_no_floor_context	41	void overlay	1846	5128	0	28	80	source_plane=0 shape=0 rot=0
terrain	void_overlay_no_floor_context	41	void overlay	1846	5129	0	28	80	source_plane=0 shape=0 rot=0
terrain	void_overlay_no_floor_context	41	void overlay	1846	5130	0	28	80	source_plane=0 shape=0 rot=0
terrain	void_overlay_no_floor_context	41	void overlay	1846	5131	0	28	80	source_plane=0 shape=0 rot=0
terrain	void_overlay_no_floor_context	41	void overlay	1846	5132	0	28	80	source_plane=0 shape=0 rot=0
terrain	void_overlay_no_floor_context	41	void overlay	1846	5133	0	28	80	source_plane=0 shape=0 rot=0
terrain	void_overlay_no_floor_context	41	void overlay	1846	5134	0	28	80	source_plane=0 shape=0 rot=0
terrain	void_overlay_no_floor_context	41	void overlay	1846	5135	0	28	80	source_plane=0 shape=0 rot=0
terrain	void_overlay_no_floor_context	41	void overlay	1846	5136	0	28	80	source_plane=0 shape=0 rot=0
terrain	void_overlay_no_floor_context	41	void overlay	1846	5137	0	28	80	source_plane=0 shape=0 rot=0
terrain	void_overlay_no_floor_context	41	void overlay	1846	5138	0	28	80	source_plane=0 shape=0 rot=0
terrain	void_overlay_no_floor_context	41	void overlay	1846	5139	0	28	80	source_plane=0 shape=0 rot=0
terrain	void_overlay_no_floor_context	41	void overlay	1846	5140	0	28	80	source_plane=0 shape=0 rot=0
terrain	void_overlay_no_floor_context	41	void overlay	1846	5141	0	28	80	source_plane=0 shape=0 rot=0
terrain	void_overlay_no_floor_context	41	void overlay	1846	5142	0	28	80	source_plane=0 shape=0 rot=0
terrain	void_overlay_no_floor_context	41	void overlay	1846	5143	0	28	80	source_plane=0 shape=0 rot=0
terrain	void_overlay_no_floor_context	41	void overlay	1846	5144	0	28	80	source_plane=0 shape=0 rot=0
terrain	void_overlay_no_floor_context	41	void overlay	1846	5145	0	28	80	source_plane=0 shape=0 rot=0
terrain	void_overlay_no_floor_context	41	void overlay	1846	5146	0	28	80	source_plane=0 shape=0 rot=0
terrain	void_overlay_no_floor_context	41	void overlay	1846	5147	0	28	80	source_plane=0 shape=0 rot=0
terrain	void_overlay_no_floor_context	41	void overlay	1846	5148	0	28	80	source_plane=0 shape=0 rot=0
terrain	void_overlay_no_floor_context	41	void overlay	1846	5149	0	28	80	source_plane=0 shape=0 rot=0
terrain	void_overlay_no_floor_context	41	void overlay	1846	5150	0	28	80	source_plane=0 shape=0 rot=0
terrain	void_overlay_no_floor_context	41	void overlay	1846	5151	0	28	80	source_plane=0 shape=0 rot=0
terrain	void_overlay_no_floor_context	41	void overlay	1846	5152	0	28	80	source_plane=0 shape=0 rot=0
terrain	void_overlay_no_floor_context	41	void overlay	1846	5153	0	28	80	source_plane=0 shape=0 rot=0
terrain	void_overlay_no_floor_context	41	void overlay	1846	5154	0	28	80	source_plane=0 shape=0 rot=0
terrain	void_overlay_no_floor_context	41	void overlay	1846	5155	0	28	80	source_plane=0 shape=0 rot=0
terrain	void_overlay_no_floor_context	41	void overlay	1846	5156	0	28	80	source_plane=0 shape=0 rot=0
terrain	void_overlay_no_floor_context	41	void overlay	1846	5157	0	28	80	source_plane=0 shape=0 rot=0
terrain	void_overlay_no_floor_context	41	void overlay	1846	5158	0	28	80	source_plane=0 shape=0 rot=0
terrain	void_overlay_no_floor_context	41	void overlay	1846	5159	0	28	80	source_plane=0 shape=0 rot=0
terrain	void_overlay_no_floor_context	41	void overlay	1846	5160	0	28	80	source_plane=0 shape=0 rot=0
terrain	void_overlay_no_floor_context	41	void overlay	1846	5161	0	28	80	source_plane=0 shape=0 rot=0
terrain	void_overlay_no_floor_context	41	void overlay	1846	5162	0	28	80	source_plane=0 shape=0 rot=0
terrain	void_overlay_no_floor_context	41	void overlay	1846	5163	0	28	80	source_plane=0 shape=0 rot=0
terrain	void_overlay_no_floor_context	41	void overlay	1846	5164	0	28	80	source_plane=0 shape=0 rot=0
terrain	void_overlay_no_floor_context	41	void overlay	1846	5165	0	28	80	source_plane=0 shape=0 rot=0
terrain	void_overlay_no_floor_context	41	void overlay	1846	5166	0	28	80	source_plane=0 shape=0 rot=0
terrain	void_overlay_no_floor_context	41	void overlay	1846	5167	0	28	80	source_plane=0 shape=0 rot=0
terrain	void_overlay_no_floor_context	41	void overlay	1846	5168	0	28	80	source_plane=0 shape=0 rot=0
terrain	void_overlay_no_floor_context	41	void overlay	1846	5169	0	28	80	source_plane=0 shape=0 rot=0
terrain	void_overlay_no_floor_context	41	void overlay	1846	5170	0	28	80	source_plane=0 shape=0 rot=0
terrain	void_overlay_no_floor_context	41	void overlay	1846	5171	0	28	80	source_plane=0 shape=0 rot=0
terrain	void_overlay_no_floor_context	41	void overlay	1846	5172	0	28	80	source_plane=0 shape=0 rot=0
terrain	void_overlay_no_floor_context	41	void overlay	1846	5173	0	28	80	source_plane=0 shape=0 rot=0
terrain	void_overlay_no_floor_context	41	void overlay	1846	5174	0	28	80	source_plane=0 shape=0 rot=0
terrain	void_overlay_no_floor_context	41	void overlay	1846	5175	0	28	80	source_plane=0 shape=0 rot=0
terrain	void_overlay_no_floor_context	41	void overlay	1846	5176	0	28	80	source_plane=0 shape=0 rot=0
terrain	void_overlay_no_floor_context	41	void overlay	1846	5177	0	28	80	source_plane=0 shape=0 rot=0
terrain	void_overlay_no_floor_context	41	void overlay	1846	5178	0	28	80	source_plane=0 shape=0 rot=0
terrain	void_overlay_no_floor_context	41	void overlay	1846	5179	0	28	80	source_plane=0 shape=0 rot=0
terrain	void_overlay_no_floor_context	41	void overlay	1846	5180	0	28	80	source_plane=0 shape=0 rot=0
terrain	void_overlay_no_floor_context	41	void overlay	1846	5181	0	28	80	source_plane=0 shape=0 rot=0
terrain	void_overlay_no_floor_context	41	void overlay	1846	5182	0	28	80	source_plane=0 shape=0 rot=0
terrain	void_overlay_no_floor_context	41	void overlay	1846	5183	0	28	80	source_plane=0 shape=0 rot=0
terrain	void_overlay_no_floor_context	41	void overlay	1847	5122	0	28	80	source_plane=0 shape=0 rot=0
terrain	void_overlay_no_floor_context	41	void overlay	1847	5123	0	28	80	source_plane=0 shape=0 rot=0
terrain	void_overlay_no_floor_context	41	void overlay	1847	5124	0	28	80	source_plane=0 shape=0 rot=0
terrain	void_overlay_no_floor_context	41	void overlay	1847	5125	0	28	80	source_plane=0 shape=0 rot=0
terrain	void_overlay_no_floor_context	41	void overlay	1847	5126	0	28	80	source_plane=0 shape=0 rot=0
terrain	void_overlay_no_floor_context	41	void overlay	1847	5127	0	28	80	source_plane=0 shape=0 rot=0
terrain	void_overlay_no_floor_context	41	void overlay	1847	5128	0	28	80	source_plane=0 shape=0 rot=0
terrain	void_overlay_no_floor_context	41	void overlay	1847	5129	0	28	80	source_plane=0 shape=0 rot=0
terrain	void_overlay_no_floor_context	41	void overlay	1847	5130	0	28	80	source_plane=0 shape=0 rot=0
terrain	void_overlay_no_floor_context	41	void overlay	1847	5131	0	28	80	source_plane=0 shape=0 rot=0
terrain	void_overlay_no_floor_context	41	void overlay	1847	5132	0	28	80	source_plane=0 shape=0 rot=0
terrain	void_overlay_no_floor_context	41	void overlay	1847	5133	0	28	80	source_plane=0 shape=0 rot=0
terrain	void_overlay_no_floor_context	41	void overlay	1847	5134	0	28	80	source_plane=0 shape=0 rot=0
terrain	void_overlay_no_floor_context	41	void overlay	1847	5135	0	28	80	source_plane=0 shape=0 rot=0
terrain	void_overlay_no_floor_context	41	void overlay	1847	5136	0	28	80	source_plane=0 shape=0 rot=0
terrain	void_overlay_no_floor_context	41	void overlay	1847	5137	0	28	80	source_plane=0 shape=0 rot=0
terrain	void_overlay_no_floor_context	41	void overlay	1847	5138	0	28	80	source_plane=0 shape=0 rot=0
terrain	void_overlay_no_floor_context	41	void overlay	1847	5139	0	28	80	source_plane=0 shape=0 rot=0
terrain	void_overlay_no_floor_context	41	void overlay	1847	5140	0	28	80	source_plane=0 shape=0 rot=0
terrain	void_overlay_no_floor_context	41	void overlay	1847	5141	0	28	80	source_plane=0 shape=0 rot=0
terrain	void_overlay_no_floor_context	41	void overlay	1847	5142	0	28	80	source_plane=0 shape=0 rot=0
terrain	void_overlay_no_floor_context	41	void overlay	1847	5143	0	28	80	source_plane=0 shape=0 rot=0
terrain	void_overlay_no_floor_context	41	void overlay	1847	5144	0	28	80	source_plane=0 shape=0 rot=0
terrain	void_overlay_no_floor_context	41	void overlay	1847	5145	0	28	80	source_plane=0 shape=0 rot=0
terrain	void_overlay_no_floor_context	41	void overlay	1847	5146	0	28	80	source_plane=0 shape=0 rot=0
terrain	void_overlay_no_floor_context	41	void overlay	1847	5147	0	28	80	source_plane=0 shape=0 rot=0
terrain	void_overlay_no_floor_context	41	void overlay	1847	5148	0	28	80	source_plane=0 shape=0 rot=0
terrain	void_overlay_no_floor_context	41	void overlay	1847	5149	0	28	80	source_plane=0 shape=0 rot=0
terrain	void_overlay_no_floor_context	41	void overlay	1847	5150	0	28	80	source_plane=0 shape=0 rot=0
terrain	void_overlay_no_floor_context	41	void overlay	1847	5151	0	28	80	source_plane=0 shape=0 rot=0
terrain	void_overlay_no_floor_context	41	void overlay	1847	5152	0	28	80	source_plane=0 shape=0 rot=0
terrain	void_overlay_no_floor_context	41	void overlay	1847	5153	0	28	80	source_plane=0 shape=0 rot=0
terrain	void_overlay_no_floor_context	41	void overlay	1847	5154	0	28	80	source_plane=0 shape=0 rot=0
terrain	void_overlay_no_floor_context	41	void overlay	1847	5155	0	28	80	source_plane=0 shape=0 rot=0
terrain	void_overlay_no_floor_context	41	void overlay	1847	5156	0	28	80	source_plane=0 shape=0 rot=0
terrain	void_overlay_no_floor_context	41	void overlay	1847	5157	0	28	80	source_plane=0 shape=0 rot=0
terrain	void_overlay_no_floor_context	41	void overlay	1847	5158	0	28	80	source_plane=0 shape=0 rot=0
terrain	void_overlay_no_floor_context	41	void overlay	1847	5159	0	28	80	source_plane=0 shape=0 rot=0
terrain	void_overlay_no_floor_context	41	void overlay	1847	5160	0	28	80	source_plane=0 shape=0 rot=0
terrain	void_overlay_no_floor_context	41	void overlay	1847	5161	0	28	80	source_plane=0 shape=0 rot=0
terrain	void_overlay_no_floor_context	41	void overlay	1847	5162	0	28	80	source_plane=0 shape=0 rot=0
terrain	void_overlay_no_floor_context	41	void overlay	1847	5163	0	28	80	source_plane=0 shape=0 rot=0
terrain	void_overlay_no_floor_context	41	void overlay	1847	5164	0	28	80	source_plane=0 shape=0 rot=0
terrain	void_overlay_no_floor_context	41	void overlay	1847	5165	0	28	80	source_plane=0 shape=0 rot=0
terrain	void_overlay_no_floor_context	41	void overlay	1847	5166	0	28	80	source_plane=0 shape=0 rot=0
terrain	void_overlay_no_floor_context	41	void overlay	1847	5167	0	28	80	source_plane=0 shape=0 rot=0
terrain	void_overlay_no_floor_context	41	void overlay	1847	5168	0	28	80	source_plane=0 shape=0 rot=0
terrain	void_overlay_no_floor_context	41	void overlay	1847	5169	0	28	80	source_plane=0 shape=0 rot=0
terrain	void_overlay_no_floor_context	41	void overlay	1847	5170	0	28	80	source_plane=0 shape=0 rot=0
terrain	void_overlay_no_floor_context	41	void overlay	1847	5171	0	28	80	source_plane=0 shape=0 rot=0
terrain	void_overlay_no_floor_context	41	void overlay	1847	5172	0	28	80	source_plane=0 shape=0 rot=0
terrain	void_overlay_no_floor_context	41	void overlay	1847	5173	0	28	80	source_plane=0 shape=0 rot=0
terrain	void_overlay_no_floor_context	41	void overlay	1847	5174	0	28	80	source_plane=0 shape=0 rot=0
terrain	void_overlay_no_floor_context	41	void overlay	1847	5175	0	28	80	source_plane=0 shape=0 rot=0
terrain	void_overlay_no_floor_context	41	void overlay	1847	5176	0	28	80	source_plane=0 shape=0 rot=0
terrain	void_overlay_no_floor_context	41	void overlay	1847	5177	0	28	80	source_plane=0 shape=0 rot=0
terrain	void_overlay_no_floor_context	41	void overlay	1847	5178	0	28	80	source_plane=0 shape=0 rot=0
terrain	void_overlay_no_floor_context	41	void overlay	1847	5179	0	28	80	source_plane=0 shape=0 rot=0
terrain	void_overlay_no_floor_context	41	void overlay	1847	5180	0	28	80	source_plane=0 shape=0 rot=0
terrain	void_overlay_no_floor_context	41	void overlay	1847	5181	0	28	80	source_plane=0 shape=0 rot=0
terrain	void_overlay_no_floor_context	41	void overlay	1847	5182	0	28	80	source_plane=0 shape=0 rot=0
terrain	void_overlay_no_floor_context	41	void overlay	1847	5183	0	28	80	source_plane=0 shape=0 rot=0
terrain	void_overlay_no_floor_context	41	void overlay	1848	5122	0	28	80	source_plane=0 shape=0 rot=0
terrain	void_overlay_no_floor_context	41	void overlay	1848	5123	0	28	80	source_plane=0 shape=0 rot=0
terrain	void_overlay_no_floor_context	41	void overlay	1848	5124	0	28	80	source_plane=0 shape=0 rot=0
terrain	void_overlay_no_floor_context	41	void overlay	1848	5125	0	28	80	source_plane=0 shape=0 rot=0
terrain	void_overlay_no_floor_context	41	void overlay	1848	5126	0	28	80	source_plane=0 shape=0 rot=0
terrain	void_overlay_no_floor_context	41	void overlay	1848	5127	0	28	80	source_plane=0 shape=0 rot=0
terrain	void_overlay_no_floor_context	41	void overlay	1848	5128	0	28	80	source_plane=0 shape=0 rot=0
terrain	void_overlay_no_floor_context	41	void overlay	1848	5129	0	28	80	source_plane=0 shape=0 rot=0
terrain	void_overlay_no_floor_context	41	void overlay	1848	5130	0	28	80	source_plane=0 shape=0 rot=0
terrain	void_overlay_no_floor_context	41	void overlay	1848	5131	0	28	80	source_plane=0 shape=0 rot=0
terrain	void_overlay_no_floor_context	41	void overlay	1848	5132	0	28	80	source_plane=0 shape=0 rot=0
terrain	void_overlay_no_floor_context	41	void overlay	1848	5133	0	28	80	source_plane=0 shape=0 rot=0
terrain	void_overlay_no_floor_context	41	void overlay	1848	5134	0	28	80	source_plane=0 shape=0 rot=0
terrain	void_overlay_no_floor_context	41	void overlay	1848	5135	0	28	80	source_plane=0 shape=0 rot=0
terrain	void_overlay_no_floor_context	41	void overlay	1848	5136	0	28	80	source_plane=0 shape=0 rot=0
terrain	void_overlay_no_floor_context	41	void overlay	1848	5137	0	28	80	source_plane=0 shape=0 rot=0
terrain	void_overlay_no_floor_context	41	void overlay	1848	5138	0	28	80	source_plane=0 shape=0 rot=0
terrain	void_overlay_no_floor_context	41	void overlay	1848	5139	0	28	80	source_plane=0 shape=0 rot=0
terrain	void_overlay_no_floor_context	41	void overlay	1848	5140	0	28	80	source_plane=0 shape=0 rot=0
terrain	void_overlay_no_floor_context	41	void overlay	1848	5141	0	28	80	source_plane=0 shape=0 rot=0
terrain	void_overlay_no_floor_context	41	void overlay	1848	5142	0	28	80	source_plane=0 shape=0 rot=0
terrain	void_overlay_no_floor_context	41	void overlay	1848	5143	0	28	80	source_plane=0 shape=0 rot=0
terrain	void_overlay_no_floor_context	41	void overlay	1848	5144	0	28	80	source_plane=0 shape=0 rot=0
terrain	void_overlay_no_floor_context	41	void overlay	1848	5145	0	28	80	source_plane=0 shape=0 rot=0
terrain	void_overlay_no_floor_context	41	void overlay	1848	5146	0	28	80	source_plane=0 shape=0 rot=0
terrain	void_overlay_no_floor_context	41	void overlay	1848	5147	0	28	80	source_plane=0 shape=0 rot=0
terrain	void_overlay_no_floor_context	41	void overlay	1848	5148	0	28	80	source_plane=0 shape=0 rot=0
terrain	void_overlay_no_floor_context	41	void overlay	1848	5149	0	28	80	source_plane=0 shape=0 rot=0
terrain	void_overlay_no_floor_context	41	void overlay	1848	5150	0	28	80	source_plane=0 shape=0 rot=0
terrain	void_overlay_no_floor_context	41	void overlay	1848	5151	0	28	80	source_plane=0 shape=0 rot=0
terrain	void_overlay_no_floor_context	41	void overlay	1848	5152	0	28	80	source_plane=0 shape=0 rot=0
terrain	void_overlay_no_floor_context	41	void overlay	1848	5153	0	28	80	source_plane=0 shape=0 rot=0
terrain	void_overlay_no_floor_context	41	void overlay	1848	5154	0	28	80	source_plane=0 shape=0 rot=0
terrain	void_overlay_no_floor_context	41	void overlay	1848	5155	0	28	80	source_plane=0 shape=0 rot=0
terrain	void_overlay_no_floor_context	41	void overlay	1848	5156	0	28	80	source_plane=0 shape=0 rot=0
terrain	void_overlay_no_floor_context	41	void overlay	1848	5157	0	28	80	source_plane=0 shape=0 rot=0
terrain	void_overlay_no_floor_context	41	void overlay	1848	5158	0	28	80	source_plane=0 shape=0 rot=0
terrain	void_overlay_no_floor_context	41	void overlay	1848	5159	0	28	80	source_plane=0 shape=0 rot=0
terrain	void_overlay_no_floor_context	41	void overlay	1848	5160	0	28	80	source_plane=0 shape=0 rot=0
terrain	void_overlay_no_floor_context	41	void overlay	1848	5161	0	28	80	source_plane=0 shape=0 rot=0
terrain	void_overlay_no_floor_context	41	void overlay	1848	5162	0	28	80	source_plane=0 shape=0 rot=0
terrain	void_overlay_no_floor_context	41	void overlay	1848	5163	0	28	80	source_plane=0 shape=0 rot=0
terrain	void_overlay_no_floor_context	41	void overlay	1848	5164	0	28	80	source_plane=0 shape=0 rot=0
terrain	void_overlay_no_floor_context	41	void overlay	1848	5165	0	28	80	source_plane=0 shape=0 rot=0
terrain	void_overlay_no_floor_context	41	void overlay	1848	5166	0	28	80	source_plane=0 shape=0 rot=0
terrain	void_overlay_no_floor_context	41	void overlay	1848	5167	0	28	80	source_plane=0 shape=0 rot=0
terrain	void_overlay_no_floor_context	41	void overlay	1848	5168	0	28	80	source_plane=0 shape=0 rot=0
terrain	void_overlay_no_floor_context	41	void overlay	1848	5169	0	28	80	source_plane=0 shape=0 rot=0
terrain	void_overlay_no_floor_context	41	void overlay	1848	5170	0	28	80	source_plane=0 shape=0 rot=0
terrain	void_overlay_no_floor_context	41	void overlay	1848	5171	0	28	80	source_plane=0 shape=0 rot=0
terrain	void_overlay_no_floor_context	41	void overlay	1848	5172	0	28	80	source_plane=0 shape=0 rot=0
terrain	void_overlay_no_floor_context	41	void overlay	1848	5173	0	28	80	source_plane=0 shape=0 rot=0
terrain	void_overlay_no_floor_context	41	void overlay	1848	5174	0	28	80	source_plane=0 shape=0 rot=0
terrain	void_overlay_no_floor_context	41	void overlay	1848	5175	0	28	80	source_plane=0 shape=0 rot=0
terrain	void_overlay_no_floor_context	41	void overlay	1848	5176	0	28	80	source_plane=0 shape=0 rot=0
terrain	void_overlay_no_floor_context	41	void overlay	1848	5177	0	28	80	source_plane=0 shape=0 rot=0
terrain	void_overlay_no_floor_context	41	void overlay	1848	5178	0	28	80	source_plane=0 shape=0 rot=0
terrain	void_overlay_no_floor_context	41	void overlay	1848	5179	0	28	80	source_plane=0 shape=0 rot=0
terrain	void_overlay_no_floor_context	41	void overlay	1848	5180	0	28	80	source_plane=0 shape=0 rot=0
terrain	void_overlay_no_floor_context	41	void overlay	1848	5181	0	28	80	source_plane=0 shape=0 rot=0
terrain	void_overlay_no_floor_context	41	void overlay	1848	5182	0	28	80	source_plane=0 shape=0 rot=0
terrain	void_overlay_no_floor_context	41	void overlay	1848	5183	0	28	80	source_plane=0 shape=0 rot=0
terrain	void_overlay_no_floor_context	41	void overlay	1849	5122	0	28	80	source_plane=0 shape=0 rot=0
terrain	void_overlay_no_floor_context	41	void overlay	1849	5123	0	28	80	source_plane=0 shape=0 rot=0
terrain	void_overlay_no_floor_context	41	void overlay	1849	5124	0	28	80	source_plane=0 shape=0 rot=0
terrain	void_overlay_no_floor_context	41	void overlay	1849	5125	0	28	80	source_plane=0 shape=0 rot=0
terrain	void_overlay_no_floor_context	41	void overlay	1849	5126	0	28	80	source_plane=0 shape=0 rot=0
terrain	void_overlay_no_floor_context	41	void overlay	1849	5127	0	28	80	source_plane=0 shape=0 rot=0
terrain	void_overlay_no_floor_context	41	void overlay	1849	5128	0	28	80	source_plane=0 shape=0 rot=0
terrain	void_overlay_no_floor_context	41	void overlay	1849	5129	0	28	80	source_plane=0 shape=0 rot=0
terrain	void_overlay_no_floor_context	41	void overlay	1849	5130	0	28	80	source_plane=0 shape=0 rot=0
terrain	void_overlay_no_floor_context	41	void overlay	1849	5131	0	28	80	source_plane=0 shape=0 rot=0
terrain	void_overlay_no_floor_context	41	void overlay	1849	5132	0	28	80	source_plane=0 shape=0 rot=0
terrain	void_overlay_no_floor_context	41	void overlay	1849	5133	0	28	80	source_plane=0 shape=0 rot=0
terrain	void_overlay_no_floor_context	41	void overlay	1849	5134	0	28	80	source_plane=0 shape=0 rot=0
terrain	void_overlay_no_floor_context	41	void overlay	1849	5135	0	28	80	source_plane=0 shape=0 rot=0
terrain	void_overlay_no_floor_context	41	void overlay	1849	5136	0	28	80	source_plane=0 shape=0 rot=0
terrain	void_overlay_no_floor_context	41	void overlay	1849	5137	0	28	80	source_plane=0 shape=0 rot=0
terrain	void_overlay_no_floor_context	41	void overlay	1849	5138	0	28	80	source_plane=0 shape=0 rot=0
terrain	void_overlay_no_floor_context	41	void overlay	1849	5139	0	28	80	source_plane=0 shape=0 rot=0
terrain	void_overlay_no_floor_context	41	void overlay	1849	5140	0	28	80	source_plane=0 shape=0 rot=0
terrain	void_overlay_no_floor_context	41	void overlay	1849	5141	0	28	80	source_plane=0 shape=0 rot=0
terrain	void_overlay_no_floor_context	41	void overlay	1849	5142	0	28	80	source_plane=0 shape=0 rot=0
terrain	void_overlay_no_floor_context	41	void overlay	1849	5143	0	28	80	source_plane=0 shape=0 rot=0
terrain	void_overlay_no_floor_context	41	void overlay	1849	5144	0	28	80	source_plane=0 shape=0 rot=0
terrain	void_overlay_no_floor_context	41	void overlay	1849	5145	0	28	80	source_plane=0 shape=0 rot=0
terrain	void_overlay_no_floor_context	41	void overlay	1849	5146	0	28	80	source_plane=0 shape=0 rot=0
terrain	void_overlay_no_floor_context	41	void overlay	1849	5147	0	28	80	source_plane=0 shape=0 rot=0
terrain	void_overlay_no_floor_context	41	void overlay	1849	5148	0	28	80	source_plane=0 shape=0 rot=0
terrain	void_overlay_no_floor_context	41	void overlay	1849	5149	0	28	80	source_plane=0 shape=0 rot=0
terrain	void_overlay_no_floor_context	41	void overlay	1849	5150	0	28	80	source_plane=0 shape=0 rot=0
terrain	void_overlay_no_floor_context	41	void overlay	1849	5151	0	28	80	source_plane=0 shape=0 rot=0
terrain	void_overlay_no_floor_context	41	void overlay	1849	5152	0	28	80	source_plane=0 shape=0 rot=0
terrain	void_overlay_no_floor_context	41	void overlay	1849	5153	0	28	80	source_plane=0 shape=0 rot=0
terrain	void_overlay_no_floor_context	41	void overlay	1849	5154	0	28	80	source_plane=0 shape=0 rot=0
terrain	void_overlay_no_floor_context	41	void overlay	1849	5155	0	28	80	source_plane=0 shape=0 rot=0
terrain	void_overlay_no_floor_context	41	void overlay	1849	5156	0	28	80	source_plane=0 shape=0 rot=0
terrain	void_overlay_no_floor_context	41	void overlay	1849	5157	0	28	80	source_plane=0 shape=0 rot=0
terrain	void_overlay_no_floor_context	41	void overlay	1849	5158	0	28	80	source_plane=0 shape=0 rot=0
terrain	void_overlay_no_floor_context	41	void overlay	1849	5159	0	28	80	source_plane=0 shape=0 rot=0
terrain	void_overlay_no_floor_context	41	void overlay	1849	5160	0	28	80	source_plane=0 shape=0 rot=0
terrain	void_overlay_no_floor_context	41	void overlay	1849	5161	0	28	80	source_plane=0 shape=0 rot=0
terrain	void_overlay_no_floor_context	41	void overlay	1849	5162	0	28	80	source_plane=0 shape=0 rot=0
terrain	void_overlay_no_floor_context	41	void overlay	1849	5163	0	28	80	source_plane=0 shape=0 rot=0
terrain	void_overlay_no_floor_context	41	void overlay	1849	5164	0	28	80	source_plane=0 shape=0 rot=0
terrain	void_overlay_no_floor_context	41	void overlay	1849	5165	0	28	80	source_plane=0 shape=0 rot=0
terrain	void_overlay_no_floor_context	41	void overlay	1849	5166	0	28	80	source_plane=0 shape=0 rot=0
terrain	void_overlay_no_floor_context	41	void overlay	1849	5167	0	28	80	source_plane=0 shape=0 rot=0
terrain	void_overlay_no_floor_context	41	void overlay	1849	5168	0	28	80	source_plane=0 shape=0 rot=0
terrain	void_overlay_no_floor_context	41	void overlay	1849	5169	0	28	80	source_plane=0 shape=0 rot=0
terrain	void_overlay_no_floor_context	41	void overlay	1849	5170	0	28	80	source_plane=0 shape=0 rot=0
terrain	void_overlay_no_floor_context	41	void overlay	1849	5171	0	28	80	source_plane=0 shape=0 rot=0
terrain	void_overlay_no_floor_context	41	void overlay	1849	5172	0	28	80	source_plane=0 shape=0 rot=0
terrain	void_overlay_no_floor_context	41	void overlay	1849	5173	0	28	80	source_plane=0 shape=0 rot=0
terrain	void_overlay_no_floor_context	41	void overlay	1849	5174	0	28	80	source_plane=0 shape=0 rot=0
terrain	void_overlay_no_floor_context	41	void overlay	1849	5175	0	28	80	source_plane=0 shape=0 rot=0
terrain	void_overlay_no_floor_context	41	void overlay	1849	5176	0	28	80	source_plane=0 shape=0 rot=0
terrain	void_overlay_no_floor_context	41	void overlay	1849	5177	0	28	80	source_plane=0 shape=0 rot=0
terrain	void_overlay_no_floor_context	41	void overlay	1849	5178	0	28	80	source_plane=0 shape=0 rot=0
terrain	void_overlay_no_floor_context	41	void overlay	1849	5179	0	28	80	source_plane=0 shape=0 rot=0
terrain	void_overlay_no_floor_context	41	void overlay	1849	5180	0	28	80	source_plane=0 shape=0 rot=0
terrain	void_overlay_no_floor_context	41	void overlay	1849	5181	0	28	80	source_plane=0 shape=0 rot=0
terrain	void_overlay_no_floor_context	41	void overlay	1849	5182	0	28	80	source_plane=0 shape=0 rot=0
terrain	void_overlay_no_floor_context	41	void overlay	1849	5183	0	28	80	source_plane=0 shape=0 rot=0
terrain	void_overlay_no_floor_context	41	void overlay	1850	5122	0	28	80	source_plane=0 shape=0 rot=0
terrain	void_overlay_no_floor_context	41	void overlay	1850	5123	0	28	80	source_plane=0 shape=0 rot=0
terrain	void_overlay_no_floor_context	41	void overlay	1850	5124	0	28	80	source_plane=0 shape=0 rot=0
terrain	void_overlay_no_floor_context	41	void overlay	1850	5125	0	28	80	source_plane=0 shape=0 rot=0
terrain	void_overlay_no_floor_context	41	void overlay	1850	5126	0	28	80	source_plane=0 shape=0 rot=0
terrain	void_overlay_no_floor_context	41	void overlay	1850	5127	0	28	80	source_plane=0 shape=0 rot=0
terrain	void_overlay_no_floor_context	41	void overlay	1850	5128	0	28	80	source_plane=0 shape=0 rot=0
terrain	void_overlay_no_floor_context	41	void overlay	1850	5129	0	28	80	source_plane=0 shape=0 rot=0
terrain	void_overlay_no_floor_context	41	void overlay	1850	5130	0	28	80	source_plane=0 shape=0 rot=0
terrain	void_overlay_no_floor_context	41	void overlay	1850	5131	0	28	80	source_plane=0 shape=0 rot=0
terrain	void_overlay_no_floor_context	41	void overlay	1850	5132	0	28	80	source_plane=0 shape=0 rot=0
terrain	void_overlay_no_floor_context	41	void overlay	1850	5133	0	28	80	source_plane=0 shape=0 rot=0
terrain	void_overlay_no_floor_context	41	void overlay	1850	5134	0	28	80	source_plane=0 shape=0 rot=0
terrain	void_overlay_no_floor_context	41	void overlay	1850	5135	0	28	80	source_plane=0 shape=0 rot=0
terrain	void_overlay_no_floor_context	41	void overlay	1850	5136	0	28	80	source_plane=0 shape=0 rot=0
terrain	void_overlay_no_floor_context	41	void overlay	1850	5137	0	28	80	source_plane=0 shape=0 rot=0
terrain	void_overlay_no_floor_context	41	void overlay	1850	5138	0	28	80	source_plane=0 shape=0 rot=0
terrain	void_overlay_no_floor_context	41	void overlay	1850	5139	0	28	80	source_plane=0 shape=0 rot=0
terrain	void_overlay_no_floor_context	41	void overlay	1850	5140	0	28	80	source_plane=0 shape=0 rot=0
terrain	void_overlay_no_floor_context	41	void overlay	1850	5141	0	28	80	source_plane=0 shape=0 rot=0
terrain	void_overlay_no_floor_context	41	void overlay	1850	5142	0	28	80	source_plane=0 shape=0 rot=0
terrain	void_overlay_no_floor_context	41	void overlay	1850	5143	0	28	80	source_plane=0 shape=0 rot=0
terrain	void_overlay_no_floor_context	41	void overlay	1850	5144	0	28	80	source_plane=0 shape=0 rot=0
terrain	void_overlay_no_floor_context	41	void overlay	1850	5145	0	28	80	source_plane=0 shape=0 rot=0
terrain	void_overlay_no_floor_context	41	void overlay	1850	5146	0	28	80	source_plane=0 shape=0 rot=0
terrain	void_overlay_no_floor_context	41	void overlay	1850	5147	0	28	80	source_plane=0 shape=0 rot=0
terrain	void_overlay_no_floor_context	41	void overlay	1850	5148	0	28	80	source_plane=0 shape=0 rot=0
terrain	void_overlay_no_floor_context	41	void overlay	1850	5149	0	28	80	source_plane=0 shape=0 rot=0
terrain	void_overlay_no_floor_context	41	void overlay	1850	5150	0	28	80	source_plane=0 shape=0 rot=0
terrain	void_overlay_no_floor_context	41	void overlay	1850	5151	0	28	80	source_plane=0 shape=0 rot=0
terrain	void_overlay_no_floor_context	41	void overlay	1850	5152	0	28	80	source_plane=0 shape=0 rot=0
terrain	void_overlay_no_floor_context	41	void overlay	1850	5153	0	28	80	source_plane=0 shape=0 rot=0
terrain	void_overlay_no_floor_context	41	void overlay	1850	5154	0	28	80	source_plane=0 shape=0 rot=0
terrain	void_overlay_no_floor_context	41	void overlay	1850	5155	0	28	80	source_plane=0 shape=0 rot=0
terrain	void_overlay_no_floor_context	41	void overlay	1850	5156	0	28	80	source_plane=0 shape=0 rot=0
terrain	void_overlay_no_floor_context	41	void overlay	1850	5157	0	28	80	source_plane=0 shape=0 rot=0
terrain	void_overlay_no_floor_context	41	void overlay	1850	5158	0	28	80	source_plane=0 shape=0 rot=0
terrain	void_overlay_no_floor_context	41	void overlay	1850	5159	0	28	80	source_plane=0 shape=0 rot=0
terrain	void_overlay_no_floor_context	41	void overlay	1850	5160	0	28	80	source_plane=0 shape=0 rot=0
terrain	void_overlay_no_floor_context	41	void overlay	1850	5161	0	28	80	source_plane=0 shape=0 rot=0
terrain	void_overlay_no_floor_context	41	void overlay	1850	5162	0	28	80	source_plane=0 shape=0 rot=0
terrain	void_overlay_no_floor_context	41	void overlay	1850	5163	0	28	80	source_plane=0 shape=0 rot=0
terrain	void_overlay_no_floor_context	41	void overlay	1850	5164	0	28	80	source_plane=0 shape=0 rot=0
terrain	void_overlay_no_floor_context	41	void overlay	1850	5165	0	28	80	source_plane=0 shape=0 rot=0
terrain	void_overlay_no_floor_context	41	void overlay	1850	5166	0	28	80	source_plane=0 shape=0 rot=0
terrain	void_overlay_no_floor_context	41	void overlay	1850	5167	0	28	80	source_plane=0 shape=0 rot=0
terrain	void_overlay_no_floor_context	41	void overlay	1850	5168	0	28	80	source_plane=0 shape=0 rot=0
terrain	void_overlay_no_floor_context	41	void overlay	1850	5169	0	28	80	source_plane=0 shape=0 rot=0
terrain	void_overlay_no_floor_context	41	void overlay	1850	5170	0	28	80	source_plane=0 shape=0 rot=0
terrain	void_overlay_no_floor_context	41	void overlay	1850	5171	0	28	80	source_plane=0 shape=0 rot=0
terrain	void_overlay_no_floor_context	41	void overlay	1850	5172	0	28	80	source_plane=0 shape=0 rot=0
terrain	void_overlay_no_floor_context	41	void overlay	1850	5173	0	28	80	source_plane=0 shape=0 rot=0
terrain	void_overlay_no_floor_context	41	void overlay	1850	5174	0	28	80	source_plane=0 shape=0 rot=0
terrain	void_overlay_no_floor_context	41	void overlay	1850	5175	0	28	80	source_plane=0 shape=0 rot=0
terrain	void_overlay_no_floor_context	41	void overlay	1850	5176	0	28	80	source_plane=0 shape=0 rot=0
terrain	void_overlay_no_floor_context	41	void overlay	1850	5177	0	28	80	source_plane=0 shape=0 rot=0
terrain	void_overlay_no_floor_context	41	void overlay	1850	5178	0	28	80	source_plane=0 shape=0 rot=0
terrain	void_overlay_no_floor_context	41	void overlay	1850	5179	0	28	80	source_plane=0 shape=0 rot=0
terrain	void_overlay_no_floor_context	41	void overlay	1850	5180	0	28	80	source_plane=0 shape=0 rot=0
terrain	void_overlay_no_floor_context	41	void overlay	1850	5181	0	28	80	source_plane=0 shape=0 rot=0
terrain	void_overlay_no_floor_context	41	void overlay	1850	5182	0	28	80	source_plane=0 shape=0 rot=0
terrain	void_overlay_no_floor_context	41	void overlay	1850	5183	0	28	80	source_plane=0 shape=0 rot=0
terrain	void_overlay_no_floor_context	41	void overlay	1851	5122	0	28	80	source_plane=0 shape=0 rot=0
terrain	void_overlay_no_floor_context	41	void overlay	1851	5123	0	28	80	source_plane=0 shape=0 rot=0
terrain	void_overlay_no_floor_context	41	void overlay	1851	5124	0	28	80	source_plane=0 shape=0 rot=0
terrain	void_overlay_no_floor_context	41	void overlay	1851	5125	0	28	80	source_plane=0 shape=0 rot=0
terrain	void_overlay_no_floor_context	41	void overlay	1851	5126	0	28	80	source_plane=0 shape=0 rot=0
terrain	void_overlay_no_floor_context	41	void overlay	1851	5127	0	28	80	source_plane=0 shape=0 rot=0
terrain	void_overlay_no_floor_context	41	void overlay	1851	5128	0	28	80	source_plane=0 shape=0 rot=0
terrain	void_overlay_no_floor_context	41	void overlay	1851	5129	0	28	80	source_plane=0 shape=0 rot=0
terrain	void_overlay_no_floor_context	41	void overlay	1851	5130	0	28	80	source_plane=0 shape=0 rot=0
terrain	void_overlay_no_floor_context	41	void overlay	1851	5131	0	28	80	source_plane=0 shape=0 rot=0
terrain	void_overlay_no_floor_context	41	void overlay	1851	5132	0	28	80	source_plane=0 shape=0 rot=0
terrain	void_overlay_no_floor_context	41	void overlay	1851	5133	0	28	80	source_plane=0 shape=0 rot=0
terrain	void_overlay_no_floor_context	41	void overlay	1851	5134	0	28	80	source_plane=0 shape=0 rot=0
terrain	void_overlay_no_floor_context	41	void overlay	1851	5135	0	28	80	source_plane=0 shape=0 rot=0
terrain	void_overlay_no_floor_context	41	void overlay	1851	5136	0	28	80	source_plane=0 shape=0 rot=0
terrain	void_overlay_no_floor_context	41	void overlay	1851	5137	0	28	80	source_plane=0 shape=0 rot=0
terrain	void_overlay_no_floor_context	41	void overlay	1851	5138	0	28	80	source_plane=0 shape=0 rot=0
terrain	void_overlay_no_floor_context	41	void overlay	1851	5139	0	28	80	source_plane=0 shape=0 rot=0
terrain	void_overlay_no_floor_context	41	void overlay	1851	5140	0	28	80	source_plane=0 shape=0 rot=0
terrain	void_overlay_no_floor_context	41	void overlay	1851	5141	0	28	80	source_plane=0 shape=0 rot=0
terrain	void_overlay_no_floor_context	41	void overlay	1851	5142	0	28	80	source_plane=0 shape=0 rot=0
terrain	void_overlay_no_floor_context	41	void overlay	1851	5143	0	28	80	source_plane=0 shape=0 rot=0
terrain	void_overlay_no_floor_context	41	void overlay	1851	5144	0	28	80	source_plane=0 shape=0 rot=0
terrain	void_overlay_no_floor_context	41	void overlay	1851	5145	0	28	80	source_plane=0 shape=0 rot=0
terrain	void_overlay_no_floor_context	41	void overlay	1851	5146	0	28	80	source_plane=0 shape=0 rot=0
terrain	void_overlay_no_floor_context	41	void overlay	1851	5147	0	28	80	source_plane=0 shape=0 rot=0
terrain	void_overlay_no_floor_context	41	void overlay	1851	5148	0	28	80	source_plane=0 shape=0 rot=0
terrain	void_overlay_no_floor_context	41	void overlay	1851	5149	0	28	80	source_plane=0 shape=0 rot=0
terrain	void_overlay_no_floor_context	41	void overlay	1851	5150	0	28	80	source_plane=0 shape=0 rot=0
terrain	void_overlay_no_floor_context	41	void overlay	1851	5151	0	28	80	source_plane=0 shape=0 rot=0
terrain	void_overlay_no_floor_context	41	void overlay	1851	5152	0	28	80	source_plane=0 shape=0 rot=0
terrain	void_overlay_no_floor_context	41	void overlay	1851	5153	0	28	80	source_plane=0 shape=0 rot=0
terrain	void_overlay_no_floor_context	41	void overlay	1851	5154	0	28	80	source_plane=0 shape=0 rot=0
terrain	void_overlay_no_floor_context	41	void overlay	1851	5155	0	28	80	source_plane=0 shape=0 rot=0
terrain	void_overlay_no_floor_context	41	void overlay	1851	5156	0	28	80	source_plane=0 shape=0 rot=0
terrain	void_overlay_no_floor_context	41	void overlay	1851	5157	0	28	80	source_plane=0 shape=0 rot=0
terrain	void_overlay_no_floor_context	41	void overlay	1851	5158	0	28	80	source_plane=0 shape=0 rot=0
terrain	void_overlay_no_floor_context	41	void overlay	1851	5159	0	28	80	source_plane=0 shape=0 rot=0
terrain	void_overlay_no_floor_context	41	void overlay	1851	5160	0	28	80	source_plane=0 shape=0 rot=0
terrain	void_overlay_no_floor_context	41	void overlay	1851	5161	0	28	80	source_plane=0 shape=0 rot=0
terrain	void_overlay_no_floor_context	41	void overlay	1851	5162	0	28	80	source_plane=0 shape=0 rot=0
terrain	void_overlay_no_floor_context	41	void overlay	1851	5163	0	28	80	source_plane=0 shape=0 rot=0
terrain	void_overlay_no_floor_context	41	void overlay	1851	5164	0	28	80	source_plane=0 shape=0 rot=0
terrain	void_overlay_no_floor_context	41	void overlay	1851	5165	0	28	80	source_plane=0 shape=0 rot=0
terrain	void_overlay_no_floor_context	41	void overlay	1851	5166	0	28	80	source_plane=0 shape=0 rot=0
terrain	void_overlay_no_floor_context	41	void overlay	1851	5167	0	28	80	source_plane=0 shape=0 rot=0
terrain	void_overlay_no_floor_context	41	void overlay	1851	5168	0	28	80	source_plane=0 shape=0 rot=0
terrain	void_overlay_no_floor_context	41	void overlay	1851	5169	0	28	80	source_plane=0 shape=0 rot=0
terrain	void_overlay_no_floor_context	41	void overlay	1851	5170	0	28	80	source_plane=0 shape=0 rot=0
terrain	void_overlay_no_floor_context	41	void overlay	1851	5171	0	28	80	source_plane=0 shape=0 rot=0
terrain	void_overlay_no_floor_context	41	void overlay	1851	5172	0	28	80	source_plane=0 shape=0 rot=0
terrain	void_overlay_no_floor_context	41	void overlay	1851	5173	0	28	80	source_plane=0 shape=0 rot=0
terrain	void_overlay_no_floor_context	41	void overlay	1851	5174	0	28	80	source_plane=0 shape=0 rot=0
terrain	void_overlay_no_floor_context	41	void overlay	1851	5175	0	28	80	source_plane=0 shape=0 rot=0
terrain	void_overlay_no_floor_context	41	void overlay	1851	5176	0	28	80	source_plane=0 shape=0 rot=0
terrain	void_overlay_no_floor_context	41	void overlay	1851	5177	0	28	80	source_plane=0 shape=0 rot=0
terrain	void_overlay_no_floor_context	41	void overlay	1851	5178	0	28	80	source_plane=0 shape=0 rot=0
terrain	void_overlay_no_floor_context	41	void overlay	1851	5179	0	28	80	source_plane=0 shape=0 rot=0
terrain	void_overlay_no_floor_context	41	void overlay	1851	5180	0	28	80	source_plane=0 shape=0 rot=0
terrain	void_overlay_no_floor_context	41	void overlay	1851	5181	0	28	80	source_plane=0 shape=0 rot=0
terrain	void_overlay_no_floor_context	41	void overlay	1851	5182	0	28	80	source_plane=0 shape=0 rot=0
terrain	void_overlay_no_floor_context	41	void overlay	1851	5183	0	28	80	source_plane=0 shape=0 rot=0
terrain	void_overlay_no_floor_context	41	void overlay	1852	5122	0	28	80	source_plane=0 shape=0 rot=0
terrain	void_overlay_no_floor_context	41	void overlay	1852	5123	0	28	80	source_plane=0 shape=0 rot=0
terrain	void_overlay_no_floor_context	41	void overlay	1852	5124	0	28	80	source_plane=0 shape=0 rot=0
terrain	void_overlay_no_floor_context	41	void overlay	1852	5125	0	28	80	source_plane=0 shape=0 rot=0
terrain	void_overlay_no_floor_context	41	void overlay	1852	5126	0	28	80	source_plane=0 shape=0 rot=0
terrain	void_overlay_no_floor_context	41	void overlay	1852	5127	0	28	80	source_plane=0 shape=0 rot=0
terrain	void_overlay_no_floor_context	41	void overlay	1852	5128	0	28	80	source_plane=0 shape=0 rot=0
terrain	void_overlay_no_floor_context	41	void overlay	1852	5129	0	28	80	source_plane=0 shape=0 rot=0
terrain	void_overlay_no_floor_context	41	void overlay	1852	5130	0	28	80	source_plane=0 shape=0 rot=0
terrain	void_overlay_no_floor_context	41	void overlay	1852	5131	0	28	80	source_plane=0 shape=0 rot=0
terrain	void_overlay_no_floor_context	41	void overlay	1852	5132	0	28	80	source_plane=0 shape=0 rot=0
terrain	void_overlay_no_floor_context	41	void overlay	1852	5133	0	28	80	source_plane=0 shape=0 rot=0
terrain	void_overlay_no_floor_context	41	void overlay	1852	5134	0	28	80	source_plane=0 shape=0 rot=0
terrain	void_overlay_no_floor_context	41	void overlay	1852	5135	0	28	80	source_plane=0 shape=0 rot=0
terrain	void_overlay_no_floor_context	41	void overlay	1852	5136	0	28	80	source_plane=0 shape=0 rot=0
terrain	void_overlay_no_floor_context	41	void overlay	1852	5137	0	28	80	source_plane=0 shape=0 rot=0
terrain	void_overlay_no_floor_context	41	void overlay	1852	5138	0	28	80	source_plane=0 shape=0 rot=0
terrain	void_overlay_no_floor_context	41	void overlay	1852	5139	0	28	80	source_plane=0 shape=0 rot=0
terrain	void_overlay_no_floor_context	41	void overlay	1852	5140	0	28	80	source_plane=0 shape=0 rot=0
terrain	void_overlay_no_floor_context	41	void overlay	1852	5141	0	28	80	source_plane=0 shape=0 rot=0
terrain	void_overlay_no_floor_context	41	void overlay	1852	5142	0	28	80	source_plane=0 shape=0 rot=0
terrain	void_overlay_no_floor_context	41	void overlay	1852	5143	0	28	80	source_plane=0 shape=0 rot=0
terrain	void_overlay_no_floor_context	41	void overlay	1852	5144	0	28	80	source_plane=0 shape=0 rot=0
terrain	void_overlay_no_floor_context	41	void overlay	1852	5145	0	28	80	source_plane=0 shape=0 rot=0
terrain	void_overlay_no_floor_context	41	void overlay	1852	5146	0	28	80	source_plane=0 shape=0 rot=0
terrain	void_overlay_no_floor_context	41	void overlay	1852	5147	0	28	80	source_plane=0 shape=0 rot=0
terrain	void_overlay_no_floor_context	41	void overlay	1852	5148	0	28	80	source_plane=0 shape=0 rot=0
terrain	void_overlay_no_floor_context	41	void overlay	1852	5149	0	28	80	source_plane=0 shape=0 rot=0
terrain	void_overlay_no_floor_context	41	void overlay	1852	5150	0	28	80	source_plane=0 shape=0 rot=0
terrain	void_overlay_no_floor_context	41	void overlay	1852	5151	0	28	80	source_plane=0 shape=0 rot=0
terrain	void_overlay_no_floor_context	41	void overlay	1852	5152	0	28	80	source_plane=0 shape=0 rot=0
terrain	void_overlay_no_floor_context	41	void overlay	1852	5153	0	28	80	source_plane=0 shape=0 rot=0
terrain	void_overlay_no_floor_context	41	void overlay	1852	5154	0	28	80	source_plane=0 shape=0 rot=0
terrain	void_overlay_no_floor_context	41	void overlay	1852	5155	0	28	80	source_plane=0 shape=0 rot=0
terrain	void_overlay_no_floor_context	41	void overlay	1852	5156	0	28	80	source_plane=0 shape=0 rot=0
terrain	void_overlay_no_floor_context	41	void overlay	1852	5157	0	28	80	source_plane=0 shape=0 rot=0
terrain	void_overlay_no_floor_context	41	void overlay	1852	5158	0	28	80	source_plane=0 shape=0 rot=0
terrain	void_overlay_no_floor_context	41	void overlay	1852	5159	0	28	80	source_plane=0 shape=0 rot=0
terrain	void_overlay_no_floor_context	41	void overlay	1852	5160	0	28	80	source_plane=0 shape=0 rot=0
terrain	void_overlay_no_floor_context	41	void overlay	1852	5161	0	28	80	source_plane=0 shape=0 rot=0
terrain	void_overlay_no_floor_context	41	void overlay	1852	5162	0	28	80	source_plane=0 shape=0 rot=0
terrain	void_overlay_no_floor_context	41	void overlay	1852	5163	0	28	80	source_plane=0 shape=0 rot=0
terrain	void_overlay_no_floor_context	41	void overlay	1852	5164	0	28	80	source_plane=0 shape=0 rot=0
terrain	void_overlay_no_floor_context	41	void overlay	1852	5165	0	28	80	source_plane=0 shape=0 rot=0
terrain	void_overlay_no_floor_context	41	void overlay	1852	5166	0	28	80	source_plane=0 shape=0 rot=0
terrain	void_overlay_no_floor_context	41	void overlay	1852	5167	0	28	80	source_plane=0 shape=0 rot=0
terrain	void_overlay_no_floor_context	41	void overlay	1852	5168	0	28	80	source_plane=0 shape=0 rot=0
terrain	void_overlay_no_floor_context	41	void overlay	1852	5169	0	28	80	source_plane=0 shape=0 rot=0
terrain	void_overlay_no_floor_context	41	void overlay	1852	5170	0	28	80	source_plane=0 shape=0 rot=0
terrain	void_overlay_no_floor_context	41	void overlay	1852	5171	0	28	80	source_plane=0 shape=0 rot=0
terrain	void_overlay_no_floor_context	41	void overlay	1852	5172	0	28	80	source_plane=0 shape=0 rot=0
terrain	void_overlay_no_floor_context	41	void overlay	1852	5173	0	28	80	source_plane=0 shape=0 rot=0
terrain	void_overlay_no_floor_context	41	void overlay	1852	5174	0	28	80	source_plane=0 shape=0 rot=0
terrain	void_overlay_no_floor_context	41	void overlay	1852	5175	0	28	80	source_plane=0 shape=0 rot=0
terrain	void_overlay_no_floor_context	41	void overlay	1852	5176	0	28	80	source_plane=0 shape=0 rot=0
terrain	void_overlay_no_floor_context	41	void overlay	1852	5177	0	28	80	source_plane=0 shape=0 rot=0
terrain	void_overlay_no_floor_context	41	void overlay	1852	5178	0	28	80	source_plane=0 shape=0 rot=0
terrain	void_overlay_no_floor_context	41	void overlay	1852	5179	0	28	80	source_plane=0 shape=0 rot=0
terrain	void_overlay_no_floor_context	41	void overlay	1852	5180	0	28	80	source_plane=0 shape=0 rot=0
terrain	void_overlay_no_floor_context	41	void overlay	1852	5181	0	28	80	source_plane=0 shape=0 rot=0
terrain	void_overlay_no_floor_context	41	void overlay	1852	5182	0	28	80	source_plane=0 shape=0 rot=0
terrain	void_overlay_no_floor_context	41	void overlay	1852	5183	0	28	80	source_plane=0 shape=0 rot=0
terrain	void_overlay_no_floor_context	41	void overlay	1853	5122	0	28	80	source_plane=0 shape=0 rot=0
terrain	void_overlay_no_floor_context	41	void overlay	1853	5123	0	28	80	source_plane=0 shape=0 rot=0
terrain	void_overlay_no_floor_context	41	void overlay	1853	5124	0	28	80	source_plane=0 shape=0 rot=0
terrain	void_overlay_no_floor_context	41	void overlay	1853	5125	0	28	80	source_plane=0 shape=0 rot=0
terrain	void_overlay_no_floor_context	41	void overlay	1853	5126	0	28	80	source_plane=0 shape=0 rot=0
terrain	void_overlay_no_floor_context	41	void overlay	1853	5127	0	28	80	source_plane=0 shape=0 rot=0
terrain	void_overlay_no_floor_context	41	void overlay	1853	5128	0	28	80	source_plane=0 shape=0 rot=0
terrain	void_overlay_no_floor_context	41	void overlay	1853	5129	0	28	80	source_plane=0 shape=0 rot=0
terrain	void_overlay_no_floor_context	41	void overlay	1853	5130	0	28	80	source_plane=0 shape=0 rot=0
terrain	void_overlay_no_floor_context	41	void overlay	1853	5131	0	28	80	source_plane=0 shape=0 rot=0
terrain	void_overlay_no_floor_context	41	void overlay	1853	5132	0	28	80	source_plane=0 shape=0 rot=0
terrain	void_overlay_no_floor_context	41	void overlay	1853	5133	0	28	80	source_plane=0 shape=0 rot=0
terrain	void_overlay_no_floor_context	41	void overlay	1853	5134	0	28	80	source_plane=0 shape=0 rot=0
terrain	void_overlay_no_floor_context	41	void overlay	1853	5135	0	28	80	source_plane=0 shape=0 rot=0
terrain	void_overlay_no_floor_context	41	void overlay	1853	5136	0	28	80	source_plane=0 shape=0 rot=0
terrain	void_overlay_no_floor_context	41	void overlay	1853	5137	0	28	80	source_plane=0 shape=0 rot=0
terrain	void_overlay_no_floor_context	41	void overlay	1853	5138	0	28	80	source_plane=0 shape=0 rot=0
terrain	void_overlay_no_floor_context	41	void overlay	1853	5139	0	28	80	source_plane=0 shape=0 rot=0
terrain	void_overlay_no_floor_context	41	void overlay	1853	5140	0	28	80	source_plane=0 shape=0 rot=0
terrain	void_overlay_no_floor_context	41	void overlay	1853	5141	0	28	80	source_plane=0 shape=0 rot=0
terrain	void_overlay_no_floor_context	41	void overlay	1853	5142	0	28	80	source_plane=0 shape=0 rot=0
terrain	void_overlay_no_floor_context	41	void overlay	1853	5143	0	28	80	source_plane=0 shape=0 rot=0
terrain	void_overlay_no_floor_context	41	void overlay	1853	5144	0	28	80	source_plane=0 shape=0 rot=0
terrain	void_overlay_no_floor_context	41	void overlay	1853	5145	0	28	80	source_plane=0 shape=0 rot=0
terrain	void_overlay_no_floor_context	41	void overlay	1853	5146	0	28	80	source_plane=0 shape=0 rot=0
terrain	void_overlay_no_floor_context	41	void overlay	1853	5147	0	28	80	source_plane=0 shape=0 rot=0
terrain	void_overlay_no_floor_context	41	void overlay	1853	5148	0	28	80	source_plane=0 shape=0 rot=0
terrain	void_overlay_no_floor_context	41	void overlay	1853	5149	0	28	80	source_plane=0 shape=0 rot=0
terrain	void_overlay_no_floor_context	41	void overlay	1853	5150	0	28	80	source_plane=0 shape=0 rot=0
terrain	void_overlay_no_floor_context	41	void overlay	1853	5151	0	28	80	source_plane=0 shape=0 rot=0
terrain	void_overlay_no_floor_context	41	void overlay	1853	5152	0	28	80	source_plane=0 shape=0 rot=0
terrain	void_overlay_no_floor_context	41	void overlay	1853	5153	0	28	80	source_plane=0 shape=0 rot=0
terrain	void_overlay_no_floor_context	41	void overlay	1853	5154	0	28	80	source_plane=0 shape=0 rot=0
terrain	void_overlay_no_floor_context	41	void overlay	1853	5155	0	28	80	source_plane=0 shape=0 rot=0
terrain	void_overlay_no_floor_context	41	void overlay	1853	5156	0	28	80	source_plane=0 shape=0 rot=0
terrain	void_overlay_no_floor_context	41	void overlay	1853	5157	0	28	80	source_plane=0 shape=0 rot=0
terrain	void_overlay_no_floor_context	41	void overlay	1853	5158	0	28	80	source_plane=0 shape=0 rot=0
terrain	void_overlay_no_floor_context	41	void overlay	1853	5159	0	28	80	source_plane=0 shape=0 rot=0
terrain	void_overlay_no_floor_context	41	void overlay	1853	5160	0	28	80	source_plane=0 shape=0 rot=0
terrain	void_overlay_no_floor_context	41	void overlay	1853	5161	0	28	80	source_plane=0 shape=0 rot=0
terrain	void_overlay_no_floor_context	41	void overlay	1853	5162	0	28	80	source_plane=0 shape=0 rot=0
terrain	void_overlay_no_floor_context	41	void overlay	1853	5163	0	28	80	source_plane=0 shape=0 rot=0
terrain	void_overlay_no_floor_context	41	void overlay	1853	5164	0	28	80	source_plane=0 shape=0 rot=0
terrain	void_overlay_no_floor_context	41	void overlay	1853	5165	0	28	80	source_plane=0 shape=0 rot=0
terrain	void_overlay_no_floor_context	41	void overlay	1853	5166	0	28	80	source_plane=0 shape=0 rot=0
terrain	void_overlay_no_floor_context	41	void overlay	1853	5167	0	28	80	source_plane=0 shape=0 rot=0
terrain	void_overlay_no_floor_context	41	void overlay	1853	5168	0	28	80	source_plane=0 shape=0 rot=0
terrain	void_overlay_no_floor_context	41	void overlay	1853	5169	0	28	80	source_plane=0 shape=0 rot=0
terrain	void_overlay_no_floor_context	41	void overlay	1853	5170	0	28	80	source_plane=0 shape=0 rot=0
terrain	void_overlay_no_floor_context	41	void overlay	1853	5171	0	28	80	source_plane=0 shape=0 rot=0
terrain	void_overlay_no_floor_context	41	void overlay	1853	5172	0	28	80	source_plane=0 shape=0 rot=0
terrain	void_overlay_no_floor_context	41	void overlay	1853	5173	0	28	80	source_plane=0 shape=0 rot=0
terrain	void_overlay_no_floor_context	41	void overlay	1853	5174	0	28	80	source_plane=0 shape=0 rot=0
terrain	void_overlay_no_floor_context	41	void overlay	1853	5175	0	28	80	source_plane=0 shape=0 rot=0
terrain	void_overlay_no_floor_context	41	void overlay	1853	5176	0	28	80	source_plane=0 shape=0 rot=0
terrain	void_overlay_no_floor_context	41	void overlay	1853	5177	0	28	80	source_plane=0 shape=0 rot=0
terrain	void_overlay_no_floor_context	41	void overlay	1853	5178	0	28	80	source_plane=0 shape=0 rot=0
terrain	void_overlay_no_floor_context	41	void overlay	1853	5179	0	28	80	source_plane=0 shape=0 rot=0
terrain	void_overlay_no_floor_context	41	void overlay	1853	5180	0	28	80	source_plane=0 shape=0 rot=0
terrain	void_overlay_no_floor_context	41	void overlay	1853	5181	0	28	80	source_plane=0 shape=0 rot=0
terrain	void_overlay_no_floor_context	41	void overlay	1853	5182	0	28	80	source_plane=0 shape=0 rot=0
terrain	void_overlay_no_floor_context	41	void overlay	1853	5183	0	28	80	source_plane=0 shape=0 rot=0
terrain	void_overlay_no_floor_context	41	void overlay	1854	5122	0	28	80	source_plane=0 shape=0 rot=0
terrain	void_overlay_no_floor_context	41	void overlay	1854	5123	0	28	80	source_plane=0 shape=0 rot=0
terrain	void_overlay_no_floor_context	41	void overlay	1854	5124	0	28	80	source_plane=0 shape=0 rot=0
terrain	void_overlay_no_floor_context	41	void overlay	1854	5125	0	28	80	source_plane=0 shape=0 rot=0
terrain	void_overlay_no_floor_context	41	void overlay	1854	5126	0	28	80	source_plane=0 shape=0 rot=0
terrain	void_overlay_no_floor_context	41	void overlay	1854	5127	0	28	80	source_plane=0 shape=0 rot=0
terrain	void_overlay_no_floor_context	41	void overlay	1854	5128	0	28	80	source_plane=0 shape=0 rot=0
terrain	void_overlay_no_floor_context	41	void overlay	1854	5129	0	28	80	source_plane=0 shape=0 rot=0
terrain	void_overlay_no_floor_context	41	void overlay	1854	5130	0	28	80	source_plane=0 shape=0 rot=0
terrain	void_overlay_no_floor_context	41	void overlay	1854	5131	0	28	80	source_plane=0 shape=0 rot=0
terrain	void_overlay_no_floor_context	41	void overlay	1854	5132	0	28	80	source_plane=0 shape=0 rot=0
terrain	void_overlay_no_floor_context	41	void overlay	1854	5133	0	28	80	source_plane=0 shape=0 rot=0
terrain	void_overlay_no_floor_context	41	void overlay	1854	5134	0	28	80	source_plane=0 shape=0 rot=0
terrain	void_overlay_no_floor_context	41	void overlay	1854	5135	0	28	80	source_plane=0 shape=0 rot=0
terrain	void_overlay_no_floor_context	41	void overlay	1854	5136	0	28	80	source_plane=0 shape=0 rot=0
terrain	void_overlay_no_floor_context	41	void overlay	1854	5137	0	28	80	source_plane=0 shape=0 rot=0
terrain	void_overlay_no_floor_context	41	void overlay	1854	5138	0	28	80	source_plane=0 shape=0 rot=0
terrain	void_overlay_no_floor_context	41	void overlay	1854	5139	0	28	80	source_plane=0 shape=0 rot=0
terrain	void_overlay_no_floor_context	41	void overlay	1854	5140	0	28	80	source_plane=0 shape=0 rot=0
terrain	void_overlay_no_floor_context	41	void overlay	1854	5141	0	28	80	source_plane=0 shape=0 rot=0
terrain	void_overlay_no_floor_context	41	void overlay	1854	5142	0	28	80	source_plane=0 shape=0 rot=0
terrain	void_overlay_no_floor_context	41	void overlay	1854	5143	0	28	80	source_plane=0 shape=0 rot=0
terrain	void_overlay_no_floor_context	41	void overlay	1854	5144	0	28	80	source_plane=0 shape=0 rot=0
terrain	void_overlay_no_floor_context	41	void overlay	1854	5145	0	28	80	source_plane=0 shape=0 rot=0
terrain	void_overlay_no_floor_context	41	void overlay	1854	5146	0	28	80	source_plane=0 shape=0 rot=0
terrain	void_overlay_no_floor_context	41	void overlay	1854	5147	0	28	80	source_plane=0 shape=0 rot=0
terrain	void_overlay_no_floor_context	41	void overlay	1854	5148	0	28	80	source_plane=0 shape=0 rot=0
terrain	void_overlay_no_floor_context	41	void overlay	1854	5149	0	28	80	source_plane=0 shape=0 rot=0
terrain	void_overlay_no_floor_context	41	void overlay	1854	5150	0	28	80	source_plane=0 shape=0 rot=0
terrain	void_overlay_no_floor_context	41	void overlay	1854	5151	0	28	80	source_plane=0 shape=0 rot=0
terrain	void_overlay_no_floor_context	41	void overlay	1854	5152	0	28	80	source_plane=0 shape=0 rot=0
terrain	void_overlay_no_floor_context	41	void overlay	1854	5153	0	28	80	source_plane=0 shape=0 rot=0
terrain	void_overlay_no_floor_context	41	void overlay	1854	5154	0	28	80	source_plane=0 shape=0 rot=0
terrain	void_overlay_no_floor_context	41	void overlay	1854	5155	0	28	80	source_plane=0 shape=0 rot=0
terrain	void_overlay_no_floor_context	41	void overlay	1854	5156	0	28	80	source_plane=0 shape=0 rot=0
terrain	void_overlay_no_floor_context	41	void overlay	1854	5157	0	28	80	source_plane=0 shape=0 rot=0
terrain	void_overlay_no_floor_context	41	void overlay	1854	5158	0	28	80	source_plane=0 shape=0 rot=0
terrain	void_overlay_no_floor_context	41	void overlay	1854	5159	0	28	80	source_plane=0 shape=0 rot=0
terrain	void_overlay_no_floor_context	41	void overlay	1854	5160	0	28	80	source_plane=0 shape=0 rot=0
terrain	void_overlay_no_floor_context	41	void overlay	1854	5161	0	28	80	source_plane=0 shape=0 rot=0
terrain	void_overlay_no_floor_context	41	void overlay	1854	5162	0	28	80	source_plane=0 shape=0 rot=0
terrain	void_overlay_no_floor_context	41	void overlay	1854	5163	0	28	80	source_plane=0 shape=0 rot=0
terrain	void_overlay_no_floor_context	41	void overlay	1854	5164	0	28	80	source_plane=0 shape=0 rot=0
terrain	void_overlay_no_floor_context	41	void overlay	1854	5165	0	28	80	source_plane=0 shape=0 rot=0
terrain	void_overlay_no_floor_context	41	void overlay	1854	5166	0	28	80	source_plane=0 shape=0 rot=0
terrain	void_overlay_no_floor_context	41	void overlay	1854	5167	0	28	80	source_plane=0 shape=0 rot=0
terrain	void_overlay_no_floor_context	41	void overlay	1854	5168	0	28	80	source_plane=0 shape=0 rot=0
terrain	void_overlay_no_floor_context	41	void overlay	1854	5169	0	28	80	source_plane=0 shape=0 rot=0
terrain	void_overlay_no_floor_context	41	void overlay	1854	5170	0	28	80	source_plane=0 shape=0 rot=0
terrain	void_overlay_no_floor_context	41	void overlay	1854	5171	0	28	80	source_plane=0 shape=0 rot=0
terrain	void_overlay_no_floor_context	41	void overlay	1854	5172	0	28	80	source_plane=0 shape=0 rot=0
terrain	void_overlay_no_floor_context	41	void overlay	1854	5173	0	28	80	source_plane=0 shape=0 rot=0
terrain	void_overlay_no_floor_context	41	void overlay	1854	5174	0	28	80	source_plane=0 shape=0 rot=0
terrain	void_overlay_no_floor_context	41	void overlay	1854	5175	0	28	80	source_plane=0 shape=0 rot=0
terrain	void_overlay_no_floor_context	41	void overlay	1854	5176	0	28	80	source_plane=0 shape=0 rot=0
terrain	void_overlay_no_floor_context	41	void overlay	1854	5177	0	28	80	source_plane=0 shape=0 rot=0
terrain	void_overlay_no_floor_context	41	void overlay	1854	5178	0	28	80	source_plane=0 shape=0 rot=0
terrain	void_overlay_no_floor_context	41	void overlay	1854	5179	0	28	80	source_plane=0 shape=0 rot=0
terrain	void_overlay_no_floor_context	41	void overlay	1854	5180	0	28	80	source_plane=0 shape=0 rot=0
terrain	void_overlay_no_floor_context	41	void overlay	1854	5181	0	28	80	source_plane=0 shape=0 rot=0
terrain	void_overlay_no_floor_context	41	void overlay	1854	5182	0	28	80	source_plane=0 shape=0 rot=0
terrain	void_overlay_no_floor_context	41	void overlay	1854	5183	0	28	80	source_plane=0 shape=0 rot=0
terrain	void_overlay_no_floor_context	41	void overlay	1855	5122	0	28	80	source_plane=0 shape=0 rot=0
terrain	void_overlay_no_floor_context	41	void overlay	1855	5123	0	28	80	source_plane=0 shape=0 rot=0
terrain	void_overlay_no_floor_context	41	void overlay	1855	5124	0	28	80	source_plane=0 shape=0 rot=0
terrain	void_overlay_no_floor_context	41	void overlay	1855	5125	0	28	80	source_plane=0 shape=0 rot=0
terrain	void_overlay_no_floor_context	41	void overlay	1855	5126	0	28	80	source_plane=0 shape=0 rot=0
terrain	void_overlay_no_floor_context	41	void overlay	1855	5127	0	28	80	source_plane=0 shape=0 rot=0
terrain	void_overlay_no_floor_context	41	void overlay	1855	5128	0	28	80	source_plane=0 shape=0 rot=0
terrain	void_overlay_no_floor_context	41	void overlay	1855	5129	0	28	80	source_plane=0 shape=0 rot=0
terrain	void_overlay_no_floor_context	41	void overlay	1855	5130	0	28	80	source_plane=0 shape=0 rot=0
terrain	void_overlay_no_floor_context	41	void overlay	1855	5131	0	28	80	source_plane=0 shape=0 rot=0
terrain	void_overlay_no_floor_context	41	void overlay	1855	5132	0	28	80	source_plane=0 shape=0 rot=0
terrain	void_overlay_no_floor_context	41	void overlay	1855	5133	0	28	80	source_plane=0 shape=0 rot=0
terrain	void_overlay_no_floor_context	41	void overlay	1855	5134	0	28	80	source_plane=0 shape=0 rot=0
terrain	void_overlay_no_floor_context	41	void overlay	1855	5135	0	28	80	source_plane=0 shape=0 rot=0
terrain	void_overlay_no_floor_context	41	void overlay	1855	5136	0	28	80	source_plane=0 shape=0 rot=0
terrain	void_overlay_no_floor_context	41	void overlay	1855	5137	0	28	80	source_plane=0 shape=0 rot=0
terrain	void_overlay_no_floor_context	41	void overlay	1855	5138	0	28	80	source_plane=0 shape=0 rot=0
terrain	void_overlay_no_floor_context	41	void overlay	1855	5139	0	28	80	source_plane=0 shape=0 rot=0
terrain	void_overlay_no_floor_context	41	void overlay	1855	5140	0	28	80	source_plane=0 shape=0 rot=0
terrain	void_overlay_no_floor_context	41	void overlay	1855	5141	0	28	80	source_plane=0 shape=0 rot=0
terrain	void_overlay_no_floor_context	41	void overlay	1855	5142	0	28	80	source_plane=0 shape=0 rot=0
terrain	void_overlay_no_floor_context	41	void overlay	1855	5143	0	28	80	source_plane=0 shape=0 rot=0
terrain	void_overlay_no_floor_context	41	void overlay	1855	5144	0	28	80	source_plane=0 shape=0 rot=0
terrain	void_overlay_no_floor_context	41	void overlay	1855	5145	0	28	80	source_plane=0 shape=0 rot=0
terrain	void_overlay_no_floor_context	41	void overlay	1855	5146	0	28	80	source_plane=0 shape=0 rot=0
terrain	void_overlay_no_floor_context	41	void overlay	1855	5147	0	28	80	source_plane=0 shape=0 rot=0
terrain	void_overlay_no_floor_context	41	void overlay	1855	5148	0	28	80	source_plane=0 shape=0 rot=0
terrain	void_overlay_no_floor_context	41	void overlay	1855	5149	0	28	80	source_plane=0 shape=0 rot=0
terrain	void_overlay_no_floor_context	41	void overlay	1855	5150	0	28	80	source_plane=0 shape=0 rot=0
terrain	void_overlay_no_floor_context	41	void overlay	1855	5151	0	28	80	source_plane=0 shape=0 rot=0
terrain	void_overlay_no_floor_context	41	void overlay	1855	5152	0	28	80	source_plane=0 shape=0 rot=0
terrain	void_overlay_no_floor_context	41	void overlay	1855	5153	0	28	80	source_plane=0 shape=0 rot=0
terrain	void_overlay_no_floor_context	41	void overlay	1855	5154	0	28	80	source_plane=0 shape=0 rot=0
terrain	void_overlay_no_floor_context	41	void overlay	1855	5155	0	28	80	source_plane=0 shape=0 rot=0
terrain	void_overlay_no_floor_context	41	void overlay	1855	5156	0	28	80	source_plane=0 shape=0 rot=0
terrain	void_overlay_no_floor_context	41	void overlay	1855	5157	0	28	80	source_plane=0 shape=0 rot=0
terrain	void_overlay_no_floor_context	41	void overlay	1855	5158	0	28	80	source_plane=0 shape=0 rot=0
terrain	void_overlay_no_floor_context	41	void overlay	1855	5159	0	28	80	source_plane=0 shape=0 rot=0
terrain	void_overlay_no_floor_context	41	void overlay	1855	5160	0	28	80	source_plane=0 shape=0 rot=0
terrain	void_overlay_no_floor_context	41	void overlay	1855	5161	0	28	80	source_plane=0 shape=0 rot=0
terrain	void_overlay_no_floor_context	41	void overlay	1855	5162	0	28	80	source_plane=0 shape=0 rot=0
terrain	void_overlay_no_floor_context	41	void overlay	1855	5163	0	28	80	source_plane=0 shape=0 rot=0
terrain	void_overlay_no_floor_context	41	void overlay	1855	5164	0	28	80	source_plane=0 shape=0 rot=0
terrain	void_overlay_no_floor_context	41	void overlay	1855	5165	0	28	80	source_plane=0 shape=0 rot=0
terrain	void_overlay_no_floor_context	41	void overlay	1855	5166	0	28	80	source_plane=0 shape=0 rot=0
terrain	void_overlay_no_floor_context	41	void overlay	1855	5167	0	28	80	source_plane=0 shape=0 rot=0
terrain	void_overlay_no_floor_context	41	void overlay	1855	5168	0	28	80	source_plane=0 shape=0 rot=0
terrain	void_overlay_no_floor_context	41	void overlay	1855	5169	0	28	80	source_plane=0 shape=0 rot=0
terrain	void_overlay_no_floor_context	41	void overlay	1855	5170	0	28	80	source_plane=0 shape=0 rot=0
terrain	void_overlay_no_floor_context	41	void overlay	1855	5171	0	28	80	source_plane=0 shape=0 rot=0
terrain	void_overlay_no_floor_context	41	void overlay	1855	5172	0	28	80	source_plane=0 shape=0 rot=0
terrain	void_overlay_no_floor_context	41	void overlay	1855	5173	0	28	80	source_plane=0 shape=0 rot=0
terrain	void_overlay_no_floor_context	41	void overlay	1855	5174	0	28	80	source_plane=0 shape=0 rot=0
terrain	void_overlay_no_floor_context	41	void overlay	1855	5175	0	28	80	source_plane=0 shape=0 rot=0
terrain	void_overlay_no_floor_context	41	void overlay	1855	5176	0	28	80	source_plane=0 shape=0 rot=0
terrain	void_overlay_no_floor_context	41	void overlay	1855	5177	0	28	80	source_plane=0 shape=0 rot=0
terrain	void_overlay_no_floor_context	41	void overlay	1855	5178	0	28	80	source_plane=0 shape=0 rot=0
terrain	void_overlay_no_floor_context	41	void overlay	1855	5179	0	28	80	source_plane=0 shape=0 rot=0
terrain	void_overlay_no_floor_context	41	void overlay	1855	5180	0	28	80	source_plane=0 shape=0 rot=0
terrain	void_overlay_no_floor_context	41	void overlay	1855	5181	0	28	80	source_plane=0 shape=0 rot=0
terrain	void_overlay_no_floor_context	41	void overlay	1855	5182	0	28	80	source_plane=0 shape=0 rot=0
terrain	void_overlay_no_floor_context	41	void overlay	1855	5183	0	28	80	source_plane=0 shape=0 rot=0
terrain	void_overlay_no_floor_context	41	void overlay	1792	5184	0	28	81	source_plane=0 shape=0 rot=0
terrain	void_overlay_no_floor_context	41	void overlay	1792	5185	0	28	81	source_plane=0 shape=0 rot=0
terrain	void_overlay_no_floor_context	41	void overlay	1792	5186	0	28	81	source_plane=0 shape=0 rot=0
terrain	void_overlay_no_floor_context	41	void overlay	1792	5187	0	28	81	source_plane=0 shape=0 rot=0
terrain	void_overlay_no_floor_context	41	void overlay	1792	5188	0	28	81	source_plane=0 shape=0 rot=0
terrain	void_overlay_no_floor_context	41	void overlay	1792	5189	0	28	81	source_plane=0 shape=0 rot=0
terrain	void_overlay_no_floor_context	41	void overlay	1792	5190	0	28	81	source_plane=0 shape=0 rot=0
terrain	void_overlay_no_floor_context	41	void overlay	1792	5191	0	28	81	source_plane=0 shape=0 rot=0
terrain	void_overlay_no_floor_context	41	void overlay	1792	5192	0	28	81	source_plane=0 shape=0 rot=0
terrain	void_overlay_no_floor_context	41	void overlay	1792	5193	0	28	81	source_plane=0 shape=0 rot=0
terrain	void_overlay_no_floor_context	41	void overlay	1792	5194	0	28	81	source_plane=0 shape=0 rot=0
terrain	void_overlay_no_floor_context	41	void overlay	1792	5195	0	28	81	source_plane=0 shape=0 rot=0
terrain	void_overlay_no_floor_context	41	void overlay	1792	5196	0	28	81	source_plane=0 shape=0 rot=0
terrain	void_overlay_no_floor_context	41	void overlay	1792	5197	0	28	81	source_plane=0 shape=0 rot=0
terrain	void_overlay_no_floor_context	41	void overlay	1792	5198	0	28	81	source_plane=0 shape=0 rot=0
terrain	void_overlay_no_floor_context	41	void overlay	1792	5199	0	28	81	source_plane=0 shape=0 rot=0
terrain	void_overlay_no_floor_context	41	void overlay	1792	5200	0	28	81	source_plane=0 shape=0 rot=0
terrain	void_overlay_no_floor_context	41	void overlay	1792	5201	0	28	81	source_plane=0 shape=0 rot=0
terrain	void_overlay_no_floor_context	41	void overlay	1792	5202	0	28	81	source_plane=0 shape=0 rot=0
terrain	void_overlay_no_floor_context	41	void overlay	1792	5203	0	28	81	source_plane=0 shape=0 rot=0
terrain	void_overlay_no_floor_context	41	void overlay	1792	5204	0	28	81	source_plane=0 shape=0 rot=0
terrain	void_overlay_no_floor_context	41	void overlay	1792	5205	0	28	81	source_plane=0 shape=0 rot=0
terrain	void_overlay_no_floor_context	41	void overlay	1792	5206	0	28	81	source_plane=0 shape=0 rot=0
terrain	void_overlay_no_floor_context	41	void overlay	1792	5207	0	28	81	source_plane=0 shape=0 rot=0
terrain	void_overlay_no_floor_context	41	void overlay	1792	5208	0	28	81	source_plane=0 shape=0 rot=0
terrain	void_overlay_no_floor_context	41	void overlay	1792	5209	0	28	81	source_plane=0 shape=0 rot=0
terrain	void_overlay_no_floor_context	41	void overlay	1792	5210	0	28	81	source_plane=0 shape=0 rot=0
terrain	void_overlay_no_floor_context	41	void overlay	1792	5211	0	28	81	source_plane=0 shape=0 rot=0
terrain	void_overlay_no_floor_context	41	void overlay	1792	5212	0	28	81	source_plane=0 shape=0 rot=0
terrain	void_overlay_no_floor_context	41	void overlay	1792	5213	0	28	81	source_plane=0 shape=0 rot=0
terrain	void_overlay_no_floor_context	41	void overlay	1792	5214	0	28	81	source_plane=0 shape=0 rot=0
terrain	void_overlay_no_floor_context	41	void overlay	1792	5215	0	28	81	source_plane=0 shape=0 rot=0
terrain	void_overlay_no_floor_context	41	void overlay	1792	5216	0	28	81	source_plane=0 shape=0 rot=0
terrain	void_overlay_no_floor_context	41	void overlay	1792	5217	0	28	81	source_plane=0 shape=0 rot=0
terrain	void_overlay_no_floor_context	41	void overlay	1792	5218	0	28	81	source_plane=0 shape=0 rot=0
terrain	void_overlay_no_floor_context	41	void overlay	1792	5219	0	28	81	source_plane=0 shape=0 rot=0
terrain	void_overlay_no_floor_context	41	void overlay	1792	5220	0	28	81	source_plane=0 shape=0 rot=0
terrain	void_overlay_no_floor_context	41	void overlay	1792	5221	0	28	81	source_plane=0 shape=0 rot=0
terrain	void_overlay_no_floor_context	41	void overlay	1792	5222	0	28	81	source_plane=0 shape=0 rot=0
terrain	void_overlay_no_floor_context	41	void overlay	1792	5223	0	28	81	source_plane=0 shape=0 rot=0
terrain	void_overlay_no_floor_context	41	void overlay	1792	5224	0	28	81	source_plane=0 shape=0 rot=0
terrain	void_overlay_no_floor_context	41	void overlay	1792	5225	0	28	81	source_plane=0 shape=0 rot=0
terrain	void_overlay_no_floor_context	41	void overlay	1792	5226	0	28	81	source_plane=0 shape=0 rot=0
terrain	void_overlay_no_floor_context	41	void overlay	1792	5227	0	28	81	source_plane=0 shape=0 rot=0
terrain	void_overlay_no_floor_context	41	void overlay	1792	5228	0	28	81	source_plane=0 shape=0 rot=0
terrain	void_overlay_no_floor_context	41	void overlay	1792	5229	0	28	81	source_plane=0 shape=0 rot=0
terrain	void_overlay_no_floor_context	41	void overlay	1792	5230	0	28	81	source_plane=0 shape=0 rot=0
terrain	void_overlay_no_floor_context	41	void overlay	1792	5231	0	28	81	source_plane=0 shape=0 rot=0
terrain	void_overlay_no_floor_context	41	void overlay	1792	5232	0	28	81	source_plane=0 shape=0 rot=0
terrain	void_overlay_no_floor_context	41	void overlay	1792	5233	0	28	81	source_plane=0 shape=0 rot=0
terrain	void_overlay_no_floor_context	41	void overlay	1792	5234	0	28	81	source_plane=0 shape=0 rot=0
terrain	void_overlay_no_floor_context	41	void overlay	1792	5235	0	28	81	source_plane=0 shape=0 rot=0
terrain	void_overlay_no_floor_context	41	void overlay	1792	5236	0	28	81	source_plane=0 shape=0 rot=0
terrain	void_overlay_no_floor_context	41	void overlay	1792	5237	0	28	81	source_plane=0 shape=0 rot=0
terrain	void_overlay_no_floor_context	41	void overlay	1792	5238	0	28	81	source_plane=0 shape=0 rot=0
terrain	void_overlay_no_floor_context	41	void overlay	1792	5239	0	28	81	source_plane=0 shape=0 rot=0
terrain	void_overlay_no_floor_context	41	void overlay	1792	5240	0	28	81	source_plane=0 shape=0 rot=0
terrain	void_overlay_no_floor_context	41	void overlay	1792	5241	0	28	81	source_plane=0 shape=0 rot=0
terrain	void_overlay_no_floor_context	41	void overlay	1792	5242	0	28	81	source_plane=0 shape=0 rot=0
terrain	void_overlay_no_floor_context	41	void overlay	1792	5243	0	28	81	source_plane=0 shape=0 rot=0
terrain	void_overlay_no_floor_context	41	void overlay	1792	5244	0	28	81	source_plane=0 shape=0 rot=0
terrain	void_overlay_no_floor_context	41	void overlay	1792	5245	0	28	81	source_plane=0 shape=0 rot=0
terrain	void_overlay_no_floor_context	41	void overlay	1792	5246	0	28	81	source_plane=0 shape=0 rot=0
terrain	void_overlay_no_floor_context	41	void overlay	1792	5247	0	28	81	source_plane=0 shape=0 rot=0
terrain	void_overlay_no_floor_context	41	void overlay	1793	5184	0	28	81	source_plane=0 shape=0 rot=0
terrain	void_overlay_no_floor_context	41	void overlay	1793	5185	0	28	81	source_plane=0 shape=0 rot=0
terrain	void_overlay_no_floor_context	41	void overlay	1793	5186	0	28	81	source_plane=0 shape=0 rot=0
terrain	void_overlay_no_floor_context	41	void overlay	1793	5187	0	28	81	source_plane=0 shape=0 rot=0
terrain	void_overlay_no_floor_context	41	void overlay	1793	5188	0	28	81	source_plane=0 shape=0 rot=0
terrain	void_overlay_no_floor_context	41	void overlay	1793	5189	0	28	81	source_plane=0 shape=0 rot=0
terrain	void_overlay_no_floor_context	41	void overlay	1793	5190	0	28	81	source_plane=0 shape=0 rot=0
terrain	void_overlay_no_floor_context	41	void overlay	1793	5191	0	28	81	source_plane=0 shape=0 rot=0
terrain	void_overlay_no_floor_context	41	void overlay	1793	5192	0	28	81	source_plane=0 shape=0 rot=0
terrain	void_overlay_no_floor_context	41	void overlay	1793	5193	0	28	81	source_plane=0 shape=0 rot=0
terrain	void_overlay_no_floor_context	41	void overlay	1793	5194	0	28	81	source_plane=0 shape=0 rot=0
terrain	void_overlay_no_floor_context	41	void overlay	1793	5195	0	28	81	source_plane=0 shape=0 rot=0
terrain	void_overlay_no_floor_context	41	void overlay	1793	5196	0	28	81	source_plane=0 shape=0 rot=0
terrain	void_overlay_no_floor_context	41	void overlay	1793	5197	0	28	81	source_plane=0 shape=0 rot=0
terrain	void_overlay_no_floor_context	41	void overlay	1793	5198	0	28	81	source_plane=0 shape=0 rot=0
terrain	void_overlay_no_floor_context	41	void overlay	1793	5199	0	28	81	source_plane=0 shape=0 rot=0
terrain	void_overlay_no_floor_context	41	void overlay	1793	5200	0	28	81	source_plane=0 shape=0 rot=0
terrain	void_overlay_no_floor_context	41	void overlay	1793	5201	0	28	81	source_plane=0 shape=0 rot=0
terrain	void_overlay_no_floor_context	41	void overlay	1793	5202	0	28	81	source_plane=0 shape=0 rot=0
terrain	void_overlay_no_floor_context	41	void overlay	1793	5203	0	28	81	source_plane=0 shape=0 rot=0
terrain	void_overlay_no_floor_context	41	void overlay	1793	5204	0	28	81	source_plane=0 shape=0 rot=0
terrain	void_overlay_no_floor_context	41	void overlay	1793	5205	0	28	81	source_plane=0 shape=0 rot=0
terrain	void_overlay_no_floor_context	41	void overlay	1793	5206	0	28	81	source_plane=0 shape=0 rot=0
terrain	void_overlay_no_floor_context	41	void overlay	1793	5207	0	28	81	source_plane=0 shape=0 rot=0
terrain	void_overlay_no_floor_context	41	void overlay	1793	5208	0	28	81	source_plane=0 shape=0 rot=0
terrain	void_overlay_no_floor_context	41	void overlay	1793	5209	0	28	81	source_plane=0 shape=0 rot=0
terrain	void_overlay_no_floor_context	41	void overlay	1793	5210	0	28	81	source_plane=0 shape=0 rot=0
terrain	void_overlay_no_floor_context	41	void overlay	1793	5211	0	28	81	source_plane=0 shape=0 rot=0
terrain	void_overlay_no_floor_context	41	void overlay	1793	5212	0	28	81	source_plane=0 shape=0 rot=0
terrain	void_overlay_no_floor_context	41	void overlay	1793	5213	0	28	81	source_plane=0 shape=0 rot=0
terrain	void_overlay_no_floor_context	41	void overlay	1793	5214	0	28	81	source_plane=0 shape=0 rot=0
terrain	void_overlay_no_floor_context	41	void overlay	1793	5215	0	28	81	source_plane=0 shape=0 rot=0
terrain	void_overlay_no_floor_context	41	void overlay	1793	5216	0	28	81	source_plane=0 shape=0 rot=0
terrain	void_overlay_no_floor_context	41	void overlay	1793	5217	0	28	81	source_plane=0 shape=0 rot=0
terrain	void_overlay_no_floor_context	41	void overlay	1793	5218	0	28	81	source_plane=0 shape=0 rot=0
terrain	void_overlay_no_floor_context	41	void overlay	1793	5219	0	28	81	source_plane=0 shape=0 rot=0
terrain	void_overlay_no_floor_context	41	void overlay	1793	5220	0	28	81	source_plane=0 shape=0 rot=0
terrain	void_overlay_no_floor_context	41	void overlay	1793	5221	0	28	81	source_plane=0 shape=0 rot=0
terrain	void_overlay_no_floor_context	41	void overlay	1793	5222	0	28	81	source_plane=0 shape=0 rot=0
terrain	void_overlay_no_floor_context	41	void overlay	1793	5223	0	28	81	source_plane=0 shape=0 rot=0
terrain	void_overlay_no_floor_context	41	void overlay	1793	5224	0	28	81	source_plane=0 shape=0 rot=0
terrain	void_overlay_no_floor_context	41	void overlay	1793	5225	0	28	81	source_plane=0 shape=0 rot=0
terrain	void_overlay_no_floor_context	41	void overlay	1793	5226	0	28	81	source_plane=0 shape=0 rot=0
terrain	void_overlay_no_floor_context	41	void overlay	1793	5227	0	28	81	source_plane=0 shape=0 rot=0
terrain	void_overlay_no_floor_context	41	void overlay	1793	5228	0	28	81	source_plane=0 shape=0 rot=0
terrain	void_overlay_no_floor_context	41	void overlay	1793	5229	0	28	81	source_plane=0 shape=0 rot=0
terrain	void_overlay_no_floor_context	41	void overlay	1793	5230	0	28	81	source_plane=0 shape=0 rot=0
terrain	void_overlay_no_floor_context	41	void overlay	1793	5231	0	28	81	source_plane=0 shape=0 rot=0
terrain	void_overlay_no_floor_context	41	void overlay	1793	5232	0	28	81	source_plane=0 shape=0 rot=0
terrain	void_overlay_no_floor_context	41	void overlay	1793	5233	0	28	81	source_plane=0 shape=0 rot=0
terrain	void_overlay_no_floor_context	41	void overlay	1793	5234	0	28	81	source_plane=0 shape=0 rot=0
terrain	void_overlay_no_floor_context	41	void overlay	1793	5235	0	28	81	source_plane=0 shape=0 rot=0
terrain	void_overlay_no_floor_context	41	void overlay	1793	5236	0	28	81	source_plane=0 shape=0 rot=0
terrain	void_overlay_no_floor_context	41	void overlay	1793	5237	0	28	81	source_plane=0 shape=0 rot=0
terrain	void_overlay_no_floor_context	41	void overlay	1793	5238	0	28	81	source_plane=0 shape=0 rot=0
terrain	void_overlay_no_floor_context	41	void overlay	1793	5239	0	28	81	source_plane=0 shape=0 rot=0
terrain	void_overlay_no_floor_context	41	void overlay	1793	5240	0	28	81	source_plane=0 shape=0 rot=0
terrain	void_overlay_no_floor_context	41	void overlay	1793	5241	0	28	81	source_plane=0 shape=0 rot=0
terrain	void_overlay_no_floor_context	41	void overlay	1793	5242	0	28	81	source_plane=0 shape=0 rot=0
terrain	void_overlay_no_floor_context	41	void overlay	1793	5243	0	28	81	source_plane=0 shape=0 rot=0
terrain	void_overlay_no_floor_context	41	void overlay	1793	5244	0	28	81	source_plane=0 shape=0 rot=0
terrain	void_overlay_no_floor_context	41	void overlay	1793	5245	0	28	81	source_plane=0 shape=0 rot=0
terrain	void_overlay_no_floor_context	41	void overlay	1793	5246	0	28	81	source_plane=0 shape=0 rot=0
terrain	void_overlay_no_floor_context	41	void overlay	1793	5247	0	28	81	source_plane=0 shape=0 rot=0
terrain	void_overlay_no_floor_context	41	void overlay	1794	5184	0	28	81	source_plane=0 shape=0 rot=0
terrain	void_overlay_no_floor_context	41	void overlay	1794	5185	0	28	81	source_plane=0 shape=0 rot=0
terrain	void_overlay_no_floor_context	41	void overlay	1794	5186	0	28	81	source_plane=0 shape=0 rot=0
terrain	void_overlay_no_floor_context	41	void overlay	1794	5187	0	28	81	source_plane=0 shape=0 rot=0
terrain	void_overlay_no_floor_context	41	void overlay	1794	5188	0	28	81	source_plane=0 shape=0 rot=0
terrain	void_overlay_no_floor_context	41	void overlay	1794	5189	0	28	81	source_plane=0 shape=0 rot=0
terrain	void_overlay_no_floor_context	41	void overlay	1794	5190	0	28	81	source_plane=0 shape=0 rot=0
terrain	void_overlay_no_floor_context	41	void overlay	1794	5191	0	28	81	source_plane=0 shape=0 rot=0
terrain	void_overlay_no_floor_context	41	void overlay	1794	5192	0	28	81	source_plane=0 shape=0 rot=0
terrain	void_overlay_no_floor_context	41	void overlay	1794	5193	0	28	81	source_plane=0 shape=0 rot=0
terrain	void_overlay_no_floor_context	41	void overlay	1794	5194	0	28	81	source_plane=0 shape=0 rot=0
terrain	void_overlay_no_floor_context	41	void overlay	1794	5195	0	28	81	source_plane=0 shape=0 rot=0
terrain	void_overlay_no_floor_context	41	void overlay	1794	5196	0	28	81	source_plane=0 shape=0 rot=0
terrain	void_overlay_no_floor_context	41	void overlay	1794	5197	0	28	81	source_plane=0 shape=0 rot=0
terrain	void_overlay_no_floor_context	41	void overlay	1794	5198	0	28	81	source_plane=0 shape=0 rot=0
terrain	void_overlay_no_floor_context	41	void overlay	1794	5199	0	28	81	source_plane=0 shape=0 rot=0
terrain	void_overlay_no_floor_context	41	void overlay	1794	5200	0	28	81	source_plane=0 shape=0 rot=0
terrain	void_overlay_no_floor_context	41	void overlay	1794	5201	0	28	81	source_plane=0 shape=0 rot=0
terrain	void_overlay_no_floor_context	41	void overlay	1794	5202	0	28	81	source_plane=0 shape=0 rot=0
terrain	void_overlay_no_floor_context	41	void overlay	1794	5203	0	28	81	source_plane=0 shape=0 rot=0
terrain	void_overlay_no_floor_context	41	void overlay	1794	5204	0	28	81	source_plane=0 shape=0 rot=0
terrain	void_overlay_no_floor_context	41	void overlay	1794	5205	0	28	81	source_plane=0 shape=0 rot=0
terrain	void_overlay_no_floor_context	41	void overlay	1794	5206	0	28	81	source_plane=0 shape=0 rot=0
terrain	void_overlay_no_floor_context	41	void overlay	1794	5207	0	28	81	source_plane=0 shape=0 rot=0
terrain	void_overlay_no_floor_context	41	void overlay	1794	5208	0	28	81	source_plane=0 shape=0 rot=0
terrain	void_overlay_no_floor_context	41	void overlay	1794	5209	0	28	81	source_plane=0 shape=0 rot=0
terrain	void_overlay_no_floor_context	41	void overlay	1794	5210	0	28	81	source_plane=0 shape=0 rot=0
terrain	void_overlay_no_floor_context	41	void overlay	1794	5211	0	28	81	source_plane=0 shape=0 rot=0
terrain	void_overlay_no_floor_context	41	void overlay	1794	5212	0	28	81	source_plane=0 shape=0 rot=0
terrain	void_overlay_no_floor_context	41	void overlay	1794	5213	0	28	81	source_plane=0 shape=0 rot=0
terrain	void_overlay_no_floor_context	41	void overlay	1794	5214	0	28	81	source_plane=0 shape=0 rot=0
terrain	void_overlay_no_floor_context	41	void overlay	1794	5215	0	28	81	source_plane=0 shape=0 rot=0
terrain	void_overlay_no_floor_context	41	void overlay	1794	5216	0	28	81	source_plane=0 shape=0 rot=0
terrain	void_overlay_no_floor_context	41	void overlay	1794	5217	0	28	81	source_plane=0 shape=0 rot=0
terrain	void_overlay_no_floor_context	41	void overlay	1794	5218	0	28	81	source_plane=0 shape=0 rot=0
terrain	void_overlay_no_floor_context	41	void overlay	1794	5219	0	28	81	source_plane=0 shape=0 rot=0
terrain	void_overlay_no_floor_context	41	void overlay	1794	5220	0	28	81	source_plane=0 shape=0 rot=0
terrain	void_overlay_no_floor_context	41	void overlay	1794	5221	0	28	81	source_plane=0 shape=0 rot=0
terrain	void_overlay_no_floor_context	41	void overlay	1794	5222	0	28	81	source_plane=0 shape=0 rot=0
terrain	void_overlay_no_floor_context	41	void overlay	1794	5223	0	28	81	source_plane=0 shape=0 rot=0
terrain	void_overlay_no_floor_context	41	void overlay	1794	5224	0	28	81	source_plane=0 shape=0 rot=0
terrain	void_overlay_no_floor_context	41	void overlay	1794	5225	0	28	81	source_plane=0 shape=0 rot=0
terrain	void_overlay_no_floor_context	41	void overlay	1794	5226	0	28	81	source_plane=0 shape=0 rot=0
terrain	void_overlay_no_floor_context	41	void overlay	1794	5227	0	28	81	source_plane=0 shape=0 rot=0
terrain	void_overlay_no_floor_context	41	void overlay	1794	5228	0	28	81	source_plane=0 shape=0 rot=0
terrain	void_overlay_no_floor_context	41	void overlay	1794	5229	0	28	81	source_plane=0 shape=0 rot=0
terrain	void_overlay_no_floor_context	41	void overlay	1794	5230	0	28	81	source_plane=0 shape=0 rot=0
terrain	void_overlay_no_floor_context	41	void overlay	1794	5231	0	28	81	source_plane=0 shape=0 rot=0
terrain	void_overlay_no_floor_context	41	void overlay	1794	5232	0	28	81	source_plane=0 shape=0 rot=0
terrain	void_overlay_no_floor_context	41	void overlay	1794	5233	0	28	81	source_plane=0 shape=0 rot=0
terrain	void_overlay_no_floor_context	41	void overlay	1794	5234	0	28	81	source_plane=0 shape=0 rot=0
terrain	void_overlay_no_floor_context	41	void overlay	1794	5235	0	28	81	source_plane=0 shape=0 rot=0
terrain	void_overlay_no_floor_context	41	void overlay	1794	5236	0	28	81	source_plane=0 shape=0 rot=0
terrain	void_overlay_no_floor_context	41	void overlay	1794	5237	0	28	81	source_plane=0 shape=0 rot=0
terrain	void_overlay_no_floor_context	41	void overlay	1794	5238	0	28	81	source_plane=0 shape=0 rot=0
terrain	void_overlay_no_floor_context	41	void overlay	1794	5239	0	28	81	source_plane=0 shape=0 rot=0
terrain	void_overlay_no_floor_context	41	void overlay	1794	5240	0	28	81	source_plane=0 shape=0 rot=0
terrain	void_overlay_no_floor_context	41	void overlay	1794	5241	0	28	81	source_plane=0 shape=0 rot=0
terrain	void_overlay_no_floor_context	41	void overlay	1794	5242	0	28	81	source_plane=0 shape=0 rot=0
terrain	void_overlay_no_floor_context	41	void overlay	1794	5243	0	28	81	source_plane=0 shape=0 rot=0
terrain	void_overlay_no_floor_context	41	void overlay	1794	5244	0	28	81	source_plane=0 shape=0 rot=0
terrain	void_overlay_no_floor_context	41	void overlay	1794	5245	0	28	81	source_plane=0 shape=0 rot=0
terrain	void_overlay_no_floor_context	41	void overlay	1794	5246	0	28	81	source_plane=0 shape=0 rot=0
terrain	void_overlay_no_floor_context	41	void overlay	1794	5247	0	28	81	source_plane=0 shape=0 rot=0
terrain	void_overlay_no_floor_context	41	void overlay	1795	5184	0	28	81	source_plane=0 shape=0 rot=0
terrain	void_overlay_no_floor_context	41	void overlay	1795	5185	0	28	81	source_plane=0 shape=0 rot=0
terrain	void_overlay_no_floor_context	41	void overlay	1795	5186	0	28	81	source_plane=0 shape=0 rot=0
terrain	void_overlay_no_floor_context	41	void overlay	1795	5187	0	28	81	source_plane=0 shape=0 rot=0
terrain	void_overlay_no_floor_context	41	void overlay	1795	5188	0	28	81	source_plane=0 shape=0 rot=0
terrain	void_overlay_no_floor_context	41	void overlay	1795	5189	0	28	81	source_plane=0 shape=0 rot=0
terrain	void_overlay_no_floor_context	41	void overlay	1795	5190	0	28	81	source_plane=0 shape=0 rot=0
terrain	void_overlay_no_floor_context	41	void overlay	1795	5191	0	28	81	source_plane=0 shape=0 rot=0
terrain	void_overlay_no_floor_context	41	void overlay	1795	5192	0	28	81	source_plane=0 shape=0 rot=0
terrain	void_overlay_no_floor_context	41	void overlay	1795	5193	0	28	81	source_plane=0 shape=0 rot=0
terrain	void_overlay_no_floor_context	41	void overlay	1795	5194	0	28	81	source_plane=0 shape=0 rot=0
terrain	void_overlay_no_floor_context	41	void overlay	1795	5195	0	28	81	source_plane=0 shape=0 rot=0
terrain	void_overlay_no_floor_context	41	void overlay	1795	5196	0	28	81	source_plane=0 shape=0 rot=0
terrain	void_overlay_no_floor_context	41	void overlay	1795	5197	0	28	81	source_plane=0 shape=0 rot=0
terrain	void_overlay_no_floor_context	41	void overlay	1795	5198	0	28	81	source_plane=0 shape=0 rot=0
terrain	void_overlay_no_floor_context	41	void overlay	1795	5199	0	28	81	source_plane=0 shape=0 rot=0
terrain	void_overlay_no_floor_context	41	void overlay	1795	5200	0	28	81	source_plane=0 shape=0 rot=0
terrain	void_overlay_no_floor_context	41	void overlay	1795	5201	0	28	81	source_plane=0 shape=0 rot=0
terrain	void_overlay_no_floor_context	41	void overlay	1795	5202	0	28	81	source_plane=0 shape=0 rot=0
terrain	void_overlay_no_floor_context	41	void overlay	1795	5203	0	28	81	source_plane=0 shape=0 rot=0
terrain	void_overlay_no_floor_context	41	void overlay	1795	5204	0	28	81	source_plane=0 shape=0 rot=0
terrain	void_overlay_no_floor_context	41	void overlay	1795	5205	0	28	81	source_plane=0 shape=0 rot=0
terrain	void_overlay_no_floor_context	41	void overlay	1795	5206	0	28	81	source_plane=0 shape=0 rot=0
terrain	void_overlay_no_floor_context	41	void overlay	1795	5207	0	28	81	source_plane=0 shape=0 rot=0
terrain	void_overlay_no_floor_context	41	void overlay	1795	5208	0	28	81	source_plane=0 shape=0 rot=0
terrain	void_overlay_no_floor_context	41	void overlay	1795	5209	0	28	81	source_plane=0 shape=0 rot=0
terrain	void_overlay_no_floor_context	41	void overlay	1795	5210	0	28	81	source_plane=0 shape=0 rot=0
terrain	void_overlay_no_floor_context	41	void overlay	1795	5211	0	28	81	source_plane=0 shape=0 rot=0
terrain	void_overlay_no_floor_context	41	void overlay	1795	5212	0	28	81	source_plane=0 shape=0 rot=0
terrain	void_overlay_no_floor_context	41	void overlay	1795	5213	0	28	81	source_plane=0 shape=0 rot=0
terrain	void_overlay_no_floor_context	41	void overlay	1795	5214	0	28	81	source_plane=0 shape=0 rot=0
terrain	void_overlay_no_floor_context	41	void overlay	1795	5215	0	28	81	source_plane=0 shape=0 rot=0
terrain	void_overlay_no_floor_context	41	void overlay	1795	5216	0	28	81	source_plane=0 shape=0 rot=0
terrain	void_overlay_no_floor_context	41	void overlay	1795	5217	0	28	81	source_plane=0 shape=0 rot=0
terrain	void_overlay_no_floor_context	41	void overlay	1795	5218	0	28	81	source_plane=0 shape=0 rot=0
terrain	void_overlay_no_floor_context	41	void overlay	1795	5219	0	28	81	source_plane=0 shape=0 rot=0
terrain	void_overlay_no_floor_context	41	void overlay	1795	5220	0	28	81	source_plane=0 shape=0 rot=0
terrain	void_overlay_no_floor_context	41	void overlay	1795	5221	0	28	81	source_plane=0 shape=0 rot=0
terrain	void_overlay_no_floor_context	41	void overlay	1795	5222	0	28	81	source_plane=0 shape=0 rot=0
terrain	void_overlay_no_floor_context	41	void overlay	1795	5223	0	28	81	source_plane=0 shape=0 rot=0
terrain	void_overlay_no_floor_context	41	void overlay	1795	5224	0	28	81	source_plane=0 shape=0 rot=0
terrain	void_overlay_no_floor_context	41	void overlay	1795	5225	0	28	81	source_plane=0 shape=0 rot=0
terrain	void_overlay_no_floor_context	41	void overlay	1795	5226	0	28	81	source_plane=0 shape=0 rot=0
terrain	void_overlay_no_floor_context	41	void overlay	1795	5227	0	28	81	source_plane=0 shape=0 rot=0
terrain	void_overlay_no_floor_context	41	void overlay	1795	5228	0	28	81	source_plane=0 shape=0 rot=0
terrain	void_overlay_no_floor_context	41	void overlay	1795	5229	0	28	81	source_plane=0 shape=0 rot=0
terrain	void_overlay_no_floor_context	41	void overlay	1795	5230	0	28	81	source_plane=0 shape=0 rot=0
terrain	void_overlay_no_floor_context	41	void overlay	1795	5231	0	28	81	source_plane=0 shape=0 rot=0
terrain	void_overlay_no_floor_context	41	void overlay	1795	5232	0	28	81	source_plane=0 shape=0 rot=0
terrain	void_overlay_no_floor_context	41	void overlay	1795	5233	0	28	81	source_plane=0 shape=0 rot=0
terrain	void_overlay_no_floor_context	41	void overlay	1795	5234	0	28	81	source_plane=0 shape=0 rot=0
terrain	void_overlay_no_floor_context	41	void overlay	1795	5235	0	28	81	source_plane=0 shape=0 rot=0
terrain	void_overlay_no_floor_context	41	void overlay	1795	5236	0	28	81	source_plane=0 shape=0 rot=0
terrain	void_overlay_no_floor_context	41	void overlay	1795	5237	0	28	81	source_plane=0 shape=0 rot=0
terrain	void_overlay_no_floor_context	41	void overlay	1795	5238	0	28	81	source_plane=0 shape=0 rot=0
terrain	void_overlay_no_floor_context	41	void overlay	1795	5239	0	28	81	source_plane=0 shape=0 rot=0
terrain	void_overlay_no_floor_context	41	void overlay	1795	5240	0	28	81	source_plane=0 shape=0 rot=0
terrain	void_overlay_no_floor_context	41	void overlay	1795	5241	0	28	81	source_plane=0 shape=0 rot=0
terrain	void_overlay_no_floor_context	41	void overlay	1795	5242	0	28	81	source_plane=0 shape=0 rot=0
terrain	void_overlay_no_floor_context	41	void overlay	1795	5243	0	28	81	source_plane=0 shape=0 rot=0
terrain	void_overlay_no_floor_context	41	void overlay	1795	5244	0	28	81	source_plane=0 shape=0 rot=0
terrain	void_overlay_no_floor_context	41	void overlay	1795	5245	0	28	81	source_plane=0 shape=0 rot=0
terrain	void_overlay_no_floor_context	41	void overlay	1795	5246	0	28	81	source_plane=0 shape=0 rot=0
terrain	void_overlay_no_floor_context	41	void overlay	1795	5247	0	28	81	source_plane=0 shape=0 rot=0
terrain	void_overlay_no_floor_context	41	void overlay	1796	5184	0	28	81	source_plane=0 shape=0 rot=0
terrain	void_overlay_no_floor_context	41	void overlay	1796	5185	0	28	81	source_plane=0 shape=0 rot=0
terrain	void_overlay_no_floor_context	41	void overlay	1796	5186	0	28	81	source_plane=0 shape=0 rot=0
terrain	void_overlay_no_floor_context	41	void overlay	1796	5187	0	28	81	source_plane=0 shape=0 rot=0
terrain	void_overlay_no_floor_context	41	void overlay	1796	5188	0	28	81	source_plane=0 shape=0 rot=0
terrain	void_overlay_no_floor_context	41	void overlay	1796	5189	0	28	81	source_plane=0 shape=0 rot=0
terrain	void_overlay_no_floor_context	41	void overlay	1796	5190	0	28	81	source_plane=0 shape=0 rot=0
terrain	void_overlay_no_floor_context	41	void overlay	1796	5191	0	28	81	source_plane=0 shape=0 rot=0
terrain	void_overlay_no_floor_context	41	void overlay	1796	5192	0	28	81	source_plane=0 shape=0 rot=0
terrain	void_overlay_no_floor_context	41	void overlay	1796	5193	0	28	81	source_plane=0 shape=0 rot=0
terrain	void_overlay_no_floor_context	41	void overlay	1796	5194	0	28	81	source_plane=0 shape=0 rot=0
terrain	void_overlay_no_floor_context	41	void overlay	1796	5195	0	28	81	source_plane=0 shape=0 rot=0
terrain	void_overlay_no_floor_context	41	void overlay	1796	5196	0	28	81	source_plane=0 shape=0 rot=0
terrain	void_overlay_no_floor_context	41	void overlay	1796	5197	0	28	81	source_plane=0 shape=0 rot=0
terrain	void_overlay_no_floor_context	41	void overlay	1796	5198	0	28	81	source_plane=0 shape=0 rot=0
terrain	void_overlay_no_floor_context	41	void overlay	1796	5199	0	28	81	source_plane=0 shape=0 rot=0
terrain	void_overlay_no_floor_context	41	void overlay	1796	5200	0	28	81	source_plane=0 shape=0 rot=0
terrain	void_overlay_no_floor_context	41	void overlay	1796	5201	0	28	81	source_plane=0 shape=0 rot=0
terrain	void_overlay_no_floor_context	41	void overlay	1796	5202	0	28	81	source_plane=0 shape=0 rot=0
terrain	void_overlay_no_floor_context	41	void overlay	1796	5203	0	28	81	source_plane=0 shape=0 rot=0
terrain	void_overlay_no_floor_context	41	void overlay	1796	5204	0	28	81	source_plane=0 shape=0 rot=0
terrain	void_overlay_no_floor_context	41	void overlay	1796	5205	0	28	81	source_plane=0 shape=0 rot=0
terrain	void_overlay_no_floor_context	41	void overlay	1796	5206	0	28	81	source_plane=0 shape=0 rot=0
terrain	void_overlay_no_floor_context	41	void overlay	1796	5207	0	28	81	source_plane=0 shape=0 rot=0
terrain	void_overlay_no_floor_context	41	void overlay	1796	5208	0	28	81	source_plane=0 shape=0 rot=0
terrain	void_overlay_no_floor_context	41	void overlay	1796	5209	0	28	81	source_plane=0 shape=0 rot=0
terrain	void_overlay_no_floor_context	41	void overlay	1796	5210	0	28	81	source_plane=0 shape=0 rot=0
terrain	void_overlay_no_floor_context	41	void overlay	1796	5211	0	28	81	source_plane=0 shape=0 rot=0
terrain	void_overlay_no_floor_context	41	void overlay	1796	5212	0	28	81	source_plane=0 shape=0 rot=0
terrain	void_overlay_no_floor_context	41	void overlay	1796	5213	0	28	81	source_plane=0 shape=0 rot=0
terrain	void_overlay_no_floor_context	41	void overlay	1796	5214	0	28	81	source_plane=0 shape=0 rot=0
terrain	void_overlay_no_floor_context	41	void overlay	1796	5215	0	28	81	source_plane=0 shape=0 rot=0
terrain	void_overlay_no_floor_context	41	void overlay	1796	5216	0	28	81	source_plane=0 shape=0 rot=0
terrain	void_overlay_no_floor_context	41	void overlay	1796	5217	0	28	81	source_plane=0 shape=0 rot=0
terrain	void_overlay_no_floor_context	41	void overlay	1796	5218	0	28	81	source_plane=0 shape=0 rot=0
terrain	void_overlay_no_floor_context	41	void overlay	1796	5219	0	28	81	source_plane=0 shape=0 rot=0
terrain	void_overlay_no_floor_context	41	void overlay	1796	5220	0	28	81	source_plane=0 shape=0 rot=0
terrain	void_overlay_no_floor_context	41	void overlay	1796	5221	0	28	81	source_plane=0 shape=0 rot=0
terrain	void_overlay_no_floor_context	41	void overlay	1796	5222	0	28	81	source_plane=0 shape=0 rot=0
terrain	void_overlay_no_floor_context	41	void overlay	1796	5223	0	28	81	source_plane=0 shape=0 rot=0
terrain	void_overlay_no_floor_context	41	void overlay	1796	5224	0	28	81	source_plane=0 shape=0 rot=0
terrain	void_overlay_no_floor_context	41	void overlay	1796	5225	0	28	81	source_plane=0 shape=0 rot=0
terrain	void_overlay_no_floor_context	41	void overlay	1796	5226	0	28	81	source_plane=0 shape=0 rot=0
terrain	void_overlay_no_floor_context	41	void overlay	1796	5227	0	28	81	source_plane=0 shape=0 rot=0
terrain	void_overlay_no_floor_context	41	void overlay	1796	5228	0	28	81	source_plane=0 shape=0 rot=0
terrain	void_overlay_no_floor_context	41	void overlay	1796	5229	0	28	81	source_plane=0 shape=0 rot=0
terrain	void_overlay_no_floor_context	41	void overlay	1796	5230	0	28	81	source_plane=0 shape=0 rot=0
terrain	void_overlay_no_floor_context	41	void overlay	1796	5231	0	28	81	source_plane=0 shape=0 rot=0
terrain	void_overlay_no_floor_context	41	void overlay	1796	5232	0	28	81	source_plane=0 shape=0 rot=0
terrain	void_overlay_no_floor_context	41	void overlay	1796	5233	0	28	81	source_plane=0 shape=0 rot=0
terrain	void_overlay_no_floor_context	41	void overlay	1796	5234	0	28	81	source_plane=0 shape=0 rot=0
terrain	void_overlay_no_floor_context	41	void overlay	1796	5235	0	28	81	source_plane=0 shape=0 rot=0
terrain	void_overlay_no_floor_context	41	void overlay	1796	5236	0	28	81	source_plane=0 shape=0 rot=0
terrain	void_overlay_no_floor_context	41	void overlay	1796	5237	0	28	81	source_plane=0 shape=0 rot=0
terrain	void_overlay_no_floor_context	41	void overlay	1796	5238	0	28	81	source_plane=0 shape=0 rot=0
terrain	void_overlay_no_floor_context	41	void overlay	1796	5239	0	28	81	source_plane=0 shape=0 rot=0
terrain	void_overlay_no_floor_context	41	void overlay	1796	5240	0	28	81	source_plane=0 shape=0 rot=0
terrain	void_overlay_no_floor_context	41	void overlay	1796	5241	0	28	81	source_plane=0 shape=0 rot=0
terrain	void_overlay_no_floor_context	41	void overlay	1796	5242	0	28	81	source_plane=0 shape=0 rot=0
terrain	void_overlay_no_floor_context	41	void overlay	1796	5243	0	28	81	source_plane=0 shape=0 rot=0
terrain	void_overlay_no_floor_context	41	void overlay	1796	5244	0	28	81	source_plane=0 shape=0 rot=0
terrain	void_overlay_no_floor_context	41	void overlay	1796	5245	0	28	81	source_plane=0 shape=0 rot=0
terrain	void_overlay_no_floor_context	41	void overlay	1796	5246	0	28	81	source_plane=0 shape=0 rot=0
terrain	void_overlay_no_floor_context	41	void overlay	1796	5247	0	28	81	source_plane=0 shape=0 rot=0
terrain	void_overlay_no_floor_context	41	void overlay	1797	5184	0	28	81	source_plane=0 shape=0 rot=0
terrain	void_overlay_no_floor_context	41	void overlay	1797	5185	0	28	81	source_plane=0 shape=0 rot=0
terrain	void_overlay_no_floor_context	41	void overlay	1797	5186	0	28	81	source_plane=0 shape=0 rot=0
terrain	void_overlay_no_floor_context	41	void overlay	1797	5187	0	28	81	source_plane=0 shape=0 rot=0
terrain	void_overlay_no_floor_context	41	void overlay	1797	5188	0	28	81	source_plane=0 shape=0 rot=0
terrain	void_overlay_no_floor_context	41	void overlay	1797	5189	0	28	81	source_plane=0 shape=0 rot=0
terrain	void_overlay_no_floor_context	41	void overlay	1797	5190	0	28	81	source_plane=0 shape=0 rot=0
terrain	void_overlay_no_floor_context	41	void overlay	1797	5191	0	28	81	source_plane=0 shape=0 rot=0
terrain	void_overlay_no_floor_context	41	void overlay	1797	5192	0	28	81	source_plane=0 shape=0 rot=0
terrain	void_overlay_no_floor_context	41	void overlay	1797	5193	0	28	81	source_plane=0 shape=0 rot=0
terrain	void_overlay_no_floor_context	41	void overlay	1797	5194	0	28	81	source_plane=0 shape=0 rot=0
terrain	void_overlay_no_floor_context	41	void overlay	1797	5195	0	28	81	source_plane=0 shape=0 rot=0
terrain	void_overlay_no_floor_context	41	void overlay	1797	5196	0	28	81	source_plane=0 shape=0 rot=0
terrain	void_overlay_no_floor_context	41	void overlay	1797	5197	0	28	81	source_plane=0 shape=0 rot=0
terrain	void_overlay_no_floor_context	41	void overlay	1797	5198	0	28	81	source_plane=0 shape=0 rot=0
terrain	void_overlay_no_floor_context	41	void overlay	1797	5199	0	28	81	source_plane=0 shape=0 rot=0
terrain	void_overlay_no_floor_context	41	void overlay	1797	5200	0	28	81	source_plane=0 shape=0 rot=0
terrain	void_overlay_no_floor_context	41	void overlay	1797	5201	0	28	81	source_plane=0 shape=0 rot=0
terrain	void_overlay_no_floor_context	41	void overlay	1797	5202	0	28	81	source_plane=0 shape=0 rot=0
terrain	void_overlay_no_floor_context	41	void overlay	1797	5203	0	28	81	source_plane=0 shape=0 rot=0
terrain	void_overlay_no_floor_context	41	void overlay	1797	5204	0	28	81	source_plane=0 shape=0 rot=0
terrain	void_overlay_no_floor_context	41	void overlay	1797	5205	0	28	81	source_plane=0 shape=0 rot=0
terrain	void_overlay_no_floor_context	41	void overlay	1797	5206	0	28	81	source_plane=0 shape=0 rot=0
terrain	void_overlay_no_floor_context	41	void overlay	1797	5207	0	28	81	source_plane=0 shape=0 rot=0
terrain	void_overlay_no_floor_context	41	void overlay	1797	5208	0	28	81	source_plane=0 shape=0 rot=0
terrain	void_overlay_no_floor_context	41	void overlay	1797	5209	0	28	81	source_plane=0 shape=0 rot=0
terrain	void_overlay_no_floor_context	41	void overlay	1797	5210	0	28	81	source_plane=0 shape=0 rot=0
terrain	void_overlay_no_floor_context	41	void overlay	1797	5211	0	28	81	source_plane=0 shape=0 rot=0
terrain	void_overlay_no_floor_context	41	void overlay	1797	5212	0	28	81	source_plane=0 shape=0 rot=0
terrain	void_overlay_no_floor_context	41	void overlay	1797	5213	0	28	81	source_plane=0 shape=0 rot=0
terrain	void_overlay_no_floor_context	41	void overlay	1797	5214	0	28	81	source_plane=0 shape=0 rot=0
terrain	void_overlay_no_floor_context	41	void overlay	1797	5215	0	28	81	source_plane=0 shape=0 rot=0
terrain	void_overlay_no_floor_context	41	void overlay	1797	5216	0	28	81	source_plane=0 shape=0 rot=0
terrain	void_overlay_no_floor_context	41	void overlay	1797	5217	0	28	81	source_plane=0 shape=0 rot=0
terrain	void_overlay_no_floor_context	41	void overlay	1797	5218	0	28	81	source_plane=0 shape=0 rot=0
terrain	void_overlay_no_floor_context	41	void overlay	1797	5219	0	28	81	source_plane=0 shape=0 rot=0
terrain	void_overlay_no_floor_context	41	void overlay	1797	5220	0	28	81	source_plane=0 shape=0 rot=0
terrain	void_overlay_no_floor_context	41	void overlay	1797	5221	0	28	81	source_plane=0 shape=0 rot=0
terrain	void_overlay_no_floor_context	41	void overlay	1797	5222	0	28	81	source_plane=0 shape=0 rot=0
terrain	void_overlay_no_floor_context	41	void overlay	1797	5223	0	28	81	source_plane=0 shape=0 rot=0
terrain	void_overlay_no_floor_context	41	void overlay	1797	5224	0	28	81	source_plane=0 shape=0 rot=0
terrain	void_overlay_no_floor_context	41	void overlay	1797	5225	0	28	81	source_plane=0 shape=0 rot=0
terrain	void_overlay_no_floor_context	41	void overlay	1797	5226	0	28	81	source_plane=0 shape=0 rot=0
terrain	void_overlay_no_floor_context	41	void overlay	1797	5227	0	28	81	source_plane=0 shape=0 rot=0
terrain	void_overlay_no_floor_context	41	void overlay	1797	5228	0	28	81	source_plane=0 shape=0 rot=0
terrain	void_overlay_no_floor_context	41	void overlay	1797	5229	0	28	81	source_plane=0 shape=0 rot=0
terrain	void_overlay_no_floor_context	41	void overlay	1797	5230	0	28	81	source_plane=0 shape=0 rot=0
terrain	void_overlay_no_floor_context	41	void overlay	1797	5231	0	28	81	source_plane=0 shape=0 rot=0
terrain	void_overlay_no_floor_context	41	void overlay	1797	5232	0	28	81	source_plane=0 shape=0 rot=0
terrain	void_overlay_no_floor_context	41	void overlay	1797	5233	0	28	81	source_plane=0 shape=0 rot=0
terrain	void_overlay_no_floor_context	41	void overlay	1797	5234	0	28	81	source_plane=0 shape=0 rot=0
terrain	void_overlay_no_floor_context	41	void overlay	1797	5235	0	28	81	source_plane=0 shape=0 rot=0
terrain	void_overlay_no_floor_context	41	void overlay	1797	5236	0	28	81	source_plane=0 shape=0 rot=0
terrain	void_overlay_no_floor_context	41	void overlay	1797	5237	0	28	81	source_plane=0 shape=0 rot=0
terrain	void_overlay_no_floor_context	41	void overlay	1797	5238	0	28	81	source_plane=0 shape=0 rot=0
terrain	void_overlay_no_floor_context	41	void overlay	1797	5239	0	28	81	source_plane=0 shape=0 rot=0
terrain	void_overlay_no_floor_context	41	void overlay	1797	5240	0	28	81	source_plane=0 shape=0 rot=0
terrain	void_overlay_no_floor_context	41	void overlay	1797	5241	0	28	81	source_plane=0 shape=0 rot=0
terrain	void_overlay_no_floor_context	41	void overlay	1797	5242	0	28	81	source_plane=0 shape=0 rot=0
terrain	void_overlay_no_floor_context	41	void overlay	1797	5243	0	28	81	source_plane=0 shape=0 rot=0
terrain	void_overlay_no_floor_context	41	void overlay	1797	5244	0	28	81	source_plane=0 shape=0 rot=0
terrain	void_overlay_no_floor_context	41	void overlay	1797	5245	0	28	81	source_plane=0 shape=0 rot=0
terrain	void_overlay_no_floor_context	41	void overlay	1797	5246	0	28	81	source_plane=0 shape=0 rot=0
terrain	void_overlay_no_floor_context	41	void overlay	1797	5247	0	28	81	source_plane=0 shape=0 rot=0
terrain	void_overlay_no_floor_context	41	void overlay	1798	5184	0	28	81	source_plane=0 shape=0 rot=0
terrain	void_overlay_no_floor_context	41	void overlay	1798	5185	0	28	81	source_plane=0 shape=0 rot=0
terrain	void_overlay_no_floor_context	41	void overlay	1798	5186	0	28	81	source_plane=0 shape=0 rot=0
terrain	void_overlay_no_floor_context	41	void overlay	1798	5187	0	28	81	source_plane=0 shape=0 rot=0
terrain	void_overlay_no_floor_context	41	void overlay	1798	5188	0	28	81	source_plane=0 shape=0 rot=0
terrain	void_overlay_no_floor_context	41	void overlay	1798	5189	0	28	81	source_plane=0 shape=0 rot=0
terrain	void_overlay_no_floor_context	41	void overlay	1798	5190	0	28	81	source_plane=0 shape=0 rot=0
terrain	void_overlay_no_floor_context	41	void overlay	1798	5191	0	28	81	source_plane=0 shape=0 rot=0
terrain	void_overlay_no_floor_context	41	void overlay	1798	5192	0	28	81	source_plane=0 shape=0 rot=0
terrain	void_overlay_no_floor_context	41	void overlay	1798	5193	0	28	81	source_plane=0 shape=0 rot=0
terrain	void_overlay_no_floor_context	41	void overlay	1798	5194	0	28	81	source_plane=0 shape=0 rot=0
terrain	void_overlay_no_floor_context	41	void overlay	1798	5195	0	28	81	source_plane=0 shape=0 rot=0
terrain	void_overlay_no_floor_context	41	void overlay	1798	5196	0	28	81	source_plane=0 shape=0 rot=0
terrain	void_overlay_no_floor_context	41	void overlay	1798	5197	0	28	81	source_plane=0 shape=0 rot=0
terrain	void_overlay_no_floor_context	41	void overlay	1798	5198	0	28	81	source_plane=0 shape=0 rot=0
terrain	void_overlay_no_floor_context	41	void overlay	1798	5199	0	28	81	source_plane=0 shape=0 rot=0
terrain	void_overlay_no_floor_context	41	void overlay	1798	5200	0	28	81	source_plane=0 shape=0 rot=0
terrain	void_overlay_no_floor_context	41	void overlay	1798	5201	0	28	81	source_plane=0 shape=0 rot=0
terrain	void_overlay_no_floor_context	41	void overlay	1798	5202	0	28	81	source_plane=0 shape=0 rot=0
terrain	void_overlay_no_floor_context	41	void overlay	1798	5203	0	28	81	source_plane=0 shape=0 rot=0
terrain	void_overlay_no_floor_context	41	void overlay	1798	5204	0	28	81	source_plane=0 shape=0 rot=0
terrain	void_overlay_no_floor_context	41	void overlay	1798	5205	0	28	81	source_plane=0 shape=0 rot=0
terrain	void_overlay_no_floor_context	41	void overlay	1798	5206	0	28	81	source_plane=0 shape=0 rot=0
terrain	void_overlay_no_floor_context	41	void overlay	1798	5207	0	28	81	source_plane=0 shape=0 rot=0
terrain	void_overlay_no_floor_context	41	void overlay	1798	5208	0	28	81	source_plane=0 shape=0 rot=0
terrain	void_overlay_no_floor_context	41	void overlay	1798	5209	0	28	81	source_plane=0 shape=0 rot=0
terrain	void_overlay_no_floor_context	41	void overlay	1798	5210	0	28	81	source_plane=0 shape=0 rot=0
terrain	void_overlay_no_floor_context	41	void overlay	1798	5211	0	28	81	source_plane=0 shape=0 rot=0
terrain	void_overlay_no_floor_context	41	void overlay	1798	5212	0	28	81	source_plane=0 shape=0 rot=0
terrain	void_overlay_no_floor_context	41	void overlay	1798	5213	0	28	81	source_plane=0 shape=0 rot=0
terrain	void_overlay_no_floor_context	41	void overlay	1798	5214	0	28	81	source_plane=0 shape=0 rot=0
terrain	void_overlay_no_floor_context	41	void overlay	1798	5215	0	28	81	source_plane=0 shape=0 rot=0
terrain	void_overlay_no_floor_context	41	void overlay	1798	5216	0	28	81	source_plane=0 shape=0 rot=0
terrain	void_overlay_no_floor_context	41	void overlay	1798	5217	0	28	81	source_plane=0 shape=0 rot=0
terrain	void_overlay_no_floor_context	41	void overlay	1798	5218	0	28	81	source_plane=0 shape=0 rot=0
terrain	void_overlay_no_floor_context	41	void overlay	1798	5219	0	28	81	source_plane=0 shape=0 rot=0
terrain	void_overlay_no_floor_context	41	void overlay	1798	5220	0	28	81	source_plane=0 shape=0 rot=0
terrain	void_overlay_no_floor_context	41	void overlay	1798	5221	0	28	81	source_plane=0 shape=0 rot=0
terrain	void_overlay_no_floor_context	41	void overlay	1798	5222	0	28	81	source_plane=0 shape=0 rot=0
terrain	void_overlay_no_floor_context	41	void overlay	1798	5223	0	28	81	source_plane=0 shape=0 rot=0
terrain	void_overlay_no_floor_context	41	void overlay	1798	5224	0	28	81	source_plane=0 shape=0 rot=0
terrain	void_overlay_no_floor_context	41	void overlay	1798	5225	0	28	81	source_plane=0 shape=0 rot=0
terrain	void_overlay_no_floor_context	41	void overlay	1798	5226	0	28	81	source_plane=0 shape=0 rot=0
terrain	void_overlay_no_floor_context	41	void overlay	1798	5227	0	28	81	source_plane=0 shape=0 rot=0
terrain	void_overlay_no_floor_context	41	void overlay	1798	5228	0	28	81	source_plane=0 shape=0 rot=0
terrain	void_overlay_no_floor_context	41	void overlay	1798	5229	0	28	81	source_plane=0 shape=0 rot=0
terrain	void_overlay_no_floor_context	41	void overlay	1798	5230	0	28	81	source_plane=0 shape=0 rot=0
terrain	void_overlay_no_floor_context	41	void overlay	1798	5231	0	28	81	source_plane=0 shape=0 rot=0
terrain	void_overlay_no_floor_context	41	void overlay	1798	5232	0	28	81	source_plane=0 shape=0 rot=0
terrain	void_overlay_no_floor_context	41	void overlay	1798	5233	0	28	81	source_plane=0 shape=0 rot=0
terrain	void_overlay_no_floor_context	41	void overlay	1798	5234	0	28	81	source_plane=0 shape=0 rot=0
terrain	void_overlay_no_floor_context	41	void overlay	1798	5235	0	28	81	source_plane=0 shape=0 rot=0
terrain	void_overlay_no_floor_context	41	void overlay	1798	5236	0	28	81	source_plane=0 shape=0 rot=0
terrain	void_overlay_no_floor_context	41	void overlay	1798	5237	0	28	81	source_plane=0 shape=0 rot=0
terrain	void_overlay_no_floor_context	41	void overlay	1798	5238	0	28	81	source_plane=0 shape=0 rot=0
terrain	void_overlay_no_floor_context	41	void overlay	1798	5239	0	28	81	source_plane=0 shape=0 rot=0
terrain	void_overlay_no_floor_context	41	void overlay	1798	5240	0	28	81	source_plane=0 shape=0 rot=0
terrain	void_overlay_no_floor_context	41	void overlay	1798	5241	0	28	81	source_plane=0 shape=0 rot=0
terrain	void_overlay_no_floor_context	41	void overlay	1798	5242	0	28	81	source_plane=0 shape=0 rot=0
terrain	void_overlay_no_floor_context	41	void overlay	1798	5243	0	28	81	source_plane=0 shape=0 rot=0
terrain	void_overlay_no_floor_context	41	void overlay	1798	5244	0	28	81	source_plane=0 shape=0 rot=0
terrain	void_overlay_no_floor_context	41	void overlay	1798	5245	0	28	81	source_plane=0 shape=0 rot=0
terrain	void_overlay_no_floor_context	41	void overlay	1798	5246	0	28	81	source_plane=0 shape=0 rot=0
terrain	void_overlay_no_floor_context	41	void overlay	1798	5247	0	28	81	source_plane=0 shape=0 rot=0
terrain	void_overlay_no_floor_context	41	void overlay	1799	5184	0	28	81	source_plane=0 shape=0 rot=0
terrain	void_overlay_no_floor_context	41	void overlay	1799	5185	0	28	81	source_plane=0 shape=0 rot=0
terrain	void_overlay_no_floor_context	41	void overlay	1799	5186	0	28	81	source_plane=0 shape=0 rot=0
terrain	void_overlay_no_floor_context	41	void overlay	1799	5187	0	28	81	source_plane=0 shape=0 rot=0
terrain	void_overlay_no_floor_context	41	void overlay	1799	5188	0	28	81	source_plane=0 shape=0 rot=0
terrain	void_overlay_no_floor_context	41	void overlay	1799	5189	0	28	81	source_plane=0 shape=0 rot=0
terrain	void_overlay_no_floor_context	41	void overlay	1799	5190	0	28	81	source_plane=0 shape=0 rot=0
terrain	void_overlay_no_floor_context	41	void overlay	1799	5191	0	28	81	source_plane=0 shape=0 rot=0
terrain	void_overlay_no_floor_context	41	void overlay	1799	5192	0	28	81	source_plane=0 shape=0 rot=0
terrain	void_overlay_no_floor_context	41	void overlay	1799	5193	0	28	81	source_plane=0 shape=0 rot=0
terrain	void_overlay_no_floor_context	41	void overlay	1799	5194	0	28	81	source_plane=0 shape=0 rot=0
terrain	void_overlay_no_floor_context	41	void overlay	1799	5195	0	28	81	source_plane=0 shape=0 rot=0
terrain	void_overlay_no_floor_context	41	void overlay	1799	5196	0	28	81	source_plane=0 shape=0 rot=0
terrain	void_overlay_no_floor_context	41	void overlay	1799	5197	0	28	81	source_plane=0 shape=0 rot=0
terrain	void_overlay_no_floor_context	41	void overlay	1799	5198	0	28	81	source_plane=0 shape=0 rot=0
terrain	void_overlay_no_floor_context	41	void overlay	1799	5199	0	28	81	source_plane=0 shape=0 rot=0
terrain	void_overlay_no_floor_context	41	void overlay	1799	5200	0	28	81	source_plane=0 shape=0 rot=0
terrain	void_overlay_no_floor_context	41	void overlay	1799	5201	0	28	81	source_plane=0 shape=0 rot=0
terrain	void_overlay_no_floor_context	41	void overlay	1799	5202	0	28	81	source_plane=0 shape=0 rot=0
terrain	void_overlay_no_floor_context	41	void overlay	1799	5203	0	28	81	source_plane=0 shape=0 rot=0
terrain	void_overlay_no_floor_context	41	void overlay	1799	5204	0	28	81	source_plane=0 shape=0 rot=0
terrain	void_overlay_no_floor_context	41	void overlay	1799	5205	0	28	81	source_plane=0 shape=0 rot=0
terrain	void_overlay_no_floor_context	41	void overlay	1799	5206	0	28	81	source_plane=0 shape=0 rot=0
terrain	void_overlay_no_floor_context	41	void overlay	1799	5207	0	28	81	source_plane=0 shape=0 rot=0
terrain	void_overlay_no_floor_context	41	void overlay	1799	5208	0	28	81	source_plane=0 shape=0 rot=0
terrain	void_overlay_no_floor_context	41	void overlay	1799	5209	0	28	81	source_plane=0 shape=0 rot=0
terrain	void_overlay_no_floor_context	41	void overlay	1799	5210	0	28	81	source_plane=0 shape=0 rot=0
terrain	void_overlay_no_floor_context	41	void overlay	1799	5211	0	28	81	source_plane=0 shape=0 rot=0
terrain	void_overlay_no_floor_context	41	void overlay	1799	5212	0	28	81	source_plane=0 shape=0 rot=0
terrain	void_overlay_no_floor_context	41	void overlay	1799	5213	0	28	81	source_plane=0 shape=0 rot=0
terrain	void_overlay_no_floor_context	41	void overlay	1799	5214	0	28	81	source_plane=0 shape=0 rot=0
terrain	void_overlay_no_floor_context	41	void overlay	1799	5215	0	28	81	source_plane=0 shape=0 rot=0
terrain	void_overlay_no_floor_context	41	void overlay	1799	5216	0	28	81	source_plane=0 shape=0 rot=0
terrain	void_overlay_no_floor_context	41	void overlay	1799	5217	0	28	81	source_plane=0 shape=0 rot=0
terrain	void_overlay_no_floor_context	41	void overlay	1799	5218	0	28	81	source_plane=0 shape=0 rot=0
terrain	void_overlay_no_floor_context	41	void overlay	1799	5219	0	28	81	source_plane=0 shape=0 rot=0
terrain	void_overlay_no_floor_context	41	void overlay	1799	5220	0	28	81	source_plane=0 shape=0 rot=0
terrain	void_overlay_no_floor_context	41	void overlay	1799	5221	0	28	81	source_plane=0 shape=0 rot=0
terrain	void_overlay_no_floor_context	41	void overlay	1799	5222	0	28	81	source_plane=0 shape=0 rot=0
terrain	void_overlay_no_floor_context	41	void overlay	1799	5223	0	28	81	source_plane=0 shape=0 rot=0
terrain	void_overlay_no_floor_context	41	void overlay	1799	5224	0	28	81	source_plane=0 shape=0 rot=0
terrain	void_overlay_no_floor_context	41	void overlay	1799	5225	0	28	81	source_plane=0 shape=0 rot=0
terrain	void_overlay_no_floor_context	41	void overlay	1799	5226	0	28	81	source_plane=0 shape=0 rot=0
terrain	void_overlay_no_floor_context	41	void overlay	1799	5227	0	28	81	source_plane=0 shape=0 rot=0
terrain	void_overlay_no_floor_context	41	void overlay	1799	5228	0	28	81	source_plane=0 shape=0 rot=0
terrain	void_overlay_no_floor_context	41	void overlay	1799	5229	0	28	81	source_plane=0 shape=0 rot=0
terrain	void_overlay_no_floor_context	41	void overlay	1799	5230	0	28	81	source_plane=0 shape=0 rot=0
terrain	void_overlay_no_floor_context	41	void overlay	1799	5231	0	28	81	source_plane=0 shape=0 rot=0
terrain	void_overlay_no_floor_context	41	void overlay	1799	5232	0	28	81	source_plane=0 shape=0 rot=0
terrain	void_overlay_no_floor_context	41	void overlay	1799	5233	0	28	81	source_plane=0 shape=0 rot=0
terrain	void_overlay_no_floor_context	41	void overlay	1799	5234	0	28	81	source_plane=0 shape=0 rot=0
terrain	void_overlay_no_floor_context	41	void overlay	1799	5235	0	28	81	source_plane=0 shape=0 rot=0
terrain	void_overlay_no_floor_context	41	void overlay	1799	5236	0	28	81	source_plane=0 shape=0 rot=0
terrain	void_overlay_no_floor_context	41	void overlay	1799	5237	0	28	81	source_plane=0 shape=0 rot=0
terrain	void_overlay_no_floor_context	41	void overlay	1799	5238	0	28	81	source_plane=0 shape=0 rot=0
terrain	void_overlay_no_floor_context	41	void overlay	1799	5239	0	28	81	source_plane=0 shape=0 rot=0
terrain	void_overlay_no_floor_context	41	void overlay	1799	5240	0	28	81	source_plane=0 shape=0 rot=0
terrain	void_overlay_no_floor_context	41	void overlay	1799	5241	0	28	81	source_plane=0 shape=0 rot=0
terrain	void_overlay_no_floor_context	41	void overlay	1799	5242	0	28	81	source_plane=0 shape=0 rot=0
terrain	void_overlay_no_floor_context	41	void overlay	1799	5243	0	28	81	source_plane=0 shape=0 rot=0
terrain	void_overlay_no_floor_context	41	void overlay	1799	5244	0	28	81	source_plane=0 shape=0 rot=0
terrain	void_overlay_no_floor_context	41	void overlay	1799	5245	0	28	81	source_plane=0 shape=0 rot=0
terrain	void_overlay_no_floor_context	41	void overlay	1799	5246	0	28	81	source_plane=0 shape=0 rot=0
terrain	void_overlay_no_floor_context	41	void overlay	1799	5247	0	28	81	source_plane=0 shape=0 rot=0
terrain	void_overlay_no_floor_context	41	void overlay	1800	5184	0	28	81	source_plane=0 shape=0 rot=0
terrain	void_overlay_no_floor_context	41	void overlay	1800	5185	0	28	81	source_plane=0 shape=0 rot=0
terrain	void_overlay_no_floor_context	41	void overlay	1800	5186	0	28	81	source_plane=0 shape=0 rot=0
terrain	void_overlay_no_floor_context	41	void overlay	1800	5187	0	28	81	source_plane=0 shape=0 rot=0
terrain	void_overlay_no_floor_context	41	void overlay	1800	5188	0	28	81	source_plane=0 shape=0 rot=0
terrain	void_overlay_no_floor_context	41	void overlay	1800	5189	0	28	81	source_plane=0 shape=0 rot=0
terrain	void_overlay_no_floor_context	41	void overlay	1800	5190	0	28	81	source_plane=0 shape=0 rot=0
terrain	void_overlay_no_floor_context	41	void overlay	1800	5191	0	28	81	source_plane=0 shape=0 rot=0
terrain	void_overlay_no_floor_context	41	void overlay	1800	5192	0	28	81	source_plane=0 shape=0 rot=0
terrain	void_overlay_no_floor_context	41	void overlay	1800	5193	0	28	81	source_plane=0 shape=0 rot=0
terrain	void_overlay_no_floor_context	41	void overlay	1800	5194	0	28	81	source_plane=0 shape=0 rot=0
terrain	void_overlay_no_floor_context	41	void overlay	1800	5195	0	28	81	source_plane=0 shape=0 rot=0
terrain	void_overlay_no_floor_context	41	void overlay	1800	5196	0	28	81	source_plane=0 shape=0 rot=0
terrain	void_overlay_no_floor_context	41	void overlay	1800	5197	0	28	81	source_plane=0 shape=0 rot=0
terrain	void_overlay_no_floor_context	41	void overlay	1800	5198	0	28	81	source_plane=0 shape=0 rot=0
terrain	void_overlay_no_floor_context	41	void overlay	1800	5199	0	28	81	source_plane=0 shape=0 rot=0
terrain	void_overlay_no_floor_context	41	void overlay	1800	5200	0	28	81	source_plane=0 shape=0 rot=0
terrain	void_overlay_no_floor_context	41	void overlay	1800	5201	0	28	81	source_plane=0 shape=0 rot=0
terrain	void_overlay_no_floor_context	41	void overlay	1800	5202	0	28	81	source_plane=0 shape=0 rot=0
terrain	void_overlay_no_floor_context	41	void overlay	1800	5203	0	28	81	source_plane=0 shape=0 rot=0
terrain	void_overlay_no_floor_context	41	void overlay	1800	5204	0	28	81	source_plane=0 shape=0 rot=0
terrain	void_overlay_no_floor_context	41	void overlay	1800	5205	0	28	81	source_plane=0 shape=0 rot=0
terrain	void_overlay_no_floor_context	41	void overlay	1800	5206	0	28	81	source_plane=0 shape=0 rot=0
terrain	void_overlay_no_floor_context	41	void overlay	1800	5207	0	28	81	source_plane=0 shape=0 rot=0
terrain	void_overlay_no_floor_context	41	void overlay	1800	5208	0	28	81	source_plane=0 shape=0 rot=0
terrain	void_overlay_no_floor_context	41	void overlay	1800	5209	0	28	81	source_plane=0 shape=0 rot=0
terrain	void_overlay_no_floor_context	41	void overlay	1800	5210	0	28	81	source_plane=0 shape=0 rot=0
terrain	void_overlay_no_floor_context	41	void overlay	1800	5211	0	28	81	source_plane=0 shape=0 rot=0
terrain	void_overlay_no_floor_context	41	void overlay	1800	5212	0	28	81	source_plane=0 shape=0 rot=0
terrain	void_overlay_no_floor_context	41	void overlay	1800	5213	0	28	81	source_plane=0 shape=0 rot=0
terrain	void_overlay_no_floor_context	41	void overlay	1800	5214	0	28	81	source_plane=0 shape=0 rot=0
terrain	void_overlay_no_floor_context	41	void overlay	1800	5215	0	28	81	source_plane=0 shape=0 rot=0
terrain	void_overlay_no_floor_context	41	void overlay	1800	5216	0	28	81	source_plane=0 shape=0 rot=0
terrain	void_overlay_no_floor_context	41	void overlay	1800	5217	0	28	81	source_plane=0 shape=0 rot=0
terrain	void_overlay_no_floor_context	41	void overlay	1800	5218	0	28	81	source_plane=0 shape=0 rot=0
terrain	void_overlay_no_floor_context	41	void overlay	1800	5219	0	28	81	source_plane=0 shape=0 rot=0
terrain	void_overlay_no_floor_context	41	void overlay	1800	5220	0	28	81	source_plane=0 shape=0 rot=0
terrain	void_overlay_no_floor_context	41	void overlay	1800	5221	0	28	81	source_plane=0 shape=0 rot=0
terrain	void_overlay_no_floor_context	41	void overlay	1800	5222	0	28	81	source_plane=0 shape=0 rot=0
terrain	void_overlay_no_floor_context	41	void overlay	1800	5223	0	28	81	source_plane=0 shape=0 rot=0
terrain	void_overlay_no_floor_context	41	void overlay	1800	5224	0	28	81	source_plane=0 shape=0 rot=0
terrain	void_overlay_no_floor_context	41	void overlay	1800	5225	0	28	81	source_plane=0 shape=0 rot=0
terrain	void_overlay_no_floor_context	41	void overlay	1800	5226	0	28	81	source_plane=0 shape=0 rot=0
terrain	void_overlay_no_floor_context	41	void overlay	1800	5227	0	28	81	source_plane=0 shape=0 rot=0
terrain	void_overlay_no_floor_context	41	void overlay	1800	5228	0	28	81	source_plane=0 shape=0 rot=0
terrain	void_overlay_no_floor_context	41	void overlay	1800	5229	0	28	81	source_plane=0 shape=0 rot=0
terrain	void_overlay_no_floor_context	41	void overlay	1800	5230	0	28	81	source_plane=0 shape=0 rot=0
terrain	void_overlay_no_floor_context	41	void overlay	1800	5231	0	28	81	source_plane=0 shape=0 rot=0
terrain	void_overlay_no_floor_context	41	void overlay	1800	5232	0	28	81	source_plane=0 shape=0 rot=0
terrain	void_overlay_no_floor_context	41	void overlay	1800	5233	0	28	81	source_plane=0 shape=0 rot=0
terrain	void_overlay_no_floor_context	41	void overlay	1800	5234	0	28	81	source_plane=0 shape=0 rot=0
terrain	void_overlay_no_floor_context	41	void overlay	1800	5235	0	28	81	source_plane=0 shape=0 rot=0
terrain	void_overlay_no_floor_context	41	void overlay	1800	5236	0	28	81	source_plane=0 shape=0 rot=0
terrain	void_overlay_no_floor_context	41	void overlay	1800	5237	0	28	81	source_plane=0 shape=0 rot=0
terrain	void_overlay_no_floor_context	41	void overlay	1800	5238	0	28	81	source_plane=0 shape=0 rot=0
terrain	void_overlay_no_floor_context	41	void overlay	1800	5239	0	28	81	source_plane=0 shape=0 rot=0
terrain	void_overlay_no_floor_context	41	void overlay	1800	5240	0	28	81	source_plane=0 shape=0 rot=0
terrain	void_overlay_no_floor_context	41	void overlay	1800	5241	0	28	81	source_plane=0 shape=0 rot=0
terrain	void_overlay_no_floor_context	41	void overlay	1800	5242	0	28	81	source_plane=0 shape=0 rot=0
terrain	void_overlay_no_floor_context	41	void overlay	1800	5243	0	28	81	source_plane=0 shape=0 rot=0
terrain	void_overlay_no_floor_context	41	void overlay	1800	5244	0	28	81	source_plane=0 shape=0 rot=0
terrain	void_overlay_no_floor_context	41	void overlay	1800	5245	0	28	81	source_plane=0 shape=0 rot=0
terrain	void_overlay_no_floor_context	41	void overlay	1800	5246	0	28	81	source_plane=0 shape=0 rot=0
terrain	void_overlay_no_floor_context	41	void overlay	1800	5247	0	28	81	source_plane=0 shape=0 rot=0
terrain	void_overlay_no_floor_context	41	void overlay	1801	5184	0	28	81	source_plane=0 shape=0 rot=0
terrain	void_overlay_no_floor_context	41	void overlay	1801	5185	0	28	81	source_plane=0 shape=0 rot=0
terrain	void_overlay_no_floor_context	41	void overlay	1801	5186	0	28	81	source_plane=0 shape=0 rot=0
terrain	void_overlay_no_floor_context	41	void overlay	1801	5187	0	28	81	source_plane=0 shape=0 rot=0
terrain	void_overlay_no_floor_context	41	void overlay	1801	5188	0	28	81	source_plane=0 shape=0 rot=0
terrain	void_overlay_no_floor_context	41	void overlay	1801	5189	0	28	81	source_plane=0 shape=0 rot=0
terrain	void_overlay_no_floor_context	41	void overlay	1801	5190	0	28	81	source_plane=0 shape=0 rot=0
terrain	void_overlay_no_floor_context	41	void overlay	1801	5191	0	28	81	source_plane=0 shape=0 rot=0
terrain	void_overlay_no_floor_context	41	void overlay	1801	5192	0	28	81	source_plane=0 shape=0 rot=0
terrain	void_overlay_no_floor_context	41	void overlay	1801	5193	0	28	81	source_plane=0 shape=0 rot=0
terrain	void_overlay_no_floor_context	41	void overlay	1801	5194	0	28	81	source_plane=0 shape=0 rot=0
terrain	void_overlay_no_floor_context	41	void overlay	1801	5195	0	28	81	source_plane=0 shape=0 rot=0
terrain	void_overlay_no_floor_context	41	void overlay	1801	5196	0	28	81	source_plane=0 shape=0 rot=0
terrain	void_overlay_no_floor_context	41	void overlay	1801	5197	0	28	81	source_plane=0 shape=0 rot=0
terrain	void_overlay_no_floor_context	41	void overlay	1801	5198	0	28	81	source_plane=0 shape=0 rot=0
terrain	void_overlay_no_floor_context	41	void overlay	1801	5199	0	28	81	source_plane=0 shape=0 rot=0
terrain	void_overlay_no_floor_context	41	void overlay	1801	5200	0	28	81	source_plane=0 shape=0 rot=0
terrain	void_overlay_no_floor_context	41	void overlay	1801	5201	0	28	81	source_plane=0 shape=0 rot=0
terrain	void_overlay_no_floor_context	41	void overlay	1801	5202	0	28	81	source_plane=0 shape=0 rot=0
terrain	void_overlay_no_floor_context	41	void overlay	1801	5203	0	28	81	source_plane=0 shape=0 rot=0
terrain	void_overlay_no_floor_context	41	void overlay	1801	5204	0	28	81	source_plane=0 shape=0 rot=0
terrain	void_overlay_no_floor_context	41	void overlay	1801	5205	0	28	81	source_plane=0 shape=0 rot=0
terrain	void_overlay_no_floor_context	41	void overlay	1801	5206	0	28	81	source_plane=0 shape=0 rot=0
terrain	void_overlay_no_floor_context	41	void overlay	1801	5207	0	28	81	source_plane=0 shape=0 rot=0
terrain	void_overlay_no_floor_context	41	void overlay	1801	5208	0	28	81	source_plane=0 shape=0 rot=0
terrain	void_overlay_no_floor_context	41	void overlay	1801	5209	0	28	81	source_plane=0 shape=0 rot=0
terrain	void_overlay_no_floor_context	41	void overlay	1801	5210	0	28	81	source_plane=0 shape=0 rot=0
terrain	void_overlay_no_floor_context	41	void overlay	1801	5211	0	28	81	source_plane=0 shape=0 rot=0
terrain	void_overlay_no_floor_context	41	void overlay	1801	5212	0	28	81	source_plane=0 shape=0 rot=0
terrain	void_overlay_no_floor_context	41	void overlay	1801	5213	0	28	81	source_plane=0 shape=0 rot=0
terrain	void_overlay_no_floor_context	41	void overlay	1801	5214	0	28	81	source_plane=0 shape=0 rot=0
terrain	void_overlay_no_floor_context	41	void overlay	1801	5215	0	28	81	source_plane=0 shape=0 rot=0
terrain	void_overlay_no_floor_context	41	void overlay	1801	5216	0	28	81	source_plane=0 shape=0 rot=0
terrain	void_overlay_no_floor_context	41	void overlay	1801	5217	0	28	81	source_plane=0 shape=0 rot=0
terrain	void_overlay_no_floor_context	41	void overlay	1801	5218	0	28	81	source_plane=0 shape=0 rot=0
terrain	void_overlay_no_floor_context	41	void overlay	1801	5219	0	28	81	source_plane=0 shape=0 rot=0
terrain	void_overlay_no_floor_context	41	void overlay	1801	5220	0	28	81	source_plane=0 shape=0 rot=0
terrain	void_overlay_no_floor_context	41	void overlay	1801	5221	0	28	81	source_plane=0 shape=0 rot=0
terrain	void_overlay_no_floor_context	41	void overlay	1801	5222	0	28	81	source_plane=0 shape=0 rot=0
terrain	void_overlay_no_floor_context	41	void overlay	1801	5223	0	28	81	source_plane=0 shape=0 rot=0
terrain	void_overlay_no_floor_context	41	void overlay	1801	5224	0	28	81	source_plane=0 shape=0 rot=0
terrain	void_overlay_no_floor_context	41	void overlay	1801	5225	0	28	81	source_plane=0 shape=0 rot=0
terrain	void_overlay_no_floor_context	41	void overlay	1801	5226	0	28	81	source_plane=0 shape=0 rot=0
terrain	void_overlay_no_floor_context	41	void overlay	1801	5227	0	28	81	source_plane=0 shape=0 rot=0
terrain	void_overlay_no_floor_context	41	void overlay	1801	5228	0	28	81	source_plane=0 shape=0 rot=0
terrain	void_overlay_no_floor_context	41	void overlay	1801	5229	0	28	81	source_plane=0 shape=0 rot=0
terrain	void_overlay_no_floor_context	41	void overlay	1801	5230	0	28	81	source_plane=0 shape=0 rot=0
terrain	void_overlay_no_floor_context	41	void overlay	1801	5231	0	28	81	source_plane=0 shape=0 rot=0
terrain	void_overlay_no_floor_context	41	void overlay	1801	5232	0	28	81	source_plane=0 shape=0 rot=0
terrain	void_overlay_no_floor_context	41	void overlay	1801	5233	0	28	81	source_plane=0 shape=0 rot=0
terrain	void_overlay_no_floor_context	41	void overlay	1801	5234	0	28	81	source_plane=0 shape=0 rot=0
terrain	void_overlay_no_floor_context	41	void overlay	1801	5235	0	28	81	source_plane=0 shape=0 rot=0
terrain	void_overlay_no_floor_context	41	void overlay	1801	5236	0	28	81	source_plane=0 shape=0 rot=0
terrain	void_overlay_no_floor_context	41	void overlay	1801	5237	0	28	81	source_plane=0 shape=0 rot=0
terrain	void_overlay_no_floor_context	41	void overlay	1801	5238	0	28	81	source_plane=0 shape=0 rot=0
terrain	void_overlay_no_floor_context	41	void overlay	1801	5239	0	28	81	source_plane=0 shape=0 rot=0
terrain	void_overlay_no_floor_context	41	void overlay	1801	5240	0	28	81	source_plane=0 shape=0 rot=0
terrain	void_overlay_no_floor_context	41	void overlay	1801	5241	0	28	81	source_plane=0 shape=0 rot=0
terrain	void_overlay_no_floor_context	41	void overlay	1801	5242	0	28	81	source_plane=0 shape=0 rot=0
terrain	void_overlay_no_floor_context	41	void overlay	1801	5243	0	28	81	source_plane=0 shape=0 rot=0
terrain	void_overlay_no_floor_context	41	void overlay	1801	5244	0	28	81	source_plane=0 shape=0 rot=0
terrain	void_overlay_no_floor_context	41	void overlay	1801	5245	0	28	81	source_plane=0 shape=0 rot=0
terrain	void_overlay_no_floor_context	41	void overlay	1801	5246	0	28	81	source_plane=0 shape=0 rot=0
terrain	void_overlay_no_floor_context	41	void overlay	1801	5247	0	28	81	source_plane=0 shape=0 rot=0
terrain	void_overlay_no_floor_context	41	void overlay	1802	5184	0	28	81	source_plane=0 shape=0 rot=0
terrain	void_overlay_no_floor_context	41	void overlay	1802	5185	0	28	81	source_plane=0 shape=0 rot=0
terrain	void_overlay_no_floor_context	41	void overlay	1802	5186	0	28	81	source_plane=0 shape=0 rot=0
terrain	void_overlay_no_floor_context	41	void overlay	1802	5187	0	28	81	source_plane=0 shape=0 rot=0
terrain	void_overlay_no_floor_context	41	void overlay	1802	5188	0	28	81	source_plane=0 shape=0 rot=0
terrain	void_overlay_no_floor_context	41	void overlay	1802	5189	0	28	81	source_plane=0 shape=0 rot=0
terrain	void_overlay_no_floor_context	41	void overlay	1802	5190	0	28	81	source_plane=0 shape=0 rot=0
terrain	void_overlay_no_floor_context	41	void overlay	1802	5191	0	28	81	source_plane=0 shape=0 rot=0
terrain	void_overlay_no_floor_context	41	void overlay	1802	5192	0	28	81	source_plane=0 shape=0 rot=0
terrain	void_overlay_no_floor_context	41	void overlay	1802	5193	0	28	81	source_plane=0 shape=0 rot=0
terrain	void_overlay_no_floor_context	41	void overlay	1802	5194	0	28	81	source_plane=0 shape=0 rot=0
terrain	void_overlay_no_floor_context	41	void overlay	1802	5195	0	28	81	source_plane=0 shape=0 rot=0
terrain	void_overlay_no_floor_context	41	void overlay	1802	5196	0	28	81	source_plane=0 shape=0 rot=0
terrain	void_overlay_no_floor_context	41	void overlay	1802	5197	0	28	81	source_plane=0 shape=0 rot=0
terrain	void_overlay_no_floor_context	41	void overlay	1802	5198	0	28	81	source_plane=0 shape=0 rot=0
terrain	void_overlay_no_floor_context	41	void overlay	1802	5199	0	28	81	source_plane=0 shape=0 rot=0
terrain	void_overlay_no_floor_context	41	void overlay	1802	5200	0	28	81	source_plane=0 shape=0 rot=0
terrain	void_overlay_no_floor_context	41	void overlay	1802	5201	0	28	81	source_plane=0 shape=0 rot=0
terrain	void_overlay_no_floor_context	41	void overlay	1802	5202	0	28	81	source_plane=0 shape=0 rot=0
terrain	void_overlay_no_floor_context	41	void overlay	1802	5203	0	28	81	source_plane=0 shape=0 rot=0
terrain	void_overlay_no_floor_context	41	void overlay	1802	5204	0	28	81	source_plane=0 shape=0 rot=0
terrain	void_overlay_no_floor_context	41	void overlay	1802	5205	0	28	81	source_plane=0 shape=0 rot=0
terrain	void_overlay_no_floor_context	41	void overlay	1802	5206	0	28	81	source_plane=0 shape=0 rot=0
terrain	void_overlay_no_floor_context	41	void overlay	1802	5207	0	28	81	source_plane=0 shape=0 rot=0
terrain	void_overlay_no_floor_context	41	void overlay	1802	5208	0	28	81	source_plane=0 shape=0 rot=0
terrain	void_overlay_no_floor_context	41	void overlay	1802	5209	0	28	81	source_plane=0 shape=0 rot=0
terrain	void_overlay_no_floor_context	41	void overlay	1802	5210	0	28	81	source_plane=0 shape=0 rot=0
terrain	void_overlay_no_floor_context	41	void overlay	1802	5211	0	28	81	source_plane=0 shape=0 rot=0
terrain	void_overlay_no_floor_context	41	void overlay	1802	5212	0	28	81	source_plane=0 shape=0 rot=0
terrain	void_overlay_no_floor_context	41	void overlay	1802	5213	0	28	81	source_plane=0 shape=0 rot=0
terrain	void_overlay_no_floor_context	41	void overlay	1802	5214	0	28	81	source_plane=0 shape=0 rot=0
terrain	void_overlay_no_floor_context	41	void overlay	1802	5215	0	28	81	source_plane=0 shape=0 rot=0
terrain	void_overlay_no_floor_context	41	void overlay	1802	5216	0	28	81	source_plane=0 shape=0 rot=0
terrain	void_overlay_no_floor_context	41	void overlay	1802	5217	0	28	81	source_plane=0 shape=0 rot=0
terrain	void_overlay_no_floor_context	41	void overlay	1802	5218	0	28	81	source_plane=0 shape=0 rot=0
terrain	void_overlay_no_floor_context	41	void overlay	1802	5219	0	28	81	source_plane=0 shape=0 rot=0
terrain	void_overlay_no_floor_context	41	void overlay	1802	5220	0	28	81	source_plane=0 shape=0 rot=0
terrain	void_overlay_no_floor_context	41	void overlay	1802	5221	0	28	81	source_plane=0 shape=0 rot=0
terrain	void_overlay_no_floor_context	41	void overlay	1802	5222	0	28	81	source_plane=0 shape=0 rot=0
terrain	void_overlay_no_floor_context	41	void overlay	1802	5223	0	28	81	source_plane=0 shape=0 rot=0
terrain	void_overlay_no_floor_context	41	void overlay	1802	5224	0	28	81	source_plane=0 shape=0 rot=0
terrain	void_overlay_no_floor_context	41	void overlay	1802	5225	0	28	81	source_plane=0 shape=0 rot=0
terrain	void_overlay_no_floor_context	41	void overlay	1802	5226	0	28	81	source_plane=0 shape=0 rot=0
terrain	void_overlay_no_floor_context	41	void overlay	1802	5227	0	28	81	source_plane=0 shape=0 rot=0
terrain	void_overlay_no_floor_context	41	void overlay	1802	5228	0	28	81	source_plane=0 shape=0 rot=0
terrain	void_overlay_no_floor_context	41	void overlay	1802	5229	0	28	81	source_plane=0 shape=0 rot=0
terrain	void_overlay_no_floor_context	41	void overlay	1802	5230	0	28	81	source_plane=0 shape=0 rot=0
terrain	void_overlay_no_floor_context	41	void overlay	1802	5231	0	28	81	source_plane=0 shape=0 rot=0
terrain	void_overlay_no_floor_context	41	void overlay	1802	5232	0	28	81	source_plane=0 shape=0 rot=0
terrain	void_overlay_no_floor_context	41	void overlay	1802	5233	0	28	81	source_plane=0 shape=0 rot=0
terrain	void_overlay_no_floor_context	41	void overlay	1802	5234	0	28	81	source_plane=0 shape=0 rot=0
terrain	void_overlay_no_floor_context	41	void overlay	1802	5235	0	28	81	source_plane=0 shape=0 rot=0
terrain	void_overlay_no_floor_context	41	void overlay	1802	5236	0	28	81	source_plane=0 shape=0 rot=0
terrain	void_overlay_no_floor_context	41	void overlay	1802	5237	0	28	81	source_plane=0 shape=0 rot=0
terrain	void_overlay_no_floor_context	41	void overlay	1802	5238	0	28	81	source_plane=0 shape=0 rot=0
terrain	void_overlay_no_floor_context	41	void overlay	1802	5239	0	28	81	source_plane=0 shape=0 rot=0
terrain	void_overlay_no_floor_context	41	void overlay	1802	5240	0	28	81	source_plane=0 shape=0 rot=0
terrain	void_overlay_no_floor_context	41	void overlay	1802	5241	0	28	81	source_plane=0 shape=0 rot=0
terrain	void_overlay_no_floor_context	41	void overlay	1802	5242	0	28	81	source_plane=0 shape=0 rot=0
terrain	void_overlay_no_floor_context	41	void overlay	1802	5243	0	28	81	source_plane=0 shape=0 rot=0
terrain	void_overlay_no_floor_context	41	void overlay	1802	5244	0	28	81	source_plane=0 shape=0 rot=0
terrain	void_overlay_no_floor_context	41	void overlay	1802	5245	0	28	81	source_plane=0 shape=0 rot=0
terrain	void_overlay_no_floor_context	41	void overlay	1802	5246	0	28	81	source_plane=0 shape=0 rot=0
terrain	void_overlay_no_floor_context	41	void overlay	1802	5247	0	28	81	source_plane=0 shape=0 rot=0
terrain	void_overlay_no_floor_context	41	void overlay	1803	5184	0	28	81	source_plane=0 shape=0 rot=0
terrain	void_overlay_no_floor_context	41	void overlay	1803	5185	0	28	81	source_plane=0 shape=0 rot=0
terrain	void_overlay_no_floor_context	41	void overlay	1803	5186	0	28	81	source_plane=0 shape=0 rot=0
terrain	void_overlay_no_floor_context	41	void overlay	1803	5187	0	28	81	source_plane=0 shape=0 rot=0
terrain	void_overlay_no_floor_context	41	void overlay	1803	5188	0	28	81	source_plane=0 shape=0 rot=0
terrain	void_overlay_no_floor_context	41	void overlay	1803	5189	0	28	81	source_plane=0 shape=0 rot=0
terrain	void_overlay_no_floor_context	41	void overlay	1803	5190	0	28	81	source_plane=0 shape=0 rot=0
terrain	void_overlay_no_floor_context	41	void overlay	1803	5191	0	28	81	source_plane=0 shape=0 rot=0
terrain	void_overlay_no_floor_context	41	void overlay	1803	5192	0	28	81	source_plane=0 shape=0 rot=0
terrain	void_overlay_no_floor_context	41	void overlay	1803	5193	0	28	81	source_plane=0 shape=0 rot=0
terrain	void_overlay_no_floor_context	41	void overlay	1803	5194	0	28	81	source_plane=0 shape=0 rot=0
terrain	void_overlay_no_floor_context	41	void overlay	1803	5195	0	28	81	source_plane=0 shape=0 rot=0
terrain	void_overlay_no_floor_context	41	void overlay	1803	5196	0	28	81	source_plane=0 shape=0 rot=0
terrain	void_overlay_no_floor_context	41	void overlay	1803	5197	0	28	81	source_plane=0 shape=0 rot=0
terrain	void_overlay_no_floor_context	41	void overlay	1803	5198	0	28	81	source_plane=0 shape=0 rot=0
terrain	void_overlay_no_floor_context	41	void overlay	1803	5199	0	28	81	source_plane=0 shape=0 rot=0
terrain	void_overlay_no_floor_context	41	void overlay	1803	5200	0	28	81	source_plane=0 shape=0 rot=0
terrain	void_overlay_no_floor_context	41	void overlay	1803	5201	0	28	81	source_plane=0 shape=0 rot=0
terrain	void_overlay_no_floor_context	41	void overlay	1803	5202	0	28	81	source_plane=0 shape=0 rot=0
terrain	void_overlay_no_floor_context	41	void overlay	1803	5203	0	28	81	source_plane=0 shape=0 rot=0
terrain	void_overlay_no_floor_context	41	void overlay	1803	5204	0	28	81	source_plane=0 shape=0 rot=0
terrain	void_overlay_no_floor_context	41	void overlay	1803	5205	0	28	81	source_plane=0 shape=0 rot=0
terrain	void_overlay_no_floor_context	41	void overlay	1803	5206	0	28	81	source_plane=0 shape=0 rot=0
terrain	void_overlay_no_floor_context	41	void overlay	1803	5207	0	28	81	source_plane=0 shape=0 rot=0
terrain	void_overlay_no_floor_context	41	void overlay	1803	5208	0	28	81	source_plane=0 shape=0 rot=0
terrain	void_overlay_no_floor_context	41	void overlay	1803	5209	0	28	81	source_plane=0 shape=0 rot=0
terrain	void_overlay_no_floor_context	41	void overlay	1803	5210	0	28	81	source_plane=0 shape=0 rot=0
terrain	void_overlay_no_floor_context	41	void overlay	1803	5211	0	28	81	source_plane=0 shape=0 rot=0
terrain	void_overlay_no_floor_context	41	void overlay	1803	5212	0	28	81	source_plane=0 shape=0 rot=0
terrain	void_overlay_no_floor_context	41	void overlay	1803	5213	0	28	81	source_plane=0 shape=0 rot=0
terrain	void_overlay_no_floor_context	41	void overlay	1803	5214	0	28	81	source_plane=0 shape=0 rot=0
terrain	void_overlay_no_floor_context	41	void overlay	1803	5215	0	28	81	source_plane=0 shape=0 rot=0
terrain	void_overlay_no_floor_context	41	void overlay	1803	5216	0	28	81	source_plane=0 shape=0 rot=0
terrain	void_overlay_no_floor_context	41	void overlay	1803	5217	0	28	81	source_plane=0 shape=0 rot=0
terrain	void_overlay_no_floor_context	41	void overlay	1803	5218	0	28	81	source_plane=0 shape=0 rot=0
terrain	void_overlay_no_floor_context	41	void overlay	1803	5219	0	28	81	source_plane=0 shape=0 rot=0
terrain	void_overlay_no_floor_context	41	void overlay	1803	5220	0	28	81	source_plane=0 shape=0 rot=0
terrain	void_overlay_no_floor_context	41	void overlay	1803	5221	0	28	81	source_plane=0 shape=0 rot=0
terrain	void_overlay_no_floor_context	41	void overlay	1803	5222	0	28	81	source_plane=0 shape=0 rot=0
terrain	void_overlay_no_floor_context	41	void overlay	1803	5223	0	28	81	source_plane=0 shape=0 rot=0
terrain	void_overlay_no_floor_context	41	void overlay	1803	5224	0	28	81	source_plane=0 shape=0 rot=0
terrain	void_overlay_no_floor_context	41	void overlay	1803	5225	0	28	81	source_plane=0 shape=0 rot=0
terrain	void_overlay_no_floor_context	41	void overlay	1803	5226	0	28	81	source_plane=0 shape=0 rot=0
terrain	void_overlay_no_floor_context	41	void overlay	1803	5227	0	28	81	source_plane=0 shape=0 rot=0
terrain	void_overlay_no_floor_context	41	void overlay	1803	5228	0	28	81	source_plane=0 shape=0 rot=0
terrain	void_overlay_no_floor_context	41	void overlay	1803	5229	0	28	81	source_plane=0 shape=0 rot=0
terrain	void_overlay_no_floor_context	41	void overlay	1803	5230	0	28	81	source_plane=0 shape=0 rot=0
terrain	void_overlay_no_floor_context	41	void overlay	1803	5231	0	28	81	source_plane=0 shape=0 rot=0
terrain	void_overlay_no_floor_context	41	void overlay	1803	5232	0	28	81	source_plane=0 shape=0 rot=0
terrain	void_overlay_no_floor_context	41	void overlay	1803	5233	0	28	81	source_plane=0 shape=0 rot=0
terrain	void_overlay_no_floor_context	41	void overlay	1803	5234	0	28	81	source_plane=0 shape=0 rot=0
terrain	void_overlay_no_floor_context	41	void overlay	1803	5235	0	28	81	source_plane=0 shape=0 rot=0
terrain	void_overlay_no_floor_context	41	void overlay	1803	5236	0	28	81	source_plane=0 shape=0 rot=0
terrain	void_overlay_no_floor_context	41	void overlay	1803	5237	0	28	81	source_plane=0 shape=0 rot=0
terrain	void_overlay_no_floor_context	41	void overlay	1803	5238	0	28	81	source_plane=0 shape=0 rot=0
terrain	void_overlay_no_floor_context	41	void overlay	1803	5239	0	28	81	source_plane=0 shape=0 rot=0
terrain	void_overlay_no_floor_context	41	void overlay	1803	5240	0	28	81	source_plane=0 shape=0 rot=0
terrain	void_overlay_no_floor_context	41	void overlay	1803	5241	0	28	81	source_plane=0 shape=0 rot=0
terrain	void_overlay_no_floor_context	41	void overlay	1803	5242	0	28	81	source_plane=0 shape=0 rot=0
terrain	void_overlay_no_floor_context	41	void overlay	1803	5243	0	28	81	source_plane=0 shape=0 rot=0
terrain	void_overlay_no_floor_context	41	void overlay	1803	5244	0	28	81	source_plane=0 shape=0 rot=0
terrain	void_overlay_no_floor_context	41	void overlay	1803	5245	0	28	81	source_plane=0 shape=0 rot=0
terrain	void_overlay_no_floor_context	41	void overlay	1803	5246	0	28	81	source_plane=0 shape=0 rot=0
terrain	void_overlay_no_floor_context	41	void overlay	1803	5247	0	28	81	source_plane=0 shape=0 rot=0
terrain	void_overlay_no_floor_context	41	void overlay	1804	5184	0	28	81	source_plane=0 shape=0 rot=0
terrain	void_overlay_no_floor_context	41	void overlay	1804	5185	0	28	81	source_plane=0 shape=0 rot=0
terrain	void_overlay_no_floor_context	41	void overlay	1804	5186	0	28	81	source_plane=0 shape=0 rot=0
terrain	void_overlay_no_floor_context	41	void overlay	1804	5187	0	28	81	source_plane=0 shape=0 rot=0
terrain	void_overlay_no_floor_context	41	void overlay	1804	5188	0	28	81	source_plane=0 shape=0 rot=0
terrain	void_overlay_no_floor_context	41	void overlay	1804	5189	0	28	81	source_plane=0 shape=0 rot=0
terrain	void_overlay_no_floor_context	41	void overlay	1804	5190	0	28	81	source_plane=0 shape=0 rot=0
terrain	void_overlay_no_floor_context	41	void overlay	1804	5191	0	28	81	source_plane=0 shape=0 rot=0
terrain	void_overlay_no_floor_context	41	void overlay	1804	5192	0	28	81	source_plane=0 shape=0 rot=0
terrain	void_overlay_no_floor_context	41	void overlay	1804	5193	0	28	81	source_plane=0 shape=0 rot=0
terrain	void_overlay_no_floor_context	41	void overlay	1804	5194	0	28	81	source_plane=0 shape=0 rot=0
terrain	void_overlay_no_floor_context	41	void overlay	1804	5195	0	28	81	source_plane=0 shape=0 rot=0
terrain	void_overlay_no_floor_context	41	void overlay	1804	5196	0	28	81	source_plane=0 shape=0 rot=0
terrain	void_overlay_no_floor_context	41	void overlay	1804	5197	0	28	81	source_plane=0 shape=0 rot=0
terrain	void_overlay_no_floor_context	41	void overlay	1804	5198	0	28	81	source_plane=0 shape=0 rot=0
terrain	void_overlay_no_floor_context	41	void overlay	1804	5199	0	28	81	source_plane=0 shape=0 rot=0
terrain	void_overlay_no_floor_context	41	void overlay	1804	5200	0	28	81	source_plane=0 shape=0 rot=0
terrain	void_overlay_no_floor_context	41	void overlay	1804	5201	0	28	81	source_plane=0 shape=0 rot=0
terrain	void_overlay_no_floor_context	41	void overlay	1804	5202	0	28	81	source_plane=0 shape=0 rot=0
terrain	void_overlay_no_floor_context	41	void overlay	1804	5203	0	28	81	source_plane=0 shape=0 rot=0
terrain	void_overlay_no_floor_context	41	void overlay	1804	5204	0	28	81	source_plane=0 shape=0 rot=0
terrain	void_overlay_no_floor_context	41	void overlay	1804	5205	0	28	81	source_plane=0 shape=0 rot=0
terrain	void_overlay_no_floor_context	41	void overlay	1804	5206	0	28	81	source_plane=0 shape=0 rot=0
terrain	void_overlay_no_floor_context	41	void overlay	1804	5207	0	28	81	source_plane=0 shape=0 rot=0
terrain	void_overlay_no_floor_context	41	void overlay	1804	5208	0	28	81	source_plane=0 shape=0 rot=0
terrain	void_overlay_no_floor_context	41	void overlay	1804	5209	0	28	81	source_plane=0 shape=0 rot=0
terrain	void_overlay_no_floor_context	41	void overlay	1804	5210	0	28	81	source_plane=0 shape=0 rot=0
terrain	void_overlay_no_floor_context	41	void overlay	1804	5211	0	28	81	source_plane=0 shape=0 rot=0
terrain	void_overlay_no_floor_context	41	void overlay	1804	5212	0	28	81	source_plane=0 shape=0 rot=0
terrain	void_overlay_no_floor_context	41	void overlay	1804	5213	0	28	81	source_plane=0 shape=0 rot=0
terrain	void_overlay_no_floor_context	41	void overlay	1804	5214	0	28	81	source_plane=0 shape=0 rot=0
terrain	void_overlay_no_floor_context	41	void overlay	1804	5215	0	28	81	source_plane=0 shape=0 rot=0
terrain	void_overlay_no_floor_context	41	void overlay	1804	5216	0	28	81	source_plane=0 shape=0 rot=0
terrain	void_overlay_no_floor_context	41	void overlay	1804	5217	0	28	81	source_plane=0 shape=0 rot=0
terrain	void_overlay_no_floor_context	41	void overlay	1804	5218	0	28	81	source_plane=0 shape=0 rot=0
terrain	void_overlay_no_floor_context	41	void overlay	1804	5219	0	28	81	source_plane=0 shape=0 rot=0
terrain	void_overlay_no_floor_context	41	void overlay	1804	5220	0	28	81	source_plane=0 shape=0 rot=0
terrain	void_overlay_no_floor_context	41	void overlay	1804	5221	0	28	81	source_plane=0 shape=0 rot=0
terrain	void_overlay_no_floor_context	41	void overlay	1804	5222	0	28	81	source_plane=0 shape=0 rot=0
terrain	void_overlay_no_floor_context	41	void overlay	1804	5223	0	28	81	source_plane=0 shape=0 rot=0
terrain	void_overlay_no_floor_context	41	void overlay	1804	5224	0	28	81	source_plane=0 shape=0 rot=0
terrain	void_overlay_no_floor_context	41	void overlay	1804	5225	0	28	81	source_plane=0 shape=0 rot=0
terrain	void_overlay_no_floor_context	41	void overlay	1804	5226	0	28	81	source_plane=0 shape=0 rot=0
terrain	void_overlay_no_floor_context	41	void overlay	1804	5227	0	28	81	source_plane=0 shape=0 rot=0
terrain	void_overlay_no_floor_context	41	void overlay	1804	5228	0	28	81	source_plane=0 shape=0 rot=0
terrain	void_overlay_no_floor_context	41	void overlay	1804	5229	0	28	81	source_plane=0 shape=0 rot=0
terrain	void_overlay_no_floor_context	41	void overlay	1804	5230	0	28	81	source_plane=0 shape=0 rot=0
terrain	void_overlay_no_floor_context	41	void overlay	1804	5231	0	28	81	source_plane=0 shape=0 rot=0
terrain	void_overlay_no_floor_context	41	void overlay	1804	5232	0	28	81	source_plane=0 shape=0 rot=0
terrain	void_overlay_no_floor_context	41	void overlay	1804	5233	0	28	81	source_plane=0 shape=0 rot=0
terrain	void_overlay_no_floor_context	41	void overlay	1804	5234	0	28	81	source_plane=0 shape=0 rot=0
terrain	void_overlay_no_floor_context	41	void overlay	1804	5235	0	28	81	source_plane=0 shape=0 rot=0
terrain	void_overlay_no_floor_context	41	void overlay	1804	5236	0	28	81	source_plane=0 shape=0 rot=0
terrain	void_overlay_no_floor_context	41	void overlay	1804	5237	0	28	81	source_plane=0 shape=0 rot=0
terrain	void_overlay_no_floor_context	41	void overlay	1804	5238	0	28	81	source_plane=0 shape=0 rot=0
terrain	void_overlay_no_floor_context	41	void overlay	1804	5239	0	28	81	source_plane=0 shape=0 rot=0
terrain	void_overlay_no_floor_context	41	void overlay	1804	5240	0	28	81	source_plane=0 shape=0 rot=0
terrain	void_overlay_no_floor_context	41	void overlay	1804	5241	0	28	81	source_plane=0 shape=0 rot=0
terrain	void_overlay_no_floor_context	41	void overlay	1804	5242	0	28	81	source_plane=0 shape=0 rot=0
terrain	void_overlay_no_floor_context	41	void overlay	1804	5243	0	28	81	source_plane=0 shape=0 rot=0
terrain	void_overlay_no_floor_context	41	void overlay	1804	5244	0	28	81	source_plane=0 shape=0 rot=0
terrain	void_overlay_no_floor_context	41	void overlay	1804	5245	0	28	81	source_plane=0 shape=0 rot=0
terrain	void_overlay_no_floor_context	41	void overlay	1804	5246	0	28	81	source_plane=0 shape=0 rot=0
terrain	void_overlay_no_floor_context	41	void overlay	1804	5247	0	28	81	source_plane=0 shape=0 rot=0
terrain	void_overlay_no_floor_context	41	void overlay	1805	5184	0	28	81	source_plane=0 shape=0 rot=0
terrain	void_overlay_no_floor_context	41	void overlay	1805	5185	0	28	81	source_plane=0 shape=0 rot=0
terrain	void_overlay_no_floor_context	41	void overlay	1805	5186	0	28	81	source_plane=0 shape=0 rot=0
terrain	void_overlay_no_floor_context	41	void overlay	1805	5187	0	28	81	source_plane=0 shape=0 rot=0
terrain	void_overlay_no_floor_context	41	void overlay	1805	5188	0	28	81	source_plane=0 shape=0 rot=0
terrain	void_overlay_no_floor_context	41	void overlay	1805	5189	0	28	81	source_plane=0 shape=0 rot=0
terrain	void_overlay_no_floor_context	41	void overlay	1805	5190	0	28	81	source_plane=0 shape=0 rot=0
terrain	void_overlay_no_floor_context	41	void overlay	1805	5191	0	28	81	source_plane=0 shape=0 rot=0
terrain	void_overlay_no_floor_context	41	void overlay	1805	5192	0	28	81	source_plane=0 shape=0 rot=0
terrain	void_overlay_no_floor_context	41	void overlay	1805	5193	0	28	81	source_plane=0 shape=0 rot=0
terrain	void_overlay_no_floor_context	41	void overlay	1805	5194	0	28	81	source_plane=0 shape=0 rot=0
terrain	void_overlay_no_floor_context	41	void overlay	1805	5195	0	28	81	source_plane=0 shape=0 rot=0
terrain	void_overlay_no_floor_context	41	void overlay	1805	5196	0	28	81	source_plane=0 shape=0 rot=0
terrain	void_overlay_no_floor_context	41	void overlay	1805	5197	0	28	81	source_plane=0 shape=0 rot=0
terrain	void_overlay_no_floor_context	41	void overlay	1805	5198	0	28	81	source_plane=0 shape=0 rot=0
terrain	void_overlay_no_floor_context	41	void overlay	1805	5199	0	28	81	source_plane=0 shape=0 rot=0
terrain	void_overlay_no_floor_context	41	void overlay	1805	5200	0	28	81	source_plane=0 shape=0 rot=0
terrain	void_overlay_no_floor_context	41	void overlay	1805	5201	0	28	81	source_plane=0 shape=0 rot=0
terrain	void_overlay_no_floor_context	41	void overlay	1805	5202	0	28	81	source_plane=0 shape=0 rot=0
terrain	void_overlay_no_floor_context	41	void overlay	1805	5203	0	28	81	source_plane=0 shape=0 rot=0
terrain	void_overlay_no_floor_context	41	void overlay	1805	5204	0	28	81	source_plane=0 shape=0 rot=0
terrain	void_overlay_no_floor_context	41	void overlay	1805	5205	0	28	81	source_plane=0 shape=0 rot=0
terrain	void_overlay_no_floor_context	41	void overlay	1805	5206	0	28	81	source_plane=0 shape=0 rot=0
terrain	void_overlay_no_floor_context	41	void overlay	1805	5207	0	28	81	source_plane=0 shape=0 rot=0
terrain	void_overlay_no_floor_context	41	void overlay	1805	5208	0	28	81	source_plane=0 shape=0 rot=0
terrain	void_overlay_no_floor_context	41	void overlay	1805	5209	0	28	81	source_plane=0 shape=0 rot=0
terrain	void_overlay_no_floor_context	41	void overlay	1805	5210	0	28	81	source_plane=0 shape=0 rot=0
terrain	void_overlay_no_floor_context	41	void overlay	1805	5211	0	28	81	source_plane=0 shape=0 rot=0
terrain	void_overlay_no_floor_context	41	void overlay	1805	5212	0	28	81	source_plane=0 shape=0 rot=0
terrain	void_overlay_no_floor_context	41	void overlay	1805	5213	0	28	81	source_plane=0 shape=0 rot=0
terrain	void_overlay_no_floor_context	41	void overlay	1805	5214	0	28	81	source_plane=0 shape=0 rot=0
terrain	void_overlay_no_floor_context	41	void overlay	1805	5215	0	28	81	source_plane=0 shape=0 rot=0
terrain	void_overlay_no_floor_context	41	void overlay	1805	5216	0	28	81	source_plane=0 shape=0 rot=0
terrain	void_overlay_no_floor_context	41	void overlay	1805	5217	0	28	81	source_plane=0 shape=0 rot=0
terrain	void_overlay_no_floor_context	41	void overlay	1805	5218	0	28	81	source_plane=0 shape=0 rot=0
terrain	void_overlay_no_floor_context	41	void overlay	1805	5219	0	28	81	source_plane=0 shape=0 rot=0
terrain	void_overlay_no_floor_context	41	void overlay	1805	5220	0	28	81	source_plane=0 shape=0 rot=0
terrain	void_overlay_no_floor_context	41	void overlay	1805	5221	0	28	81	source_plane=0 shape=0 rot=0
terrain	void_overlay_no_floor_context	41	void overlay	1805	5222	0	28	81	source_plane=0 shape=0 rot=0
terrain	void_overlay_no_floor_context	41	void overlay	1805	5223	0	28	81	source_plane=0 shape=0 rot=0
terrain	void_overlay_no_floor_context	41	void overlay	1805	5224	0	28	81	source_plane=0 shape=0 rot=0
terrain	void_overlay_no_floor_context	41	void overlay	1805	5225	0	28	81	source_plane=0 shape=0 rot=0
terrain	void_overlay_no_floor_context	41	void overlay	1805	5226	0	28	81	source_plane=0 shape=0 rot=0
terrain	void_overlay_no_floor_context	41	void overlay	1805	5227	0	28	81	source_plane=0 shape=0 rot=0
terrain	void_overlay_no_floor_context	41	void overlay	1805	5228	0	28	81	source_plane=0 shape=0 rot=0
terrain	void_overlay_no_floor_context	41	void overlay	1805	5229	0	28	81	source_plane=0 shape=0 rot=0
terrain	void_overlay_no_floor_context	41	void overlay	1805	5230	0	28	81	source_plane=0 shape=0 rot=0
terrain	void_overlay_no_floor_context	41	void overlay	1805	5231	0	28	81	source_plane=0 shape=0 rot=0
terrain	void_overlay_no_floor_context	41	void overlay	1805	5232	0	28	81	source_plane=0 shape=0 rot=0
terrain	void_overlay_no_floor_context	41	void overlay	1805	5233	0	28	81	source_plane=0 shape=0 rot=0
terrain	void_overlay_no_floor_context	41	void overlay	1805	5234	0	28	81	source_plane=0 shape=0 rot=0
terrain	void_overlay_no_floor_context	41	void overlay	1805	5235	0	28	81	source_plane=0 shape=0 rot=0
terrain	void_overlay_no_floor_context	41	void overlay	1805	5236	0	28	81	source_plane=0 shape=0 rot=0
terrain	void_overlay_no_floor_context	41	void overlay	1805	5237	0	28	81	source_plane=0 shape=0 rot=0
terrain	void_overlay_no_floor_context	41	void overlay	1805	5238	0	28	81	source_plane=0 shape=0 rot=0
terrain	void_overlay_no_floor_context	41	void overlay	1805	5239	0	28	81	source_plane=0 shape=0 rot=0
terrain	void_overlay_no_floor_context	41	void overlay	1805	5240	0	28	81	source_plane=0 shape=0 rot=0
terrain	void_overlay_no_floor_context	41	void overlay	1805	5241	0	28	81	source_plane=0 shape=0 rot=0
terrain	void_overlay_no_floor_context	41	void overlay	1805	5242	0	28	81	source_plane=0 shape=0 rot=0
terrain	void_overlay_no_floor_context	41	void overlay	1805	5243	0	28	81	source_plane=0 shape=0 rot=0
terrain	void_overlay_no_floor_context	41	void overlay	1805	5244	0	28	81	source_plane=0 shape=0 rot=0
terrain	void_overlay_no_floor_context	41	void overlay	1805	5245	0	28	81	source_plane=0 shape=0 rot=0
terrain	void_overlay_no_floor_context	41	void overlay	1805	5246	0	28	81	source_plane=0 shape=0 rot=0
terrain	void_overlay_no_floor_context	41	void overlay	1805	5247	0	28	81	source_plane=0 shape=0 rot=0
terrain	void_overlay_no_floor_context	41	void overlay	1806	5184	0	28	81	source_plane=0 shape=0 rot=0
terrain	void_overlay_no_floor_context	41	void overlay	1806	5185	0	28	81	source_plane=0 shape=0 rot=0
terrain	void_overlay_no_floor_context	41	void overlay	1806	5186	0	28	81	source_plane=0 shape=0 rot=0
terrain	void_overlay_no_floor_context	41	void overlay	1806	5187	0	28	81	source_plane=0 shape=0 rot=0
terrain	void_overlay_no_floor_context	41	void overlay	1806	5188	0	28	81	source_plane=0 shape=0 rot=0
terrain	void_overlay_no_floor_context	41	void overlay	1806	5189	0	28	81	source_plane=0 shape=0 rot=0
terrain	void_overlay_no_floor_context	41	void overlay	1806	5190	0	28	81	source_plane=0 shape=0 rot=0
terrain	void_overlay_no_floor_context	41	void overlay	1806	5191	0	28	81	source_plane=0 shape=0 rot=0
terrain	void_overlay_no_floor_context	41	void overlay	1806	5192	0	28	81	source_plane=0 shape=0 rot=0
terrain	void_overlay_no_floor_context	41	void overlay	1806	5193	0	28	81	source_plane=0 shape=0 rot=0
terrain	void_overlay_no_floor_context	41	void overlay	1806	5194	0	28	81	source_plane=0 shape=0 rot=0
terrain	void_overlay_no_floor_context	41	void overlay	1806	5195	0	28	81	source_plane=0 shape=0 rot=0
terrain	void_overlay_no_floor_context	41	void overlay	1806	5196	0	28	81	source_plane=0 shape=0 rot=0
terrain	void_overlay_no_floor_context	41	void overlay	1806	5197	0	28	81	source_plane=0 shape=0 rot=0
terrain	void_overlay_no_floor_context	41	void overlay	1806	5198	0	28	81	source_plane=0 shape=0 rot=0
terrain	void_overlay_no_floor_context	41	void overlay	1806	5199	0	28	81	source_plane=0 shape=0 rot=0
terrain	void_overlay_no_floor_context	41	void overlay	1806	5200	0	28	81	source_plane=0 shape=0 rot=0
terrain	void_overlay_no_floor_context	41	void overlay	1806	5201	0	28	81	source_plane=0 shape=0 rot=0
terrain	void_overlay_no_floor_context	41	void overlay	1806	5202	0	28	81	source_plane=0 shape=0 rot=0
terrain	void_overlay_no_floor_context	41	void overlay	1806	5203	0	28	81	source_plane=0 shape=0 rot=0
terrain	void_overlay_no_floor_context	41	void overlay	1806	5204	0	28	81	source_plane=0 shape=0 rot=0
terrain	void_overlay_no_floor_context	41	void overlay	1806	5205	0	28	81	source_plane=0 shape=0 rot=0
terrain	void_overlay_no_floor_context	41	void overlay	1806	5206	0	28	81	source_plane=0 shape=0 rot=0
terrain	void_overlay_no_floor_context	41	void overlay	1806	5207	0	28	81	source_plane=0 shape=0 rot=0
terrain	void_overlay_no_floor_context	41	void overlay	1806	5208	0	28	81	source_plane=0 shape=0 rot=0
terrain	void_overlay_no_floor_context	41	void overlay	1806	5209	0	28	81	source_plane=0 shape=0 rot=0
terrain	void_overlay_no_floor_context	41	void overlay	1806	5210	0	28	81	source_plane=0 shape=0 rot=0
terrain	void_overlay_no_floor_context	41	void overlay	1806	5211	0	28	81	source_plane=0 shape=0 rot=0
terrain	void_overlay_no_floor_context	41	void overlay	1806	5212	0	28	81	source_plane=0 shape=0 rot=0
terrain	void_overlay_no_floor_context	41	void overlay	1806	5213	0	28	81	source_plane=0 shape=0 rot=0
terrain	void_overlay_no_floor_context	41	void overlay	1806	5214	0	28	81	source_plane=0 shape=0 rot=0
terrain	void_overlay_no_floor_context	41	void overlay	1806	5215	0	28	81	source_plane=0 shape=0 rot=0
terrain	void_overlay_no_floor_context	41	void overlay	1806	5216	0	28	81	source_plane=0 shape=0 rot=0
terrain	void_overlay_no_floor_context	41	void overlay	1806	5217	0	28	81	source_plane=0 shape=0 rot=0
terrain	void_overlay_no_floor_context	41	void overlay	1806	5218	0	28	81	source_plane=0 shape=0 rot=0
terrain	void_overlay_no_floor_context	41	void overlay	1806	5219	0	28	81	source_plane=0 shape=0 rot=0
terrain	void_overlay_no_floor_context	41	void overlay	1806	5220	0	28	81	source_plane=0 shape=0 rot=0
terrain	void_overlay_no_floor_context	41	void overlay	1806	5221	0	28	81	source_plane=0 shape=0 rot=0
terrain	void_overlay_no_floor_context	41	void overlay	1806	5222	0	28	81	source_plane=0 shape=0 rot=0
terrain	void_overlay_no_floor_context	41	void overlay	1806	5223	0	28	81	source_plane=0 shape=0 rot=0
terrain	void_overlay_no_floor_context	41	void overlay	1806	5224	0	28	81	source_plane=0 shape=0 rot=0
terrain	void_overlay_no_floor_context	41	void overlay	1806	5225	0	28	81	source_plane=0 shape=0 rot=0
terrain	void_overlay_no_floor_context	41	void overlay	1806	5226	0	28	81	source_plane=0 shape=0 rot=0
terrain	void_overlay_no_floor_context	41	void overlay	1806	5227	0	28	81	source_plane=0 shape=0 rot=0
terrain	void_overlay_no_floor_context	41	void overlay	1806	5228	0	28	81	source_plane=0 shape=0 rot=0
terrain	void_overlay_no_floor_context	41	void overlay	1806	5229	0	28	81	source_plane=0 shape=0 rot=0
terrain	void_overlay_no_floor_context	41	void overlay	1806	5230	0	28	81	source_plane=0 shape=0 rot=0
terrain	void_overlay_no_floor_context	41	void overlay	1806	5231	0	28	81	source_plane=0 shape=0 rot=0
terrain	void_overlay_no_floor_context	41	void overlay	1806	5232	0	28	81	source_plane=0 shape=0 rot=0
terrain	void_overlay_no_floor_context	41	void overlay	1806	5233	0	28	81	source_plane=0 shape=0 rot=0
terrain	void_overlay_no_floor_context	41	void overlay	1806	5234	0	28	81	source_plane=0 shape=0 rot=0
terrain	void_overlay_no_floor_context	41	void overlay	1806	5235	0	28	81	source_plane=0 shape=0 rot=0
terrain	void_overlay_no_floor_context	41	void overlay	1806	5236	0	28	81	source_plane=0 shape=0 rot=0
terrain	void_overlay_no_floor_context	41	void overlay	1806	5237	0	28	81	source_plane=0 shape=0 rot=0
terrain	void_overlay_no_floor_context	41	void overlay	1806	5238	0	28	81	source_plane=0 shape=0 rot=0
terrain	void_overlay_no_floor_context	41	void overlay	1806	5239	0	28	81	source_plane=0 shape=0 rot=0
terrain	void_overlay_no_floor_context	41	void overlay	1806	5240	0	28	81	source_plane=0 shape=0 rot=0
terrain	void_overlay_no_floor_context	41	void overlay	1806	5241	0	28	81	source_plane=0 shape=0 rot=0
terrain	void_overlay_no_floor_context	41	void overlay	1806	5242	0	28	81	source_plane=0 shape=0 rot=0
terrain	void_overlay_no_floor_context	41	void overlay	1806	5243	0	28	81	source_plane=0 shape=0 rot=0
terrain	void_overlay_no_floor_context	41	void overlay	1806	5244	0	28	81	source_plane=0 shape=0 rot=0
terrain	void_overlay_no_floor_context	41	void overlay	1806	5245	0	28	81	source_plane=0 shape=0 rot=0
terrain	void_overlay_no_floor_context	41	void overlay	1806	5246	0	28	81	source_plane=0 shape=0 rot=0
terrain	void_overlay_no_floor_context	41	void overlay	1806	5247	0	28	81	source_plane=0 shape=0 rot=0
terrain	void_overlay_no_floor_context	41	void overlay	1807	5184	0	28	81	source_plane=0 shape=0 rot=0
terrain	void_overlay_no_floor_context	41	void overlay	1807	5185	0	28	81	source_plane=0 shape=0 rot=0
terrain	void_overlay_no_floor_context	41	void overlay	1807	5186	0	28	81	source_plane=0 shape=0 rot=0
terrain	void_overlay_no_floor_context	41	void overlay	1807	5187	0	28	81	source_plane=0 shape=0 rot=0
terrain	void_overlay_no_floor_context	41	void overlay	1807	5188	0	28	81	source_plane=0 shape=0 rot=0
terrain	void_overlay_no_floor_context	41	void overlay	1807	5189	0	28	81	source_plane=0 shape=0 rot=0
terrain	void_overlay_no_floor_context	41	void overlay	1807	5190	0	28	81	source_plane=0 shape=0 rot=0
terrain	void_overlay_no_floor_context	41	void overlay	1807	5191	0	28	81	source_plane=0 shape=0 rot=0
terrain	void_overlay_no_floor_context	41	void overlay	1807	5192	0	28	81	source_plane=0 shape=0 rot=0
terrain	void_overlay_no_floor_context	41	void overlay	1807	5193	0	28	81	source_plane=0 shape=0 rot=0
terrain	void_overlay_no_floor_context	41	void overlay	1807	5194	0	28	81	source_plane=0 shape=0 rot=0
terrain	void_overlay_no_floor_context	41	void overlay	1807	5195	0	28	81	source_plane=0 shape=0 rot=0
terrain	void_overlay_no_floor_context	41	void overlay	1807	5196	0	28	81	source_plane=0 shape=0 rot=0
terrain	void_overlay_no_floor_context	41	void overlay	1807	5197	0	28	81	source_plane=0 shape=0 rot=0
terrain	void_overlay_no_floor_context	41	void overlay	1807	5198	0	28	81	source_plane=0 shape=0 rot=0
terrain	void_overlay_no_floor_context	41	void overlay	1807	5199	0	28	81	source_plane=0 shape=0 rot=0
terrain	void_overlay_no_floor_context	41	void overlay	1807	5200	0	28	81	source_plane=0 shape=0 rot=0
terrain	void_overlay_no_floor_context	41	void overlay	1807	5201	0	28	81	source_plane=0 shape=0 rot=0
terrain	void_overlay_no_floor_context	41	void overlay	1807	5202	0	28	81	source_plane=0 shape=0 rot=0
terrain	void_overlay_no_floor_context	41	void overlay	1807	5203	0	28	81	source_plane=0 shape=0 rot=0
terrain	void_overlay_no_floor_context	41	void overlay	1807	5204	0	28	81	source_plane=0 shape=0 rot=0
terrain	void_overlay_no_floor_context	41	void overlay	1807	5205	0	28	81	source_plane=0 shape=0 rot=0
terrain	void_overlay_no_floor_context	41	void overlay	1807	5206	0	28	81	source_plane=0 shape=0 rot=0
terrain	void_overlay_no_floor_context	41	void overlay	1807	5207	0	28	81	source_plane=0 shape=0 rot=0
terrain	void_overlay_no_floor_context	41	void overlay	1807	5208	0	28	81	source_plane=0 shape=0 rot=0
terrain	void_overlay_no_floor_context	41	void overlay	1807	5209	0	28	81	source_plane=0 shape=0 rot=0
terrain	void_overlay_no_floor_context	41	void overlay	1807	5210	0	28	81	source_plane=0 shape=0 rot=0
terrain	void_overlay_no_floor_context	41	void overlay	1807	5211	0	28	81	source_plane=0 shape=0 rot=0
terrain	void_overlay_no_floor_context	41	void overlay	1807	5212	0	28	81	source_plane=0 shape=0 rot=0
terrain	void_overlay_no_floor_context	41	void overlay	1807	5213	0	28	81	source_plane=0 shape=0 rot=0
terrain	void_overlay_no_floor_context	41	void overlay	1807	5214	0	28	81	source_plane=0 shape=0 rot=0
terrain	void_overlay_no_floor_context	41	void overlay	1807	5215	0	28	81	source_plane=0 shape=0 rot=0
terrain	void_overlay_no_floor_context	41	void overlay	1807	5216	0	28	81	source_plane=0 shape=0 rot=0
terrain	void_overlay_no_floor_context	41	void overlay	1807	5217	0	28	81	source_plane=0 shape=0 rot=0
terrain	void_overlay_no_floor_context	41	void overlay	1807	5218	0	28	81	source_plane=0 shape=0 rot=0
terrain	void_overlay_no_floor_context	41	void overlay	1807	5219	0	28	81	source_plane=0 shape=0 rot=0
terrain	void_overlay_no_floor_context	41	void overlay	1807	5220	0	28	81	source_plane=0 shape=0 rot=0
terrain	void_overlay_no_floor_context	41	void overlay	1807	5221	0	28	81	source_plane=0 shape=0 rot=0
terrain	void_overlay_no_floor_context	41	void overlay	1807	5222	0	28	81	source_plane=0 shape=0 rot=0
terrain	void_overlay_no_floor_context	41	void overlay	1807	5223	0	28	81	source_plane=0 shape=0 rot=0
terrain	void_overlay_no_floor_context	41	void overlay	1807	5224	0	28	81	source_plane=0 shape=0 rot=0
terrain	void_overlay_no_floor_context	41	void overlay	1807	5225	0	28	81	source_plane=0 shape=0 rot=0
terrain	void_overlay_no_floor_context	41	void overlay	1807	5226	0	28	81	source_plane=0 shape=0 rot=0
terrain	void_overlay_no_floor_context	41	void overlay	1807	5227	0	28	81	source_plane=0 shape=0 rot=0
terrain	void_overlay_no_floor_context	41	void overlay	1807	5228	0	28	81	source_plane=0 shape=0 rot=0
terrain	void_overlay_no_floor_context	41	void overlay	1807	5229	0	28	81	source_plane=0 shape=0 rot=0
terrain	void_overlay_no_floor_context	41	void overlay	1807	5230	0	28	81	source_plane=0 shape=0 rot=0
terrain	void_overlay_no_floor_context	41	void overlay	1807	5231	0	28	81	source_plane=0 shape=0 rot=0
terrain	void_overlay_no_floor_context	41	void overlay	1807	5232	0	28	81	source_plane=0 shape=0 rot=0
terrain	void_overlay_no_floor_context	41	void overlay	1807	5233	0	28	81	source_plane=0 shape=0 rot=0
terrain	void_overlay_no_floor_context	41	void overlay	1807	5234	0	28	81	source_plane=0 shape=0 rot=0
terrain	void_overlay_no_floor_context	41	void overlay	1807	5235	0	28	81	source_plane=0 shape=0 rot=0
terrain	void_overlay_no_floor_context	41	void overlay	1807	5236	0	28	81	source_plane=0 shape=0 rot=0
terrain	void_overlay_no_floor_context	41	void overlay	1807	5237	0	28	81	source_plane=0 shape=0 rot=0
terrain	void_overlay_no_floor_context	41	void overlay	1807	5238	0	28	81	source_plane=0 shape=0 rot=0
terrain	void_overlay_no_floor_context	41	void overlay	1807	5239	0	28	81	source_plane=0 shape=0 rot=0
terrain	void_overlay_no_floor_context	41	void overlay	1807	5240	0	28	81	source_plane=0 shape=0 rot=0
terrain	void_overlay_no_floor_context	41	void overlay	1807	5241	0	28	81	source_plane=0 shape=0 rot=0
terrain	void_overlay_no_floor_context	41	void overlay	1807	5242	0	28	81	source_plane=0 shape=0 rot=0
terrain	void_overlay_no_floor_context	41	void overlay	1807	5243	0	28	81	source_plane=0 shape=0 rot=0
terrain	void_overlay_no_floor_context	41	void overlay	1807	5244	0	28	81	source_plane=0 shape=0 rot=0
terrain	void_overlay_no_floor_context	41	void overlay	1807	5245	0	28	81	source_plane=0 shape=0 rot=0
terrain	void_overlay_no_floor_context	41	void overlay	1807	5246	0	28	81	source_plane=0 shape=0 rot=0
terrain	void_overlay_no_floor_context	41	void overlay	1807	5247	0	28	81	source_plane=0 shape=0 rot=0
terrain	void_overlay_no_floor_context	41	void overlay	1808	5184	0	28	81	source_plane=0 shape=0 rot=0
terrain	void_overlay_no_floor_context	41	void overlay	1808	5185	0	28	81	source_plane=0 shape=0 rot=0
terrain	void_overlay_no_floor_context	41	void overlay	1808	5186	0	28	81	source_plane=0 shape=0 rot=0
terrain	void_overlay_no_floor_context	41	void overlay	1808	5187	0	28	81	source_plane=0 shape=0 rot=0
terrain	void_overlay_no_floor_context	41	void overlay	1808	5188	0	28	81	source_plane=0 shape=0 rot=0
terrain	void_overlay_no_floor_context	41	void overlay	1808	5189	0	28	81	source_plane=0 shape=0 rot=0
terrain	void_overlay_no_floor_context	41	void overlay	1808	5190	0	28	81	source_plane=0 shape=0 rot=0
terrain	void_overlay_no_floor_context	41	void overlay	1808	5191	0	28	81	source_plane=0 shape=0 rot=0
