kind|key|style|attack_anim|launch_spotanim|travel_spotanim|impact_spotanim|projectile_model|projectile_anim|hit_delay|client_delay|proj_start_height|proj_end_height|proj_delay|proj_angle|proj_length_adjustment|proj_progress|proj_step_multiplier|note|projectile_count|alt_proj_start_height|alt_proj_end_height|alt_proj_delay|alt_proj_angle|alt_proj_length_adjustment|alt_proj_progress|alt_proj_step_multiplier|aux_travel_spotanim|aux_impact_spotanim|aux_projectile_model|aux_projectile_anim|impact_on_last_only|double_launch_spotanim|stance_idx|attack_key|launch_gfx_height|impact_gfx_height|impact_gfx_delay|impact_gfx_rotation|primitive_type|source_attachment|target_attachment|launch_attachment|impact_attachment|authority
item|35|slash|390|-|-|-|-|-|-|-|-|-|-|-|-|-|-|rsmod:excalibur:attack:stance1|-|-|-|-|-|-|-|-|-|-|-|-|-|-|0|-|-|-|-|-|none|none|none|none|none|rsmod
item|35|slash|390|-|-|-|-|-|-|-|-|-|-|-|-|-|-|rsmod:excalibur:attack:stance2|-|-|-|-|-|-|-|-|-|-|-|-|-|-|1|-|-|-|-|-|none|none|none|none|none|rsmod
item|35|slash|390|-|-|-|-|-|-|-|-|-|-|-|-|-|-|rsmod:excalibur:attack:stance4|-|-|-|-|-|-|-|-|-|-|-|-|-|-|3|-|-|-|-|-|none|none|none|none|none|rsmod
item|35|stab|386|-|-|-|-|-|-|-|-|-|-|-|-|-|-|rsmod:excalibur:attack:stance3|-|-|-|-|-|-|-|-|-|-|-|-|-|-|2|-|-|-|-|-|none|none|none|none|none|rsmod
item|78|ranged|-|25|16|-|3136|-|2|2|-|-|-|-|-|-|-|rsmod:ice_arrow:projectile|-|-|-|-|-|-|-|-|-|-|-|-|-|1110|-|-|-|-|-|-|travel_projectile|source_actor|target_actor|source_actor|target_actor|rsmod
item|667|slash|390|-|-|-|-|-|-|-|-|-|-|-|-|-|-|rsmod:faladian_sword:attack:stance1|-|-|-|-|-|-|-|-|-|-|-|-|-|-|0|-|-|-|-|-|none|none|none|none|none|rsmod
item|667|slash|390|-|-|-|-|-|-|-|-|-|-|-|-|-|-|rsmod:faladian_sword:attack:stance2|-|-|-|-|-|-|-|-|-|-|-|-|-|-|1|-|-|-|-|-|none|none|none|none|none|rsmod
item|667|slash|390|-|-|-|-|-|-|-|-|-|-|-|-|-|-|rsmod:faladian_sword:attack:stance4|-|-|-|-|-|-|-|-|-|-|-|-|-|-|3|-|-|-|-|-|none|none|none|none|none|rsmod
item|667|stab|386|-|-|-|-|-|-|-|-|-|-|-|-|-|-|rsmod:faladian_sword:attack:stance3|-|-|-|-|-|-|-|-|-|-|-|-|-|-|2|-|-|-|-|-|none|none|none|none|none|rsmod
item|746|slash|390|-|-|-|-|-|-|-|-|-|-|-|-|-|-|rsmod:deathdagger:attack:stance3|-|-|-|-|-|-|-|-|-|-|-|-|-|-|2|-|-|-|-|-|none|none|none|none|none|rsmod
item|746|stab|386|-|-|-|-|-|-|-|-|-|-|-|-|-|-|rsmod:deathdagger:attack:stance1|-|-|-|-|-|-|-|-|-|-|-|-|-|-|0|-|-|-|-|-|none|none|none|none|none|rsmod
item|746|stab|386|-|-|-|-|-|-|-|-|-|-|-|-|-|-|rsmod:deathdagger:attack:stance2|-|-|-|-|-|-|-|-|-|-|-|-|-|-|1|-|-|-|-|-|none|none|none|none|none|rsmod
item|746|stab|386|-|-|-|-|-|-|-|-|-|-|-|-|-|-|rsmod:deathdagger:attack:stance4|-|-|-|-|-|-|-|-|-|-|-|-|-|-|3|-|-|-|-|-|none|none|none|none|none|rsmod
item|747|slash|390|-|-|-|-|-|-|-|-|-|-|-|-|-|-|rsmod:deathdaggerdone:attack:stance3|-|-|-|-|-|-|-|-|-|-|-|-|-|-|2|-|-|-|-|-|none|none|none|none|none|rsmod
item|747|stab|386|-|-|-|-|-|-|-|-|-|-|-|-|-|-|rsmod:deathdaggerdone:attack:stance1|-|-|-|-|-|-|-|-|-|-|-|-|-|-|0|-|-|-|-|-|none|none|none|none|none|rsmod
item|747|stab|386|-|-|-|-|-|-|-|-|-|-|-|-|-|-|rsmod:deathdaggerdone:attack:stance2|-|-|-|-|-|-|-|-|-|-|-|-|-|-|1|-|-|-|-|-|none|none|none|none|none|rsmod
item|747|stab|386|-|-|-|-|-|-|-|-|-|-|-|-|-|-|rsmod:deathdaggerdone:attack:stance4|-|-|-|-|-|-|-|-|-|-|-|-|-|-|3|-|-|-|-|-|none|none|none|none|none|rsmod
item|767|ranged|7552|-|-|-|-|-|3|3|155|146|41|5|5|11|5|rsmod:phoenix_crossbow:attack:stance1|-|-|-|-|-|-|-|-|-|-|-|-|-|-|0|-|-|-|-|-|none|none|none|none|none|rsmod
item|767|ranged|7552|-|-|-|-|-|3|3|155|146|41|5|5|11|5|rsmod:phoenix_crossbow:attack:stance2|-|-|-|-|-|-|-|-|-|-|-|-|-|-|1|-|-|-|-|-|none|none|none|none|none|rsmod
item|767|ranged|7552|-|-|-|-|-|3|3|155|146|41|5|5|11|5|rsmod:phoenix_crossbow:attack:stance4|-|-|-|-|-|-|-|-|-|-|-|-|-|-|3|-|-|-|-|-|none|none|none|none|none|rsmod
item|772|crush|414|-|-|-|-|-|-|-|-|-|-|-|-|-|-|rsmod:dramen_staff:attack:stance1|-|-|-|-|-|-|-|-|-|-|-|-|-|-|0|-|-|-|-|-|none|none|none|none|none|rsmod
item|772|crush|414|-|-|-|-|-|-|-|-|-|-|-|-|-|-|rsmod:dramen_staff:attack:stance2|-|-|-|-|-|-|-|-|-|-|-|-|-|-|1|-|-|-|-|-|none|none|none|none|none|rsmod
item|772|crush|414|-|-|-|-|-|-|-|-|-|-|-|-|-|-|rsmod:dramen_staff:attack:stance4|-|-|-|-|-|-|-|-|-|-|-|-|-|-|3|-|-|-|-|-|none|none|none|none|none|rsmod
item|800|ranged|-|43|36|-|3148|372|2|2|163|146|32|15|0|11|5|rsmod:bronze_thrownaxe:projectile|-|-|-|-|-|-|-|-|-|-|-|-|-|-|-|-|-|-|-|-|travel_projectile|source_actor|target_actor|source_actor|target_actor|rsmod
item|800|ranged|7617|-|-|-|-|-|2|2|163|146|32|15|0|11|5|rsmod:bronze_thrownaxe:attack:stance1|-|-|-|-|-|-|-|-|-|-|-|-|-|-|0|-|-|-|-|-|none|none|none|none|none|rsmod
item|800|ranged|7617|-|-|-|-|-|2|2|163|146|32|15|0|11|5|rsmod:bronze_thrownaxe:attack:stance2|-|-|-|-|-|-|-|-|-|-|-|-|-|-|1|-|-|-|-|-|none|none|none|none|none|rsmod
item|800|ranged|7617|-|-|-|-|-|2|2|163|146|32|15|0|11|5|rsmod:bronze_thrownaxe:attack:stance4|-|-|-|-|-|-|-|-|-|-|-|-|-|-|3|-|-|-|-|-|none|none|none|none|none|rsmod
item|801|ranged|-|42|35|-|3148|372|2|2|163|146|32|15|0|11|5|rsmod:iron_thrownaxe:projectile|-|-|-|-|-|-|-|-|-|-|-|-|-|-|-|-|-|-|-|-|travel_projectile|source_actor|target_actor|source_actor|target_actor|rsmod
item|801|ranged|7617|-|-|-|-|-|2|2|163|146|32|15|0|11|5|rsmod:iron_thrownaxe:attack:stance1|-|-|-|-|-|-|-|-|-|-|-|-|-|-|0|-|-|-|-|-|none|none|none|none|none|rsmod
item|801|ranged|7617|-|-|-|-|-|2|2|163|146|32|15|0|11|5|rsmod:iron_thrownaxe:attack:stance2|-|-|-|-|-|-|-|-|-|-|-|-|-|-|1|-|-|-|-|-|none|none|none|none|none|rsmod
item|801|ranged|7617|-|-|-|-|-|2|2|163|146|32|15|0|11|5|rsmod:iron_thrownaxe:attack:stance4|-|-|-|-|-|-|-|-|-|-|-|-|-|-|3|-|-|-|-|-|none|none|none|none|none|rsmod
item|802|ranged|-|44|37|-|3148|372|2|2|163|146|32|15|0|11|5|rsmod:steel_thrownaxe:projectile|-|-|-|-|-|-|-|-|-|-|-|-|-|-|-|-|-|-|-|-|travel_projectile|source_actor|target_actor|source_actor|target_actor|rsmod
item|802|ranged|7617|-|-|-|-|-|2|2|163|146|32|15|0|11|5|rsmod:steel_thrownaxe:attack:stance1|-|-|-|-|-|-|-|-|-|-|-|-|-|-|0|-|-|-|-|-|none|none|none|none|none|rsmod
item|802|ranged|7617|-|-|-|-|-|2|2|163|146|32|15|0|11|5|rsmod:steel_thrownaxe:attack:stance2|-|-|-|-|-|-|-|-|-|-|-|-|-|-|1|-|-|-|-|-|none|none|none|none|none|rsmod
item|802|ranged|7617|-|-|-|-|-|2|2|163|146|32|15|0|11|5|rsmod:steel_thrownaxe:attack:stance4|-|-|-|-|-|-|-|-|-|-|-|-|-|-|3|-|-|-|-|-|none|none|none|none|none|rsmod
item|803|ranged|-|45|38|-|3148|372|2|2|163|146|32|15|0|11|5|rsmod:mithril_thrownaxe:projectile|-|-|-|-|-|-|-|-|-|-|-|-|-|-|-|-|-|-|-|-|travel_projectile|source_actor|target_actor|source_actor|target_actor|rsmod
item|803|ranged|7617|-|-|-|-|-|2|2|163|146|32|15|0|11|5|rsmod:mithril_thrownaxe:attack:stance1|-|-|-|-|-|-|-|-|-|-|-|-|-|-|0|-|-|-|-|-|none|none|none|none|none|rsmod
item|803|ranged|7617|-|-|-|-|-|2|2|163|146|32|15|0|11|5|rsmod:mithril_thrownaxe:attack:stance2|-|-|-|-|-|-|-|-|-|-|-|-|-|-|1|-|-|-|-|-|none|none|none|none|none|rsmod
item|803|ranged|7617|-|-|-|-|-|2|2|163|146|32|15|0|11|5|rsmod:mithril_thrownaxe:attack:stance4|-|-|-|-|-|-|-|-|-|-|-|-|-|-|3|-|-|-|-|-|none|none|none|none|none|rsmod
item|804|ranged|-|46|39|-|3148|372|2|2|163|146|32|15|0|11|5|rsmod:adamnt_thrownaxe:projectile|-|-|-|-|-|-|-|-|-|-|-|-|-|-|-|-|-|-|-|-|travel_projectile|source_actor|target_actor|source_actor|target_actor|rsmod
item|804|ranged|7617|-|-|-|-|-|2|2|163|146|32|15|0|11|5|rsmod:adamnt_thrownaxe:attack:stance1|-|-|-|-|-|-|-|-|-|-|-|-|-|-|0|-|-|-|-|-|none|none|none|none|none|rsmod
item|804|ranged|7617|-|-|-|-|-|2|2|163|146|32|15|0|11|5|rsmod:adamnt_thrownaxe:attack:stance2|-|-|-|-|-|-|-|-|-|-|-|-|-|-|1|-|-|-|-|-|none|none|none|none|none|rsmod
item|804|ranged|7617|-|-|-|-|-|2|2|163|146|32|15|0|11|5|rsmod:adamnt_thrownaxe:attack:stance4|-|-|-|-|-|-|-|-|-|-|-|-|-|-|3|-|-|-|-|-|none|none|none|none|none|rsmod
item|805|ranged|-|48|41|-|3148|372|2|2|163|146|32|15|0|11|5|rsmod:rune_thrownaxe:projectile|-|-|-|-|-|-|-|-|-|-|-|-|-|-|-|-|-|-|-|-|travel_projectile|source_actor|target_actor|source_actor|target_actor|rsmod
item|805|ranged|7617|-|-|-|-|-|2|2|163|146|32|15|0|11|5|rsmod:rune_thrownaxe:attack:stance1|-|-|-|-|-|-|-|-|-|-|-|-|-|-|0|-|-|-|-|-|none|none|none|none|none|rsmod
item|805|ranged|7617|-|-|-|-|-|2|2|163|146|32|15|0|11|5|rsmod:rune_thrownaxe:attack:stance2|-|-|-|-|-|-|-|-|-|-|-|-|-|-|1|-|-|-|-|-|none|none|none|none|none|rsmod
item|805|ranged|7617|-|-|-|-|-|2|2|163|146|32|15|0|11|5|rsmod:rune_thrownaxe:attack:stance4|-|-|-|-|-|-|-|-|-|-|-|-|-|-|3|-|-|-|-|-|none|none|none|none|none|rsmod
item|806|ranged|-|232|226|-|3131|-|2|2|163|146|32|15|0|11|5|rsmod:bronze_dart:projectile|-|-|-|-|-|-|-|-|-|-|-|-|-|-|-|-|-|-|-|-|travel_projectile|source_actor|target_actor|source_actor|target_actor|rsmod
item|806|ranged|7554|-|-|-|-|-|2|2|163|146|32|15|0|11|5|rsmod:bronze_dart:attack:stance1|-|-|-|-|-|-|-|-|-|-|-|-|-|-|0|-|-|-|-|-|none|none|none|none|none|rsmod
item|806|ranged|7554|-|-|-|-|-|2|2|163|146|32|15|0|11|5|rsmod:bronze_dart:attack:stance2|-|-|-|-|-|-|-|-|-|-|-|-|-|-|1|-|-|-|-|-|none|none|none|none|none|rsmod
item|806|ranged|7554|-|-|-|-|-|2|2|163|146|32|15|0|11|5|rsmod:bronze_dart:attack:stance4|-|-|-|-|-|-|-|-|-|-|-|-|-|-|3|-|-|-|-|-|none|none|none|none|none|rsmod
item|807|ranged|-|233|227|-|3131|-|2|2|163|146|32|15|0|11|5|rsmod:iron_dart:projectile|-|-|-|-|-|-|-|-|-|-|-|-|-|-|-|-|-|-|-|-|travel_projectile|source_actor|target_actor|source_actor|target_actor|rsmod
item|807|ranged|7554|-|-|-|-|-|2|2|163|146|32|15|0|11|5|rsmod:iron_dart:attack:stance1|-|-|-|-|-|-|-|-|-|-|-|-|-|-|0|-|-|-|-|-|none|none|none|none|none|rsmod
item|807|ranged|7554|-|-|-|-|-|2|2|163|146|32|15|0|11|5|rsmod:iron_dart:attack:stance2|-|-|-|-|-|-|-|-|-|-|-|-|-|-|1|-|-|-|-|-|none|none|none|none|none|rsmod
item|807|ranged|7554|-|-|-|-|-|2|2|163|146|32|15|0|11|5|rsmod:iron_dart:attack:stance4|-|-|-|-|-|-|-|-|-|-|-|-|-|-|3|-|-|-|-|-|none|none|none|none|none|rsmod
item|808|ranged|-|234|228|-|3131|-|2|2|163|146|32|15|0|11|5|rsmod:steel_dart:projectile|-|-|-|-|-|-|-|-|-|-|-|-|-|-|-|-|-|-|-|-|travel_projectile|source_actor|target_actor|source_actor|target_actor|rsmod
item|808|ranged|7554|-|-|-|-|-|2|2|163|146|32|15|0|11|5|rsmod:steel_dart:attack:stance1|-|-|-|-|-|-|-|-|-|-|-|-|-|-|0|-|-|-|-|-|none|none|none|none|none|rsmod
item|808|ranged|7554|-|-|-|-|-|2|2|163|146|32|15|0|11|5|rsmod:steel_dart:attack:stance2|-|-|-|-|-|-|-|-|-|-|-|-|-|-|1|-|-|-|-|-|none|none|none|none|none|rsmod
item|808|ranged|7554|-|-|-|-|-|2|2|163|146|32|15|0|11|5|rsmod:steel_dart:attack:stance4|-|-|-|-|-|-|-|-|-|-|-|-|-|-|3|-|-|-|-|-|none|none|none|none|none|rsmod
item|809|ranged|-|235|229|-|3131|-|2|2|163|146|32|15|0|11|5|rsmod:mithril_dart:projectile|-|-|-|-|-|-|-|-|-|-|-|-|-|-|-|-|-|-|-|-|travel_projectile|source_actor|target_actor|source_actor|target_actor|rsmod
item|809|ranged|7554|-|-|-|-|-|2|2|163|146|32|15|0|11|5|rsmod:mithril_dart:attack:stance1|-|-|-|-|-|-|-|-|-|-|-|-|-|-|0|-|-|-|-|-|none|none|none|none|none|rsmod
item|809|ranged|7554|-|-|-|-|-|2|2|163|146|32|15|0|11|5|rsmod:mithril_dart:attack:stance2|-|-|-|-|-|-|-|-|-|-|-|-|-|-|1|-|-|-|-|-|none|none|none|none|none|rsmod
item|809|ranged|7554|-|-|-|-|-|2|2|163|146|32|15|0|11|5|rsmod:mithril_dart:attack:stance4|-|-|-|-|-|-|-|-|-|-|-|-|-|-|3|-|-|-|-|-|none|none|none|none|none|rsmod
item|810|ranged|-|236|230|-|3131|-|2|2|163|146|32|15|0|11|5|rsmod:adamant_dart:projectile|-|-|-|-|-|-|-|-|-|-|-|-|-|-|-|-|-|-|-|-|travel_projectile|source_actor|target_actor|source_actor|target_actor|rsmod
item|810|ranged|7554|-|-|-|-|-|2|2|163|146|32|15|0|11|5|rsmod:adamant_dart:attack:stance1|-|-|-|-|-|-|-|-|-|-|-|-|-|-|0|-|-|-|-|-|none|none|none|none|none|rsmod
item|810|ranged|7554|-|-|-|-|-|2|2|163|146|32|15|0|11|5|rsmod:adamant_dart:attack:stance2|-|-|-|-|-|-|-|-|-|-|-|-|-|-|1|-|-|-|-|-|none|none|none|none|none|rsmod
item|810|ranged|7554|-|-|-|-|-|2|2|163|146|32|15|0|11|5|rsmod:adamant_dart:attack:stance4|-|-|-|-|-|-|-|-|-|-|-|-|-|-|3|-|-|-|-|-|none|none|none|none|none|rsmod
item|811|ranged|-|237|231|-|3131|-|2|2|163|146|32|15|0|11|5|rsmod:rune_dart:projectile|-|-|-|-|-|-|-|-|-|-|-|-|-|-|-|-|-|-|-|-|travel_projectile|source_actor|target_actor|source_actor|target_actor|rsmod
item|811|ranged|7554|-|-|-|-|-|2|2|163|146|32|15|0|11|5|rsmod:rune_dart:attack:stance1|-|-|-|-|-|-|-|-|-|-|-|-|-|-|0|-|-|-|-|-|none|none|none|none|none|rsmod
item|811|ranged|7554|-|-|-|-|-|2|2|163|146|32|15|0|11|5|rsmod:rune_dart:attack:stance2|-|-|-|-|-|-|-|-|-|-|-|-|-|-|1|-|-|-|-|-|none|none|none|none|none|rsmod
item|811|ranged|7554|-|-|-|-|-|2|2|163|146|32|15|0|11|5|rsmod:rune_dart:attack:stance4|-|-|-|-|-|-|-|-|-|-|-|-|-|-|3|-|-|-|-|-|none|none|none|none|none|rsmod
item|812|ranged|-|232|226|-|3131|-|2|2|163|146|32|15|0|11|5|rsmod:bronze_dart_p:projectile|-|-|-|-|-|-|-|-|-|-|-|-|-|-|-|-|-|-|-|-|travel_projectile|source_actor|target_actor|source_actor|target_actor|rsmod
item|812|ranged|7554|-|-|-|-|-|2|2|163|146|32|15|0|11|5|rsmod:bronze_dart_p:attack:stance1|-|-|-|-|-|-|-|-|-|-|-|-|-|-|0|-|-|-|-|-|none|none|none|none|none|rsmod
item|812|ranged|7554|-|-|-|-|-|2|2|163|146|32|15|0|11|5|rsmod:bronze_dart_p:attack:stance2|-|-|-|-|-|-|-|-|-|-|-|-|-|-|1|-|-|-|-|-|none|none|none|none|none|rsmod
item|812|ranged|7554|-|-|-|-|-|2|2|163|146|32|15|0|11|5|rsmod:bronze_dart_p:attack:stance4|-|-|-|-|-|-|-|-|-|-|-|-|-|-|3|-|-|-|-|-|none|none|none|none|none|rsmod
item|813|ranged|-|233|227|-|3131|-|2|2|163|146|32|15|0|11|5|rsmod:iron_dart_p:projectile|-|-|-|-|-|-|-|-|-|-|-|-|-|-|-|-|-|-|-|-|travel_projectile|source_actor|target_actor|source_actor|target_actor|rsmod
item|813|ranged|7554|-|-|-|-|-|2|2|163|146|32|15|0|11|5|rsmod:iron_dart_p:attack:stance1|-|-|-|-|-|-|-|-|-|-|-|-|-|-|0|-|-|-|-|-|none|none|none|none|none|rsmod
item|813|ranged|7554|-|-|-|-|-|2|2|163|146|32|15|0|11|5|rsmod:iron_dart_p:attack:stance2|-|-|-|-|-|-|-|-|-|-|-|-|-|-|1|-|-|-|-|-|none|none|none|none|none|rsmod
item|813|ranged|7554|-|-|-|-|-|2|2|163|146|32|15|0|11|5|rsmod:iron_dart_p:attack:stance4|-|-|-|-|-|-|-|-|-|-|-|-|-|-|3|-|-|-|-|-|none|none|none|none|none|rsmod
item|814|ranged|-|234|228|-|3131|-|2|2|163|146|32|15|0|11|5|rsmod:steel_dart_p:projectile|-|-|-|-|-|-|-|-|-|-|-|-|-|-|-|-|-|-|-|-|travel_projectile|source_actor|target_actor|source_actor|target_actor|rsmod
item|814|ranged|7554|-|-|-|-|-|2|2|163|146|32|15|0|11|5|rsmod:steel_dart_p:attack:stance1|-|-|-|-|-|-|-|-|-|-|-|-|-|-|0|-|-|-|-|-|none|none|none|none|none|rsmod
item|814|ranged|7554|-|-|-|-|-|2|2|163|146|32|15|0|11|5|rsmod:steel_dart_p:attack:stance2|-|-|-|-|-|-|-|-|-|-|-|-|-|-|1|-|-|-|-|-|none|none|none|none|none|rsmod
item|814|ranged|7554|-|-|-|-|-|2|2|163|146|32|15|0|11|5|rsmod:steel_dart_p:attack:stance4|-|-|-|-|-|-|-|-|-|-|-|-|-|-|3|-|-|-|-|-|none|none|none|none|none|rsmod
item|815|ranged|-|235|229|-|3131|-|2|2|163|146|32|15|0|11|5|rsmod:mithril_dart_p:projectile|-|-|-|-|-|-|-|-|-|-|-|-|-|-|-|-|-|-|-|-|travel_projectile|source_actor|target_actor|source_actor|target_actor|rsmod
item|815|ranged|7554|-|-|-|-|-|2|2|163|146|32|15|0|11|5|rsmod:mithril_dart_p:attack:stance1|-|-|-|-|-|-|-|-|-|-|-|-|-|-|0|-|-|-|-|-|none|none|none|none|none|rsmod
item|815|ranged|7554|-|-|-|-|-|2|2|163|146|32|15|0|11|5|rsmod:mithril_dart_p:attack:stance2|-|-|-|-|-|-|-|-|-|-|-|-|-|-|1|-|-|-|-|-|none|none|none|none|none|rsmod
item|815|ranged|7554|-|-|-|-|-|2|2|163|146|32|15|0|11|5|rsmod:mithril_dart_p:attack:stance4|-|-|-|-|-|-|-|-|-|-|-|-|-|-|3|-|-|-|-|-|none|none|none|none|none|rsmod
item|816|ranged|-|236|230|-|3131|-|2|2|163|146|32|15|0|11|5|rsmod:adamant_dart_p:projectile|-|-|-|-|-|-|-|-|-|-|-|-|-|-|-|-|-|-|-|-|travel_projectile|source_actor|target_actor|source_actor|target_actor|rsmod
item|816|ranged|7554|-|-|-|-|-|2|2|163|146|32|15|0|11|5|rsmod:adamant_dart_p:attack:stance1|-|-|-|-|-|-|-|-|-|-|-|-|-|-|0|-|-|-|-|-|none|none|none|none|none|rsmod
item|816|ranged|7554|-|-|-|-|-|2|2|163|146|32|15|0|11|5|rsmod:adamant_dart_p:attack:stance2|-|-|-|-|-|-|-|-|-|-|-|-|-|-|1|-|-|-|-|-|none|none|none|none|none|rsmod
item|816|ranged|7554|-|-|-|-|-|2|2|163|146|32|15|0|11|5|rsmod:adamant_dart_p:attack:stance4|-|-|-|-|-|-|-|-|-|-|-|-|-|-|3|-|-|-|-|-|none|none|none|none|none|rsmod
item|817|ranged|-|237|231|-|3131|-|2|2|163|146|32|15|0|11|5|rsmod:rune_dart_p:projectile|-|-|-|-|-|-|-|-|-|-|-|-|-|-|-|-|-|-|-|-|travel_projectile|source_actor|target_actor|source_actor|target_actor|rsmod
item|817|ranged|7554|-|-|-|-|-|2|2|163|146|32|15|0|11|5|rsmod:rune_dart_p:attack:stance1|-|-|-|-|-|-|-|-|-|-|-|-|-|-|0|-|-|-|-|-|none|none|none|none|none|rsmod
item|817|ranged|7554|-|-|-|-|-|2|2|163|146|32|15|0|11|5|rsmod:rune_dart_p:attack:stance2|-|-|-|-|-|-|-|-|-|-|-|-|-|-|1|-|-|-|-|-|none|none|none|none|none|rsmod
item|817|ranged|7554|-|-|-|-|-|2|2|163|146|32|15|0|11|5|rsmod:rune_dart_p:attack:stance4|-|-|-|-|-|-|-|-|-|-|-|-|-|-|3|-|-|-|-|-|none|none|none|none|none|rsmod
item|825|ranged|-|-|200|-|3144|-|2|2|-|-|-|-|-|-|-|rsmod:bronze_javelin:projectile|-|-|-|-|-|-|-|-|-|-|-|-|-|-|-|-|-|-|-|-|travel_projectile|source_actor|target_actor|none|target_actor|rsmod
item|826|ranged|-|-|201|-|3144|-|2|2|-|-|-|-|-|-|-|rsmod:iron_javelin:projectile|-|-|-|-|-|-|-|-|-|-|-|-|-|-|-|-|-|-|-|-|travel_projectile|source_actor|target_actor|none|target_actor|rsmod
item|827|ranged|-|-|202|-|3144|-|2|2|-|-|-|-|-|-|-|rsmod:steel_javelin:projectile|-|-|-|-|-|-|-|-|-|-|-|-|-|-|-|-|-|-|-|-|travel_projectile|source_actor|target_actor|none|target_actor|rsmod
item|828|ranged|-|-|203|-|3144|-|2|2|-|-|-|-|-|-|-|rsmod:mithril_javelin:projectile|-|-|-|-|-|-|-|-|-|-|-|-|-|-|-|-|-|-|-|-|travel_projectile|source_actor|target_actor|none|target_actor|rsmod
item|829|ranged|-|-|204|-|3144|-|2|2|-|-|-|-|-|-|-|rsmod:adamant_javelin:projectile|-|-|-|-|-|-|-|-|-|-|-|-|-|-|-|-|-|-|-|-|travel_projectile|source_actor|target_actor|none|target_actor|rsmod
item|830|ranged|-|-|205|-|3144|-|2|2|-|-|-|-|-|-|-|rsmod:rune_javelin:projectile|-|-|-|-|-|-|-|-|-|-|-|-|-|-|-|-|-|-|-|-|travel_projectile|source_actor|target_actor|none|target_actor|rsmod
item|837|ranged|7552|-|-|-|-|-|3|3|155|146|41|5|5|11|5|rsmod:crossbow:attack:stance1|-|-|-|-|-|-|-|-|-|-|-|-|-|-|0|-|-|-|-|-|none|none|none|none|none|rsmod
item|837|ranged|7552|-|-|-|-|-|3|3|155|146|41|5|5|11|5|rsmod:crossbow:attack:stance2|-|-|-|-|-|-|-|-|-|-|-|-|-|-|1|-|-|-|-|-|none|none|none|none|none|rsmod
item|837|ranged|7552|-|-|-|-|-|3|3|155|146|41|5|5|11|5|rsmod:crossbow:attack:stance4|-|-|-|-|-|-|-|-|-|-|-|-|-|-|3|-|-|-|-|-|none|none|none|none|none|rsmod
item|839|ranged|426|-|-|-|-|-|3|3|163|146|41|15|5|11|5|rsmod:longbow:attack:stance1|-|-|-|-|-|-|-|-|-|-|-|-|-|-|0|-|-|-|-|-|none|none|none|none|none|rsmod
item|839|ranged|426|-|-|-|-|-|3|3|163|146|41|15|5|11|5|rsmod:longbow:attack:stance2|-|-|-|-|-|-|-|-|-|-|-|-|-|-|1|-|-|-|-|-|none|none|none|none|none|rsmod
item|839|ranged|426|-|-|-|-|-|3|3|163|146|41|15|5|11|5|rsmod:longbow:attack:stance4|-|-|-|-|-|-|-|-|-|-|-|-|-|-|3|-|-|-|-|-|none|none|none|none|none|rsmod
item|841|ranged|426|-|-|-|-|-|3|3|163|146|41|15|5|11|5|rsmod:shortbow:attack:stance1|-|-|-|-|-|-|-|-|-|-|-|-|-|-|0|-|-|-|-|-|none|none|none|none|none|rsmod
item|841|ranged|426|-|-|-|-|-|3|3|163|146|41|15|5|11|5|rsmod:shortbow:attack:stance2|-|-|-|-|-|-|-|-|-|-|-|-|-|-|1|-|-|-|-|-|none|none|none|none|none|rsmod
item|841|ranged|426|-|-|-|-|-|3|3|163|146|41|15|5|11|5|rsmod:shortbow:attack:stance4|-|-|-|-|-|-|-|-|-|-|-|-|-|-|3|-|-|-|-|-|none|none|none|none|none|rsmod
item|843|ranged|426|-|-|-|-|-|3|3|163|146|41|15|5|11|5|rsmod:oak_shortbow:attack:stance1|-|-|-|-|-|-|-|-|-|-|-|-|-|-|0|-|-|-|-|-|none|none|none|none|none|rsmod
item|843|ranged|426|-|-|-|-|-|3|3|163|146|41|15|5|11|5|rsmod:oak_shortbow:attack:stance2|-|-|-|-|-|-|-|-|-|-|-|-|-|-|1|-|-|-|-|-|none|none|none|none|none|rsmod
item|843|ranged|426|-|-|-|-|-|3|3|163|146|41|15|5|11|5|rsmod:oak_shortbow:attack:stance4|-|-|-|-|-|-|-|-|-|-|-|-|-|-|3|-|-|-|-|-|none|none|none|none|none|rsmod
item|845|ranged|426|-|-|-|-|-|3|3|163|146|41|15|5|11|5|rsmod:oak_longbow:attack:stance1|-|-|-|-|-|-|-|-|-|-|-|-|-|-|0|-|-|-|-|-|none|none|none|none|none|rsmod
item|845|ranged|426|-|-|-|-|-|3|3|163|146|41|15|5|11|5|rsmod:oak_longbow:attack:stance2|-|-|-|-|-|-|-|-|-|-|-|-|-|-|1|-|-|-|-|-|none|none|none|none|none|rsmod
item|845|ranged|426|-|-|-|-|-|3|3|163|146|41|15|5|11|5|rsmod:oak_longbow:attack:stance4|-|-|-|-|-|-|-|-|-|-|-|-|-|-|3|-|-|-|-|-|none|none|none|none|none|rsmod
item|847|ranged|426|-|-|-|-|-|3|3|163|146|41|15|5|11|5|rsmod:willow_longbow:attack:stance1|-|-|-|-|-|-|-|-|-|-|-|-|-|-|0|-|-|-|-|-|none|none|none|none|none|rsmod
item|847|ranged|426|-|-|-|-|-|3|3|163|146|41|15|5|11|5|rsmod:willow_longbow:attack:stance2|-|-|-|-|-|-|-|-|-|-|-|-|-|-|1|-|-|-|-|-|none|none|none|none|none|rsmod
item|847|ranged|426|-|-|-|-|-|3|3|163|146|41|15|5|11|5|rsmod:willow_longbow:attack:stance4|-|-|-|-|-|-|-|-|-|-|-|-|-|-|3|-|-|-|-|-|none|none|none|none|none|rsmod
item|849|ranged|426|-|-|-|-|-|3|3|163|146|41|15|5|11|5|rsmod:willow_shortbow:attack:stance1|-|-|-|-|-|-|-|-|-|-|-|-|-|-|0|-|-|-|-|-|none|none|none|none|none|rsmod
item|849|ranged|426|-|-|-|-|-|3|3|163|146|41|15|5|11|5|rsmod:willow_shortbow:attack:stance2|-|-|-|-|-|-|-|-|-|-|-|-|-|-|1|-|-|-|-|-|none|none|none|none|none|rsmod
item|849|ranged|426|-|-|-|-|-|3|3|163|146|41|15|5|11|5|rsmod:willow_shortbow:attack:stance4|-|-|-|-|-|-|-|-|-|-|-|-|-|-|3|-|-|-|-|-|none|none|none|none|none|rsmod
item|851|ranged|426|-|-|-|-|-|3|3|163|146|41|15|5|11|5|rsmod:maple_longbow:attack:stance1|-|-|-|-|-|-|-|-|-|-|-|-|-|-|0|-|-|-|-|-|none|none|none|none|none|rsmod
item|851|ranged|426|-|-|-|-|-|3|3|163|146|41|15|5|11|5|rsmod:maple_longbow:attack:stance2|-|-|-|-|-|-|-|-|-|-|-|-|-|-|1|-|-|-|-|-|none|none|none|none|none|rsmod
item|851|ranged|426|-|-|-|-|-|3|3|163|146|41|15|5|11|5|rsmod:maple_longbow:attack:stance4|-|-|-|-|-|-|-|-|-|-|-|-|-|-|3|-|-|-|-|-|none|none|none|none|none|rsmod
item|853|ranged|426|-|-|-|-|-|3|3|163|146|41|15|5|11|5|rsmod:maple_shortbow:attack:stance1|-|-|-|-|-|-|-|-|-|-|-|-|-|-|0|-|-|-|-|-|none|none|none|none|none|rsmod
item|853|ranged|426|-|-|-|-|-|3|3|163|146|41|15|5|11|5|rsmod:maple_shortbow:attack:stance2|-|-|-|-|-|-|-|-|-|-|-|-|-|-|1|-|-|-|-|-|none|none|none|none|none|rsmod
item|853|ranged|426|-|-|-|-|-|3|3|163|146|41|15|5|11|5|rsmod:maple_shortbow:attack:stance4|-|-|-|-|-|-|-|-|-|-|-|-|-|-|3|-|-|-|-|-|none|none|none|none|none|rsmod
item|855|ranged|426|-|-|-|-|-|3|3|163|146|41|15|5|11|5|rsmod:yew_longbow:attack:stance1|-|-|-|-|-|-|-|-|-|-|-|-|-|-|0|-|-|-|-|-|none|none|none|none|none|rsmod
item|855|ranged|426|-|-|-|-|-|3|3|163|146|41|15|5|11|5|rsmod:yew_longbow:attack:stance2|-|-|-|-|-|-|-|-|-|-|-|-|-|-|1|-|-|-|-|-|none|none|none|none|none|rsmod
item|855|ranged|426|-|-|-|-|-|3|3|163|146|41|15|5|11|5|rsmod:yew_longbow:attack:stance4|-|-|-|-|-|-|-|-|-|-|-|-|-|-|3|-|-|-|-|-|none|none|none|none|none|rsmod
item|857|ranged|426|-|-|-|-|-|3|3|163|146|41|15|5|11|5|rsmod:yew_shortbow:attack:stance1|-|-|-|-|-|-|-|-|-|-|-|-|-|-|0|-|-|-|-|-|none|none|none|none|none|rsmod
item|857|ranged|426|-|-|-|-|-|3|3|163|146|41|15|5|11|5|rsmod:yew_shortbow:attack:stance2|-|-|-|-|-|-|-|-|-|-|-|-|-|-|1|-|-|-|-|-|none|none|none|none|none|rsmod
item|857|ranged|426|-|-|-|-|-|3|3|163|146|41|15|5|11|5|rsmod:yew_shortbow:attack:stance4|-|-|-|-|-|-|-|-|-|-|-|-|-|-|3|-|-|-|-|-|none|none|none|none|none|rsmod
item|859|ranged|426|-|-|-|-|-|3|3|163|146|41|15|5|11|5|rsmod:magic_longbow:attack:stance1|-|-|-|-|-|-|-|-|-|-|-|-|-|-|0|-|-|-|-|-|none|none|none|none|none|rsmod
item|859|ranged|426|-|-|-|-|-|3|3|163|146|41|15|5|11|5|rsmod:magic_longbow:attack:stance2|-|-|-|-|-|-|-|-|-|-|-|-|-|-|1|-|-|-|-|-|none|none|none|none|none|rsmod
item|859|ranged|426|-|-|-|-|-|3|3|163|146|41|15|5|11|5|rsmod:magic_longbow:attack:stance4|-|-|-|-|-|-|-|-|-|-|-|-|-|-|3|-|-|-|-|-|none|none|none|none|none|rsmod
item|861|ranged|426|-|-|-|-|-|3|3|163|146|41|15|5|11|5|rsmod:magic_shortbow:attack:stance1|-|-|-|-|-|-|-|-|-|-|-|-|-|-|0|-|-|-|-|-|none|none|none|none|none|rsmod
item|861|ranged|426|-|-|-|-|-|3|3|163|146|41|15|5|11|5|rsmod:magic_shortbow:attack:stance2|-|-|-|-|-|-|-|-|-|-|-|-|-|-|1|-|-|-|-|-|none|none|none|none|none|rsmod
item|861|ranged|426|-|-|-|-|-|3|3|163|146|41|15|5|11|5|rsmod:magic_shortbow:attack:stance4|-|-|-|-|-|-|-|-|-|-|-|-|-|-|3|-|-|-|-|-|none|none|none|none|none|rsmod
item|863|ranged|-|220|213|-|3139|-|2|2|163|146|32|15|0|11|5|rsmod:iron_knife:projectile|-|-|-|-|-|-|-|-|-|-|-|-|-|-|-|-|-|-|-|-|travel_projectile|source_actor|target_actor|source_actor|target_actor|rsmod
item|863|ranged|7617|-|-|-|-|-|2|2|163|146|32|15|0|11|5|rsmod:iron_knife:attack:stance1|-|-|-|-|-|-|-|-|-|-|-|-|-|-|0|-|-|-|-|-|none|none|none|none|none|rsmod
item|863|ranged|7617|-|-|-|-|-|2|2|163|146|32|15|0|11|5|rsmod:iron_knife:attack:stance2|-|-|-|-|-|-|-|-|-|-|-|-|-|-|1|-|-|-|-|-|none|none|none|none|none|rsmod
item|863|ranged|7617|-|-|-|-|-|2|2|163|146|32|15|0|11|5|rsmod:iron_knife:attack:stance4|-|-|-|-|-|-|-|-|-|-|-|-|-|-|3|-|-|-|-|-|none|none|none|none|none|rsmod
item|864|ranged|-|219|212|-|3139|-|2|2|163|146|32|15|0|11|5|rsmod:bronze_knife:projectile|-|-|-|-|-|-|-|-|-|-|-|-|-|-|-|-|-|-|-|-|travel_projectile|source_actor|target_actor|source_actor|target_actor|rsmod
item|864|ranged|7617|-|-|-|-|-|2|2|163|146|32|15|0|11|5|rsmod:bronze_knife:attack:stance1|-|-|-|-|-|-|-|-|-|-|-|-|-|-|0|-|-|-|-|-|none|none|none|none|none|rsmod
item|864|ranged|7617|-|-|-|-|-|2|2|163|146|32|15|0|11|5|rsmod:bronze_knife:attack:stance2|-|-|-|-|-|-|-|-|-|-|-|-|-|-|1|-|-|-|-|-|none|none|none|none|none|rsmod
item|864|ranged|7617|-|-|-|-|-|2|2|163|146|32|15|0|11|5|rsmod:bronze_knife:attack:stance4|-|-|-|-|-|-|-|-|-|-|-|-|-|-|3|-|-|-|-|-|none|none|none|none|none|rsmod
item|865|ranged|-|221|214|-|3139|-|2|2|163|146|32|15|0|11|5|rsmod:steel_knife:projectile|-|-|-|-|-|-|-|-|-|-|-|-|-|-|-|-|-|-|-|-|travel_projectile|source_actor|target_actor|source_actor|target_actor|rsmod
item|865|ranged|7617|-|-|-|-|-|2|2|163|146|32|15|0|11|5|rsmod:steel_knife:attack:stance1|-|-|-|-|-|-|-|-|-|-|-|-|-|-|0|-|-|-|-|-|none|none|none|none|none|rsmod
item|865|ranged|7617|-|-|-|-|-|2|2|163|146|32|15|0|11|5|rsmod:steel_knife:attack:stance2|-|-|-|-|-|-|-|-|-|-|-|-|-|-|1|-|-|-|-|-|none|none|none|none|none|rsmod
item|865|ranged|7617|-|-|-|-|-|2|2|163|146|32|15|0|11|5|rsmod:steel_knife:attack:stance4|-|-|-|-|-|-|-|-|-|-|-|-|-|-|3|-|-|-|-|-|none|none|none|none|none|rsmod
item|866|ranged|-|223|216|-|3139|-|2|2|163|146|32|15|0|11|5|rsmod:mithril_knife:projectile|-|-|-|-|-|-|-|-|-|-|-|-|-|-|-|-|-|-|-|-|travel_projectile|source_actor|target_actor|source_actor|target_actor|rsmod
item|866|ranged|7617|-|-|-|-|-|2|2|163|146|32|15|0|11|5|rsmod:mithril_knife:attack:stance1|-|-|-|-|-|-|-|-|-|-|-|-|-|-|0|-|-|-|-|-|none|none|none|none|none|rsmod
item|866|ranged|7617|-|-|-|-|-|2|2|163|146|32|15|0|11|5|rsmod:mithril_knife:attack:stance2|-|-|-|-|-|-|-|-|-|-|-|-|-|-|1|-|-|-|-|-|none|none|none|none|none|rsmod
item|866|ranged|7617|-|-|-|-|-|2|2|163|146|32|15|0|11|5|rsmod:mithril_knife:attack:stance4|-|-|-|-|-|-|-|-|-|-|-|-|-|-|3|-|-|-|-|-|none|none|none|none|none|rsmod
item|867|ranged|-|224|217|-|3139|-|2|2|163|146|32|15|0|11|5|rsmod:adamant_knife:projectile|-|-|-|-|-|-|-|-|-|-|-|-|-|-|-|-|-|-|-|-|travel_projectile|source_actor|target_actor|source_actor|target_actor|rsmod
item|867|ranged|7617|-|-|-|-|-|2|2|163|146|32|15|0|11|5|rsmod:adamant_knife:attack:stance1|-|-|-|-|-|-|-|-|-|-|-|-|-|-|0|-|-|-|-|-|none|none|none|none|none|rsmod
item|867|ranged|7617|-|-|-|-|-|2|2|163|146|32|15|0|11|5|rsmod:adamant_knife:attack:stance2|-|-|-|-|-|-|-|-|-|-|-|-|-|-|1|-|-|-|-|-|none|none|none|none|none|rsmod
item|867|ranged|7617|-|-|-|-|-|2|2|163|146|32|15|0|11|5|rsmod:adamant_knife:attack:stance4|-|-|-|-|-|-|-|-|-|-|-|-|-|-|3|-|-|-|-|-|none|none|none|none|none|rsmod
item|868|ranged|-|225|218|-|3139|-|2|2|163|146|32|15|0|11|5|rsmod:rune_knife:projectile|-|-|-|-|-|-|-|-|-|-|-|-|-|-|-|-|-|-|-|-|travel_projectile|source_actor|target_actor|source_actor|target_actor|rsmod
item|868|ranged|7617|-|-|-|-|-|2|2|163|146|32|15|0|11|5|rsmod:rune_knife:attack:stance1|-|-|-|-|-|-|-|-|-|-|-|-|-|-|0|-|-|-|-|-|none|none|none|none|none|rsmod
item|868|ranged|7617|-|-|-|-|-|2|2|163|146|32|15|0|11|5|rsmod:rune_knife:attack:stance2|-|-|-|-|-|-|-|-|-|-|-|-|-|-|1|-|-|-|-|-|none|none|none|none|none|rsmod
item|868|ranged|7617|-|-|-|-|-|2|2|163|146|32|15|0|11|5|rsmod:rune_knife:attack:stance4|-|-|-|-|-|-|-|-|-|-|-|-|-|-|3|-|-|-|-|-|none|none|none|none|none|rsmod
item|869|ranged|-|222|215|-|3139|-|2|2|163|146|32|15|0|11|5|rsmod:black_knife:projectile|-|-|-|-|-|-|-|-|-|-|-|-|-|-|-|-|-|-|-|-|travel_projectile|source_actor|target_actor|source_actor|target_actor|rsmod
item|869|ranged|7617|-|-|-|-|-|2|2|163|146|32|15|0|11|5|rsmod:black_knife:attack:stance1|-|-|-|-|-|-|-|-|-|-|-|-|-|-|0|-|-|-|-|-|none|none|none|none|none|rsmod
item|869|ranged|7617|-|-|-|-|-|2|2|163|146|32|15|0|11|5|rsmod:black_knife:attack:stance2|-|-|-|-|-|-|-|-|-|-|-|-|-|-|1|-|-|-|-|-|none|none|none|none|none|rsmod
item|869|ranged|7617|-|-|-|-|-|2|2|163|146|32|15|0|11|5|rsmod:black_knife:attack:stance4|-|-|-|-|-|-|-|-|-|-|-|-|-|-|3|-|-|-|-|-|none|none|none|none|none|rsmod
item|870|ranged|-|219|212|-|3139|-|2|2|163|146|32|15|0|11|5|rsmod:bronze_knife_p:projectile|-|-|-|-|-|-|-|-|-|-|-|-|-|-|-|-|-|-|-|-|travel_projectile|source_actor|target_actor|source_actor|target_actor|rsmod
item|870|ranged|7617|-|-|-|-|-|2|2|163|146|32|15|0|11|5|rsmod:bronze_knife_p:attack:stance1|-|-|-|-|-|-|-|-|-|-|-|-|-|-|0|-|-|-|-|-|none|none|none|none|none|rsmod
item|870|ranged|7617|-|-|-|-|-|2|2|163|146|32|15|0|11|5|rsmod:bronze_knife_p:attack:stance2|-|-|-|-|-|-|-|-|-|-|-|-|-|-|1|-|-|-|-|-|none|none|none|none|none|rsmod
item|870|ranged|7617|-|-|-|-|-|2|2|163|146|32|15|0|11|5|rsmod:bronze_knife_p:attack:stance4|-|-|-|-|-|-|-|-|-|-|-|-|-|-|3|-|-|-|-|-|none|none|none|none|none|rsmod
item|871|ranged|-|220|213|-|3139|-|2|2|163|146|32|15|0|11|5|rsmod:iron_knife_p:projectile|-|-|-|-|-|-|-|-|-|-|-|-|-|-|-|-|-|-|-|-|travel_projectile|source_actor|target_actor|source_actor|target_actor|rsmod
item|871|ranged|7617|-|-|-|-|-|2|2|163|146|32|15|0|11|5|rsmod:iron_knife_p:attack:stance1|-|-|-|-|-|-|-|-|-|-|-|-|-|-|0|-|-|-|-|-|none|none|none|none|none|rsmod
item|871|ranged|7617|-|-|-|-|-|2|2|163|146|32|15|0|11|5|rsmod:iron_knife_p:attack:stance2|-|-|-|-|-|-|-|-|-|-|-|-|-|-|1|-|-|-|-|-|none|none|none|none|none|rsmod
item|871|ranged|7617|-|-|-|-|-|2|2|163|146|32|15|0|11|5|rsmod:iron_knife_p:attack:stance4|-|-|-|-|-|-|-|-|-|-|-|-|-|-|3|-|-|-|-|-|none|none|none|none|none|rsmod
item|872|ranged|-|221|214|-|3139|-|2|2|163|146|32|15|0|11|5|rsmod:steel_knife_p:projectile|-|-|-|-|-|-|-|-|-|-|-|-|-|-|-|-|-|-|-|-|travel_projectile|source_actor|target_actor|source_actor|target_actor|rsmod
item|872|ranged|7617|-|-|-|-|-|2|2|163|146|32|15|0|11|5|rsmod:steel_knife_p:attack:stance1|-|-|-|-|-|-|-|-|-|-|-|-|-|-|0|-|-|-|-|-|none|none|none|none|none|rsmod
item|872|ranged|7617|-|-|-|-|-|2|2|163|146|32|15|0|11|5|rsmod:steel_knife_p:attack:stance2|-|-|-|-|-|-|-|-|-|-|-|-|-|-|1|-|-|-|-|-|none|none|none|none|none|rsmod
item|872|ranged|7617|-|-|-|-|-|2|2|163|146|32|15|0|11|5|rsmod:steel_knife_p:attack:stance4|-|-|-|-|-|-|-|-|-|-|-|-|-|-|3|-|-|-|-|-|none|none|none|none|none|rsmod
item|873|ranged|-|223|216|-|3139|-|2|2|163|146|32|15|0|11|5|rsmod:mithril_knife_p:projectile|-|-|-|-|-|-|-|-|-|-|-|-|-|-|-|-|-|-|-|-|travel_projectile|source_actor|target_actor|source_actor|target_actor|rsmod
item|873|ranged|7617|-|-|-|-|-|2|2|163|146|32|15|0|11|5|rsmod:mithril_knife_p:attack:stance1|-|-|-|-|-|-|-|-|-|-|-|-|-|-|0|-|-|-|-|-|none|none|none|none|none|rsmod
item|873|ranged|7617|-|-|-|-|-|2|2|163|146|32|15|0|11|5|rsmod:mithril_knife_p:attack:stance2|-|-|-|-|-|-|-|-|-|-|-|-|-|-|1|-|-|-|-|-|none|none|none|none|none|rsmod
item|873|ranged|7617|-|-|-|-|-|2|2|163|146|32|15|0|11|5|rsmod:mithril_knife_p:attack:stance4|-|-|-|-|-|-|-|-|-|-|-|-|-|-|3|-|-|-|-|-|none|none|none|none|none|rsmod
item|874|ranged|-|222|215|-|3139|-|2|2|163|146|32|15|0|11|5|rsmod:black_knife_p:projectile|-|-|-|-|-|-|-|-|-|-|-|-|-|-|-|-|-|-|-|-|travel_projectile|source_actor|target_actor|source_actor|target_actor|rsmod
item|874|ranged|7617|-|-|-|-|-|2|2|163|146|32|15|0|11|5|rsmod:black_knife_p:attack:stance1|-|-|-|-|-|-|-|-|-|-|-|-|-|-|0|-|-|-|-|-|none|none|none|none|none|rsmod
item|874|ranged|7617|-|-|-|-|-|2|2|163|146|32|15|0|11|5|rsmod:black_knife_p:attack:stance2|-|-|-|-|-|-|-|-|-|-|-|-|-|-|1|-|-|-|-|-|none|none|none|none|none|rsmod
item|874|ranged|7617|-|-|-|-|-|2|2|163|146|32|15|0|11|5|rsmod:black_knife_p:attack:stance4|-|-|-|-|-|-|-|-|-|-|-|-|-|-|3|-|-|-|-|-|none|none|none|none|none|rsmod
item|875|ranged|-|224|217|-|3139|-|2|2|163|146|32|15|0|11|5|rsmod:adamant_knife_p:projectile|-|-|-|-|-|-|-|-|-|-|-|-|-|-|-|-|-|-|-|-|travel_projectile|source_actor|target_actor|source_actor|target_actor|rsmod
item|875|ranged|7617|-|-|-|-|-|2|2|163|146|32|15|0|11|5|rsmod:adamant_knife_p:attack:stance1|-|-|-|-|-|-|-|-|-|-|-|-|-|-|0|-|-|-|-|-|none|none|none|none|none|rsmod
item|875|ranged|7617|-|-|-|-|-|2|2|163|146|32|15|0|11|5|rsmod:adamant_knife_p:attack:stance2|-|-|-|-|-|-|-|-|-|-|-|-|-|-|1|-|-|-|-|-|none|none|none|none|none|rsmod
item|875|ranged|7617|-|-|-|-|-|2|2|163|146|32|15|0|11|5|rsmod:adamant_knife_p:attack:stance4|-|-|-|-|-|-|-|-|-|-|-|-|-|-|3|-|-|-|-|-|none|none|none|none|none|rsmod
item|876|ranged|-|225|218|-|3139|-|2|2|163|146|32|15|0|11|5|rsmod:rune_knife_p:projectile|-|-|-|-|-|-|-|-|-|-|-|-|-|-|-|-|-|-|-|-|travel_projectile|source_actor|target_actor|source_actor|target_actor|rsmod
item|876|ranged|7617|-|-|-|-|-|2|2|163|146|32|15|0|11|5|rsmod:rune_knife_p:attack:stance1|-|-|-|-|-|-|-|-|-|-|-|-|-|-|0|-|-|-|-|-|none|none|none|none|none|rsmod
item|876|ranged|7617|-|-|-|-|-|2|2|163|146|32|15|0|11|5|rsmod:rune_knife_p:attack:stance2|-|-|-|-|-|-|-|-|-|-|-|-|-|-|1|-|-|-|-|-|none|none|none|none|none|rsmod
item|876|ranged|7617|-|-|-|-|-|2|2|163|146|32|15|0|11|5|rsmod:rune_knife_p:attack:stance4|-|-|-|-|-|-|-|-|-|-|-|-|-|-|3|-|-|-|-|-|none|none|none|none|none|rsmod
item|877|ranged|-|-|27|-|3135|-|2|2|-|-|-|-|-|-|-|rsmod:bolt:projectile|-|-|-|-|-|-|-|-|-|-|-|-|-|-|-|-|-|-|-|-|travel_projectile|source_actor|target_actor|none|target_actor|rsmod
item|878|ranged|-|-|27|-|3135|-|2|2|-|-|-|-|-|-|-|rsmod:poison_bolt:projectile|-|-|-|-|-|-|-|-|-|-|-|-|-|-|-|-|-|-|-|-|travel_projectile|source_actor|target_actor|none|target_actor|rsmod
item|879|ranged|-|-|27|-|3135|-|2|2|-|-|-|-|-|-|-|rsmod:opal_bolt:projectile|-|-|-|-|-|-|-|-|-|-|-|-|-|-|-|-|-|-|-|-|travel_projectile|source_actor|target_actor|none|target_actor|rsmod
item|880|ranged|-|-|27|-|3135|-|2|2|-|-|-|-|-|-|-|rsmod:pearl_bolt:projectile|-|-|-|-|-|-|-|-|-|-|-|-|-|-|-|-|-|-|-|-|travel_projectile|source_actor|target_actor|none|target_actor|rsmod
item|882|ranged|-|19|10|-|3136|-|2|2|-|-|-|-|-|-|-|rsmod:bronze_arrow:projectile|-|-|-|-|-|-|-|-|-|-|-|-|-|1104|-|-|-|-|-|-|travel_projectile|source_actor|target_actor|source_actor|target_actor|rsmod
item|883|ranged|-|19|10|-|3136|-|2|2|-|-|-|-|-|-|-|rsmod:bronze_arrow_p:projectile|-|-|-|-|-|-|-|-|-|-|-|-|-|1104|-|-|-|-|-|-|travel_projectile|source_actor|target_actor|source_actor|target_actor|rsmod
item|884|ranged|-|18|9|-|3136|-|2|2|-|-|-|-|-|-|-|rsmod:iron_arrow:projectile|-|-|-|-|-|-|-|-|-|-|-|-|-|1105|-|-|-|-|-|-|travel_projectile|source_actor|target_actor|source_actor|target_actor|rsmod
item|885|ranged|-|18|9|-|3136|-|2|2|-|-|-|-|-|-|-|rsmod:iron_arrow_p:projectile|-|-|-|-|-|-|-|-|-|-|-|-|-|1105|-|-|-|-|-|-|travel_projectile|source_actor|target_actor|source_actor|target_actor|rsmod
item|886|ranged|-|20|11|-|3136|-|2|2|-|-|-|-|-|-|-|rsmod:steel_arrow:projectile|-|-|-|-|-|-|-|-|-|-|-|-|-|1106|-|-|-|-|-|-|travel_projectile|source_actor|target_actor|source_actor|target_actor|rsmod
item|887|ranged|-|20|11|-|3136|-|2|2|-|-|-|-|-|-|-|rsmod:steel_arrow_p:projectile|-|-|-|-|-|-|-|-|-|-|-|-|-|1106|-|-|-|-|-|-|travel_projectile|source_actor|target_actor|source_actor|target_actor|rsmod
item|888|ranged|-|21|12|-|3136|-|2|2|-|-|-|-|-|-|-|rsmod:mithril_arrow:projectile|-|-|-|-|-|-|-|-|-|-|-|-|-|1107|-|-|-|-|-|-|travel_projectile|source_actor|target_actor|source_actor|target_actor|rsmod
item|889|ranged|-|21|12|-|3136|-|2|2|-|-|-|-|-|-|-|rsmod:mithril_arrow_p:projectile|-|-|-|-|-|-|-|-|-|-|-|-|-|1107|-|-|-|-|-|-|travel_projectile|source_actor|target_actor|source_actor|target_actor|rsmod
item|890|ranged|-|22|13|-|3136|-|2|2|-|-|-|-|-|-|-|rsmod:adamant_arrow:projectile|-|-|-|-|-|-|-|-|-|-|-|-|-|1108|-|-|-|-|-|-|travel_projectile|source_actor|target_actor|source_actor|target_actor|rsmod
item|891|ranged|-|22|13|-|3136|-|2|2|-|-|-|-|-|-|-|rsmod:adamant_arrow_p:projectile|-|-|-|-|-|-|-|-|-|-|-|-|-|1108|-|-|-|-|-|-|travel_projectile|source_actor|target_actor|source_actor|target_actor|rsmod
item|892|ranged|-|24|15|-|3136|-|2|2|-|-|-|-|-|-|-|rsmod:rune_arrow:projectile|-|-|-|-|-|-|-|-|-|-|-|-|-|1109|-|-|-|-|-|-|travel_projectile|source_actor|target_actor|source_actor|target_actor|rsmod
item|893|ranged|-|24|15|-|3136|-|2|2|-|-|-|-|-|-|-|rsmod:rune_arrow_p:projectile|-|-|-|-|-|-|-|-|-|-|-|-|-|1109|-|-|-|-|-|-|travel_projectile|source_actor|target_actor|source_actor|target_actor|rsmod
item|975|slash|390|-|-|-|-|-|-|-|-|-|-|-|-|-|-|rsmod:machette:attack:stance1|-|-|-|-|-|-|-|-|-|-|-|-|-|-|0|-|-|-|-|-|none|none|none|none|none|rsmod
item|975|slash|390|-|-|-|-|-|-|-|-|-|-|-|-|-|-|rsmod:machette:attack:stance2|-|-|-|-|-|-|-|-|-|-|-|-|-|-|1|-|-|-|-|-|none|none|none|none|none|rsmod
item|975|slash|390|-|-|-|-|-|-|-|-|-|-|-|-|-|-|rsmod:machette:attack:stance4|-|-|-|-|-|-|-|-|-|-|-|-|-|-|3|-|-|-|-|-|none|none|none|none|none|rsmod
item|975|stab|386|-|-|-|-|-|-|-|-|-|-|-|-|-|-|rsmod:machette:attack:stance3|-|-|-|-|-|-|-|-|-|-|-|-|-|-|2|-|-|-|-|-|none|none|none|none|none|rsmod
item|1203|slash|390|-|-|-|-|-|-|-|-|-|-|-|-|-|-|rsmod:iron_dagger:attack:stance3|-|-|-|-|-|-|-|-|-|-|-|-|-|-|2|-|-|-|-|-|none|none|none|none|none|rsmod
item|1203|stab|386|-|-|-|-|-|-|-|-|-|-|-|-|-|-|rsmod:iron_dagger:attack:stance1|-|-|-|-|-|-|-|-|-|-|-|-|-|-|0|-|-|-|-|-|none|none|none|none|none|rsmod
item|1203|stab|386|-|-|-|-|-|-|-|-|-|-|-|-|-|-|rsmod:iron_dagger:attack:stance2|-|-|-|-|-|-|-|-|-|-|-|-|-|-|1|-|-|-|-|-|none|none|none|none|none|rsmod
item|1203|stab|386|-|-|-|-|-|-|-|-|-|-|-|-|-|-|rsmod:iron_dagger:attack:stance4|-|-|-|-|-|-|-|-|-|-|-|-|-|-|3|-|-|-|-|-|none|none|none|none|none|rsmod
item|1205|slash|390|-|-|-|-|-|-|-|-|-|-|-|-|-|-|rsmod:bronze_dagger:attack:stance3|-|-|-|-|-|-|-|-|-|-|-|-|-|-|2|-|-|-|-|-|none|none|none|none|none|rsmod
item|1205|stab|386|-|-|-|-|-|-|-|-|-|-|-|-|-|-|rsmod:bronze_dagger:attack:stance1|-|-|-|-|-|-|-|-|-|-|-|-|-|-|0|-|-|-|-|-|none|none|none|none|none|rsmod
item|1205|stab|386|-|-|-|-|-|-|-|-|-|-|-|-|-|-|rsmod:bronze_dagger:attack:stance2|-|-|-|-|-|-|-|-|-|-|-|-|-|-|1|-|-|-|-|-|none|none|none|none|none|rsmod
item|1205|stab|386|-|-|-|-|-|-|-|-|-|-|-|-|-|-|rsmod:bronze_dagger:attack:stance4|-|-|-|-|-|-|-|-|-|-|-|-|-|-|3|-|-|-|-|-|none|none|none|none|none|rsmod
item|1207|slash|390|-|-|-|-|-|-|-|-|-|-|-|-|-|-|rsmod:steel_dagger:attack:stance3|-|-|-|-|-|-|-|-|-|-|-|-|-|-|2|-|-|-|-|-|none|none|none|none|none|rsmod
item|1207|stab|386|-|-|-|-|-|-|-|-|-|-|-|-|-|-|rsmod:steel_dagger:attack:stance1|-|-|-|-|-|-|-|-|-|-|-|-|-|-|0|-|-|-|-|-|none|none|none|none|none|rsmod
item|1207|stab|386|-|-|-|-|-|-|-|-|-|-|-|-|-|-|rsmod:steel_dagger:attack:stance2|-|-|-|-|-|-|-|-|-|-|-|-|-|-|1|-|-|-|-|-|none|none|none|none|none|rsmod
item|1207|stab|386|-|-|-|-|-|-|-|-|-|-|-|-|-|-|rsmod:steel_dagger:attack:stance4|-|-|-|-|-|-|-|-|-|-|-|-|-|-|3|-|-|-|-|-|none|none|none|none|none|rsmod
item|1209|slash|390|-|-|-|-|-|-|-|-|-|-|-|-|-|-|rsmod:mithril_dagger:attack:stance3|-|-|-|-|-|-|-|-|-|-|-|-|-|-|2|-|-|-|-|-|none|none|none|none|none|rsmod
item|1209|stab|386|-|-|-|-|-|-|-|-|-|-|-|-|-|-|rsmod:mithril_dagger:attack:stance1|-|-|-|-|-|-|-|-|-|-|-|-|-|-|0|-|-|-|-|-|none|none|none|none|none|rsmod
item|1209|stab|386|-|-|-|-|-|-|-|-|-|-|-|-|-|-|rsmod:mithril_dagger:attack:stance2|-|-|-|-|-|-|-|-|-|-|-|-|-|-|1|-|-|-|-|-|none|none|none|none|none|rsmod
item|1209|stab|386|-|-|-|-|-|-|-|-|-|-|-|-|-|-|rsmod:mithril_dagger:attack:stance4|-|-|-|-|-|-|-|-|-|-|-|-|-|-|3|-|-|-|-|-|none|none|none|none|none|rsmod
item|1211|slash|390|-|-|-|-|-|-|-|-|-|-|-|-|-|-|rsmod:adamant_dagger:attack:stance3|-|-|-|-|-|-|-|-|-|-|-|-|-|-|2|-|-|-|-|-|none|none|none|none|none|rsmod
item|1211|stab|386|-|-|-|-|-|-|-|-|-|-|-|-|-|-|rsmod:adamant_dagger:attack:stance1|-|-|-|-|-|-|-|-|-|-|-|-|-|-|0|-|-|-|-|-|none|none|none|none|none|rsmod
item|1211|stab|386|-|-|-|-|-|-|-|-|-|-|-|-|-|-|rsmod:adamant_dagger:attack:stance2|-|-|-|-|-|-|-|-|-|-|-|-|-|-|1|-|-|-|-|-|none|none|none|none|none|rsmod
item|1211|stab|386|-|-|-|-|-|-|-|-|-|-|-|-|-|-|rsmod:adamant_dagger:attack:stance4|-|-|-|-|-|-|-|-|-|-|-|-|-|-|3|-|-|-|-|-|none|none|none|none|none|rsmod
item|1213|slash|390|-|-|-|-|-|-|-|-|-|-|-|-|-|-|rsmod:rune_dagger:attack:stance3|-|-|-|-|-|-|-|-|-|-|-|-|-|-|2|-|-|-|-|-|none|none|none|none|none|rsmod
item|1213|stab|386|-|-|-|-|-|-|-|-|-|-|-|-|-|-|rsmod:rune_dagger:attack:stance1|-|-|-|-|-|-|-|-|-|-|-|-|-|-|0|-|-|-|-|-|none|none|none|none|none|rsmod
item|1213|stab|386|-|-|-|-|-|-|-|-|-|-|-|-|-|-|rsmod:rune_dagger:attack:stance2|-|-|-|-|-|-|-|-|-|-|-|-|-|-|1|-|-|-|-|-|none|none|none|none|none|rsmod
item|1213|stab|386|-|-|-|-|-|-|-|-|-|-|-|-|-|-|rsmod:rune_dagger:attack:stance4|-|-|-|-|-|-|-|-|-|-|-|-|-|-|3|-|-|-|-|-|none|none|none|none|none|rsmod
item|1215|slash|377|-|-|-|-|-|-|-|-|-|-|-|-|-|-|rsmod:dragon_dagger:attack:stance3|-|-|-|-|-|-|-|-|-|-|-|-|-|-|2|-|-|-|-|-|none|none|none|none|none|rsmod
item|1215|stab|376|-|-|-|-|-|-|-|-|-|-|-|-|-|-|rsmod:dragon_dagger:attack:stance1|-|-|-|-|-|-|-|-|-|-|-|-|-|-|0|-|-|-|-|-|none|none|none|none|none|rsmod
item|1215|stab|376|-|-|-|-|-|-|-|-|-|-|-|-|-|-|rsmod:dragon_dagger:attack:stance2|-|-|-|-|-|-|-|-|-|-|-|-|-|-|1|-|-|-|-|-|none|none|none|none|none|rsmod
item|1215|stab|376|-|-|-|-|-|-|-|-|-|-|-|-|-|-|rsmod:dragon_dagger:attack:stance4|-|-|-|-|-|-|-|-|-|-|-|-|-|-|3|-|-|-|-|-|none|none|none|none|none|rsmod
item|1217|slash|390|-|-|-|-|-|-|-|-|-|-|-|-|-|-|rsmod:black_dagger:attack:stance3|-|-|-|-|-|-|-|-|-|-|-|-|-|-|2|-|-|-|-|-|none|none|none|none|none|rsmod
item|1217|stab|386|-|-|-|-|-|-|-|-|-|-|-|-|-|-|rsmod:black_dagger:attack:stance1|-|-|-|-|-|-|-|-|-|-|-|-|-|-|0|-|-|-|-|-|none|none|none|none|none|rsmod
item|1217|stab|386|-|-|-|-|-|-|-|-|-|-|-|-|-|-|rsmod:black_dagger:attack:stance2|-|-|-|-|-|-|-|-|-|-|-|-|-|-|1|-|-|-|-|-|none|none|none|none|none|rsmod
item|1217|stab|386|-|-|-|-|-|-|-|-|-|-|-|-|-|-|rsmod:black_dagger:attack:stance4|-|-|-|-|-|-|-|-|-|-|-|-|-|-|3|-|-|-|-|-|none|none|none|none|none|rsmod
item|1219|slash|390|-|-|-|-|-|-|-|-|-|-|-|-|-|-|rsmod:iron_dagger_p:attack:stance3|-|-|-|-|-|-|-|-|-|-|-|-|-|-|2|-|-|-|-|-|none|none|none|none|none|rsmod
item|1219|stab|386|-|-|-|-|-|-|-|-|-|-|-|-|-|-|rsmod:iron_dagger_p:attack:stance1|-|-|-|-|-|-|-|-|-|-|-|-|-|-|0|-|-|-|-|-|none|none|none|none|none|rsmod
item|1219|stab|386|-|-|-|-|-|-|-|-|-|-|-|-|-|-|rsmod:iron_dagger_p:attack:stance2|-|-|-|-|-|-|-|-|-|-|-|-|-|-|1|-|-|-|-|-|none|none|none|none|none|rsmod
item|1219|stab|386|-|-|-|-|-|-|-|-|-|-|-|-|-|-|rsmod:iron_dagger_p:attack:stance4|-|-|-|-|-|-|-|-|-|-|-|-|-|-|3|-|-|-|-|-|none|none|none|none|none|rsmod
item|1221|slash|390|-|-|-|-|-|-|-|-|-|-|-|-|-|-|rsmod:bronze_dagger_p:attack:stance3|-|-|-|-|-|-|-|-|-|-|-|-|-|-|2|-|-|-|-|-|none|none|none|none|none|rsmod
item|1221|stab|386|-|-|-|-|-|-|-|-|-|-|-|-|-|-|rsmod:bronze_dagger_p:attack:stance1|-|-|-|-|-|-|-|-|-|-|-|-|-|-|0|-|-|-|-|-|none|none|none|none|none|rsmod
item|1221|stab|386|-|-|-|-|-|-|-|-|-|-|-|-|-|-|rsmod:bronze_dagger_p:attack:stance2|-|-|-|-|-|-|-|-|-|-|-|-|-|-|1|-|-|-|-|-|none|none|none|none|none|rsmod
item|1221|stab|386|-|-|-|-|-|-|-|-|-|-|-|-|-|-|rsmod:bronze_dagger_p:attack:stance4|-|-|-|-|-|-|-|-|-|-|-|-|-|-|3|-|-|-|-|-|none|none|none|none|none|rsmod
item|1223|slash|390|-|-|-|-|-|-|-|-|-|-|-|-|-|-|rsmod:steel_dagger_p:attack:stance3|-|-|-|-|-|-|-|-|-|-|-|-|-|-|2|-|-|-|-|-|none|none|none|none|none|rsmod
item|1223|stab|386|-|-|-|-|-|-|-|-|-|-|-|-|-|-|rsmod:steel_dagger_p:attack:stance1|-|-|-|-|-|-|-|-|-|-|-|-|-|-|0|-|-|-|-|-|none|none|none|none|none|rsmod
item|1223|stab|386|-|-|-|-|-|-|-|-|-|-|-|-|-|-|rsmod:steel_dagger_p:attack:stance2|-|-|-|-|-|-|-|-|-|-|-|-|-|-|1|-|-|-|-|-|none|none|none|none|none|rsmod
item|1223|stab|386|-|-|-|-|-|-|-|-|-|-|-|-|-|-|rsmod:steel_dagger_p:attack:stance4|-|-|-|-|-|-|-|-|-|-|-|-|-|-|3|-|-|-|-|-|none|none|none|none|none|rsmod
item|1225|slash|390|-|-|-|-|-|-|-|-|-|-|-|-|-|-|rsmod:mithril_dagger_p:attack:stance3|-|-|-|-|-|-|-|-|-|-|-|-|-|-|2|-|-|-|-|-|none|none|none|none|none|rsmod
item|1225|stab|386|-|-|-|-|-|-|-|-|-|-|-|-|-|-|rsmod:mithril_dagger_p:attack:stance1|-|-|-|-|-|-|-|-|-|-|-|-|-|-|0|-|-|-|-|-|none|none|none|none|none|rsmod
item|1225|stab|386|-|-|-|-|-|-|-|-|-|-|-|-|-|-|rsmod:mithril_dagger_p:attack:stance2|-|-|-|-|-|-|-|-|-|-|-|-|-|-|1|-|-|-|-|-|none|none|none|none|none|rsmod
item|1225|stab|386|-|-|-|-|-|-|-|-|-|-|-|-|-|-|rsmod:mithril_dagger_p:attack:stance4|-|-|-|-|-|-|-|-|-|-|-|-|-|-|3|-|-|-|-|-|none|none|none|none|none|rsmod
item|1227|slash|390|-|-|-|-|-|-|-|-|-|-|-|-|-|-|rsmod:adamant_dagger_p:attack:stance3|-|-|-|-|-|-|-|-|-|-|-|-|-|-|2|-|-|-|-|-|none|none|none|none|none|rsmod
item|1227|stab|386|-|-|-|-|-|-|-|-|-|-|-|-|-|-|rsmod:adamant_dagger_p:attack:stance1|-|-|-|-|-|-|-|-|-|-|-|-|-|-|0|-|-|-|-|-|none|none|none|none|none|rsmod
item|1227|stab|386|-|-|-|-|-|-|-|-|-|-|-|-|-|-|rsmod:adamant_dagger_p:attack:stance2|-|-|-|-|-|-|-|-|-|-|-|-|-|-|1|-|-|-|-|-|none|none|none|none|none|rsmod
item|1227|stab|386|-|-|-|-|-|-|-|-|-|-|-|-|-|-|rsmod:adamant_dagger_p:attack:stance4|-|-|-|-|-|-|-|-|-|-|-|-|-|-|3|-|-|-|-|-|none|none|none|none|none|rsmod
item|1229|slash|390|-|-|-|-|-|-|-|-|-|-|-|-|-|-|rsmod:rune_dagger_p:attack:stance3|-|-|-|-|-|-|-|-|-|-|-|-|-|-|2|-|-|-|-|-|none|none|none|none|none|rsmod
item|1229|stab|386|-|-|-|-|-|-|-|-|-|-|-|-|-|-|rsmod:rune_dagger_p:attack:stance1|-|-|-|-|-|-|-|-|-|-|-|-|-|-|0|-|-|-|-|-|none|none|none|none|none|rsmod
item|1229|stab|386|-|-|-|-|-|-|-|-|-|-|-|-|-|-|rsmod:rune_dagger_p:attack:stance2|-|-|-|-|-|-|-|-|-|-|-|-|-|-|1|-|-|-|-|-|none|none|none|none|none|rsmod
item|1229|stab|386|-|-|-|-|-|-|-|-|-|-|-|-|-|-|rsmod:rune_dagger_p:attack:stance4|-|-|-|-|-|-|-|-|-|-|-|-|-|-|3|-|-|-|-|-|none|none|none|none|none|rsmod
item|1231|slash|377|-|-|-|-|-|-|-|-|-|-|-|-|-|-|rsmod:dragon_dagger_p:attack:stance3|-|-|-|-|-|-|-|-|-|-|-|-|-|-|2|-|-|-|-|-|none|none|none|none|none|rsmod
item|1231|stab|376|-|-|-|-|-|-|-|-|-|-|-|-|-|-|rsmod:dragon_dagger_p:attack:stance1|-|-|-|-|-|-|-|-|-|-|-|-|-|-|0|-|-|-|-|-|none|none|none|none|none|rsmod
item|1231|stab|376|-|-|-|-|-|-|-|-|-|-|-|-|-|-|rsmod:dragon_dagger_p:attack:stance2|-|-|-|-|-|-|-|-|-|-|-|-|-|-|1|-|-|-|-|-|none|none|none|none|none|rsmod
item|1231|stab|376|-|-|-|-|-|-|-|-|-|-|-|-|-|-|rsmod:dragon_dagger_p:attack:stance4|-|-|-|-|-|-|-|-|-|-|-|-|-|-|3|-|-|-|-|-|none|none|none|none|none|rsmod
item|1233|slash|390|-|-|-|-|-|-|-|-|-|-|-|-|-|-|rsmod:black_dagger_p:attack:stance3|-|-|-|-|-|-|-|-|-|-|-|-|-|-|2|-|-|-|-|-|none|none|none|none|none|rsmod
item|1233|stab|386|-|-|-|-|-|-|-|-|-|-|-|-|-|-|rsmod:black_dagger_p:attack:stance1|-|-|-|-|-|-|-|-|-|-|-|-|-|-|0|-|-|-|-|-|none|none|none|none|none|rsmod
item|1233|stab|386|-|-|-|-|-|-|-|-|-|-|-|-|-|-|rsmod:black_dagger_p:attack:stance2|-|-|-|-|-|-|-|-|-|-|-|-|-|-|1|-|-|-|-|-|none|none|none|none|none|rsmod
item|1233|stab|386|-|-|-|-|-|-|-|-|-|-|-|-|-|-|rsmod:black_dagger_p:attack:stance4|-|-|-|-|-|-|-|-|-|-|-|-|-|-|3|-|-|-|-|-|none|none|none|none|none|rsmod
item|1237|crush|429|-|-|-|-|-|-|-|-|-|-|-|-|-|-|rsmod:bronze_spear:attack:stance3|-|-|-|-|-|-|-|-|-|-|-|-|-|-|2|-|-|-|-|-|none|none|none|none|none|rsmod
item|1237|slash|440|-|-|-|-|-|-|-|-|-|-|-|-|-|-|rsmod:bronze_spear:attack:stance2|-|-|-|-|-|-|-|-|-|-|-|-|-|-|1|-|-|-|-|-|none|none|none|none|none|rsmod
item|1237|stab|428|-|-|-|-|-|-|-|-|-|-|-|-|-|-|rsmod:bronze_spear:attack:stance1|-|-|-|-|-|-|-|-|-|-|-|-|-|-|0|-|-|-|-|-|none|none|none|none|none|rsmod
item|1237|stab|428|-|-|-|-|-|-|-|-|-|-|-|-|-|-|rsmod:bronze_spear:attack:stance4|-|-|-|-|-|-|-|-|-|-|-|-|-|-|3|-|-|-|-|-|none|none|none|none|none|rsmod
item|1239|crush|429|-|-|-|-|-|-|-|-|-|-|-|-|-|-|rsmod:iron_spear:attack:stance3|-|-|-|-|-|-|-|-|-|-|-|-|-|-|2|-|-|-|-|-|none|none|none|none|none|rsmod
item|1239|slash|440|-|-|-|-|-|-|-|-|-|-|-|-|-|-|rsmod:iron_spear:attack:stance2|-|-|-|-|-|-|-|-|-|-|-|-|-|-|1|-|-|-|-|-|none|none|none|none|none|rsmod
item|1239|stab|428|-|-|-|-|-|-|-|-|-|-|-|-|-|-|rsmod:iron_spear:attack:stance1|-|-|-|-|-|-|-|-|-|-|-|-|-|-|0|-|-|-|-|-|none|none|none|none|none|rsmod
item|1239|stab|428|-|-|-|-|-|-|-|-|-|-|-|-|-|-|rsmod:iron_spear:attack:stance4|-|-|-|-|-|-|-|-|-|-|-|-|-|-|3|-|-|-|-|-|none|none|none|none|none|rsmod
item|1241|crush|429|-|-|-|-|-|-|-|-|-|-|-|-|-|-|rsmod:steel_spear:attack:stance3|-|-|-|-|-|-|-|-|-|-|-|-|-|-|2|-|-|-|-|-|none|none|none|none|none|rsmod
item|1241|slash|440|-|-|-|-|-|-|-|-|-|-|-|-|-|-|rsmod:steel_spear:attack:stance2|-|-|-|-|-|-|-|-|-|-|-|-|-|-|1|-|-|-|-|-|none|none|none|none|none|rsmod
item|1241|stab|428|-|-|-|-|-|-|-|-|-|-|-|-|-|-|rsmod:steel_spear:attack:stance1|-|-|-|-|-|-|-|-|-|-|-|-|-|-|0|-|-|-|-|-|none|none|none|none|none|rsmod
item|1241|stab|428|-|-|-|-|-|-|-|-|-|-|-|-|-|-|rsmod:steel_spear:attack:stance4|-|-|-|-|-|-|-|-|-|-|-|-|-|-|3|-|-|-|-|-|none|none|none|none|none|rsmod
item|1243|crush|429|-|-|-|-|-|-|-|-|-|-|-|-|-|-|rsmod:mithril_spear:attack:stance3|-|-|-|-|-|-|-|-|-|-|-|-|-|-|2|-|-|-|-|-|none|none|none|none|none|rsmod
item|1243|slash|440|-|-|-|-|-|-|-|-|-|-|-|-|-|-|rsmod:mithril_spear:attack:stance2|-|-|-|-|-|-|-|-|-|-|-|-|-|-|1|-|-|-|-|-|none|none|none|none|none|rsmod
item|1243|stab|428|-|-|-|-|-|-|-|-|-|-|-|-|-|-|rsmod:mithril_spear:attack:stance1|-|-|-|-|-|-|-|-|-|-|-|-|-|-|0|-|-|-|-|-|none|none|none|none|none|rsmod
item|1243|stab|428|-|-|-|-|-|-|-|-|-|-|-|-|-|-|rsmod:mithril_spear:attack:stance4|-|-|-|-|-|-|-|-|-|-|-|-|-|-|3|-|-|-|-|-|none|none|none|none|none|rsmod
item|1245|crush|429|-|-|-|-|-|-|-|-|-|-|-|-|-|-|rsmod:adamant_spear:attack:stance3|-|-|-|-|-|-|-|-|-|-|-|-|-|-|2|-|-|-|-|-|none|none|none|none|none|rsmod
item|1245|slash|440|-|-|-|-|-|-|-|-|-|-|-|-|-|-|rsmod:adamant_spear:attack:stance2|-|-|-|-|-|-|-|-|-|-|-|-|-|-|1|-|-|-|-|-|none|none|none|none|none|rsmod
item|1245|stab|428|-|-|-|-|-|-|-|-|-|-|-|-|-|-|rsmod:adamant_spear:attack:stance1|-|-|-|-|-|-|-|-|-|-|-|-|-|-|0|-|-|-|-|-|none|none|none|none|none|rsmod
item|1245|stab|428|-|-|-|-|-|-|-|-|-|-|-|-|-|-|rsmod:adamant_spear:attack:stance4|-|-|-|-|-|-|-|-|-|-|-|-|-|-|3|-|-|-|-|-|none|none|none|none|none|rsmod
item|1247|crush|429|-|-|-|-|-|-|-|-|-|-|-|-|-|-|rsmod:rune_spear:attack:stance3|-|-|-|-|-|-|-|-|-|-|-|-|-|-|2|-|-|-|-|-|none|none|none|none|none|rsmod
item|1247|slash|440|-|-|-|-|-|-|-|-|-|-|-|-|-|-|rsmod:rune_spear:attack:stance2|-|-|-|-|-|-|-|-|-|-|-|-|-|-|1|-|-|-|-|-|none|none|none|none|none|rsmod
item|1247|stab|428|-|-|-|-|-|-|-|-|-|-|-|-|-|-|rsmod:rune_spear:attack:stance1|-|-|-|-|-|-|-|-|-|-|-|-|-|-|0|-|-|-|-|-|none|none|none|none|none|rsmod
item|1247|stab|428|-|-|-|-|-|-|-|-|-|-|-|-|-|-|rsmod:rune_spear:attack:stance4|-|-|-|-|-|-|-|-|-|-|-|-|-|-|3|-|-|-|-|-|none|none|none|none|none|rsmod
item|1249|crush|382|-|-|-|-|-|-|-|-|-|-|-|-|-|-|rsmod:dragon_spear:attack:stance3|-|-|-|-|-|-|-|-|-|-|-|-|-|-|2|-|-|-|-|-|none|none|none|none|none|rsmod
item|1249|slash|380|-|-|-|-|-|-|-|-|-|-|-|-|-|-|rsmod:dragon_spear:attack:stance2|-|-|-|-|-|-|-|-|-|-|-|-|-|-|1|-|-|-|-|-|none|none|none|none|none|rsmod
item|1249|stab|381|-|-|-|-|-|-|-|-|-|-|-|-|-|-|rsmod:dragon_spear:attack:stance1|-|-|-|-|-|-|-|-|-|-|-|-|-|-|0|-|-|-|-|-|none|none|none|none|none|rsmod
item|1249|stab|381|-|-|-|-|-|-|-|-|-|-|-|-|-|-|rsmod:dragon_spear:attack:stance4|-|-|-|-|-|-|-|-|-|-|-|-|-|-|3|-|-|-|-|-|none|none|none|none|none|rsmod
item|1251|crush|429|-|-|-|-|-|-|-|-|-|-|-|-|-|-|rsmod:bronze_spear_p:attack:stance3|-|-|-|-|-|-|-|-|-|-|-|-|-|-|2|-|-|-|-|-|none|none|none|none|none|rsmod
item|1251|slash|440|-|-|-|-|-|-|-|-|-|-|-|-|-|-|rsmod:bronze_spear_p:attack:stance2|-|-|-|-|-|-|-|-|-|-|-|-|-|-|1|-|-|-|-|-|none|none|none|none|none|rsmod
item|1251|stab|428|-|-|-|-|-|-|-|-|-|-|-|-|-|-|rsmod:bronze_spear_p:attack:stance1|-|-|-|-|-|-|-|-|-|-|-|-|-|-|0|-|-|-|-|-|none|none|none|none|none|rsmod
item|1251|stab|428|-|-|-|-|-|-|-|-|-|-|-|-|-|-|rsmod:bronze_spear_p:attack:stance4|-|-|-|-|-|-|-|-|-|-|-|-|-|-|3|-|-|-|-|-|none|none|none|none|none|rsmod
item|1253|crush|429|-|-|-|-|-|-|-|-|-|-|-|-|-|-|rsmod:iron_spear_p:attack:stance3|-|-|-|-|-|-|-|-|-|-|-|-|-|-|2|-|-|-|-|-|none|none|none|none|none|rsmod
item|1253|slash|440|-|-|-|-|-|-|-|-|-|-|-|-|-|-|rsmod:iron_spear_p:attack:stance2|-|-|-|-|-|-|-|-|-|-|-|-|-|-|1|-|-|-|-|-|none|none|none|none|none|rsmod
item|1253|stab|428|-|-|-|-|-|-|-|-|-|-|-|-|-|-|rsmod:iron_spear_p:attack:stance1|-|-|-|-|-|-|-|-|-|-|-|-|-|-|0|-|-|-|-|-|none|none|none|none|none|rsmod
item|1253|stab|428|-|-|-|-|-|-|-|-|-|-|-|-|-|-|rsmod:iron_spear_p:attack:stance4|-|-|-|-|-|-|-|-|-|-|-|-|-|-|3|-|-|-|-|-|none|none|none|none|none|rsmod
item|1255|crush|429|-|-|-|-|-|-|-|-|-|-|-|-|-|-|rsmod:steel_spear_p:attack:stance3|-|-|-|-|-|-|-|-|-|-|-|-|-|-|2|-|-|-|-|-|none|none|none|none|none|rsmod
item|1255|slash|440|-|-|-|-|-|-|-|-|-|-|-|-|-|-|rsmod:steel_spear_p:attack:stance2|-|-|-|-|-|-|-|-|-|-|-|-|-|-|1|-|-|-|-|-|none|none|none|none|none|rsmod
item|1255|stab|428|-|-|-|-|-|-|-|-|-|-|-|-|-|-|rsmod:steel_spear_p:attack:stance1|-|-|-|-|-|-|-|-|-|-|-|-|-|-|0|-|-|-|-|-|none|none|none|none|none|rsmod
item|1255|stab|428|-|-|-|-|-|-|-|-|-|-|-|-|-|-|rsmod:steel_spear_p:attack:stance4|-|-|-|-|-|-|-|-|-|-|-|-|-|-|3|-|-|-|-|-|none|none|none|none|none|rsmod
item|1257|crush|429|-|-|-|-|-|-|-|-|-|-|-|-|-|-|rsmod:mithril_spear_p:attack:stance3|-|-|-|-|-|-|-|-|-|-|-|-|-|-|2|-|-|-|-|-|none|none|none|none|none|rsmod
item|1257|slash|440|-|-|-|-|-|-|-|-|-|-|-|-|-|-|rsmod:mithril_spear_p:attack:stance2|-|-|-|-|-|-|-|-|-|-|-|-|-|-|1|-|-|-|-|-|none|none|none|none|none|rsmod
item|1257|stab|428|-|-|-|-|-|-|-|-|-|-|-|-|-|-|rsmod:mithril_spear_p:attack:stance1|-|-|-|-|-|-|-|-|-|-|-|-|-|-|0|-|-|-|-|-|none|none|none|none|none|rsmod
item|1257|stab|428|-|-|-|-|-|-|-|-|-|-|-|-|-|-|rsmod:mithril_spear_p:attack:stance4|-|-|-|-|-|-|-|-|-|-|-|-|-|-|3|-|-|-|-|-|none|none|none|none|none|rsmod
item|1259|crush|429|-|-|-|-|-|-|-|-|-|-|-|-|-|-|rsmod:adamant_spear_p:attack:stance3|-|-|-|-|-|-|-|-|-|-|-|-|-|-|2|-|-|-|-|-|none|none|none|none|none|rsmod
item|1259|slash|440|-|-|-|-|-|-|-|-|-|-|-|-|-|-|rsmod:adamant_spear_p:attack:stance2|-|-|-|-|-|-|-|-|-|-|-|-|-|-|1|-|-|-|-|-|none|none|none|none|none|rsmod
item|1259|stab|428|-|-|-|-|-|-|-|-|-|-|-|-|-|-|rsmod:adamant_spear_p:attack:stance1|-|-|-|-|-|-|-|-|-|-|-|-|-|-|0|-|-|-|-|-|none|none|none|none|none|rsmod
item|1259|stab|428|-|-|-|-|-|-|-|-|-|-|-|-|-|-|rsmod:adamant_spear_p:attack:stance4|-|-|-|-|-|-|-|-|-|-|-|-|-|-|3|-|-|-|-|-|none|none|none|none|none|rsmod
item|1261|crush|429|-|-|-|-|-|-|-|-|-|-|-|-|-|-|rsmod:rune_spear_p:attack:stance3|-|-|-|-|-|-|-|-|-|-|-|-|-|-|2|-|-|-|-|-|none|none|none|none|none|rsmod
item|1261|slash|440|-|-|-|-|-|-|-|-|-|-|-|-|-|-|rsmod:rune_spear_p:attack:stance2|-|-|-|-|-|-|-|-|-|-|-|-|-|-|1|-|-|-|-|-|none|none|none|none|none|rsmod
item|1261|stab|428|-|-|-|-|-|-|-|-|-|-|-|-|-|-|rsmod:rune_spear_p:attack:stance1|-|-|-|-|-|-|-|-|-|-|-|-|-|-|0|-|-|-|-|-|none|none|none|none|none|rsmod
item|1261|stab|428|-|-|-|-|-|-|-|-|-|-|-|-|-|-|rsmod:rune_spear_p:attack:stance4|-|-|-|-|-|-|-|-|-|-|-|-|-|-|3|-|-|-|-|-|none|none|none|none|none|rsmod
item|1263|crush|382|-|-|-|-|-|-|-|-|-|-|-|-|-|-|rsmod:dragon_spear_p:attack:stance3|-|-|-|-|-|-|-|-|-|-|-|-|-|-|2|-|-|-|-|-|none|none|none|none|none|rsmod
item|1263|slash|380|-|-|-|-|-|-|-|-|-|-|-|-|-|-|rsmod:dragon_spear_p:attack:stance2|-|-|-|-|-|-|-|-|-|-|-|-|-|-|1|-|-|-|-|-|none|none|none|none|none|rsmod
item|1263|stab|381|-|-|-|-|-|-|-|-|-|-|-|-|-|-|rsmod:dragon_spear_p:attack:stance1|-|-|-|-|-|-|-|-|-|-|-|-|-|-|0|-|-|-|-|-|none|none|none|none|none|rsmod
item|1263|stab|381|-|-|-|-|-|-|-|-|-|-|-|-|-|-|rsmod:dragon_spear_p:attack:stance4|-|-|-|-|-|-|-|-|-|-|-|-|-|-|3|-|-|-|-|-|none|none|none|none|none|rsmod
item|1265|crush|400|-|-|-|-|-|-|-|-|-|-|-|-|-|-|rsmod:bronze_pickaxe:attack:stance3|-|-|-|-|-|-|-|-|-|-|-|-|-|-|2|-|-|-|-|-|none|none|none|none|none|rsmod
item|1265|stab|401|-|-|-|-|-|-|-|-|-|-|-|-|-|-|rsmod:bronze_pickaxe:attack:stance1|-|-|-|-|-|-|-|-|-|-|-|-|-|-|0|-|-|-|-|-|none|none|none|none|none|rsmod
item|1265|stab|401|-|-|-|-|-|-|-|-|-|-|-|-|-|-|rsmod:bronze_pickaxe:attack:stance2|-|-|-|-|-|-|-|-|-|-|-|-|-|-|1|-|-|-|-|-|none|none|none|none|none|rsmod
item|1265|stab|401|-|-|-|-|-|-|-|-|-|-|-|-|-|-|rsmod:bronze_pickaxe:attack:stance4|-|-|-|-|-|-|-|-|-|-|-|-|-|-|3|-|-|-|-|-|none|none|none|none|none|rsmod
item|1267|crush|400|-|-|-|-|-|-|-|-|-|-|-|-|-|-|rsmod:iron_pickaxe:attack:stance3|-|-|-|-|-|-|-|-|-|-|-|-|-|-|2|-|-|-|-|-|none|none|none|none|none|rsmod
item|1267|stab|401|-|-|-|-|-|-|-|-|-|-|-|-|-|-|rsmod:iron_pickaxe:attack:stance1|-|-|-|-|-|-|-|-|-|-|-|-|-|-|0|-|-|-|-|-|none|none|none|none|none|rsmod
item|1267|stab|401|-|-|-|-|-|-|-|-|-|-|-|-|-|-|rsmod:iron_pickaxe:attack:stance2|-|-|-|-|-|-|-|-|-|-|-|-|-|-|1|-|-|-|-|-|none|none|none|none|none|rsmod
item|1267|stab|401|-|-|-|-|-|-|-|-|-|-|-|-|-|-|rsmod:iron_pickaxe:attack:stance4|-|-|-|-|-|-|-|-|-|-|-|-|-|-|3|-|-|-|-|-|none|none|none|none|none|rsmod
item|1269|crush|400|-|-|-|-|-|-|-|-|-|-|-|-|-|-|rsmod:steel_pickaxe:attack:stance3|-|-|-|-|-|-|-|-|-|-|-|-|-|-|2|-|-|-|-|-|none|none|none|none|none|rsmod
item|1269|stab|401|-|-|-|-|-|-|-|-|-|-|-|-|-|-|rsmod:steel_pickaxe:attack:stance1|-|-|-|-|-|-|-|-|-|-|-|-|-|-|0|-|-|-|-|-|none|none|none|none|none|rsmod
item|1269|stab|401|-|-|-|-|-|-|-|-|-|-|-|-|-|-|rsmod:steel_pickaxe:attack:stance2|-|-|-|-|-|-|-|-|-|-|-|-|-|-|1|-|-|-|-|-|none|none|none|none|none|rsmod
item|1269|stab|401|-|-|-|-|-|-|-|-|-|-|-|-|-|-|rsmod:steel_pickaxe:attack:stance4|-|-|-|-|-|-|-|-|-|-|-|-|-|-|3|-|-|-|-|-|none|none|none|none|none|rsmod
item|1271|crush|400|-|-|-|-|-|-|-|-|-|-|-|-|-|-|rsmod:adamant_pickaxe:attack:stance3|-|-|-|-|-|-|-|-|-|-|-|-|-|-|2|-|-|-|-|-|none|none|none|none|none|rsmod
item|1271|stab|401|-|-|-|-|-|-|-|-|-|-|-|-|-|-|rsmod:adamant_pickaxe:attack:stance1|-|-|-|-|-|-|-|-|-|-|-|-|-|-|0|-|-|-|-|-|none|none|none|none|none|rsmod
item|1271|stab|401|-|-|-|-|-|-|-|-|-|-|-|-|-|-|rsmod:adamant_pickaxe:attack:stance2|-|-|-|-|-|-|-|-|-|-|-|-|-|-|1|-|-|-|-|-|none|none|none|none|none|rsmod
item|1271|stab|401|-|-|-|-|-|-|-|-|-|-|-|-|-|-|rsmod:adamant_pickaxe:attack:stance4|-|-|-|-|-|-|-|-|-|-|-|-|-|-|3|-|-|-|-|-|none|none|none|none|none|rsmod
item|1273|crush|400|-|-|-|-|-|-|-|-|-|-|-|-|-|-|rsmod:mithril_pickaxe:attack:stance3|-|-|-|-|-|-|-|-|-|-|-|-|-|-|2|-|-|-|-|-|none|none|none|none|none|rsmod
item|1273|stab|401|-|-|-|-|-|-|-|-|-|-|-|-|-|-|rsmod:mithril_pickaxe:attack:stance1|-|-|-|-|-|-|-|-|-|-|-|-|-|-|0|-|-|-|-|-|none|none|none|none|none|rsmod
item|1273|stab|401|-|-|-|-|-|-|-|-|-|-|-|-|-|-|rsmod:mithril_pickaxe:attack:stance2|-|-|-|-|-|-|-|-|-|-|-|-|-|-|1|-|-|-|-|-|none|none|none|none|none|rsmod
item|1273|stab|401|-|-|-|-|-|-|-|-|-|-|-|-|-|-|rsmod:mithril_pickaxe:attack:stance4|-|-|-|-|-|-|-|-|-|-|-|-|-|-|3|-|-|-|-|-|none|none|none|none|none|rsmod
item|1275|crush|400|-|-|-|-|-|-|-|-|-|-|-|-|-|-|rsmod:rune_pickaxe:attack:stance3|-|-|-|-|-|-|-|-|-|-|-|-|-|-|2|-|-|-|-|-|none|none|none|none|none|rsmod
item|1275|stab|401|-|-|-|-|-|-|-|-|-|-|-|-|-|-|rsmod:rune_pickaxe:attack:stance1|-|-|-|-|-|-|-|-|-|-|-|-|-|-|0|-|-|-|-|-|none|none|none|none|none|rsmod
item|1275|stab|401|-|-|-|-|-|-|-|-|-|-|-|-|-|-|rsmod:rune_pickaxe:attack:stance2|-|-|-|-|-|-|-|-|-|-|-|-|-|-|1|-|-|-|-|-|none|none|none|none|none|rsmod
item|1275|stab|401|-|-|-|-|-|-|-|-|-|-|-|-|-|-|rsmod:rune_pickaxe:attack:stance4|-|-|-|-|-|-|-|-|-|-|-|-|-|-|3|-|-|-|-|-|none|none|none|none|none|rsmod
item|1277|slash|390|-|-|-|-|-|-|-|-|-|-|-|-|-|-|rsmod:bronze_sword:attack:stance3|-|-|-|-|-|-|-|-|-|-|-|-|-|-|2|-|-|-|-|-|none|none|none|none|none|rsmod
item|1277|stab|386|-|-|-|-|-|-|-|-|-|-|-|-|-|-|rsmod:bronze_sword:attack:stance1|-|-|-|-|-|-|-|-|-|-|-|-|-|-|0|-|-|-|-|-|none|none|none|none|none|rsmod
item|1277|stab|386|-|-|-|-|-|-|-|-|-|-|-|-|-|-|rsmod:bronze_sword:attack:stance2|-|-|-|-|-|-|-|-|-|-|-|-|-|-|1|-|-|-|-|-|none|none|none|none|none|rsmod
item|1277|stab|386|-|-|-|-|-|-|-|-|-|-|-|-|-|-|rsmod:bronze_sword:attack:stance4|-|-|-|-|-|-|-|-|-|-|-|-|-|-|3|-|-|-|-|-|none|none|none|none|none|rsmod
item|1279|slash|390|-|-|-|-|-|-|-|-|-|-|-|-|-|-|rsmod:iron_sword:attack:stance3|-|-|-|-|-|-|-|-|-|-|-|-|-|-|2|-|-|-|-|-|none|none|none|none|none|rsmod
item|1279|stab|386|-|-|-|-|-|-|-|-|-|-|-|-|-|-|rsmod:iron_sword:attack:stance1|-|-|-|-|-|-|-|-|-|-|-|-|-|-|0|-|-|-|-|-|none|none|none|none|none|rsmod
item|1279|stab|386|-|-|-|-|-|-|-|-|-|-|-|-|-|-|rsmod:iron_sword:attack:stance2|-|-|-|-|-|-|-|-|-|-|-|-|-|-|1|-|-|-|-|-|none|none|none|none|none|rsmod
item|1279|stab|386|-|-|-|-|-|-|-|-|-|-|-|-|-|-|rsmod:iron_sword:attack:stance4|-|-|-|-|-|-|-|-|-|-|-|-|-|-|3|-|-|-|-|-|none|none|none|none|none|rsmod
item|1281|slash|390|-|-|-|-|-|-|-|-|-|-|-|-|-|-|rsmod:steel_sword:attack:stance3|-|-|-|-|-|-|-|-|-|-|-|-|-|-|2|-|-|-|-|-|none|none|none|none|none|rsmod
item|1281|stab|386|-|-|-|-|-|-|-|-|-|-|-|-|-|-|rsmod:steel_sword:attack:stance1|-|-|-|-|-|-|-|-|-|-|-|-|-|-|0|-|-|-|-|-|none|none|none|none|none|rsmod
item|1281|stab|386|-|-|-|-|-|-|-|-|-|-|-|-|-|-|rsmod:steel_sword:attack:stance2|-|-|-|-|-|-|-|-|-|-|-|-|-|-|1|-|-|-|-|-|none|none|none|none|none|rsmod
item|1281|stab|386|-|-|-|-|-|-|-|-|-|-|-|-|-|-|rsmod:steel_sword:attack:stance4|-|-|-|-|-|-|-|-|-|-|-|-|-|-|3|-|-|-|-|-|none|none|none|none|none|rsmod
item|1283|slash|390|-|-|-|-|-|-|-|-|-|-|-|-|-|-|rsmod:black_sword:attack:stance3|-|-|-|-|-|-|-|-|-|-|-|-|-|-|2|-|-|-|-|-|none|none|none|none|none|rsmod
item|1283|stab|386|-|-|-|-|-|-|-|-|-|-|-|-|-|-|rsmod:black_sword:attack:stance1|-|-|-|-|-|-|-|-|-|-|-|-|-|-|0|-|-|-|-|-|none|none|none|none|none|rsmod
item|1283|stab|386|-|-|-|-|-|-|-|-|-|-|-|-|-|-|rsmod:black_sword:attack:stance2|-|-|-|-|-|-|-|-|-|-|-|-|-|-|1|-|-|-|-|-|none|none|none|none|none|rsmod
item|1283|stab|386|-|-|-|-|-|-|-|-|-|-|-|-|-|-|rsmod:black_sword:attack:stance4|-|-|-|-|-|-|-|-|-|-|-|-|-|-|3|-|-|-|-|-|none|none|none|none|none|rsmod
item|1285|slash|390|-|-|-|-|-|-|-|-|-|-|-|-|-|-|rsmod:mithril_sword:attack:stance3|-|-|-|-|-|-|-|-|-|-|-|-|-|-|2|-|-|-|-|-|none|none|none|none|none|rsmod
item|1285|stab|386|-|-|-|-|-|-|-|-|-|-|-|-|-|-|rsmod:mithril_sword:attack:stance1|-|-|-|-|-|-|-|-|-|-|-|-|-|-|0|-|-|-|-|-|none|none|none|none|none|rsmod
item|1285|stab|386|-|-|-|-|-|-|-|-|-|-|-|-|-|-|rsmod:mithril_sword:attack:stance2|-|-|-|-|-|-|-|-|-|-|-|-|-|-|1|-|-|-|-|-|none|none|none|none|none|rsmod
item|1285|stab|386|-|-|-|-|-|-|-|-|-|-|-|-|-|-|rsmod:mithril_sword:attack:stance4|-|-|-|-|-|-|-|-|-|-|-|-|-|-|3|-|-|-|-|-|none|none|none|none|none|rsmod
item|1287|slash|390|-|-|-|-|-|-|-|-|-|-|-|-|-|-|rsmod:adamant_sword:attack:stance3|-|-|-|-|-|-|-|-|-|-|-|-|-|-|2|-|-|-|-|-|none|none|none|none|none|rsmod
item|1287|stab|386|-|-|-|-|-|-|-|-|-|-|-|-|-|-|rsmod:adamant_sword:attack:stance1|-|-|-|-|-|-|-|-|-|-|-|-|-|-|0|-|-|-|-|-|none|none|none|none|none|rsmod
item|1287|stab|386|-|-|-|-|-|-|-|-|-|-|-|-|-|-|rsmod:adamant_sword:attack:stance2|-|-|-|-|-|-|-|-|-|-|-|-|-|-|1|-|-|-|-|-|none|none|none|none|none|rsmod
item|1287|stab|386|-|-|-|-|-|-|-|-|-|-|-|-|-|-|rsmod:adamant_sword:attack:stance4|-|-|-|-|-|-|-|-|-|-|-|-|-|-|3|-|-|-|-|-|none|none|none|none|none|rsmod
item|1289|slash|390|-|-|-|-|-|-|-|-|-|-|-|-|-|-|rsmod:rune_sword:attack:stance3|-|-|-|-|-|-|-|-|-|-|-|-|-|-|2|-|-|-|-|-|none|none|none|none|none|rsmod
item|1289|stab|386|-|-|-|-|-|-|-|-|-|-|-|-|-|-|rsmod:rune_sword:attack:stance1|-|-|-|-|-|-|-|-|-|-|-|-|-|-|0|-|-|-|-|-|none|none|none|none|none|rsmod
item|1289|stab|386|-|-|-|-|-|-|-|-|-|-|-|-|-|-|rsmod:rune_sword:attack:stance2|-|-|-|-|-|-|-|-|-|-|-|-|-|-|1|-|-|-|-|-|none|none|none|none|none|rsmod
item|1289|stab|386|-|-|-|-|-|-|-|-|-|-|-|-|-|-|rsmod:rune_sword:attack:stance4|-|-|-|-|-|-|-|-|-|-|-|-|-|-|3|-|-|-|-|-|none|none|none|none|none|rsmod
item|1291|slash|390|-|-|-|-|-|-|-|-|-|-|-|-|-|-|rsmod:bronze_longsword:attack:stance1|-|-|-|-|-|-|-|-|-|-|-|-|-|-|0|-|-|-|-|-|none|none|none|none|none|rsmod
item|1291|slash|390|-|-|-|-|-|-|-|-|-|-|-|-|-|-|rsmod:bronze_longsword:attack:stance2|-|-|-|-|-|-|-|-|-|-|-|-|-|-|1|-|-|-|-|-|none|none|none|none|none|rsmod
item|1291|slash|390|-|-|-|-|-|-|-|-|-|-|-|-|-|-|rsmod:bronze_longsword:attack:stance4|-|-|-|-|-|-|-|-|-|-|-|-|-|-|3|-|-|-|-|-|none|none|none|none|none|rsmod
item|1291|stab|386|-|-|-|-|-|-|-|-|-|-|-|-|-|-|rsmod:bronze_longsword:attack:stance3|-|-|-|-|-|-|-|-|-|-|-|-|-|-|2|-|-|-|-|-|none|none|none|none|none|rsmod
item|1293|slash|390|-|-|-|-|-|-|-|-|-|-|-|-|-|-|rsmod:iron_longsword:attack:stance1|-|-|-|-|-|-|-|-|-|-|-|-|-|-|0|-|-|-|-|-|none|none|none|none|none|rsmod
item|1293|slash|390|-|-|-|-|-|-|-|-|-|-|-|-|-|-|rsmod:iron_longsword:attack:stance2|-|-|-|-|-|-|-|-|-|-|-|-|-|-|1|-|-|-|-|-|none|none|none|none|none|rsmod
item|1293|slash|390|-|-|-|-|-|-|-|-|-|-|-|-|-|-|rsmod:iron_longsword:attack:stance4|-|-|-|-|-|-|-|-|-|-|-|-|-|-|3|-|-|-|-|-|none|none|none|none|none|rsmod
item|1293|stab|386|-|-|-|-|-|-|-|-|-|-|-|-|-|-|rsmod:iron_longsword:attack:stance3|-|-|-|-|-|-|-|-|-|-|-|-|-|-|2|-|-|-|-|-|none|none|none|none|none|rsmod
item|1295|slash|390|-|-|-|-|-|-|-|-|-|-|-|-|-|-|rsmod:steel_longsword:attack:stance1|-|-|-|-|-|-|-|-|-|-|-|-|-|-|0|-|-|-|-|-|none|none|none|none|none|rsmod
item|1295|slash|390|-|-|-|-|-|-|-|-|-|-|-|-|-|-|rsmod:steel_longsword:attack:stance2|-|-|-|-|-|-|-|-|-|-|-|-|-|-|1|-|-|-|-|-|none|none|none|none|none|rsmod
item|1295|slash|390|-|-|-|-|-|-|-|-|-|-|-|-|-|-|rsmod:steel_longsword:attack:stance4|-|-|-|-|-|-|-|-|-|-|-|-|-|-|3|-|-|-|-|-|none|none|none|none|none|rsmod
item|1295|stab|386|-|-|-|-|-|-|-|-|-|-|-|-|-|-|rsmod:steel_longsword:attack:stance3|-|-|-|-|-|-|-|-|-|-|-|-|-|-|2|-|-|-|-|-|none|none|none|none|none|rsmod
item|1297|slash|390|-|-|-|-|-|-|-|-|-|-|-|-|-|-|rsmod:black_longsword:attack:stance1|-|-|-|-|-|-|-|-|-|-|-|-|-|-|0|-|-|-|-|-|none|none|none|none|none|rsmod
item|1297|slash|390|-|-|-|-|-|-|-|-|-|-|-|-|-|-|rsmod:black_longsword:attack:stance2|-|-|-|-|-|-|-|-|-|-|-|-|-|-|1|-|-|-|-|-|none|none|none|none|none|rsmod
item|1297|slash|390|-|-|-|-|-|-|-|-|-|-|-|-|-|-|rsmod:black_longsword:attack:stance4|-|-|-|-|-|-|-|-|-|-|-|-|-|-|3|-|-|-|-|-|none|none|none|none|none|rsmod
item|1297|stab|386|-|-|-|-|-|-|-|-|-|-|-|-|-|-|rsmod:black_longsword:attack:stance3|-|-|-|-|-|-|-|-|-|-|-|-|-|-|2|-|-|-|-|-|none|none|none|none|none|rsmod
item|1299|slash|390|-|-|-|-|-|-|-|-|-|-|-|-|-|-|rsmod:mithril_longsword:attack:stance1|-|-|-|-|-|-|-|-|-|-|-|-|-|-|0|-|-|-|-|-|none|none|none|none|none|rsmod
item|1299|slash|390|-|-|-|-|-|-|-|-|-|-|-|-|-|-|rsmod:mithril_longsword:attack:stance2|-|-|-|-|-|-|-|-|-|-|-|-|-|-|1|-|-|-|-|-|none|none|none|none|none|rsmod
item|1299|slash|390|-|-|-|-|-|-|-|-|-|-|-|-|-|-|rsmod:mithril_longsword:attack:stance4|-|-|-|-|-|-|-|-|-|-|-|-|-|-|3|-|-|-|-|-|none|none|none|none|none|rsmod
item|1299|stab|386|-|-|-|-|-|-|-|-|-|-|-|-|-|-|rsmod:mithril_longsword:attack:stance3|-|-|-|-|-|-|-|-|-|-|-|-|-|-|2|-|-|-|-|-|none|none|none|none|none|rsmod
item|1301|slash|390|-|-|-|-|-|-|-|-|-|-|-|-|-|-|rsmod:adamant_longsword:attack:stance1|-|-|-|-|-|-|-|-|-|-|-|-|-|-|0|-|-|-|-|-|none|none|none|none|none|rsmod
item|1301|slash|390|-|-|-|-|-|-|-|-|-|-|-|-|-|-|rsmod:adamant_longsword:attack:stance2|-|-|-|-|-|-|-|-|-|-|-|-|-|-|1|-|-|-|-|-|none|none|none|none|none|rsmod
item|1301|slash|390|-|-|-|-|-|-|-|-|-|-|-|-|-|-|rsmod:adamant_longsword:attack:stance4|-|-|-|-|-|-|-|-|-|-|-|-|-|-|3|-|-|-|-|-|none|none|none|none|none|rsmod
item|1301|stab|386|-|-|-|-|-|-|-|-|-|-|-|-|-|-|rsmod:adamant_longsword:attack:stance3|-|-|-|-|-|-|-|-|-|-|-|-|-|-|2|-|-|-|-|-|none|none|none|none|none|rsmod
item|1303|slash|390|-|-|-|-|-|-|-|-|-|-|-|-|-|-|rsmod:rune_longsword:attack:stance1|-|-|-|-|-|-|-|-|-|-|-|-|-|-|0|-|-|-|-|-|none|none|none|none|none|rsmod
item|1303|slash|390|-|-|-|-|-|-|-|-|-|-|-|-|-|-|rsmod:rune_longsword:attack:stance2|-|-|-|-|-|-|-|-|-|-|-|-|-|-|1|-|-|-|-|-|none|none|none|none|none|rsmod
item|1303|slash|390|-|-|-|-|-|-|-|-|-|-|-|-|-|-|rsmod:rune_longsword:attack:stance4|-|-|-|-|-|-|-|-|-|-|-|-|-|-|3|-|-|-|-|-|none|none|none|none|none|rsmod
item|1303|stab|386|-|-|-|-|-|-|-|-|-|-|-|-|-|-|rsmod:rune_longsword:attack:stance3|-|-|-|-|-|-|-|-|-|-|-|-|-|-|2|-|-|-|-|-|none|none|none|none|none|rsmod
item|1305|slash|390|-|-|-|-|-|-|-|-|-|-|-|-|-|-|rsmod:dragon_longsword:attack:stance1|-|-|-|-|-|-|-|-|-|-|-|-|-|-|0|-|-|-|-|-|none|none|none|none|none|rsmod
item|1305|slash|390|-|-|-|-|-|-|-|-|-|-|-|-|-|-|rsmod:dragon_longsword:attack:stance2|-|-|-|-|-|-|-|-|-|-|-|-|-|-|1|-|-|-|-|-|none|none|none|none|none|rsmod
item|1305|slash|390|-|-|-|-|-|-|-|-|-|-|-|-|-|-|rsmod:dragon_longsword:attack:stance4|-|-|-|-|-|-|-|-|-|-|-|-|-|-|3|-|-|-|-|-|none|none|none|none|none|rsmod
item|1305|stab|386|-|-|-|-|-|-|-|-|-|-|-|-|-|-|rsmod:dragon_longsword:attack:stance3|-|-|-|-|-|-|-|-|-|-|-|-|-|-|2|-|-|-|-|-|none|none|none|none|none|rsmod
item|1307|crush|406|-|-|-|-|-|-|-|-|-|-|-|-|-|-|rsmod:bronze_2h_sword:attack:stance3|-|-|-|-|-|-|-|-|-|-|-|-|-|-|2|-|-|-|-|-|none|none|none|none|none|rsmod
item|1307|slash|407|-|-|-|-|-|-|-|-|-|-|-|-|-|-|rsmod:bronze_2h_sword:attack:stance1|-|-|-|-|-|-|-|-|-|-|-|-|-|-|0|-|-|-|-|-|none|none|none|none|none|rsmod
item|1307|slash|407|-|-|-|-|-|-|-|-|-|-|-|-|-|-|rsmod:bronze_2h_sword:attack:stance2|-|-|-|-|-|-|-|-|-|-|-|-|-|-|1|-|-|-|-|-|none|none|none|none|none|rsmod
item|1307|slash|407|-|-|-|-|-|-|-|-|-|-|-|-|-|-|rsmod:bronze_2h_sword:attack:stance4|-|-|-|-|-|-|-|-|-|-|-|-|-|-|3|-|-|-|-|-|none|none|none|none|none|rsmod
item|1309|crush|406|-|-|-|-|-|-|-|-|-|-|-|-|-|-|rsmod:iron_2h_sword:attack:stance3|-|-|-|-|-|-|-|-|-|-|-|-|-|-|2|-|-|-|-|-|none|none|none|none|none|rsmod
item|1309|slash|407|-|-|-|-|-|-|-|-|-|-|-|-|-|-|rsmod:iron_2h_sword:attack:stance1|-|-|-|-|-|-|-|-|-|-|-|-|-|-|0|-|-|-|-|-|none|none|none|none|none|rsmod
item|1309|slash|407|-|-|-|-|-|-|-|-|-|-|-|-|-|-|rsmod:iron_2h_sword:attack:stance2|-|-|-|-|-|-|-|-|-|-|-|-|-|-|1|-|-|-|-|-|none|none|none|none|none|rsmod
item|1309|slash|407|-|-|-|-|-|-|-|-|-|-|-|-|-|-|rsmod:iron_2h_sword:attack:stance4|-|-|-|-|-|-|-|-|-|-|-|-|-|-|3|-|-|-|-|-|none|none|none|none|none|rsmod
item|1311|crush|406|-|-|-|-|-|-|-|-|-|-|-|-|-|-|rsmod:steel_2h_sword:attack:stance3|-|-|-|-|-|-|-|-|-|-|-|-|-|-|2|-|-|-|-|-|none|none|none|none|none|rsmod
item|1311|slash|407|-|-|-|-|-|-|-|-|-|-|-|-|-|-|rsmod:steel_2h_sword:attack:stance1|-|-|-|-|-|-|-|-|-|-|-|-|-|-|0|-|-|-|-|-|none|none|none|none|none|rsmod
item|1311|slash|407|-|-|-|-|-|-|-|-|-|-|-|-|-|-|rsmod:steel_2h_sword:attack:stance2|-|-|-|-|-|-|-|-|-|-|-|-|-|-|1|-|-|-|-|-|none|none|none|none|none|rsmod
item|1311|slash|407|-|-|-|-|-|-|-|-|-|-|-|-|-|-|rsmod:steel_2h_sword:attack:stance4|-|-|-|-|-|-|-|-|-|-|-|-|-|-|3|-|-|-|-|-|none|none|none|none|none|rsmod
item|1313|crush|406|-|-|-|-|-|-|-|-|-|-|-|-|-|-|rsmod:black_2h_sword:attack:stance3|-|-|-|-|-|-|-|-|-|-|-|-|-|-|2|-|-|-|-|-|none|none|none|none|none|rsmod
item|1313|slash|407|-|-|-|-|-|-|-|-|-|-|-|-|-|-|rsmod:black_2h_sword:attack:stance1|-|-|-|-|-|-|-|-|-|-|-|-|-|-|0|-|-|-|-|-|none|none|none|none|none|rsmod
item|1313|slash|407|-|-|-|-|-|-|-|-|-|-|-|-|-|-|rsmod:black_2h_sword:attack:stance2|-|-|-|-|-|-|-|-|-|-|-|-|-|-|1|-|-|-|-|-|none|none|none|none|none|rsmod
item|1313|slash|407|-|-|-|-|-|-|-|-|-|-|-|-|-|-|rsmod:black_2h_sword:attack:stance4|-|-|-|-|-|-|-|-|-|-|-|-|-|-|3|-|-|-|-|-|none|none|none|none|none|rsmod
item|1315|crush|406|-|-|-|-|-|-|-|-|-|-|-|-|-|-|rsmod:mithril_2h_sword:attack:stance3|-|-|-|-|-|-|-|-|-|-|-|-|-|-|2|-|-|-|-|-|none|none|none|none|none|rsmod
item|1315|slash|407|-|-|-|-|-|-|-|-|-|-|-|-|-|-|rsmod:mithril_2h_sword:attack:stance1|-|-|-|-|-|-|-|-|-|-|-|-|-|-|0|-|-|-|-|-|none|none|none|none|none|rsmod
item|1315|slash|407|-|-|-|-|-|-|-|-|-|-|-|-|-|-|rsmod:mithril_2h_sword:attack:stance2|-|-|-|-|-|-|-|-|-|-|-|-|-|-|1|-|-|-|-|-|none|none|none|none|none|rsmod
item|1315|slash|407|-|-|-|-|-|-|-|-|-|-|-|-|-|-|rsmod:mithril_2h_sword:attack:stance4|-|-|-|-|-|-|-|-|-|-|-|-|-|-|3|-|-|-|-|-|none|none|none|none|none|rsmod
item|1317|crush|406|-|-|-|-|-|-|-|-|-|-|-|-|-|-|rsmod:adamant_2h_sword:attack:stance3|-|-|-|-|-|-|-|-|-|-|-|-|-|-|2|-|-|-|-|-|none|none|none|none|none|rsmod
item|1317|slash|407|-|-|-|-|-|-|-|-|-|-|-|-|-|-|rsmod:adamant_2h_sword:attack:stance1|-|-|-|-|-|-|-|-|-|-|-|-|-|-|0|-|-|-|-|-|none|none|none|none|none|rsmod
item|1317|slash|407|-|-|-|-|-|-|-|-|-|-|-|-|-|-|rsmod:adamant_2h_sword:attack:stance2|-|-|-|-|-|-|-|-|-|-|-|-|-|-|1|-|-|-|-|-|none|none|none|none|none|rsmod
item|1317|slash|407|-|-|-|-|-|-|-|-|-|-|-|-|-|-|rsmod:adamant_2h_sword:attack:stance4|-|-|-|-|-|-|-|-|-|-|-|-|-|-|3|-|-|-|-|-|none|none|none|none|none|rsmod
item|1319|crush|406|-|-|-|-|-|-|-|-|-|-|-|-|-|-|rsmod:rune_2h_sword:attack:stance3|-|-|-|-|-|-|-|-|-|-|-|-|-|-|2|-|-|-|-|-|none|none|none|none|none|rsmod
item|1319|slash|407|-|-|-|-|-|-|-|-|-|-|-|-|-|-|rsmod:rune_2h_sword:attack:stance1|-|-|-|-|-|-|-|-|-|-|-|-|-|-|0|-|-|-|-|-|none|none|none|none|none|rsmod
item|1319|slash|407|-|-|-|-|-|-|-|-|-|-|-|-|-|-|rsmod:rune_2h_sword:attack:stance2|-|-|-|-|-|-|-|-|-|-|-|-|-|-|1|-|-|-|-|-|none|none|none|none|none|rsmod
item|1319|slash|407|-|-|-|-|-|-|-|-|-|-|-|-|-|-|rsmod:rune_2h_sword:attack:stance4|-|-|-|-|-|-|-|-|-|-|-|-|-|-|3|-|-|-|-|-|none|none|none|none|none|rsmod
item|1321|slash|390|-|-|-|-|-|-|-|-|-|-|-|-|-|-|rsmod:bronze_scimitar:attack:stance1|-|-|-|-|-|-|-|-|-|-|-|-|-|-|0|-|-|-|-|-|none|none|none|none|none|rsmod
item|1321|slash|390|-|-|-|-|-|-|-|-|-|-|-|-|-|-|rsmod:bronze_scimitar:attack:stance2|-|-|-|-|-|-|-|-|-|-|-|-|-|-|1|-|-|-|-|-|none|none|none|none|none|rsmod
item|1321|slash|390|-|-|-|-|-|-|-|-|-|-|-|-|-|-|rsmod:bronze_scimitar:attack:stance4|-|-|-|-|-|-|-|-|-|-|-|-|-|-|3|-|-|-|-|-|none|none|none|none|none|rsmod
item|1321|stab|386|-|-|-|-|-|-|-|-|-|-|-|-|-|-|rsmod:bronze_scimitar:attack:stance3|-|-|-|-|-|-|-|-|-|-|-|-|-|-|2|-|-|-|-|-|none|none|none|none|none|rsmod
item|1323|slash|390|-|-|-|-|-|-|-|-|-|-|-|-|-|-|rsmod:iron_scimitar:attack:stance1|-|-|-|-|-|-|-|-|-|-|-|-|-|-|0|-|-|-|-|-|none|none|none|none|none|rsmod
item|1323|slash|390|-|-|-|-|-|-|-|-|-|-|-|-|-|-|rsmod:iron_scimitar:attack:stance2|-|-|-|-|-|-|-|-|-|-|-|-|-|-|1|-|-|-|-|-|none|none|none|none|none|rsmod
item|1323|slash|390|-|-|-|-|-|-|-|-|-|-|-|-|-|-|rsmod:iron_scimitar:attack:stance4|-|-|-|-|-|-|-|-|-|-|-|-|-|-|3|-|-|-|-|-|none|none|none|none|none|rsmod
item|1323|stab|386|-|-|-|-|-|-|-|-|-|-|-|-|-|-|rsmod:iron_scimitar:attack:stance3|-|-|-|-|-|-|-|-|-|-|-|-|-|-|2|-|-|-|-|-|none|none|none|none|none|rsmod
item|1325|slash|390|-|-|-|-|-|-|-|-|-|-|-|-|-|-|rsmod:steel_scimitar:attack:stance1|-|-|-|-|-|-|-|-|-|-|-|-|-|-|0|-|-|-|-|-|none|none|none|none|none|rsmod
item|1325|slash|390|-|-|-|-|-|-|-|-|-|-|-|-|-|-|rsmod:steel_scimitar:attack:stance2|-|-|-|-|-|-|-|-|-|-|-|-|-|-|1|-|-|-|-|-|none|none|none|none|none|rsmod
item|1325|slash|390|-|-|-|-|-|-|-|-|-|-|-|-|-|-|rsmod:steel_scimitar:attack:stance4|-|-|-|-|-|-|-|-|-|-|-|-|-|-|3|-|-|-|-|-|none|none|none|none|none|rsmod
item|1325|stab|386|-|-|-|-|-|-|-|-|-|-|-|-|-|-|rsmod:steel_scimitar:attack:stance3|-|-|-|-|-|-|-|-|-|-|-|-|-|-|2|-|-|-|-|-|none|none|none|none|none|rsmod
item|1327|slash|390|-|-|-|-|-|-|-|-|-|-|-|-|-|-|rsmod:black_scimitar:attack:stance1|-|-|-|-|-|-|-|-|-|-|-|-|-|-|0|-|-|-|-|-|none|none|none|none|none|rsmod
item|1327|slash|390|-|-|-|-|-|-|-|-|-|-|-|-|-|-|rsmod:black_scimitar:attack:stance2|-|-|-|-|-|-|-|-|-|-|-|-|-|-|1|-|-|-|-|-|none|none|none|none|none|rsmod
item|1327|slash|390|-|-|-|-|-|-|-|-|-|-|-|-|-|-|rsmod:black_scimitar:attack:stance4|-|-|-|-|-|-|-|-|-|-|-|-|-|-|3|-|-|-|-|-|none|none|none|none|none|rsmod
item|1327|stab|386|-|-|-|-|-|-|-|-|-|-|-|-|-|-|rsmod:black_scimitar:attack:stance3|-|-|-|-|-|-|-|-|-|-|-|-|-|-|2|-|-|-|-|-|none|none|none|none|none|rsmod
item|1329|slash|390|-|-|-|-|-|-|-|-|-|-|-|-|-|-|rsmod:mithril_scimitar:attack:stance1|-|-|-|-|-|-|-|-|-|-|-|-|-|-|0|-|-|-|-|-|none|none|none|none|none|rsmod
item|1329|slash|390|-|-|-|-|-|-|-|-|-|-|-|-|-|-|rsmod:mithril_scimitar:attack:stance2|-|-|-|-|-|-|-|-|-|-|-|-|-|-|1|-|-|-|-|-|none|none|none|none|none|rsmod
item|1329|slash|390|-|-|-|-|-|-|-|-|-|-|-|-|-|-|rsmod:mithril_scimitar:attack:stance4|-|-|-|-|-|-|-|-|-|-|-|-|-|-|3|-|-|-|-|-|none|none|none|none|none|rsmod
item|1329|stab|386|-|-|-|-|-|-|-|-|-|-|-|-|-|-|rsmod:mithril_scimitar:attack:stance3|-|-|-|-|-|-|-|-|-|-|-|-|-|-|2|-|-|-|-|-|none|none|none|none|none|rsmod
item|1331|slash|390|-|-|-|-|-|-|-|-|-|-|-|-|-|-|rsmod:adamant_scimitar:attack:stance1|-|-|-|-|-|-|-|-|-|-|-|-|-|-|0|-|-|-|-|-|none|none|none|none|none|rsmod
item|1331|slash|390|-|-|-|-|-|-|-|-|-|-|-|-|-|-|rsmod:adamant_scimitar:attack:stance2|-|-|-|-|-|-|-|-|-|-|-|-|-|-|1|-|-|-|-|-|none|none|none|none|none|rsmod
item|1331|slash|390|-|-|-|-|-|-|-|-|-|-|-|-|-|-|rsmod:adamant_scimitar:attack:stance4|-|-|-|-|-|-|-|-|-|-|-|-|-|-|3|-|-|-|-|-|none|none|none|none|none|rsmod
item|1331|stab|386|-|-|-|-|-|-|-|-|-|-|-|-|-|-|rsmod:adamant_scimitar:attack:stance3|-|-|-|-|-|-|-|-|-|-|-|-|-|-|2|-|-|-|-|-|none|none|none|none|none|rsmod
item|1333|slash|390|-|-|-|-|-|-|-|-|-|-|-|-|-|-|rsmod:rune_scimitar:attack:stance1|-|-|-|-|-|-|-|-|-|-|-|-|-|-|0|-|-|-|-|-|none|none|none|none|none|rsmod
item|1333|slash|390|-|-|-|-|-|-|-|-|-|-|-|-|-|-|rsmod:rune_scimitar:attack:stance2|-|-|-|-|-|-|-|-|-|-|-|-|-|-|1|-|-|-|-|-|none|none|none|none|none|rsmod
item|1333|slash|390|-|-|-|-|-|-|-|-|-|-|-|-|-|-|rsmod:rune_scimitar:attack:stance4|-|-|-|-|-|-|-|-|-|-|-|-|-|-|3|-|-|-|-|-|none|none|none|none|none|rsmod
item|1333|stab|386|-|-|-|-|-|-|-|-|-|-|-|-|-|-|rsmod:rune_scimitar:attack:stance3|-|-|-|-|-|-|-|-|-|-|-|-|-|-|2|-|-|-|-|-|none|none|none|none|none|rsmod
item|1335|crush|401|-|-|-|-|-|-|-|-|-|-|-|-|-|-|rsmod:iron_warhammer:attack:stance1|-|-|-|-|-|-|-|-|-|-|-|-|-|-|0|-|-|-|-|-|none|none|none|none|none|rsmod
item|1335|crush|401|-|-|-|-|-|-|-|-|-|-|-|-|-|-|rsmod:iron_warhammer:attack:stance2|-|-|-|-|-|-|-|-|-|-|-|-|-|-|1|-|-|-|-|-|none|none|none|none|none|rsmod
item|1335|crush|401|-|-|-|-|-|-|-|-|-|-|-|-|-|-|rsmod:iron_warhammer:attack:stance4|-|-|-|-|-|-|-|-|-|-|-|-|-|-|3|-|-|-|-|-|none|none|none|none|none|rsmod
item|1337|crush|401|-|-|-|-|-|-|-|-|-|-|-|-|-|-|rsmod:bronze_warhammer:attack:stance1|-|-|-|-|-|-|-|-|-|-|-|-|-|-|0|-|-|-|-|-|none|none|none|none|none|rsmod
item|1337|crush|401|-|-|-|-|-|-|-|-|-|-|-|-|-|-|rsmod:bronze_warhammer:attack:stance2|-|-|-|-|-|-|-|-|-|-|-|-|-|-|1|-|-|-|-|-|none|none|none|none|none|rsmod
item|1337|crush|401|-|-|-|-|-|-|-|-|-|-|-|-|-|-|rsmod:bronze_warhammer:attack:stance4|-|-|-|-|-|-|-|-|-|-|-|-|-|-|3|-|-|-|-|-|none|none|none|none|none|rsmod
item|1339|crush|401|-|-|-|-|-|-|-|-|-|-|-|-|-|-|rsmod:steel_warhammer:attack:stance1|-|-|-|-|-|-|-|-|-|-|-|-|-|-|0|-|-|-|-|-|none|none|none|none|none|rsmod
item|1339|crush|401|-|-|-|-|-|-|-|-|-|-|-|-|-|-|rsmod:steel_warhammer:attack:stance2|-|-|-|-|-|-|-|-|-|-|-|-|-|-|1|-|-|-|-|-|none|none|none|none|none|rsmod
item|1339|crush|401|-|-|-|-|-|-|-|-|-|-|-|-|-|-|rsmod:steel_warhammer:attack:stance4|-|-|-|-|-|-|-|-|-|-|-|-|-|-|3|-|-|-|-|-|none|none|none|none|none|rsmod
item|1341|crush|401|-|-|-|-|-|-|-|-|-|-|-|-|-|-|rsmod:black_warhammer:attack:stance1|-|-|-|-|-|-|-|-|-|-|-|-|-|-|0|-|-|-|-|-|none|none|none|none|none|rsmod
item|1341|crush|401|-|-|-|-|-|-|-|-|-|-|-|-|-|-|rsmod:black_warhammer:attack:stance2|-|-|-|-|-|-|-|-|-|-|-|-|-|-|1|-|-|-|-|-|none|none|none|none|none|rsmod
item|1341|crush|401|-|-|-|-|-|-|-|-|-|-|-|-|-|-|rsmod:black_warhammer:attack:stance4|-|-|-|-|-|-|-|-|-|-|-|-|-|-|3|-|-|-|-|-|none|none|none|none|none|rsmod
item|1343|crush|401|-|-|-|-|-|-|-|-|-|-|-|-|-|-|rsmod:mithril_warhammer:attack:stance1|-|-|-|-|-|-|-|-|-|-|-|-|-|-|0|-|-|-|-|-|none|none|none|none|none|rsmod
item|1343|crush|401|-|-|-|-|-|-|-|-|-|-|-|-|-|-|rsmod:mithril_warhammer:attack:stance2|-|-|-|-|-|-|-|-|-|-|-|-|-|-|1|-|-|-|-|-|none|none|none|none|none|rsmod
item|1343|crush|401|-|-|-|-|-|-|-|-|-|-|-|-|-|-|rsmod:mithril_warhammer:attack:stance4|-|-|-|-|-|-|-|-|-|-|-|-|-|-|3|-|-|-|-|-|none|none|none|none|none|rsmod
item|1345|crush|401|-|-|-|-|-|-|-|-|-|-|-|-|-|-|rsmod:adamnt_warhammer:attack:stance1|-|-|-|-|-|-|-|-|-|-|-|-|-|-|0|-|-|-|-|-|none|none|none|none|none|rsmod
item|1345|crush|401|-|-|-|-|-|-|-|-|-|-|-|-|-|-|rsmod:adamnt_warhammer:attack:stance2|-|-|-|-|-|-|-|-|-|-|-|-|-|-|1|-|-|-|-|-|none|none|none|none|none|rsmod
item|1345|crush|401|-|-|-|-|-|-|-|-|-|-|-|-|-|-|rsmod:adamnt_warhammer:attack:stance4|-|-|-|-|-|-|-|-|-|-|-|-|-|-|3|-|-|-|-|-|none|none|none|none|none|rsmod
item|1347|crush|401|-|-|-|-|-|-|-|-|-|-|-|-|-|-|rsmod:rune_warhammer:attack:stance1|-|-|-|-|-|-|-|-|-|-|-|-|-|-|0|-|-|-|-|-|none|none|none|none|none|rsmod
item|1347|crush|401|-|-|-|-|-|-|-|-|-|-|-|-|-|-|rsmod:rune_warhammer:attack:stance2|-|-|-|-|-|-|-|-|-|-|-|-|-|-|1|-|-|-|-|-|none|none|none|none|none|rsmod
item|1347|crush|401|-|-|-|-|-|-|-|-|-|-|-|-|-|-|rsmod:rune_warhammer:attack:stance4|-|-|-|-|-|-|-|-|-|-|-|-|-|-|3|-|-|-|-|-|none|none|none|none|none|rsmod
item|1349|crush|401|-|-|-|-|-|-|-|-|-|-|-|-|-|-|rsmod:iron_axe:attack:stance3|-|-|-|-|-|-|-|-|-|-|-|-|-|-|2|-|-|-|-|-|none|none|none|none|none|rsmod
item|1349|slash|395|-|-|-|-|-|-|-|-|-|-|-|-|-|-|rsmod:iron_axe:attack:stance1|-|-|-|-|-|-|-|-|-|-|-|-|-|-|0|-|-|-|-|-|none|none|none|none|none|rsmod
item|1349|slash|395|-|-|-|-|-|-|-|-|-|-|-|-|-|-|rsmod:iron_axe:attack:stance2|-|-|-|-|-|-|-|-|-|-|-|-|-|-|1|-|-|-|-|-|none|none|none|none|none|rsmod
item|1349|slash|395|-|-|-|-|-|-|-|-|-|-|-|-|-|-|rsmod:iron_axe:attack:stance4|-|-|-|-|-|-|-|-|-|-|-|-|-|-|3|-|-|-|-|-|none|none|none|none|none|rsmod
item|1351|crush|401|-|-|-|-|-|-|-|-|-|-|-|-|-|-|rsmod:bronze_axe:attack:stance3|-|-|-|-|-|-|-|-|-|-|-|-|-|-|2|-|-|-|-|-|none|none|none|none|none|rsmod
item|1351|slash|395|-|-|-|-|-|-|-|-|-|-|-|-|-|-|rsmod:bronze_axe:attack:stance1|-|-|-|-|-|-|-|-|-|-|-|-|-|-|0|-|-|-|-|-|none|none|none|none|none|rsmod
item|1351|slash|395|-|-|-|-|-|-|-|-|-|-|-|-|-|-|rsmod:bronze_axe:attack:stance2|-|-|-|-|-|-|-|-|-|-|-|-|-|-|1|-|-|-|-|-|none|none|none|none|none|rsmod
item|1351|slash|395|-|-|-|-|-|-|-|-|-|-|-|-|-|-|rsmod:bronze_axe:attack:stance4|-|-|-|-|-|-|-|-|-|-|-|-|-|-|3|-|-|-|-|-|none|none|none|none|none|rsmod
item|1353|crush|401|-|-|-|-|-|-|-|-|-|-|-|-|-|-|rsmod:steel_axe:attack:stance3|-|-|-|-|-|-|-|-|-|-|-|-|-|-|2|-|-|-|-|-|none|none|none|none|none|rsmod
item|1353|slash|395|-|-|-|-|-|-|-|-|-|-|-|-|-|-|rsmod:steel_axe:attack:stance1|-|-|-|-|-|-|-|-|-|-|-|-|-|-|0|-|-|-|-|-|none|none|none|none|none|rsmod
item|1353|slash|395|-|-|-|-|-|-|-|-|-|-|-|-|-|-|rsmod:steel_axe:attack:stance2|-|-|-|-|-|-|-|-|-|-|-|-|-|-|1|-|-|-|-|-|none|none|none|none|none|rsmod
item|1353|slash|395|-|-|-|-|-|-|-|-|-|-|-|-|-|-|rsmod:steel_axe:attack:stance4|-|-|-|-|-|-|-|-|-|-|-|-|-|-|3|-|-|-|-|-|none|none|none|none|none|rsmod
item|1355|crush|401|-|-|-|-|-|-|-|-|-|-|-|-|-|-|rsmod:mithril_axe:attack:stance3|-|-|-|-|-|-|-|-|-|-|-|-|-|-|2|-|-|-|-|-|none|none|none|none|none|rsmod
item|1355|slash|395|-|-|-|-|-|-|-|-|-|-|-|-|-|-|rsmod:mithril_axe:attack:stance1|-|-|-|-|-|-|-|-|-|-|-|-|-|-|0|-|-|-|-|-|none|none|none|none|none|rsmod
item|1355|slash|395|-|-|-|-|-|-|-|-|-|-|-|-|-|-|rsmod:mithril_axe:attack:stance2|-|-|-|-|-|-|-|-|-|-|-|-|-|-|1|-|-|-|-|-|none|none|none|none|none|rsmod
item|1355|slash|395|-|-|-|-|-|-|-|-|-|-|-|-|-|-|rsmod:mithril_axe:attack:stance4|-|-|-|-|-|-|-|-|-|-|-|-|-|-|3|-|-|-|-|-|none|none|none|none|none|rsmod
item|1357|crush|401|-|-|-|-|-|-|-|-|-|-|-|-|-|-|rsmod:adamant_axe:attack:stance3|-|-|-|-|-|-|-|-|-|-|-|-|-|-|2|-|-|-|-|-|none|none|none|none|none|rsmod
item|1357|slash|395|-|-|-|-|-|-|-|-|-|-|-|-|-|-|rsmod:adamant_axe:attack:stance1|-|-|-|-|-|-|-|-|-|-|-|-|-|-|0|-|-|-|-|-|none|none|none|none|none|rsmod
item|1357|slash|395|-|-|-|-|-|-|-|-|-|-|-|-|-|-|rsmod:adamant_axe:attack:stance2|-|-|-|-|-|-|-|-|-|-|-|-|-|-|1|-|-|-|-|-|none|none|none|none|none|rsmod
item|1357|slash|395|-|-|-|-|-|-|-|-|-|-|-|-|-|-|rsmod:adamant_axe:attack:stance4|-|-|-|-|-|-|-|-|-|-|-|-|-|-|3|-|-|-|-|-|none|none|none|none|none|rsmod
item|1359|crush|401|-|-|-|-|-|-|-|-|-|-|-|-|-|-|rsmod:rune_axe:attack:stance3|-|-|-|-|-|-|-|-|-|-|-|-|-|-|2|-|-|-|-|-|none|none|none|none|none|rsmod
item|1359|slash|395|-|-|-|-|-|-|-|-|-|-|-|-|-|-|rsmod:rune_axe:attack:stance1|-|-|-|-|-|-|-|-|-|-|-|-|-|-|0|-|-|-|-|-|none|none|none|none|none|rsmod
item|1359|slash|395|-|-|-|-|-|-|-|-|-|-|-|-|-|-|rsmod:rune_axe:attack:stance2|-|-|-|-|-|-|-|-|-|-|-|-|-|-|1|-|-|-|-|-|none|none|none|none|none|rsmod
item|1359|slash|395|-|-|-|-|-|-|-|-|-|-|-|-|-|-|rsmod:rune_axe:attack:stance4|-|-|-|-|-|-|-|-|-|-|-|-|-|-|3|-|-|-|-|-|none|none|none|none|none|rsmod
item|1361|crush|401|-|-|-|-|-|-|-|-|-|-|-|-|-|-|rsmod:black_axe:attack:stance3|-|-|-|-|-|-|-|-|-|-|-|-|-|-|2|-|-|-|-|-|none|none|none|none|none|rsmod
item|1361|slash|395|-|-|-|-|-|-|-|-|-|-|-|-|-|-|rsmod:black_axe:attack:stance1|-|-|-|-|-|-|-|-|-|-|-|-|-|-|0|-|-|-|-|-|none|none|none|none|none|rsmod
item|1361|slash|395|-|-|-|-|-|-|-|-|-|-|-|-|-|-|rsmod:black_axe:attack:stance2|-|-|-|-|-|-|-|-|-|-|-|-|-|-|1|-|-|-|-|-|none|none|none|none|none|rsmod
item|1361|slash|395|-|-|-|-|-|-|-|-|-|-|-|-|-|-|rsmod:black_axe:attack:stance4|-|-|-|-|-|-|-|-|-|-|-|-|-|-|3|-|-|-|-|-|none|none|none|none|none|rsmod
item|1363|crush|401|-|-|-|-|-|-|-|-|-|-|-|-|-|-|rsmod:iron_battleaxe:attack:stance3|-|-|-|-|-|-|-|-|-|-|-|-|-|-|2|-|-|-|-|-|none|none|none|none|none|rsmod
item|1363|slash|395|-|-|-|-|-|-|-|-|-|-|-|-|-|-|rsmod:iron_battleaxe:attack:stance1|-|-|-|-|-|-|-|-|-|-|-|-|-|-|0|-|-|-|-|-|none|none|none|none|none|rsmod
item|1363|slash|395|-|-|-|-|-|-|-|-|-|-|-|-|-|-|rsmod:iron_battleaxe:attack:stance2|-|-|-|-|-|-|-|-|-|-|-|-|-|-|1|-|-|-|-|-|none|none|none|none|none|rsmod
item|1363|slash|395|-|-|-|-|-|-|-|-|-|-|-|-|-|-|rsmod:iron_battleaxe:attack:stance4|-|-|-|-|-|-|-|-|-|-|-|-|-|-|3|-|-|-|-|-|none|none|none|none|none|rsmod
item|1365|crush|401|-|-|-|-|-|-|-|-|-|-|-|-|-|-|rsmod:steel_battleaxe:attack:stance3|-|-|-|-|-|-|-|-|-|-|-|-|-|-|2|-|-|-|-|-|none|none|none|none|none|rsmod
item|1365|slash|395|-|-|-|-|-|-|-|-|-|-|-|-|-|-|rsmod:steel_battleaxe:attack:stance1|-|-|-|-|-|-|-|-|-|-|-|-|-|-|0|-|-|-|-|-|none|none|none|none|none|rsmod
item|1365|slash|395|-|-|-|-|-|-|-|-|-|-|-|-|-|-|rsmod:steel_battleaxe:attack:stance2|-|-|-|-|-|-|-|-|-|-|-|-|-|-|1|-|-|-|-|-|none|none|none|none|none|rsmod
item|1365|slash|395|-|-|-|-|-|-|-|-|-|-|-|-|-|-|rsmod:steel_battleaxe:attack:stance4|-|-|-|-|-|-|-|-|-|-|-|-|-|-|3|-|-|-|-|-|none|none|none|none|none|rsmod
item|1367|crush|401|-|-|-|-|-|-|-|-|-|-|-|-|-|-|rsmod:black_battleaxe:attack:stance3|-|-|-|-|-|-|-|-|-|-|-|-|-|-|2|-|-|-|-|-|none|none|none|none|none|rsmod
item|1367|slash|395|-|-|-|-|-|-|-|-|-|-|-|-|-|-|rsmod:black_battleaxe:attack:stance1|-|-|-|-|-|-|-|-|-|-|-|-|-|-|0|-|-|-|-|-|none|none|none|none|none|rsmod
item|1367|slash|395|-|-|-|-|-|-|-|-|-|-|-|-|-|-|rsmod:black_battleaxe:attack:stance2|-|-|-|-|-|-|-|-|-|-|-|-|-|-|1|-|-|-|-|-|none|none|none|none|none|rsmod
item|1367|slash|395|-|-|-|-|-|-|-|-|-|-|-|-|-|-|rsmod:black_battleaxe:attack:stance4|-|-|-|-|-|-|-|-|-|-|-|-|-|-|3|-|-|-|-|-|none|none|none|none|none|rsmod
item|1369|crush|401|-|-|-|-|-|-|-|-|-|-|-|-|-|-|rsmod:mithril_battleaxe:attack:stance3|-|-|-|-|-|-|-|-|-|-|-|-|-|-|2|-|-|-|-|-|none|none|none|none|none|rsmod
item|1369|slash|395|-|-|-|-|-|-|-|-|-|-|-|-|-|-|rsmod:mithril_battleaxe:attack:stance1|-|-|-|-|-|-|-|-|-|-|-|-|-|-|0|-|-|-|-|-|none|none|none|none|none|rsmod
item|1369|slash|395|-|-|-|-|-|-|-|-|-|-|-|-|-|-|rsmod:mithril_battleaxe:attack:stance2|-|-|-|-|-|-|-|-|-|-|-|-|-|-|1|-|-|-|-|-|none|none|none|none|none|rsmod
item|1369|slash|395|-|-|-|-|-|-|-|-|-|-|-|-|-|-|rsmod:mithril_battleaxe:attack:stance4|-|-|-|-|-|-|-|-|-|-|-|-|-|-|3|-|-|-|-|-|none|none|none|none|none|rsmod
item|1371|crush|401|-|-|-|-|-|-|-|-|-|-|-|-|-|-|rsmod:adamant_battleaxe:attack:stance3|-|-|-|-|-|-|-|-|-|-|-|-|-|-|2|-|-|-|-|-|none|none|none|none|none|rsmod
item|1371|slash|395|-|-|-|-|-|-|-|-|-|-|-|-|-|-|rsmod:adamant_battleaxe:attack:stance1|-|-|-|-|-|-|-|-|-|-|-|-|-|-|0|-|-|-|-|-|none|none|none|none|none|rsmod
item|1371|slash|395|-|-|-|-|-|-|-|-|-|-|-|-|-|-|rsmod:adamant_battleaxe:attack:stance2|-|-|-|-|-|-|-|-|-|-|-|-|-|-|1|-|-|-|-|-|none|none|none|none|none|rsmod
item|1371|slash|395|-|-|-|-|-|-|-|-|-|-|-|-|-|-|rsmod:adamant_battleaxe:attack:stance4|-|-|-|-|-|-|-|-|-|-|-|-|-|-|3|-|-|-|-|-|none|none|none|none|none|rsmod
item|1373|crush|401|-|-|-|-|-|-|-|-|-|-|-|-|-|-|rsmod:rune_battleaxe:attack:stance3|-|-|-|-|-|-|-|-|-|-|-|-|-|-|2|-|-|-|-|-|none|none|none|none|none|rsmod
item|1373|slash|395|-|-|-|-|-|-|-|-|-|-|-|-|-|-|rsmod:rune_battleaxe:attack:stance1|-|-|-|-|-|-|-|-|-|-|-|-|-|-|0|-|-|-|-|-|none|none|none|none|none|rsmod
item|1373|slash|395|-|-|-|-|-|-|-|-|-|-|-|-|-|-|rsmod:rune_battleaxe:attack:stance2|-|-|-|-|-|-|-|-|-|-|-|-|-|-|1|-|-|-|-|-|none|none|none|none|none|rsmod
item|1373|slash|395|-|-|-|-|-|-|-|-|-|-|-|-|-|-|rsmod:rune_battleaxe:attack:stance4|-|-|-|-|-|-|-|-|-|-|-|-|-|-|3|-|-|-|-|-|none|none|none|none|none|rsmod
item|1375|crush|401|-|-|-|-|-|-|-|-|-|-|-|-|-|-|rsmod:bronze_battleaxe:attack:stance3|-|-|-|-|-|-|-|-|-|-|-|-|-|-|2|-|-|-|-|-|none|none|none|none|none|rsmod
item|1375|slash|395|-|-|-|-|-|-|-|-|-|-|-|-|-|-|rsmod:bronze_battleaxe:attack:stance1|-|-|-|-|-|-|-|-|-|-|-|-|-|-|0|-|-|-|-|-|none|none|none|none|none|rsmod
item|1375|slash|395|-|-|-|-|-|-|-|-|-|-|-|-|-|-|rsmod:bronze_battleaxe:attack:stance2|-|-|-|-|-|-|-|-|-|-|-|-|-|-|1|-|-|-|-|-|none|none|none|none|none|rsmod
item|1375|slash|395|-|-|-|-|-|-|-|-|-|-|-|-|-|-|rsmod:bronze_battleaxe:attack:stance4|-|-|-|-|-|-|-|-|-|-|-|-|-|-|3|-|-|-|-|-|none|none|none|none|none|rsmod
item|1377|crush|401|-|-|-|-|-|-|-|-|-|-|-|-|-|-|rsmod:dragon_battleaxe:attack:stance3|-|-|-|-|-|-|-|-|-|-|-|-|-|-|2|-|-|-|-|-|none|none|none|none|none|rsmod
item|1377|slash|395|-|-|-|-|-|-|-|-|-|-|-|-|-|-|rsmod:dragon_battleaxe:attack:stance1|-|-|-|-|-|-|-|-|-|-|-|-|-|-|0|-|-|-|-|-|none|none|none|none|none|rsmod
item|1377|slash|395|-|-|-|-|-|-|-|-|-|-|-|-|-|-|rsmod:dragon_battleaxe:attack:stance2|-|-|-|-|-|-|-|-|-|-|-|-|-|-|1|-|-|-|-|-|none|none|none|none|none|rsmod
item|1377|slash|395|-|-|-|-|-|-|-|-|-|-|-|-|-|-|rsmod:dragon_battleaxe:attack:stance4|-|-|-|-|-|-|-|-|-|-|-|-|-|-|3|-|-|-|-|-|none|none|none|none|none|rsmod
item|1379|crush|419|-|-|-|-|-|-|-|-|-|-|-|-|-|-|rsmod:plainstaff:attack:stance1|-|-|-|-|-|-|-|-|-|-|-|-|-|-|0|-|-|-|-|-|none|none|none|none|none|rsmod
item|1379|crush|419|-|-|-|-|-|-|-|-|-|-|-|-|-|-|rsmod:plainstaff:attack:stance2|-|-|-|-|-|-|-|-|-|-|-|-|-|-|1|-|-|-|-|-|none|none|none|none|none|rsmod
item|1379|crush|419|-|-|-|-|-|-|-|-|-|-|-|-|-|-|rsmod:plainstaff:attack:stance4|-|-|-|-|-|-|-|-|-|-|-|-|-|-|3|-|-|-|-|-|none|none|none|none|none|rsmod
item|1381|crush|419|-|-|-|-|-|-|-|-|-|-|-|-|-|-|rsmod:staff_of_air:attack:stance1|-|-|-|-|-|-|-|-|-|-|-|-|-|-|0|-|-|-|-|-|none|none|none|none|none|rsmod
item|1381|crush|419|-|-|-|-|-|-|-|-|-|-|-|-|-|-|rsmod:staff_of_air:attack:stance2|-|-|-|-|-|-|-|-|-|-|-|-|-|-|1|-|-|-|-|-|none|none|none|none|none|rsmod
item|1381|crush|419|-|-|-|-|-|-|-|-|-|-|-|-|-|-|rsmod:staff_of_air:attack:stance4|-|-|-|-|-|-|-|-|-|-|-|-|-|-|3|-|-|-|-|-|none|none|none|none|none|rsmod
item|1383|crush|419|-|-|-|-|-|-|-|-|-|-|-|-|-|-|rsmod:staff_of_water:attack:stance1|-|-|-|-|-|-|-|-|-|-|-|-|-|-|0|-|-|-|-|-|none|none|none|none|none|rsmod
item|1383|crush|419|-|-|-|-|-|-|-|-|-|-|-|-|-|-|rsmod:staff_of_water:attack:stance2|-|-|-|-|-|-|-|-|-|-|-|-|-|-|1|-|-|-|-|-|none|none|none|none|none|rsmod
item|1383|crush|419|-|-|-|-|-|-|-|-|-|-|-|-|-|-|rsmod:staff_of_water:attack:stance4|-|-|-|-|-|-|-|-|-|-|-|-|-|-|3|-|-|-|-|-|none|none|none|none|none|rsmod
item|1385|crush|419|-|-|-|-|-|-|-|-|-|-|-|-|-|-|rsmod:staff_of_earth:attack:stance1|-|-|-|-|-|-|-|-|-|-|-|-|-|-|0|-|-|-|-|-|none|none|none|none|none|rsmod
item|1385|crush|419|-|-|-|-|-|-|-|-|-|-|-|-|-|-|rsmod:staff_of_earth:attack:stance2|-|-|-|-|-|-|-|-|-|-|-|-|-|-|1|-|-|-|-|-|none|none|none|none|none|rsmod
item|1385|crush|419|-|-|-|-|-|-|-|-|-|-|-|-|-|-|rsmod:staff_of_earth:attack:stance4|-|-|-|-|-|-|-|-|-|-|-|-|-|-|3|-|-|-|-|-|none|none|none|none|none|rsmod
item|1387|crush|419|-|-|-|-|-|-|-|-|-|-|-|-|-|-|rsmod:staff_of_fire:attack:stance1|-|-|-|-|-|-|-|-|-|-|-|-|-|-|0|-|-|-|-|-|none|none|none|none|none|rsmod
item|1387|crush|419|-|-|-|-|-|-|-|-|-|-|-|-|-|-|rsmod:staff_of_fire:attack:stance2|-|-|-|-|-|-|-|-|-|-|-|-|-|-|1|-|-|-|-|-|none|none|none|none|none|rsmod
item|1387|crush|419|-|-|-|-|-|-|-|-|-|-|-|-|-|-|rsmod:staff_of_fire:attack:stance4|-|-|-|-|-|-|-|-|-|-|-|-|-|-|3|-|-|-|-|-|none|none|none|none|none|rsmod
item|1389|crush|419|-|-|-|-|-|-|-|-|-|-|-|-|-|-|rsmod:magic_staff:attack:stance1|-|-|-|-|-|-|-|-|-|-|-|-|-|-|0|-|-|-|-|-|none|none|none|none|none|rsmod
item|1389|crush|419|-|-|-|-|-|-|-|-|-|-|-|-|-|-|rsmod:magic_staff:attack:stance2|-|-|-|-|-|-|-|-|-|-|-|-|-|-|1|-|-|-|-|-|none|none|none|none|none|rsmod
item|1389|crush|419|-|-|-|-|-|-|-|-|-|-|-|-|-|-|rsmod:magic_staff:attack:stance4|-|-|-|-|-|-|-|-|-|-|-|-|-|-|3|-|-|-|-|-|none|none|none|none|none|rsmod
item|1391|crush|419|-|-|-|-|-|-|-|-|-|-|-|-|-|-|rsmod:battlestaff:attack:stance1|-|-|-|-|-|-|-|-|-|-|-|-|-|-|0|-|-|-|-|-|none|none|none|none|none|rsmod
item|1391|crush|419|-|-|-|-|-|-|-|-|-|-|-|-|-|-|rsmod:battlestaff:attack:stance2|-|-|-|-|-|-|-|-|-|-|-|-|-|-|1|-|-|-|-|-|none|none|none|none|none|rsmod
item|1391|crush|419|-|-|-|-|-|-|-|-|-|-|-|-|-|-|rsmod:battlestaff:attack:stance4|-|-|-|-|-|-|-|-|-|-|-|-|-|-|3|-|-|-|-|-|none|none|none|none|none|rsmod
item|1393|crush|419|-|-|-|-|-|-|-|-|-|-|-|-|-|-|rsmod:fire_battlestaff:attack:stance1|-|-|-|-|-|-|-|-|-|-|-|-|-|-|0|-|-|-|-|-|none|none|none|none|none|rsmod
item|1393|crush|419|-|-|-|-|-|-|-|-|-|-|-|-|-|-|rsmod:fire_battlestaff:attack:stance2|-|-|-|-|-|-|-|-|-|-|-|-|-|-|1|-|-|-|-|-|none|none|none|none|none|rsmod
item|1393|crush|419|-|-|-|-|-|-|-|-|-|-|-|-|-|-|rsmod:fire_battlestaff:attack:stance4|-|-|-|-|-|-|-|-|-|-|-|-|-|-|3|-|-|-|-|-|none|none|none|none|none|rsmod
item|1395|crush|419|-|-|-|-|-|-|-|-|-|-|-|-|-|-|rsmod:water_battlestaff:attack:stance1|-|-|-|-|-|-|-|-|-|-|-|-|-|-|0|-|-|-|-|-|none|none|none|none|none|rsmod
item|1395|crush|419|-|-|-|-|-|-|-|-|-|-|-|-|-|-|rsmod:water_battlestaff:attack:stance2|-|-|-|-|-|-|-|-|-|-|-|-|-|-|1|-|-|-|-|-|none|none|none|none|none|rsmod
item|1395|crush|419|-|-|-|-|-|-|-|-|-|-|-|-|-|-|rsmod:water_battlestaff:attack:stance4|-|-|-|-|-|-|-|-|-|-|-|-|-|-|3|-|-|-|-|-|none|none|none|none|none|rsmod
item|1397|crush|419|-|-|-|-|-|-|-|-|-|-|-|-|-|-|rsmod:air_battlestaff:attack:stance1|-|-|-|-|-|-|-|-|-|-|-|-|-|-|0|-|-|-|-|-|none|none|none|none|none|rsmod
item|1397|crush|419|-|-|-|-|-|-|-|-|-|-|-|-|-|-|rsmod:air_battlestaff:attack:stance2|-|-|-|-|-|-|-|-|-|-|-|-|-|-|1|-|-|-|-|-|none|none|none|none|none|rsmod
item|1397|crush|419|-|-|-|-|-|-|-|-|-|-|-|-|-|-|rsmod:air_battlestaff:attack:stance4|-|-|-|-|-|-|-|-|-|-|-|-|-|-|3|-|-|-|-|-|none|none|none|none|none|rsmod
item|1399|crush|419|-|-|-|-|-|-|-|-|-|-|-|-|-|-|rsmod:earth_battlestaff:attack:stance1|-|-|-|-|-|-|-|-|-|-|-|-|-|-|0|-|-|-|-|-|none|none|none|none|none|rsmod
item|1399|crush|419|-|-|-|-|-|-|-|-|-|-|-|-|-|-|rsmod:earth_battlestaff:attack:stance2|-|-|-|-|-|-|-|-|-|-|-|-|-|-|1|-|-|-|-|-|none|none|none|none|none|rsmod
item|1399|crush|419|-|-|-|-|-|-|-|-|-|-|-|-|-|-|rsmod:earth_battlestaff:attack:stance4|-|-|-|-|-|-|-|-|-|-|-|-|-|-|3|-|-|-|-|-|none|none|none|none|none|rsmod
item|1401|crush|419|-|-|-|-|-|-|-|-|-|-|-|-|-|-|rsmod:mystic_fire_staff:attack:stance1|-|-|-|-|-|-|-|-|-|-|-|-|-|-|0|-|-|-|-|-|none|none|none|none|none|rsmod
item|1401|crush|419|-|-|-|-|-|-|-|-|-|-|-|-|-|-|rsmod:mystic_fire_staff:attack:stance2|-|-|-|-|-|-|-|-|-|-|-|-|-|-|1|-|-|-|-|-|none|none|none|none|none|rsmod
item|1401|crush|419|-|-|-|-|-|-|-|-|-|-|-|-|-|-|rsmod:mystic_fire_staff:attack:stance4|-|-|-|-|-|-|-|-|-|-|-|-|-|-|3|-|-|-|-|-|none|none|none|none|none|rsmod
item|1403|crush|419|-|-|-|-|-|-|-|-|-|-|-|-|-|-|rsmod:mystic_water_staff:attack:stance1|-|-|-|-|-|-|-|-|-|-|-|-|-|-|0|-|-|-|-|-|none|none|none|none|none|rsmod
item|1403|crush|419|-|-|-|-|-|-|-|-|-|-|-|-|-|-|rsmod:mystic_water_staff:attack:stance2|-|-|-|-|-|-|-|-|-|-|-|-|-|-|1|-|-|-|-|-|none|none|none|none|none|rsmod
item|1403|crush|419|-|-|-|-|-|-|-|-|-|-|-|-|-|-|rsmod:mystic_water_staff:attack:stance4|-|-|-|-|-|-|-|-|-|-|-|-|-|-|3|-|-|-|-|-|none|none|none|none|none|rsmod
item|1405|crush|419|-|-|-|-|-|-|-|-|-|-|-|-|-|-|rsmod:mystic_air_staff:attack:stance1|-|-|-|-|-|-|-|-|-|-|-|-|-|-|0|-|-|-|-|-|none|none|none|none|none|rsmod
item|1405|crush|419|-|-|-|-|-|-|-|-|-|-|-|-|-|-|rsmod:mystic_air_staff:attack:stance2|-|-|-|-|-|-|-|-|-|-|-|-|-|-|1|-|-|-|-|-|none|none|none|none|none|rsmod
item|1405|crush|419|-|-|-|-|-|-|-|-|-|-|-|-|-|-|rsmod:mystic_air_staff:attack:stance4|-|-|-|-|-|-|-|-|-|-|-|-|-|-|3|-|-|-|-|-|none|none|none|none|none|rsmod
item|1407|crush|419|-|-|-|-|-|-|-|-|-|-|-|-|-|-|rsmod:mystic_earth_staff:attack:stance1|-|-|-|-|-|-|-|-|-|-|-|-|-|-|0|-|-|-|-|-|none|none|none|none|none|rsmod
item|1407|crush|419|-|-|-|-|-|-|-|-|-|-|-|-|-|-|rsmod:mystic_earth_staff:attack:stance2|-|-|-|-|-|-|-|-|-|-|-|-|-|-|1|-|-|-|-|-|none|none|none|none|none|rsmod
item|1407|crush|419|-|-|-|-|-|-|-|-|-|-|-|-|-|-|rsmod:mystic_earth_staff:attack:stance4|-|-|-|-|-|-|-|-|-|-|-|-|-|-|3|-|-|-|-|-|none|none|none|none|none|rsmod
item|1409|crush|401|-|-|-|-|-|-|-|-|-|-|-|-|-|-|rsmod:ibanstaff:attack:stance1|-|-|-|-|-|-|-|-|-|-|-|-|-|-|0|-|-|-|-|-|none|none|none|none|none|rsmod
item|1409|crush|401|-|-|-|-|-|-|-|-|-|-|-|-|-|-|rsmod:ibanstaff:attack:stance2|-|-|-|-|-|-|-|-|-|-|-|-|-|-|1|-|-|-|-|-|none|none|none|none|none|rsmod
item|1409|crush|401|-|-|-|-|-|-|-|-|-|-|-|-|-|-|rsmod:ibanstaff:attack:stance4|-|-|-|-|-|-|-|-|-|-|-|-|-|-|3|-|-|-|-|-|none|none|none|none|none|rsmod
item|1419|crush|438|-|-|-|-|-|-|-|-|-|-|-|-|-|-|rsmod:scythe:attack:stance3|-|-|-|-|-|-|-|-|-|-|-|-|-|-|2|-|-|-|-|-|none|none|none|none|none|rsmod
item|1419|slash|440|-|-|-|-|-|-|-|-|-|-|-|-|-|-|rsmod:scythe:attack:stance1|-|-|-|-|-|-|-|-|-|-|-|-|-|-|0|-|-|-|-|-|none|none|none|none|none|rsmod
item|1419|slash|440|-|-|-|-|-|-|-|-|-|-|-|-|-|-|rsmod:scythe:attack:stance2|-|-|-|-|-|-|-|-|-|-|-|-|-|-|1|-|-|-|-|-|none|none|none|none|none|rsmod
item|1419|slash|440|-|-|-|-|-|-|-|-|-|-|-|-|-|-|rsmod:scythe:attack:stance4|-|-|-|-|-|-|-|-|-|-|-|-|-|-|3|-|-|-|-|-|none|none|none|none|none|rsmod
item|1420|crush|401|-|-|-|-|-|-|-|-|-|-|-|-|-|-|rsmod:iron_mace:attack:stance1|-|-|-|-|-|-|-|-|-|-|-|-|-|-|0|-|-|-|-|-|none|none|none|none|none|rsmod
item|1420|crush|401|-|-|-|-|-|-|-|-|-|-|-|-|-|-|rsmod:iron_mace:attack:stance2|-|-|-|-|-|-|-|-|-|-|-|-|-|-|1|-|-|-|-|-|none|none|none|none|none|rsmod
item|1420|crush|401|-|-|-|-|-|-|-|-|-|-|-|-|-|-|rsmod:iron_mace:attack:stance4|-|-|-|-|-|-|-|-|-|-|-|-|-|-|3|-|-|-|-|-|none|none|none|none|none|rsmod
item|1420|stab|400|-|-|-|-|-|-|-|-|-|-|-|-|-|-|rsmod:iron_mace:attack:stance3|-|-|-|-|-|-|-|-|-|-|-|-|-|-|2|-|-|-|-|-|none|none|none|none|none|rsmod
item|1422|crush|401|-|-|-|-|-|-|-|-|-|-|-|-|-|-|rsmod:bronze_mace:attack:stance1|-|-|-|-|-|-|-|-|-|-|-|-|-|-|0|-|-|-|-|-|none|none|none|none|none|rsmod
item|1422|crush|401|-|-|-|-|-|-|-|-|-|-|-|-|-|-|rsmod:bronze_mace:attack:stance2|-|-|-|-|-|-|-|-|-|-|-|-|-|-|1|-|-|-|-|-|none|none|none|none|none|rsmod
item|1422|crush|401|-|-|-|-|-|-|-|-|-|-|-|-|-|-|rsmod:bronze_mace:attack:stance4|-|-|-|-|-|-|-|-|-|-|-|-|-|-|3|-|-|-|-|-|none|none|none|none|none|rsmod
item|1422|stab|400|-|-|-|-|-|-|-|-|-|-|-|-|-|-|rsmod:bronze_mace:attack:stance3|-|-|-|-|-|-|-|-|-|-|-|-|-|-|2|-|-|-|-|-|none|none|none|none|none|rsmod
item|1424|crush|401|-|-|-|-|-|-|-|-|-|-|-|-|-|-|rsmod:steel_mace:attack:stance1|-|-|-|-|-|-|-|-|-|-|-|-|-|-|0|-|-|-|-|-|none|none|none|none|none|rsmod
item|1424|crush|401|-|-|-|-|-|-|-|-|-|-|-|-|-|-|rsmod:steel_mace:attack:stance2|-|-|-|-|-|-|-|-|-|-|-|-|-|-|1|-|-|-|-|-|none|none|none|none|none|rsmod
item|1424|crush|401|-|-|-|-|-|-|-|-|-|-|-|-|-|-|rsmod:steel_mace:attack:stance4|-|-|-|-|-|-|-|-|-|-|-|-|-|-|3|-|-|-|-|-|none|none|none|none|none|rsmod
item|1424|stab|400|-|-|-|-|-|-|-|-|-|-|-|-|-|-|rsmod:steel_mace:attack:stance3|-|-|-|-|-|-|-|-|-|-|-|-|-|-|2|-|-|-|-|-|none|none|none|none|none|rsmod
item|1426|crush|401|-|-|-|-|-|-|-|-|-|-|-|-|-|-|rsmod:black_mace:attack:stance1|-|-|-|-|-|-|-|-|-|-|-|-|-|-|0|-|-|-|-|-|none|none|none|none|none|rsmod
item|1426|crush|401|-|-|-|-|-|-|-|-|-|-|-|-|-|-|rsmod:black_mace:attack:stance2|-|-|-|-|-|-|-|-|-|-|-|-|-|-|1|-|-|-|-|-|none|none|none|none|none|rsmod
item|1426|crush|401|-|-|-|-|-|-|-|-|-|-|-|-|-|-|rsmod:black_mace:attack:stance4|-|-|-|-|-|-|-|-|-|-|-|-|-|-|3|-|-|-|-|-|none|none|none|none|none|rsmod
item|1426|stab|400|-|-|-|-|-|-|-|-|-|-|-|-|-|-|rsmod:black_mace:attack:stance3|-|-|-|-|-|-|-|-|-|-|-|-|-|-|2|-|-|-|-|-|none|none|none|none|none|rsmod
item|1428|crush|401|-|-|-|-|-|-|-|-|-|-|-|-|-|-|rsmod:mithril_mace:attack:stance1|-|-|-|-|-|-|-|-|-|-|-|-|-|-|0|-|-|-|-|-|none|none|none|none|none|rsmod
item|1428|crush|401|-|-|-|-|-|-|-|-|-|-|-|-|-|-|rsmod:mithril_mace:attack:stance2|-|-|-|-|-|-|-|-|-|-|-|-|-|-|1|-|-|-|-|-|none|none|none|none|none|rsmod
item|1428|crush|401|-|-|-|-|-|-|-|-|-|-|-|-|-|-|rsmod:mithril_mace:attack:stance4|-|-|-|-|-|-|-|-|-|-|-|-|-|-|3|-|-|-|-|-|none|none|none|none|none|rsmod
item|1428|stab|400|-|-|-|-|-|-|-|-|-|-|-|-|-|-|rsmod:mithril_mace:attack:stance3|-|-|-|-|-|-|-|-|-|-|-|-|-|-|2|-|-|-|-|-|none|none|none|none|none|rsmod
item|1430|crush|401|-|-|-|-|-|-|-|-|-|-|-|-|-|-|rsmod:adamant_mace:attack:stance1|-|-|-|-|-|-|-|-|-|-|-|-|-|-|0|-|-|-|-|-|none|none|none|none|none|rsmod
item|1430|crush|401|-|-|-|-|-|-|-|-|-|-|-|-|-|-|rsmod:adamant_mace:attack:stance2|-|-|-|-|-|-|-|-|-|-|-|-|-|-|1|-|-|-|-|-|none|none|none|none|none|rsmod
item|1430|crush|401|-|-|-|-|-|-|-|-|-|-|-|-|-|-|rsmod:adamant_mace:attack:stance4|-|-|-|-|-|-|-|-|-|-|-|-|-|-|3|-|-|-|-|-|none|none|none|none|none|rsmod
item|1430|stab|400|-|-|-|-|-|-|-|-|-|-|-|-|-|-|rsmod:adamant_mace:attack:stance3|-|-|-|-|-|-|-|-|-|-|-|-|-|-|2|-|-|-|-|-|none|none|none|none|none|rsmod
item|1432|crush|401|-|-|-|-|-|-|-|-|-|-|-|-|-|-|rsmod:rune_mace:attack:stance1|-|-|-|-|-|-|-|-|-|-|-|-|-|-|0|-|-|-|-|-|none|none|none|none|none|rsmod
item|1432|crush|401|-|-|-|-|-|-|-|-|-|-|-|-|-|-|rsmod:rune_mace:attack:stance2|-|-|-|-|-|-|-|-|-|-|-|-|-|-|1|-|-|-|-|-|none|none|none|none|none|rsmod
item|1432|crush|401|-|-|-|-|-|-|-|-|-|-|-|-|-|-|rsmod:rune_mace:attack:stance4|-|-|-|-|-|-|-|-|-|-|-|-|-|-|3|-|-|-|-|-|none|none|none|none|none|rsmod
item|1432|stab|400|-|-|-|-|-|-|-|-|-|-|-|-|-|-|rsmod:rune_mace:attack:stance3|-|-|-|-|-|-|-|-|-|-|-|-|-|-|2|-|-|-|-|-|none|none|none|none|none|rsmod
item|1434|crush|401|-|-|-|-|-|-|-|-|-|-|-|-|-|-|rsmod:dragon_mace:attack:stance1|-|-|-|-|-|-|-|-|-|-|-|-|-|-|0|-|-|-|-|-|none|none|none|none|none|rsmod
item|1434|crush|401|-|-|-|-|-|-|-|-|-|-|-|-|-|-|rsmod:dragon_mace:attack:stance2|-|-|-|-|-|-|-|-|-|-|-|-|-|-|1|-|-|-|-|-|none|none|none|none|none|rsmod
item|1434|crush|401|-|-|-|-|-|-|-|-|-|-|-|-|-|-|rsmod:dragon_mace:attack:stance4|-|-|-|-|-|-|-|-|-|-|-|-|-|-|3|-|-|-|-|-|none|none|none|none|none|rsmod
item|1434|stab|400|-|-|-|-|-|-|-|-|-|-|-|-|-|-|rsmod:dragon_mace:attack:stance3|-|-|-|-|-|-|-|-|-|-|-|-|-|-|2|-|-|-|-|-|none|none|none|none|none|rsmod
item|2402|slash|390|-|-|-|-|-|-|-|-|-|-|-|-|-|-|rsmod:silverlight:attack:stance1|-|-|-|-|-|-|-|-|-|-|-|-|-|-|0|-|-|-|-|-|none|none|none|none|none|rsmod
item|2402|slash|390|-|-|-|-|-|-|-|-|-|-|-|-|-|-|rsmod:silverlight:attack:stance2|-|-|-|-|-|-|-|-|-|-|-|-|-|-|1|-|-|-|-|-|none|none|none|none|none|rsmod
item|2402|slash|390|-|-|-|-|-|-|-|-|-|-|-|-|-|-|rsmod:silverlight:attack:stance4|-|-|-|-|-|-|-|-|-|-|-|-|-|-|3|-|-|-|-|-|none|none|none|none|none|rsmod
item|2402|stab|386|-|-|-|-|-|-|-|-|-|-|-|-|-|-|rsmod:silverlight:attack:stance3|-|-|-|-|-|-|-|-|-|-|-|-|-|-|2|-|-|-|-|-|none|none|none|none|none|rsmod
item|2415|crush|401|-|-|-|-|-|-|-|-|-|-|-|-|-|-|rsmod:saradomin_staff:attack:stance1|-|-|-|-|-|-|-|-|-|-|-|-|-|-|0|-|-|-|-|-|none|none|none|none|none|rsmod
item|2415|crush|401|-|-|-|-|-|-|-|-|-|-|-|-|-|-|rsmod:saradomin_staff:attack:stance2|-|-|-|-|-|-|-|-|-|-|-|-|-|-|1|-|-|-|-|-|none|none|none|none|none|rsmod
item|2415|crush|401|-|-|-|-|-|-|-|-|-|-|-|-|-|-|rsmod:saradomin_staff:attack:stance4|-|-|-|-|-|-|-|-|-|-|-|-|-|-|3|-|-|-|-|-|none|none|none|none|none|rsmod
item|2416|crush|401|-|-|-|-|-|-|-|-|-|-|-|-|-|-|rsmod:guthix_staff:attack:stance1|-|-|-|-|-|-|-|-|-|-|-|-|-|-|0|-|-|-|-|-|none|none|none|none|none|rsmod
item|2416|crush|401|-|-|-|-|-|-|-|-|-|-|-|-|-|-|rsmod:guthix_staff:attack:stance2|-|-|-|-|-|-|-|-|-|-|-|-|-|-|1|-|-|-|-|-|none|none|none|none|none|rsmod
item|2416|crush|401|-|-|-|-|-|-|-|-|-|-|-|-|-|-|rsmod:guthix_staff:attack:stance4|-|-|-|-|-|-|-|-|-|-|-|-|-|-|3|-|-|-|-|-|none|none|none|none|none|rsmod
item|2417|crush|401|-|-|-|-|-|-|-|-|-|-|-|-|-|-|rsmod:zamorak_staff:attack:stance1|-|-|-|-|-|-|-|-|-|-|-|-|-|-|0|-|-|-|-|-|none|none|none|none|none|rsmod
item|2417|crush|401|-|-|-|-|-|-|-|-|-|-|-|-|-|-|rsmod:zamorak_staff:attack:stance2|-|-|-|-|-|-|-|-|-|-|-|-|-|-|1|-|-|-|-|-|none|none|none|none|none|rsmod
item|2417|crush|401|-|-|-|-|-|-|-|-|-|-|-|-|-|-|rsmod:zamorak_staff:attack:stance4|-|-|-|-|-|-|-|-|-|-|-|-|-|-|3|-|-|-|-|-|none|none|none|none|none|rsmod
item|2460|crush|400|-|-|-|-|-|-|-|-|-|-|-|-|-|-|rsmod:flowers_waterfall_quest:attack:stance1|-|-|-|-|-|-|-|-|-|-|-|-|-|-|0|-|-|-|-|-|none|none|none|none|none|rsmod
item|2460|crush|400|-|-|-|-|-|-|-|-|-|-|-|-|-|-|rsmod:flowers_waterfall_quest:attack:stance2|-|-|-|-|-|-|-|-|-|-|-|-|-|-|1|-|-|-|-|-|none|none|none|none|none|rsmod
item|2460|crush|400|-|-|-|-|-|-|-|-|-|-|-|-|-|-|rsmod:flowers_waterfall_quest:attack:stance4|-|-|-|-|-|-|-|-|-|-|-|-|-|-|3|-|-|-|-|-|none|none|none|none|none|rsmod
item|2462|crush|400|-|-|-|-|-|-|-|-|-|-|-|-|-|-|rsmod:flowers_waterfall_quest_red:attack:stance1|-|-|-|-|-|-|-|-|-|-|-|-|-|-|0|-|-|-|-|-|none|none|none|none|none|rsmod
item|2462|crush|400|-|-|-|-|-|-|-|-|-|-|-|-|-|-|rsmod:flowers_waterfall_quest_red:attack:stance2|-|-|-|-|-|-|-|-|-|-|-|-|-|-|1|-|-|-|-|-|none|none|none|none|none|rsmod
item|2462|crush|400|-|-|-|-|-|-|-|-|-|-|-|-|-|-|rsmod:flowers_waterfall_quest_red:attack:stance4|-|-|-|-|-|-|-|-|-|-|-|-|-|-|3|-|-|-|-|-|none|none|none|none|none|rsmod
item|2464|crush|400|-|-|-|-|-|-|-|-|-|-|-|-|-|-|rsmod:flowers_waterfall_quest_blue:attack:stance1|-|-|-|-|-|-|-|-|-|-|-|-|-|-|0|-|-|-|-|-|none|none|none|none|none|rsmod
item|2464|crush|400|-|-|-|-|-|-|-|-|-|-|-|-|-|-|rsmod:flowers_waterfall_quest_blue:attack:stance2|-|-|-|-|-|-|-|-|-|-|-|-|-|-|1|-|-|-|-|-|none|none|none|none|none|rsmod
item|2464|crush|400|-|-|-|-|-|-|-|-|-|-|-|-|-|-|rsmod:flowers_waterfall_quest_blue:attack:stance4|-|-|-|-|-|-|-|-|-|-|-|-|-|-|3|-|-|-|-|-|none|none|none|none|none|rsmod
item|2466|crush|400|-|-|-|-|-|-|-|-|-|-|-|-|-|-|rsmod:flowers_waterfall_quest_yellow:attack:stance1|-|-|-|-|-|-|-|-|-|-|-|-|-|-|0|-|-|-|-|-|none|none|none|none|none|rsmod
item|2466|crush|400|-|-|-|-|-|-|-|-|-|-|-|-|-|-|rsmod:flowers_waterfall_quest_yellow:attack:stance2|-|-|-|-|-|-|-|-|-|-|-|-|-|-|1|-|-|-|-|-|none|none|none|none|none|rsmod
item|2466|crush|400|-|-|-|-|-|-|-|-|-|-|-|-|-|-|rsmod:flowers_waterfall_quest_yellow:attack:stance4|-|-|-|-|-|-|-|-|-|-|-|-|-|-|3|-|-|-|-|-|none|none|none|none|none|rsmod
item|2468|crush|400|-|-|-|-|-|-|-|-|-|-|-|-|-|-|rsmod:flowers_waterfall_quest_purple:attack:stance1|-|-|-|-|-|-|-|-|-|-|-|-|-|-|0|-|-|-|-|-|none|none|none|none|none|rsmod
item|2468|crush|400|-|-|-|-|-|-|-|-|-|-|-|-|-|-|rsmod:flowers_waterfall_quest_purple:attack:stance2|-|-|-|-|-|-|-|-|-|-|-|-|-|-|1|-|-|-|-|-|none|none|none|none|none|rsmod
item|2468|crush|400|-|-|-|-|-|-|-|-|-|-|-|-|-|-|rsmod:flowers_waterfall_quest_purple:attack:stance4|-|-|-|-|-|-|-|-|-|-|-|-|-|-|3|-|-|-|-|-|none|none|none|none|none|rsmod
item|2470|crush|400|-|-|-|-|-|-|-|-|-|-|-|-|-|-|rsmod:flowers_waterfall_quest_orange:attack:stance1|-|-|-|-|-|-|-|-|-|-|-|-|-|-|0|-|-|-|-|-|none|none|none|none|none|rsmod
item|2470|crush|400|-|-|-|-|-|-|-|-|-|-|-|-|-|-|rsmod:flowers_waterfall_quest_orange:attack:stance2|-|-|-|-|-|-|-|-|-|-|-|-|-|-|1|-|-|-|-|-|none|none|none|none|none|rsmod
item|2470|crush|400|-|-|-|-|-|-|-|-|-|-|-|-|-|-|rsmod:flowers_waterfall_quest_orange:attack:stance4|-|-|-|-|-|-|-|-|-|-|-|-|-|-|3|-|-|-|-|-|none|none|none|none|none|rsmod
item|2472|crush|400|-|-|-|-|-|-|-|-|-|-|-|-|-|-|rsmod:flowers_waterfall_quest_mixed:attack:stance1|-|-|-|-|-|-|-|-|-|-|-|-|-|-|0|-|-|-|-|-|none|none|none|none|none|rsmod
item|2472|crush|400|-|-|-|-|-|-|-|-|-|-|-|-|-|-|rsmod:flowers_waterfall_quest_mixed:attack:stance2|-|-|-|-|-|-|-|-|-|-|-|-|-|-|1|-|-|-|-|-|none|none|none|none|none|rsmod
item|2472|crush|400|-|-|-|-|-|-|-|-|-|-|-|-|-|-|rsmod:flowers_waterfall_quest_mixed:attack:stance4|-|-|-|-|-|-|-|-|-|-|-|-|-|-|3|-|-|-|-|-|none|none|none|none|none|rsmod
item|2474|crush|400|-|-|-|-|-|-|-|-|-|-|-|-|-|-|rsmod:flowers_waterfall_quest_white:attack:stance1|-|-|-|-|-|-|-|-|-|-|-|-|-|-|0|-|-|-|-|-|none|none|none|none|none|rsmod
item|2474|crush|400|-|-|-|-|-|-|-|-|-|-|-|-|-|-|rsmod:flowers_waterfall_quest_white:attack:stance2|-|-|-|-|-|-|-|-|-|-|-|-|-|-|1|-|-|-|-|-|none|none|none|none|none|rsmod
item|2474|crush|400|-|-|-|-|-|-|-|-|-|-|-|-|-|-|rsmod:flowers_waterfall_quest_white:attack:stance4|-|-|-|-|-|-|-|-|-|-|-|-|-|-|3|-|-|-|-|-|none|none|none|none|none|rsmod
item|2476|crush|400|-|-|-|-|-|-|-|-|-|-|-|-|-|-|rsmod:flowers_waterfall_quest_black:attack:stance1|-|-|-|-|-|-|-|-|-|-|-|-|-|-|0|-|-|-|-|-|none|none|none|none|none|rsmod
item|2476|crush|400|-|-|-|-|-|-|-|-|-|-|-|-|-|-|rsmod:flowers_waterfall_quest_black:attack:stance2|-|-|-|-|-|-|-|-|-|-|-|-|-|-|1|-|-|-|-|-|none|none|none|none|none|rsmod
item|2476|crush|400|-|-|-|-|-|-|-|-|-|-|-|-|-|-|rsmod:flowers_waterfall_quest_black:attack:stance4|-|-|-|-|-|-|-|-|-|-|-|-|-|-|3|-|-|-|-|-|none|none|none|none|none|rsmod
item|2866|ranged|-|243|242|-|3136|-|2|2|-|-|-|-|-|-|-|rsmod:ogre_arrow:projectile|-|-|-|-|-|-|-|-|-|-|-|-|-|-|-|-|-|-|-|-|travel_projectile|source_actor|target_actor|source_actor|target_actor|rsmod
item|2883|ranged|426|-|-|-|-|-|3|3|163|146|41|15|5|11|5|rsmod:ogre_bow:attack:stance1|-|-|-|-|-|-|-|-|-|-|-|-|-|-|0|-|-|-|-|-|none|none|none|none|none|rsmod
item|2883|ranged|426|-|-|-|-|-|3|3|163|146|41|15|5|11|5|rsmod:ogre_bow:attack:stance2|-|-|-|-|-|-|-|-|-|-|-|-|-|-|1|-|-|-|-|-|none|none|none|none|none|rsmod
item|2883|ranged|426|-|-|-|-|-|3|3|163|146|41|15|5|11|5|rsmod:ogre_bow:attack:stance4|-|-|-|-|-|-|-|-|-|-|-|-|-|-|3|-|-|-|-|-|none|none|none|none|none|rsmod
item|2952|slash|390|-|-|-|-|-|-|-|-|-|-|-|-|-|-|rsmod:dagger_wolfbane:attack:stance3|-|-|-|-|-|-|-|-|-|-|-|-|-|-|2|-|-|-|-|-|none|none|none|none|none|rsmod
item|2952|stab|6095|-|-|-|-|-|-|-|-|-|-|-|-|-|-|rsmod:dagger_wolfbane:attack:stance1|-|-|-|-|-|-|-|-|-|-|-|-|-|-|0|-|-|-|-|-|none|none|none|none|none|rsmod
item|2952|stab|6095|-|-|-|-|-|-|-|-|-|-|-|-|-|-|rsmod:dagger_wolfbane:attack:stance2|-|-|-|-|-|-|-|-|-|-|-|-|-|-|1|-|-|-|-|-|none|none|none|none|none|rsmod
item|2952|stab|6095|-|-|-|-|-|-|-|-|-|-|-|-|-|-|rsmod:dagger_wolfbane:attack:stance4|-|-|-|-|-|-|-|-|-|-|-|-|-|-|3|-|-|-|-|-|none|none|none|none|none|rsmod
item|2961|slash|390|-|-|-|-|-|-|-|-|-|-|-|-|-|-|rsmod:silver_sickle:attack:stance1|-|-|-|-|-|-|-|-|-|-|-|-|-|-|0|-|-|-|-|-|none|none|none|none|none|rsmod
item|2961|slash|390|-|-|-|-|-|-|-|-|-|-|-|-|-|-|rsmod:silver_sickle:attack:stance2|-|-|-|-|-|-|-|-|-|-|-|-|-|-|1|-|-|-|-|-|none|none|none|none|none|rsmod
item|2961|slash|390|-|-|-|-|-|-|-|-|-|-|-|-|-|-|rsmod:silver_sickle:attack:stance4|-|-|-|-|-|-|-|-|-|-|-|-|-|-|3|-|-|-|-|-|none|none|none|none|none|rsmod
item|2961|stab|386|-|-|-|-|-|-|-|-|-|-|-|-|-|-|rsmod:silver_sickle:attack:stance3|-|-|-|-|-|-|-|-|-|-|-|-|-|-|2|-|-|-|-|-|none|none|none|none|none|rsmod
item|2963|slash|390|-|-|-|-|-|-|-|-|-|-|-|-|-|-|rsmod:silver_sickle_blessed:attack:stance1|-|-|-|-|-|-|-|-|-|-|-|-|-|-|0|-|-|-|-|-|none|none|none|none|none|rsmod
item|2963|slash|390|-|-|-|-|-|-|-|-|-|-|-|-|-|-|rsmod:silver_sickle_blessed:attack:stance2|-|-|-|-|-|-|-|-|-|-|-|-|-|-|1|-|-|-|-|-|none|none|none|none|none|rsmod
item|2963|slash|390|-|-|-|-|-|-|-|-|-|-|-|-|-|-|rsmod:silver_sickle_blessed:attack:stance4|-|-|-|-|-|-|-|-|-|-|-|-|-|-|3|-|-|-|-|-|none|none|none|none|none|rsmod
item|2963|stab|386|-|-|-|-|-|-|-|-|-|-|-|-|-|-|rsmod:silver_sickle_blessed:attack:stance3|-|-|-|-|-|-|-|-|-|-|-|-|-|-|2|-|-|-|-|-|none|none|none|none|none|rsmod
item|3053|crush|419|-|-|-|-|-|-|-|-|-|-|-|-|-|-|rsmod:lava_battlestaff:attack:stance1|-|-|-|-|-|-|-|-|-|-|-|-|-|-|0|-|-|-|-|-|none|none|none|none|none|rsmod
item|3053|crush|419|-|-|-|-|-|-|-|-|-|-|-|-|-|-|rsmod:lava_battlestaff:attack:stance2|-|-|-|-|-|-|-|-|-|-|-|-|-|-|1|-|-|-|-|-|none|none|none|none|none|rsmod
item|3053|crush|419|-|-|-|-|-|-|-|-|-|-|-|-|-|-|rsmod:lava_battlestaff:attack:stance4|-|-|-|-|-|-|-|-|-|-|-|-|-|-|3|-|-|-|-|-|none|none|none|none|none|rsmod
item|3054|crush|419|-|-|-|-|-|-|-|-|-|-|-|-|-|-|rsmod:mystic_lava_staff:attack:stance1|-|-|-|-|-|-|-|-|-|-|-|-|-|-|0|-|-|-|-|-|none|none|none|none|none|rsmod
item|3054|crush|419|-|-|-|-|-|-|-|-|-|-|-|-|-|-|rsmod:mystic_lava_staff:attack:stance2|-|-|-|-|-|-|-|-|-|-|-|-|-|-|1|-|-|-|-|-|none|none|none|none|none|rsmod
item|3054|crush|419|-|-|-|-|-|-|-|-|-|-|-|-|-|-|rsmod:mystic_lava_staff:attack:stance4|-|-|-|-|-|-|-|-|-|-|-|-|-|-|3|-|-|-|-|-|none|none|none|none|none|rsmod
item|3093|ranged|-|273|34|-|3131|-|2|2|163|146|32|15|0|11|5|rsmod:black_dart:projectile|-|-|-|-|-|-|-|-|-|-|-|-|-|-|-|-|-|-|-|-|travel_projectile|source_actor|target_actor|source_actor|target_actor|rsmod
item|3093|ranged|7554|-|-|-|-|-|2|2|163|146|32|15|0|11|5|rsmod:black_dart:attack:stance1|-|-|-|-|-|-|-|-|-|-|-|-|-|-|0|-|-|-|-|-|none|none|none|none|none|rsmod
item|3093|ranged|7554|-|-|-|-|-|2|2|163|146|32|15|0|11|5|rsmod:black_dart:attack:stance2|-|-|-|-|-|-|-|-|-|-|-|-|-|-|1|-|-|-|-|-|none|none|none|none|none|rsmod
item|3093|ranged|7554|-|-|-|-|-|2|2|163|146|32|15|0|11|5|rsmod:black_dart:attack:stance4|-|-|-|-|-|-|-|-|-|-|-|-|-|-|3|-|-|-|-|-|none|none|none|none|none|rsmod
item|3094|ranged|-|273|34|-|3131|-|2|2|163|146|32|15|0|11|5|rsmod:black_dart_p:projectile|-|-|-|-|-|-|-|-|-|-|-|-|-|-|-|-|-|-|-|-|travel_projectile|source_actor|target_actor|source_actor|target_actor|rsmod
item|3094|ranged|7554|-|-|-|-|-|2|2|163|146|32|15|0|11|5|rsmod:black_dart_p:attack:stance1|-|-|-|-|-|-|-|-|-|-|-|-|-|-|0|-|-|-|-|-|none|none|none|none|none|rsmod
item|3094|ranged|7554|-|-|-|-|-|2|2|163|146|32|15|0|11|5|rsmod:black_dart_p:attack:stance2|-|-|-|-|-|-|-|-|-|-|-|-|-|-|1|-|-|-|-|-|none|none|none|none|none|rsmod
item|3094|ranged|7554|-|-|-|-|-|2|2|163|146|32|15|0|11|5|rsmod:black_dart_p:attack:stance4|-|-|-|-|-|-|-|-|-|-|-|-|-|-|3|-|-|-|-|-|none|none|none|none|none|rsmod
item|3095|slash|393|-|-|-|-|-|-|-|-|-|-|-|-|-|-|rsmod:bronze_claws:attack:stance1|-|-|-|-|-|-|-|-|-|-|-|-|-|-|0|-|-|-|-|-|none|none|none|none|none|rsmod
item|3095|slash|393|-|-|-|-|-|-|-|-|-|-|-|-|-|-|rsmod:bronze_claws:attack:stance2|-|-|-|-|-|-|-|-|-|-|-|-|-|-|1|-|-|-|-|-|none|none|none|none|none|rsmod
item|3095|slash|393|-|-|-|-|-|-|-|-|-|-|-|-|-|-|rsmod:bronze_claws:attack:stance4|-|-|-|-|-|-|-|-|-|-|-|-|-|-|3|-|-|-|-|-|none|none|none|none|none|rsmod
item|3095|stab|1067|-|-|-|-|-|-|-|-|-|-|-|-|-|-|rsmod:bronze_claws:attack:stance3|-|-|-|-|-|-|-|-|-|-|-|-|-|-|2|-|-|-|-|-|none|none|none|none|none|rsmod
item|3096|slash|393|-|-|-|-|-|-|-|-|-|-|-|-|-|-|rsmod:iron_claws:attack:stance1|-|-|-|-|-|-|-|-|-|-|-|-|-|-|0|-|-|-|-|-|none|none|none|none|none|rsmod
item|3096|slash|393|-|-|-|-|-|-|-|-|-|-|-|-|-|-|rsmod:iron_claws:attack:stance2|-|-|-|-|-|-|-|-|-|-|-|-|-|-|1|-|-|-|-|-|none|none|none|none|none|rsmod
item|3096|slash|393|-|-|-|-|-|-|-|-|-|-|-|-|-|-|rsmod:iron_claws:attack:stance4|-|-|-|-|-|-|-|-|-|-|-|-|-|-|3|-|-|-|-|-|none|none|none|none|none|rsmod
item|3096|stab|1067|-|-|-|-|-|-|-|-|-|-|-|-|-|-|rsmod:iron_claws:attack:stance3|-|-|-|-|-|-|-|-|-|-|-|-|-|-|2|-|-|-|-|-|none|none|none|none|none|rsmod
item|3097|slash|393|-|-|-|-|-|-|-|-|-|-|-|-|-|-|rsmod:steel_claws:attack:stance1|-|-|-|-|-|-|-|-|-|-|-|-|-|-|0|-|-|-|-|-|none|none|none|none|none|rsmod
item|3097|slash|393|-|-|-|-|-|-|-|-|-|-|-|-|-|-|rsmod:steel_claws:attack:stance2|-|-|-|-|-|-|-|-|-|-|-|-|-|-|1|-|-|-|-|-|none|none|none|none|none|rsmod
item|3097|slash|393|-|-|-|-|-|-|-|-|-|-|-|-|-|-|rsmod:steel_claws:attack:stance4|-|-|-|-|-|-|-|-|-|-|-|-|-|-|3|-|-|-|-|-|none|none|none|none|none|rsmod
item|3097|stab|1067|-|-|-|-|-|-|-|-|-|-|-|-|-|-|rsmod:steel_claws:attack:stance3|-|-|-|-|-|-|-|-|-|-|-|-|-|-|2|-|-|-|-|-|none|none|none|none|none|rsmod
item|3098|slash|393|-|-|-|-|-|-|-|-|-|-|-|-|-|-|rsmod:black_claws:attack:stance1|-|-|-|-|-|-|-|-|-|-|-|-|-|-|0|-|-|-|-|-|none|none|none|none|none|rsmod
item|3098|slash|393|-|-|-|-|-|-|-|-|-|-|-|-|-|-|rsmod:black_claws:attack:stance2|-|-|-|-|-|-|-|-|-|-|-|-|-|-|1|-|-|-|-|-|none|none|none|none|none|rsmod
item|3098|slash|393|-|-|-|-|-|-|-|-|-|-|-|-|-|-|rsmod:black_claws:attack:stance4|-|-|-|-|-|-|-|-|-|-|-|-|-|-|3|-|-|-|-|-|none|none|none|none|none|rsmod
item|3098|stab|1067|-|-|-|-|-|-|-|-|-|-|-|-|-|-|rsmod:black_claws:attack:stance3|-|-|-|-|-|-|-|-|-|-|-|-|-|-|2|-|-|-|-|-|none|none|none|none|none|rsmod
item|3099|slash|393|-|-|-|-|-|-|-|-|-|-|-|-|-|-|rsmod:mithril_claws:attack:stance1|-|-|-|-|-|-|-|-|-|-|-|-|-|-|0|-|-|-|-|-|none|none|none|none|none|rsmod
item|3099|slash|393|-|-|-|-|-|-|-|-|-|-|-|-|-|-|rsmod:mithril_claws:attack:stance2|-|-|-|-|-|-|-|-|-|-|-|-|-|-|1|-|-|-|-|-|none|none|none|none|none|rsmod
item|3099|slash|393|-|-|-|-|-|-|-|-|-|-|-|-|-|-|rsmod:mithril_claws:attack:stance4|-|-|-|-|-|-|-|-|-|-|-|-|-|-|3|-|-|-|-|-|none|none|none|none|none|rsmod
item|3099|stab|1067|-|-|-|-|-|-|-|-|-|-|-|-|-|-|rsmod:mithril_claws:attack:stance3|-|-|-|-|-|-|-|-|-|-|-|-|-|-|2|-|-|-|-|-|none|none|none|none|none|rsmod
item|3100|slash|393|-|-|-|-|-|-|-|-|-|-|-|-|-|-|rsmod:adamant_claws:attack:stance1|-|-|-|-|-|-|-|-|-|-|-|-|-|-|0|-|-|-|-|-|none|none|none|none|none|rsmod
item|3100|slash|393|-|-|-|-|-|-|-|-|-|-|-|-|-|-|rsmod:adamant_claws:attack:stance2|-|-|-|-|-|-|-|-|-|-|-|-|-|-|1|-|-|-|-|-|none|none|none|none|none|rsmod
item|3100|slash|393|-|-|-|-|-|-|-|-|-|-|-|-|-|-|rsmod:adamant_claws:attack:stance4|-|-|-|-|-|-|-|-|-|-|-|-|-|-|3|-|-|-|-|-|none|none|none|none|none|rsmod
item|3100|stab|1067|-|-|-|-|-|-|-|-|-|-|-|-|-|-|rsmod:adamant_claws:attack:stance3|-|-|-|-|-|-|-|-|-|-|-|-|-|-|2|-|-|-|-|-|none|none|none|none|none|rsmod
item|3101|slash|393|-|-|-|-|-|-|-|-|-|-|-|-|-|-|rsmod:rune_claws:attack:stance1|-|-|-|-|-|-|-|-|-|-|-|-|-|-|0|-|-|-|-|-|none|none|none|none|none|rsmod
item|3101|slash|393|-|-|-|-|-|-|-|-|-|-|-|-|-|-|rsmod:rune_claws:attack:stance2|-|-|-|-|-|-|-|-|-|-|-|-|-|-|1|-|-|-|-|-|none|none|none|none|none|rsmod
item|3101|slash|393|-|-|-|-|-|-|-|-|-|-|-|-|-|-|rsmod:rune_claws:attack:stance4|-|-|-|-|-|-|-|-|-|-|-|-|-|-|3|-|-|-|-|-|none|none|none|none|none|rsmod
item|3101|stab|1067|-|-|-|-|-|-|-|-|-|-|-|-|-|-|rsmod:rune_claws:attack:stance3|-|-|-|-|-|-|-|-|-|-|-|-|-|-|2|-|-|-|-|-|none|none|none|none|none|rsmod
item|3170|crush|429|-|-|-|-|-|-|-|-|-|-|-|-|-|-|rsmod:tbwt_bronze_spear_kp:attack:stance3|-|-|-|-|-|-|-|-|-|-|-|-|-|-|2|-|-|-|-|-|none|none|none|none|none|rsmod
item|3170|slash|440|-|-|-|-|-|-|-|-|-|-|-|-|-|-|rsmod:tbwt_bronze_spear_kp:attack:stance2|-|-|-|-|-|-|-|-|-|-|-|-|-|-|1|-|-|-|-|-|none|none|none|none|none|rsmod
item|3170|stab|428|-|-|-|-|-|-|-|-|-|-|-|-|-|-|rsmod:tbwt_bronze_spear_kp:attack:stance1|-|-|-|-|-|-|-|-|-|-|-|-|-|-|0|-|-|-|-|-|none|none|none|none|none|rsmod
item|3170|stab|428|-|-|-|-|-|-|-|-|-|-|-|-|-|-|rsmod:tbwt_bronze_spear_kp:attack:stance4|-|-|-|-|-|-|-|-|-|-|-|-|-|-|3|-|-|-|-|-|none|none|none|none|none|rsmod
item|3171|crush|429|-|-|-|-|-|-|-|-|-|-|-|-|-|-|rsmod:tbwt_iron_spear_kp:attack:stance3|-|-|-|-|-|-|-|-|-|-|-|-|-|-|2|-|-|-|-|-|none|none|none|none|none|rsmod
item|3171|slash|440|-|-|-|-|-|-|-|-|-|-|-|-|-|-|rsmod:tbwt_iron_spear_kp:attack:stance2|-|-|-|-|-|-|-|-|-|-|-|-|-|-|1|-|-|-|-|-|none|none|none|none|none|rsmod
item|3171|stab|428|-|-|-|-|-|-|-|-|-|-|-|-|-|-|rsmod:tbwt_iron_spear_kp:attack:stance1|-|-|-|-|-|-|-|-|-|-|-|-|-|-|0|-|-|-|-|-|none|none|none|none|none|rsmod
item|3171|stab|428|-|-|-|-|-|-|-|-|-|-|-|-|-|-|rsmod:tbwt_iron_spear_kp:attack:stance4|-|-|-|-|-|-|-|-|-|-|-|-|-|-|3|-|-|-|-|-|none|none|none|none|none|rsmod
item|3172|crush|429|-|-|-|-|-|-|-|-|-|-|-|-|-|-|rsmod:tbwt_steel_spear_kp:attack:stance3|-|-|-|-|-|-|-|-|-|-|-|-|-|-|2|-|-|-|-|-|none|none|none|none|none|rsmod
item|3172|slash|440|-|-|-|-|-|-|-|-|-|-|-|-|-|-|rsmod:tbwt_steel_spear_kp:attack:stance2|-|-|-|-|-|-|-|-|-|-|-|-|-|-|1|-|-|-|-|-|none|none|none|none|none|rsmod
item|3172|stab|428|-|-|-|-|-|-|-|-|-|-|-|-|-|-|rsmod:tbwt_steel_spear_kp:attack:stance1|-|-|-|-|-|-|-|-|-|-|-|-|-|-|0|-|-|-|-|-|none|none|none|none|none|rsmod
item|3172|stab|428|-|-|-|-|-|-|-|-|-|-|-|-|-|-|rsmod:tbwt_steel_spear_kp:attack:stance4|-|-|-|-|-|-|-|-|-|-|-|-|-|-|3|-|-|-|-|-|none|none|none|none|none|rsmod
item|3173|crush|429|-|-|-|-|-|-|-|-|-|-|-|-|-|-|rsmod:tbwt_mithril_spear_kp:attack:stance3|-|-|-|-|-|-|-|-|-|-|-|-|-|-|2|-|-|-|-|-|none|none|none|none|none|rsmod
item|3173|slash|440|-|-|-|-|-|-|-|-|-|-|-|-|-|-|rsmod:tbwt_mithril_spear_kp:attack:stance2|-|-|-|-|-|-|-|-|-|-|-|-|-|-|1|-|-|-|-|-|none|none|none|none|none|rsmod
item|3173|stab|428|-|-|-|-|-|-|-|-|-|-|-|-|-|-|rsmod:tbwt_mithril_spear_kp:attack:stance1|-|-|-|-|-|-|-|-|-|-|-|-|-|-|0|-|-|-|-|-|none|none|none|none|none|rsmod
item|3173|stab|428|-|-|-|-|-|-|-|-|-|-|-|-|-|-|rsmod:tbwt_mithril_spear_kp:attack:stance4|-|-|-|-|-|-|-|-|-|-|-|-|-|-|3|-|-|-|-|-|none|none|none|none|none|rsmod
item|3174|crush|429|-|-|-|-|-|-|-|-|-|-|-|-|-|-|rsmod:tbwt_adamant_spear_kp:attack:stance3|-|-|-|-|-|-|-|-|-|-|-|-|-|-|2|-|-|-|-|-|none|none|none|none|none|rsmod
item|3174|slash|440|-|-|-|-|-|-|-|-|-|-|-|-|-|-|rsmod:tbwt_adamant_spear_kp:attack:stance2|-|-|-|-|-|-|-|-|-|-|-|-|-|-|1|-|-|-|-|-|none|none|none|none|none|rsmod
item|3174|stab|428|-|-|-|-|-|-|-|-|-|-|-|-|-|-|rsmod:tbwt_adamant_spear_kp:attack:stance1|-|-|-|-|-|-|-|-|-|-|-|-|-|-|0|-|-|-|-|-|none|none|none|none|none|rsmod
item|3174|stab|428|-|-|-|-|-|-|-|-|-|-|-|-|-|-|rsmod:tbwt_adamant_spear_kp:attack:stance4|-|-|-|-|-|-|-|-|-|-|-|-|-|-|3|-|-|-|-|-|none|none|none|none|none|rsmod
item|3175|crush|429|-|-|-|-|-|-|-|-|-|-|-|-|-|-|rsmod:tbwt_rune_spear_kp:attack:stance3|-|-|-|-|-|-|-|-|-|-|-|-|-|-|2|-|-|-|-|-|none|none|none|none|none|rsmod
item|3175|slash|440|-|-|-|-|-|-|-|-|-|-|-|-|-|-|rsmod:tbwt_rune_spear_kp:attack:stance2|-|-|-|-|-|-|-|-|-|-|-|-|-|-|1|-|-|-|-|-|none|none|none|none|none|rsmod
item|3175|stab|428|-|-|-|-|-|-|-|-|-|-|-|-|-|-|rsmod:tbwt_rune_spear_kp:attack:stance1|-|-|-|-|-|-|-|-|-|-|-|-|-|-|0|-|-|-|-|-|none|none|none|none|none|rsmod
item|3175|stab|428|-|-|-|-|-|-|-|-|-|-|-|-|-|-|rsmod:tbwt_rune_spear_kp:attack:stance4|-|-|-|-|-|-|-|-|-|-|-|-|-|-|3|-|-|-|-|-|none|none|none|none|none|rsmod
item|3176|crush|382|-|-|-|-|-|-|-|-|-|-|-|-|-|-|rsmod:tbwt_dragon_spear_kp:attack:stance3|-|-|-|-|-|-|-|-|-|-|-|-|-|-|2|-|-|-|-|-|none|none|none|none|none|rsmod
item|3176|slash|380|-|-|-|-|-|-|-|-|-|-|-|-|-|-|rsmod:tbwt_dragon_spear_kp:attack:stance2|-|-|-|-|-|-|-|-|-|-|-|-|-|-|1|-|-|-|-|-|none|none|none|none|none|rsmod
item|3176|stab|381|-|-|-|-|-|-|-|-|-|-|-|-|-|-|rsmod:tbwt_dragon_spear_kp:attack:stance1|-|-|-|-|-|-|-|-|-|-|-|-|-|-|0|-|-|-|-|-|none|none|none|none|none|rsmod
item|3176|stab|381|-|-|-|-|-|-|-|-|-|-|-|-|-|-|rsmod:tbwt_dragon_spear_kp:attack:stance4|-|-|-|-|-|-|-|-|-|-|-|-|-|-|3|-|-|-|-|-|none|none|none|none|none|rsmod
item|3190|slash|440|-|-|-|-|-|-|-|-|-|-|-|-|-|-|rsmod:bronze_halberd:attack:stance2|-|-|-|-|-|-|-|-|-|-|-|-|-|-|1|-|-|-|-|-|none|none|none|none|none|rsmod
item|3190|stab|428|-|-|-|-|-|-|-|-|-|-|-|-|-|-|rsmod:bronze_halberd:attack:stance1|-|-|-|-|-|-|-|-|-|-|-|-|-|-|0|-|-|-|-|-|none|none|none|none|none|rsmod
item|3190|stab|428|-|-|-|-|-|-|-|-|-|-|-|-|-|-|rsmod:bronze_halberd:attack:stance4|-|-|-|-|-|-|-|-|-|-|-|-|-|-|3|-|-|-|-|-|none|none|none|none|none|rsmod
item|3192|slash|440|-|-|-|-|-|-|-|-|-|-|-|-|-|-|rsmod:iron_halberd:attack:stance2|-|-|-|-|-|-|-|-|-|-|-|-|-|-|1|-|-|-|-|-|none|none|none|none|none|rsmod
item|3192|stab|428|-|-|-|-|-|-|-|-|-|-|-|-|-|-|rsmod:iron_halberd:attack:stance1|-|-|-|-|-|-|-|-|-|-|-|-|-|-|0|-|-|-|-|-|none|none|none|none|none|rsmod
item|3192|stab|428|-|-|-|-|-|-|-|-|-|-|-|-|-|-|rsmod:iron_halberd:attack:stance4|-|-|-|-|-|-|-|-|-|-|-|-|-|-|3|-|-|-|-|-|none|none|none|none|none|rsmod
item|3194|slash|440|-|-|-|-|-|-|-|-|-|-|-|-|-|-|rsmod:steel_halberd:attack:stance2|-|-|-|-|-|-|-|-|-|-|-|-|-|-|1|-|-|-|-|-|none|none|none|none|none|rsmod
item|3194|stab|428|-|-|-|-|-|-|-|-|-|-|-|-|-|-|rsmod:steel_halberd:attack:stance1|-|-|-|-|-|-|-|-|-|-|-|-|-|-|0|-|-|-|-|-|none|none|none|none|none|rsmod
item|3194|stab|428|-|-|-|-|-|-|-|-|-|-|-|-|-|-|rsmod:steel_halberd:attack:stance4|-|-|-|-|-|-|-|-|-|-|-|-|-|-|3|-|-|-|-|-|none|none|none|none|none|rsmod
item|3196|slash|440|-|-|-|-|-|-|-|-|-|-|-|-|-|-|rsmod:black_halberd:attack:stance2|-|-|-|-|-|-|-|-|-|-|-|-|-|-|1|-|-|-|-|-|none|none|none|none|none|rsmod
item|3196|stab|428|-|-|-|-|-|-|-|-|-|-|-|-|-|-|rsmod:black_halberd:attack:stance1|-|-|-|-|-|-|-|-|-|-|-|-|-|-|0|-|-|-|-|-|none|none|none|none|none|rsmod
item|3196|stab|428|-|-|-|-|-|-|-|-|-|-|-|-|-|-|rsmod:black_halberd:attack:stance4|-|-|-|-|-|-|-|-|-|-|-|-|-|-|3|-|-|-|-|-|none|none|none|none|none|rsmod
item|3198|slash|440|-|-|-|-|-|-|-|-|-|-|-|-|-|-|rsmod:mithril_halberd:attack:stance2|-|-|-|-|-|-|-|-|-|-|-|-|-|-|1|-|-|-|-|-|none|none|none|none|none|rsmod
item|3198|stab|428|-|-|-|-|-|-|-|-|-|-|-|-|-|-|rsmod:mithril_halberd:attack:stance1|-|-|-|-|-|-|-|-|-|-|-|-|-|-|0|-|-|-|-|-|none|none|none|none|none|rsmod
item|3198|stab|428|-|-|-|-|-|-|-|-|-|-|-|-|-|-|rsmod:mithril_halberd:attack:stance4|-|-|-|-|-|-|-|-|-|-|-|-|-|-|3|-|-|-|-|-|none|none|none|none|none|rsmod
item|3200|slash|440|-|-|-|-|-|-|-|-|-|-|-|-|-|-|rsmod:adamant_halberd:attack:stance2|-|-|-|-|-|-|-|-|-|-|-|-|-|-|1|-|-|-|-|-|none|none|none|none|none|rsmod
item|3200|stab|428|-|-|-|-|-|-|-|-|-|-|-|-|-|-|rsmod:adamant_halberd:attack:stance1|-|-|-|-|-|-|-|-|-|-|-|-|-|-|0|-|-|-|-|-|none|none|none|none|none|rsmod
item|3200|stab|428|-|-|-|-|-|-|-|-|-|-|-|-|-|-|rsmod:adamant_halberd:attack:stance4|-|-|-|-|-|-|-|-|-|-|-|-|-|-|3|-|-|-|-|-|none|none|none|none|none|rsmod
item|3202|slash|440|-|-|-|-|-|-|-|-|-|-|-|-|-|-|rsmod:rune_halberd:attack:stance2|-|-|-|-|-|-|-|-|-|-|-|-|-|-|1|-|-|-|-|-|none|none|none|none|none|rsmod
item|3202|stab|428|-|-|-|-|-|-|-|-|-|-|-|-|-|-|rsmod:rune_halberd:attack:stance1|-|-|-|-|-|-|-|-|-|-|-|-|-|-|0|-|-|-|-|-|none|none|none|none|none|rsmod
item|3202|stab|428|-|-|-|-|-|-|-|-|-|-|-|-|-|-|rsmod:rune_halberd:attack:stance4|-|-|-|-|-|-|-|-|-|-|-|-|-|-|3|-|-|-|-|-|none|none|none|none|none|rsmod
item|3204|slash|440|-|-|-|-|-|-|-|-|-|-|-|-|-|-|rsmod:dragon_halberd:attack:stance2|-|-|-|-|-|-|-|-|-|-|-|-|-|-|1|-|-|-|-|-|none|none|none|none|none|rsmod
item|3204|stab|428|-|-|-|-|-|-|-|-|-|-|-|-|-|-|rsmod:dragon_halberd:attack:stance1|-|-|-|-|-|-|-|-|-|-|-|-|-|-|0|-|-|-|-|-|none|none|none|none|none|rsmod
item|3204|stab|428|-|-|-|-|-|-|-|-|-|-|-|-|-|-|rsmod:dragon_halberd:attack:stance4|-|-|-|-|-|-|-|-|-|-|-|-|-|-|3|-|-|-|-|-|none|none|none|none|none|rsmod
item|3689|crush|422|-|-|-|-|-|-|-|-|-|-|-|-|-|-|rsmod:viking_strung_lyre:attack:stance1|-|-|-|-|-|-|-|-|-|-|-|-|-|-|0|-|-|-|-|-|none|none|none|none|none|rsmod
item|3689|crush|422|-|-|-|-|-|-|-|-|-|-|-|-|-|-|rsmod:viking_strung_lyre:attack:stance4|-|-|-|-|-|-|-|-|-|-|-|-|-|-|3|-|-|-|-|-|none|none|none|none|none|rsmod
item|3689|crush|423|-|-|-|-|-|-|-|-|-|-|-|-|-|-|rsmod:viking_strung_lyre:attack:stance2|-|-|-|-|-|-|-|-|-|-|-|-|-|-|1|-|-|-|-|-|none|none|none|none|none|rsmod
item|3691|crush|422|-|-|-|-|-|-|-|-|-|-|-|-|-|-|rsmod:magic_strung_lyre:attack:stance1|-|-|-|-|-|-|-|-|-|-|-|-|-|-|0|-|-|-|-|-|none|none|none|none|none|rsmod
item|3691|crush|422|-|-|-|-|-|-|-|-|-|-|-|-|-|-|rsmod:magic_strung_lyre:attack:stance4|-|-|-|-|-|-|-|-|-|-|-|-|-|-|3|-|-|-|-|-|none|none|none|none|none|rsmod
item|3691|crush|423|-|-|-|-|-|-|-|-|-|-|-|-|-|-|rsmod:magic_strung_lyre:attack:stance2|-|-|-|-|-|-|-|-|-|-|-|-|-|-|1|-|-|-|-|-|none|none|none|none|none|rsmod
item|3695|crush|422|-|-|-|-|-|-|-|-|-|-|-|-|-|-|rsmod:vt_useless_rock:attack:stance1|-|-|-|-|-|-|-|-|-|-|-|-|-|-|0|-|-|-|-|-|none|none|none|none|none|rsmod
item|3695|crush|422|-|-|-|-|-|-|-|-|-|-|-|-|-|-|rsmod:vt_useless_rock:attack:stance4|-|-|-|-|-|-|-|-|-|-|-|-|-|-|3|-|-|-|-|-|none|none|none|none|none|rsmod
item|3695|crush|423|-|-|-|-|-|-|-|-|-|-|-|-|-|-|rsmod:vt_useless_rock:attack:stance2|-|-|-|-|-|-|-|-|-|-|-|-|-|-|1|-|-|-|-|-|none|none|none|none|none|rsmod
item|3757|slash|390|-|-|-|-|-|-|-|-|-|-|-|-|-|-|rsmod:viking_sword:attack:stance1|-|-|-|-|-|-|-|-|-|-|-|-|-|-|0|-|-|-|-|-|none|none|none|none|none|rsmod
item|3757|slash|390|-|-|-|-|-|-|-|-|-|-|-|-|-|-|rsmod:viking_sword:attack:stance2|-|-|-|-|-|-|-|-|-|-|-|-|-|-|1|-|-|-|-|-|none|none|none|none|none|rsmod
item|3757|slash|390|-|-|-|-|-|-|-|-|-|-|-|-|-|-|rsmod:viking_sword:attack:stance4|-|-|-|-|-|-|-|-|-|-|-|-|-|-|3|-|-|-|-|-|none|none|none|none|none|rsmod
item|3757|stab|386|-|-|-|-|-|-|-|-|-|-|-|-|-|-|rsmod:viking_sword:attack:stance3|-|-|-|-|-|-|-|-|-|-|-|-|-|-|2|-|-|-|-|-|none|none|none|none|none|rsmod
item|3899|slash|390|-|-|-|-|-|-|-|-|-|-|-|-|-|-|rsmod:iron_sickle:attack:stance1|-|-|-|-|-|-|-|-|-|-|-|-|-|-|0|-|-|-|-|-|none|none|none|none|none|rsmod
item|3899|slash|390|-|-|-|-|-|-|-|-|-|-|-|-|-|-|rsmod:iron_sickle:attack:stance2|-|-|-|-|-|-|-|-|-|-|-|-|-|-|1|-|-|-|-|-|none|none|none|none|none|rsmod
item|3899|slash|390|-|-|-|-|-|-|-|-|-|-|-|-|-|-|rsmod:iron_sickle:attack:stance4|-|-|-|-|-|-|-|-|-|-|-|-|-|-|3|-|-|-|-|-|none|none|none|none|none|rsmod
item|3899|stab|386|-|-|-|-|-|-|-|-|-|-|-|-|-|-|rsmod:iron_sickle:attack:stance3|-|-|-|-|-|-|-|-|-|-|-|-|-|-|2|-|-|-|-|-|none|none|none|none|none|rsmod
item|4037|crush|1428|-|-|-|-|-|-|-|-|-|-|-|-|-|-|rsmod:castlewars_saradomin_banner:attack:stance3|-|-|-|-|-|-|-|-|-|-|-|-|-|-|2|-|-|-|-|-|none|none|none|none|none|rsmod
item|4037|slash|1428|-|-|-|-|-|-|-|-|-|-|-|-|-|-|rsmod:castlewars_saradomin_banner:attack:stance1|-|-|-|-|-|-|-|-|-|-|-|-|-|-|0|-|-|-|-|-|none|none|none|none|none|rsmod
item|4037|slash|1428|-|-|-|-|-|-|-|-|-|-|-|-|-|-|rsmod:castlewars_saradomin_banner:attack:stance2|-|-|-|-|-|-|-|-|-|-|-|-|-|-|1|-|-|-|-|-|none|none|none|none|none|rsmod
item|4037|slash|1428|-|-|-|-|-|-|-|-|-|-|-|-|-|-|rsmod:castlewars_saradomin_banner:attack:stance4|-|-|-|-|-|-|-|-|-|-|-|-|-|-|3|-|-|-|-|-|none|none|none|none|none|rsmod
item|4039|crush|1428|-|-|-|-|-|-|-|-|-|-|-|-|-|-|rsmod:castlewars_zamorak_banner:attack:stance3|-|-|-|-|-|-|-|-|-|-|-|-|-|-|2|-|-|-|-|-|none|none|none|none|none|rsmod
item|4039|slash|1428|-|-|-|-|-|-|-|-|-|-|-|-|-|-|rsmod:castlewars_zamorak_banner:attack:stance1|-|-|-|-|-|-|-|-|-|-|-|-|-|-|0|-|-|-|-|-|none|none|none|none|none|rsmod
item|4039|slash|1428|-|-|-|-|-|-|-|-|-|-|-|-|-|-|rsmod:castlewars_zamorak_banner:attack:stance2|-|-|-|-|-|-|-|-|-|-|-|-|-|-|1|-|-|-|-|-|none|none|none|none|none|rsmod
item|4039|slash|1428|-|-|-|-|-|-|-|-|-|-|-|-|-|-|rsmod:castlewars_zamorak_banner:attack:stance4|-|-|-|-|-|-|-|-|-|-|-|-|-|-|3|-|-|-|-|-|none|none|none|none|none|rsmod
item|4086|crush|400|-|-|-|-|-|-|-|-|-|-|-|-|-|-|rsmod:trollromance_rare_flower:attack:stance1|-|-|-|-|-|-|-|-|-|-|-|-|-|-|0|-|-|-|-|-|none|none|none|none|none|rsmod
item|4086|crush|400|-|-|-|-|-|-|-|-|-|-|-|-|-|-|rsmod:trollromance_rare_flower:attack:stance2|-|-|-|-|-|-|-|-|-|-|-|-|-|-|1|-|-|-|-|-|none|none|none|none|none|rsmod
item|4086|crush|400|-|-|-|-|-|-|-|-|-|-|-|-|-|-|rsmod:trollromance_rare_flower:attack:stance4|-|-|-|-|-|-|-|-|-|-|-|-|-|-|3|-|-|-|-|-|none|none|none|none|none|rsmod
item|4151|slash|1658|-|-|-|-|-|-|-|-|-|-|-|-|-|-|rsmod:abyssal_whip:attack:stance1|-|-|-|-|-|-|-|-|-|-|-|-|-|-|0|-|-|-|-|-|none|none|none|none|none|rsmod
item|4151|slash|1658|-|-|-|-|-|-|-|-|-|-|-|-|-|-|rsmod:abyssal_whip:attack:stance2|-|-|-|-|-|-|-|-|-|-|-|-|-|-|1|-|-|-|-|-|none|none|none|none|none|rsmod
item|4151|slash|1658|-|-|-|-|-|-|-|-|-|-|-|-|-|-|rsmod:abyssal_whip:attack:stance4|-|-|-|-|-|-|-|-|-|-|-|-|-|-|3|-|-|-|-|-|none|none|none|none|none|rsmod
item|4153|crush|1665|-|-|-|-|-|-|-|-|-|-|-|-|-|-|rsmod:granite_maul:attack:stance1|-|-|-|-|-|-|-|-|-|-|-|-|-|-|0|-|-|-|-|-|none|none|none|none|none|rsmod
item|4153|crush|1665|-|-|-|-|-|-|-|-|-|-|-|-|-|-|rsmod:granite_maul:attack:stance2|-|-|-|-|-|-|-|-|-|-|-|-|-|-|1|-|-|-|-|-|none|none|none|none|none|rsmod
item|4153|crush|1665|-|-|-|-|-|-|-|-|-|-|-|-|-|-|rsmod:granite_maul:attack:stance4|-|-|-|-|-|-|-|-|-|-|-|-|-|-|3|-|-|-|-|-|none|none|none|none|none|rsmod
item|4158|crush|429|-|-|-|-|-|-|-|-|-|-|-|-|-|-|rsmod:slayer_leafbladed_spear:attack:stance3|-|-|-|-|-|-|-|-|-|-|-|-|-|-|2|-|-|-|-|-|none|none|none|none|none|rsmod
item|4158|slash|440|-|-|-|-|-|-|-|-|-|-|-|-|-|-|rsmod:slayer_leafbladed_spear:attack:stance2|-|-|-|-|-|-|-|-|-|-|-|-|-|-|1|-|-|-|-|-|none|none|none|none|none|rsmod
item|4158|stab|428|-|-|-|-|-|-|-|-|-|-|-|-|-|-|rsmod:slayer_leafbladed_spear:attack:stance1|-|-|-|-|-|-|-|-|-|-|-|-|-|-|0|-|-|-|-|-|none|none|none|none|none|rsmod
item|4158|stab|428|-|-|-|-|-|-|-|-|-|-|-|-|-|-|rsmod:slayer_leafbladed_spear:attack:stance4|-|-|-|-|-|-|-|-|-|-|-|-|-|-|3|-|-|-|-|-|none|none|none|none|none|rsmod
item|4160|ranged|-|325|326|-|5115|-|2|2|-|-|-|-|-|-|-|rsmod:slayer_broad_arrows:projectile|-|-|-|-|-|-|-|-|-|-|-|-|-|-|-|-|-|-|-|-|travel_projectile|source_actor|target_actor|source_actor|target_actor|rsmod
item|4170|crush|414|-|-|-|-|-|-|-|-|-|-|-|-|-|-|rsmod:slayer_staff:attack:stance1|-|-|-|-|-|-|-|-|-|-|-|-|-|-|0|-|-|-|-|-|none|none|none|none|none|rsmod
item|4170|crush|414|-|-|-|-|-|-|-|-|-|-|-|-|-|-|rsmod:slayer_staff:attack:stance2|-|-|-|-|-|-|-|-|-|-|-|-|-|-|1|-|-|-|-|-|none|none|none|none|none|rsmod
item|4170|crush|414|-|-|-|-|-|-|-|-|-|-|-|-|-|-|rsmod:slayer_staff:attack:stance4|-|-|-|-|-|-|-|-|-|-|-|-|-|-|3|-|-|-|-|-|none|none|none|none|none|rsmod
item|4212|ranged|426|-|-|-|-|-|3|3|163|146|41|15|5|11|5|rsmod:roving_crystal_bow_new:attack:stance1|-|-|-|-|-|-|-|-|-|-|-|-|-|-|0|-|-|-|-|-|none|none|none|none|none|rsmod
item|4212|ranged|426|-|-|-|-|-|3|3|163|146|41|15|5|11|5|rsmod:roving_crystal_bow_new:attack:stance2|-|-|-|-|-|-|-|-|-|-|-|-|-|-|1|-|-|-|-|-|none|none|none|none|none|rsmod
item|4212|ranged|426|-|-|-|-|-|3|3|163|146|41|15|5|11|5|rsmod:roving_crystal_bow_new:attack:stance4|-|-|-|-|-|-|-|-|-|-|-|-|-|-|3|-|-|-|-|-|none|none|none|none|none|rsmod
item|4214|ranged|426|-|-|-|-|-|3|3|163|146|41|15|5|11|5|rsmod:roving_crystal_bow_1000:attack:stance1|-|-|-|-|-|-|-|-|-|-|-|-|-|-|0|-|-|-|-|-|none|none|none|none|none|rsmod
item|4214|ranged|426|-|-|-|-|-|3|3|163|146|41|15|5|11|5|rsmod:roving_crystal_bow_1000:attack:stance2|-|-|-|-|-|-|-|-|-|-|-|-|-|-|1|-|-|-|-|-|none|none|none|none|none|rsmod
item|4214|ranged|426|-|-|-|-|-|3|3|163|146|41|15|5|11|5|rsmod:roving_crystal_bow_1000:attack:stance4|-|-|-|-|-|-|-|-|-|-|-|-|-|-|3|-|-|-|-|-|none|none|none|none|none|rsmod
item|4215|ranged|426|-|-|-|-|-|3|3|163|146|41|15|5|11|5|rsmod:roving_crystal_bow_900:attack:stance1|-|-|-|-|-|-|-|-|-|-|-|-|-|-|0|-|-|-|-|-|none|none|none|none|none|rsmod
item|4215|ranged|426|-|-|-|-|-|3|3|163|146|41|15|5|11|5|rsmod:roving_crystal_bow_900:attack:stance2|-|-|-|-|-|-|-|-|-|-|-|-|-|-|1|-|-|-|-|-|none|none|none|none|none|rsmod
item|4215|ranged|426|-|-|-|-|-|3|3|163|146|41|15|5|11|5|rsmod:roving_crystal_bow_900:attack:stance4|-|-|-|-|-|-|-|-|-|-|-|-|-|-|3|-|-|-|-|-|none|none|none|none|none|rsmod
item|4216|ranged|426|-|-|-|-|-|3|3|163|146|41|15|5|11|5|rsmod:roving_crystal_bow_800:attack:stance1|-|-|-|-|-|-|-|-|-|-|-|-|-|-|0|-|-|-|-|-|none|none|none|none|none|rsmod
item|4216|ranged|426|-|-|-|-|-|3|3|163|146|41|15|5|11|5|rsmod:roving_crystal_bow_800:attack:stance2|-|-|-|-|-|-|-|-|-|-|-|-|-|-|1|-|-|-|-|-|none|none|none|none|none|rsmod
item|4216|ranged|426|-|-|-|-|-|3|3|163|146|41|15|5|11|5|rsmod:roving_crystal_bow_800:attack:stance4|-|-|-|-|-|-|-|-|-|-|-|-|-|-|3|-|-|-|-|-|none|none|none|none|none|rsmod
item|4217|ranged|426|-|-|-|-|-|3|3|163|146|41|15|5|11|5|rsmod:roving_crystal_bow_700:attack:stance1|-|-|-|-|-|-|-|-|-|-|-|-|-|-|0|-|-|-|-|-|none|none|none|none|none|rsmod
item|4217|ranged|426|-|-|-|-|-|3|3|163|146|41|15|5|11|5|rsmod:roving_crystal_bow_700:attack:stance2|-|-|-|-|-|-|-|-|-|-|-|-|-|-|1|-|-|-|-|-|none|none|none|none|none|rsmod
item|4217|ranged|426|-|-|-|-|-|3|3|163|146|41|15|5|11|5|rsmod:roving_crystal_bow_700:attack:stance4|-|-|-|-|-|-|-|-|-|-|-|-|-|-|3|-|-|-|-|-|none|none|none|none|none|rsmod
item|4218|ranged|426|-|-|-|-|-|3|3|163|146|41|15|5|11|5|rsmod:roving_crystal_bow_600:attack:stance1|-|-|-|-|-|-|-|-|-|-|-|-|-|-|0|-|-|-|-|-|none|none|none|none|none|rsmod
item|4218|ranged|426|-|-|-|-|-|3|3|163|146|41|15|5|11|5|rsmod:roving_crystal_bow_600:attack:stance2|-|-|-|-|-|-|-|-|-|-|-|-|-|-|1|-|-|-|-|-|none|none|none|none|none|rsmod
item|4218|ranged|426|-|-|-|-|-|3|3|163|146|41|15|5|11|5|rsmod:roving_crystal_bow_600:attack:stance4|-|-|-|-|-|-|-|-|-|-|-|-|-|-|3|-|-|-|-|-|none|none|none|none|none|rsmod
item|4219|ranged|426|-|-|-|-|-|3|3|163|146|41|15|5|11|5|rsmod:roving_crystal_bow_500:attack:stance1|-|-|-|-|-|-|-|-|-|-|-|-|-|-|0|-|-|-|-|-|none|none|none|none|none|rsmod
item|4219|ranged|426|-|-|-|-|-|3|3|163|146|41|15|5|11|5|rsmod:roving_crystal_bow_500:attack:stance2|-|-|-|-|-|-|-|-|-|-|-|-|-|-|1|-|-|-|-|-|none|none|none|none|none|rsmod
item|4219|ranged|426|-|-|-|-|-|3|3|163|146|41|15|5|11|5|rsmod:roving_crystal_bow_500:attack:stance4|-|-|-|-|-|-|-|-|-|-|-|-|-|-|3|-|-|-|-|-|none|none|none|none|none|rsmod
item|4220|ranged|426|-|-|-|-|-|3|3|163|146|41|15|5|11|5|rsmod:roving_crystal_bow_400:attack:stance1|-|-|-|-|-|-|-|-|-|-|-|-|-|-|0|-|-|-|-|-|none|none|none|none|none|rsmod
item|4220|ranged|426|-|-|-|-|-|3|3|163|146|41|15|5|11|5|rsmod:roving_crystal_bow_400:attack:stance2|-|-|-|-|-|-|-|-|-|-|-|-|-|-|1|-|-|-|-|-|none|none|none|none|none|rsmod
item|4220|ranged|426|-|-|-|-|-|3|3|163|146|41|15|5|11|5|rsmod:roving_crystal_bow_400:attack:stance4|-|-|-|-|-|-|-|-|-|-|-|-|-|-|3|-|-|-|-|-|none|none|none|none|none|rsmod
item|4221|ranged|426|-|-|-|-|-|3|3|163|146|41|15|5|11|5|rsmod:roving_crystal_bow_300:attack:stance1|-|-|-|-|-|-|-|-|-|-|-|-|-|-|0|-|-|-|-|-|none|none|none|none|none|rsmod
item|4221|ranged|426|-|-|-|-|-|3|3|163|146|41|15|5|11|5|rsmod:roving_crystal_bow_300:attack:stance2|-|-|-|-|-|-|-|-|-|-|-|-|-|-|1|-|-|-|-|-|none|none|none|none|none|rsmod
item|4221|ranged|426|-|-|-|-|-|3|3|163|146|41|15|5|11|5|rsmod:roving_crystal_bow_300:attack:stance4|-|-|-|-|-|-|-|-|-|-|-|-|-|-|3|-|-|-|-|-|none|none|none|none|none|rsmod
item|4222|ranged|426|-|-|-|-|-|3|3|163|146|41|15|5|11|5|rsmod:roving_crystal_bow_200:attack:stance1|-|-|-|-|-|-|-|-|-|-|-|-|-|-|0|-|-|-|-|-|none|none|none|none|none|rsmod
item|4222|ranged|426|-|-|-|-|-|3|3|163|146|41|15|5|11|5|rsmod:roving_crystal_bow_200:attack:stance2|-|-|-|-|-|-|-|-|-|-|-|-|-|-|1|-|-|-|-|-|none|none|none|none|none|rsmod
item|4222|ranged|426|-|-|-|-|-|3|3|163|146|41|15|5|11|5|rsmod:roving_crystal_bow_200:attack:stance4|-|-|-|-|-|-|-|-|-|-|-|-|-|-|3|-|-|-|-|-|none|none|none|none|none|rsmod
item|4223|ranged|426|-|-|-|-|-|3|3|163|146|41|15|5|11|5|rsmod:roving_crystal_bow_100:attack:stance1|-|-|-|-|-|-|-|-|-|-|-|-|-|-|0|-|-|-|-|-|none|none|none|none|none|rsmod
item|4223|ranged|426|-|-|-|-|-|3|3|163|146|41|15|5|11|5|rsmod:roving_crystal_bow_100:attack:stance2|-|-|-|-|-|-|-|-|-|-|-|-|-|-|1|-|-|-|-|-|none|none|none|none|none|rsmod
item|4223|ranged|426|-|-|-|-|-|3|3|163|146|41|15|5|11|5|rsmod:roving_crystal_bow_100:attack:stance4|-|-|-|-|-|-|-|-|-|-|-|-|-|-|3|-|-|-|-|-|none|none|none|none|none|rsmod
item|4236|ranged|426|-|-|-|-|-|3|3|163|146|41|15|5|11|5|rsmod:oak_longbow_signed:attack:stance1|-|-|-|-|-|-|-|-|-|-|-|-|-|-|0|-|-|-|-|-|none|none|none|none|none|rsmod
item|4236|ranged|426|-|-|-|-|-|3|3|163|146|41|15|5|11|5|rsmod:oak_longbow_signed:attack:stance2|-|-|-|-|-|-|-|-|-|-|-|-|-|-|1|-|-|-|-|-|none|none|none|none|none|rsmod
item|4236|ranged|426|-|-|-|-|-|3|3|163|146|41|15|5|11|5|rsmod:oak_longbow_signed:attack:stance4|-|-|-|-|-|-|-|-|-|-|-|-|-|-|3|-|-|-|-|-|none|none|none|none|none|rsmod
item|4565|crush|422|-|-|-|-|-|-|-|-|-|-|-|-|-|-|rsmod:easter_basket_2005:attack:stance1|-|-|-|-|-|-|-|-|-|-|-|-|-|-|0|-|-|-|-|-|none|none|none|none|none|rsmod
item|4565|crush|422|-|-|-|-|-|-|-|-|-|-|-|-|-|-|rsmod:easter_basket_2005:attack:stance2|-|-|-|-|-|-|-|-|-|-|-|-|-|-|1|-|-|-|-|-|none|none|none|none|none|rsmod
item|4565|crush|422|-|-|-|-|-|-|-|-|-|-|-|-|-|-|rsmod:easter_basket_2005:attack:stance4|-|-|-|-|-|-|-|-|-|-|-|-|-|-|3|-|-|-|-|-|none|none|none|none|none|rsmod
item|4566|crush|1833|-|-|-|-|-|-|-|-|-|-|-|-|-|-|rsmod:rubber_chicken:attack:stance1|-|-|-|-|-|-|-|-|-|-|-|-|-|-|0|-|-|-|-|-|none|none|none|none|none|rsmod
item|4566|crush|1833|-|-|-|-|-|-|-|-|-|-|-|-|-|-|rsmod:rubber_chicken:attack:stance2|-|-|-|-|-|-|-|-|-|-|-|-|-|-|1|-|-|-|-|-|none|none|none|none|none|rsmod
item|4566|crush|1833|-|-|-|-|-|-|-|-|-|-|-|-|-|-|rsmod:rubber_chicken:attack:stance4|-|-|-|-|-|-|-|-|-|-|-|-|-|-|3|-|-|-|-|-|none|none|none|none|none|rsmod
item|4580|crush|429|-|-|-|-|-|-|-|-|-|-|-|-|-|-|rsmod:black_spear:attack:stance3|-|-|-|-|-|-|-|-|-|-|-|-|-|-|2|-|-|-|-|-|none|none|none|none|none|rsmod
item|4580|slash|440|-|-|-|-|-|-|-|-|-|-|-|-|-|-|rsmod:black_spear:attack:stance2|-|-|-|-|-|-|-|-|-|-|-|-|-|-|1|-|-|-|-|-|none|none|none|none|none|rsmod
item|4580|stab|428|-|-|-|-|-|-|-|-|-|-|-|-|-|-|rsmod:black_spear:attack:stance1|-|-|-|-|-|-|-|-|-|-|-|-|-|-|0|-|-|-|-|-|none|none|none|none|none|rsmod
item|4580|stab|428|-|-|-|-|-|-|-|-|-|-|-|-|-|-|rsmod:black_spear:attack:stance4|-|-|-|-|-|-|-|-|-|-|-|-|-|-|3|-|-|-|-|-|none|none|none|none|none|rsmod
item|4582|crush|429|-|-|-|-|-|-|-|-|-|-|-|-|-|-|rsmod:black_spear_p:attack:stance3|-|-|-|-|-|-|-|-|-|-|-|-|-|-|2|-|-|-|-|-|none|none|none|none|none|rsmod
item|4582|slash|440|-|-|-|-|-|-|-|-|-|-|-|-|-|-|rsmod:black_spear_p:attack:stance2|-|-|-|-|-|-|-|-|-|-|-|-|-|-|1|-|-|-|-|-|none|none|none|none|none|rsmod
item|4582|stab|428|-|-|-|-|-|-|-|-|-|-|-|-|-|-|rsmod:black_spear_p:attack:stance1|-|-|-|-|-|-|-|-|-|-|-|-|-|-|0|-|-|-|-|-|none|none|none|none|none|rsmod
item|4582|stab|428|-|-|-|-|-|-|-|-|-|-|-|-|-|-|rsmod:black_spear_p:attack:stance4|-|-|-|-|-|-|-|-|-|-|-|-|-|-|3|-|-|-|-|-|none|none|none|none|none|rsmod
item|4584|crush|429|-|-|-|-|-|-|-|-|-|-|-|-|-|-|rsmod:tbwt_black_spear_kp:attack:stance3|-|-|-|-|-|-|-|-|-|-|-|-|-|-|2|-|-|-|-|-|none|none|none|none|none|rsmod
item|4584|slash|440|-|-|-|-|-|-|-|-|-|-|-|-|-|-|rsmod:tbwt_black_spear_kp:attack:stance2|-|-|-|-|-|-|-|-|-|-|-|-|-|-|1|-|-|-|-|-|none|none|none|none|none|rsmod
item|4584|stab|428|-|-|-|-|-|-|-|-|-|-|-|-|-|-|rsmod:tbwt_black_spear_kp:attack:stance1|-|-|-|-|-|-|-|-|-|-|-|-|-|-|0|-|-|-|-|-|none|none|none|none|none|rsmod
item|4584|stab|428|-|-|-|-|-|-|-|-|-|-|-|-|-|-|rsmod:tbwt_black_spear_kp:attack:stance4|-|-|-|-|-|-|-|-|-|-|-|-|-|-|3|-|-|-|-|-|none|none|none|none|none|rsmod
item|4587|slash|390|-|-|-|-|-|-|-|-|-|-|-|-|-|-|rsmod:dragon_scimitar:attack:stance1|-|-|-|-|-|-|-|-|-|-|-|-|-|-|0|-|-|-|-|-|none|none|none|none|none|rsmod
item|4587|slash|390|-|-|-|-|-|-|-|-|-|-|-|-|-|-|rsmod:dragon_scimitar:attack:stance2|-|-|-|-|-|-|-|-|-|-|-|-|-|-|1|-|-|-|-|-|none|none|none|none|none|rsmod
item|4587|slash|390|-|-|-|-|-|-|-|-|-|-|-|-|-|-|rsmod:dragon_scimitar:attack:stance4|-|-|-|-|-|-|-|-|-|-|-|-|-|-|3|-|-|-|-|-|none|none|none|none|none|rsmod
item|4587|stab|386|-|-|-|-|-|-|-|-|-|-|-|-|-|-|rsmod:dragon_scimitar:attack:stance3|-|-|-|-|-|-|-|-|-|-|-|-|-|-|2|-|-|-|-|-|none|none|none|none|none|rsmod
item|4599|crush|401|-|-|-|-|-|-|-|-|-|-|-|-|-|-|rsmod:blackjack_oak:attack:stance1|-|-|-|-|-|-|-|-|-|-|-|-|-|-|0|-|-|-|-|-|none|none|none|none|none|rsmod
item|4599|crush|401|-|-|-|-|-|-|-|-|-|-|-|-|-|-|rsmod:blackjack_oak:attack:stance2|-|-|-|-|-|-|-|-|-|-|-|-|-|-|1|-|-|-|-|-|none|none|none|none|none|rsmod
item|4599|crush|401|-|-|-|-|-|-|-|-|-|-|-|-|-|-|rsmod:blackjack_oak:attack:stance4|-|-|-|-|-|-|-|-|-|-|-|-|-|-|3|-|-|-|-|-|none|none|none|none|none|rsmod
item|4600|crush|401|-|-|-|-|-|-|-|-|-|-|-|-|-|-|rsmod:blackjack_willow:attack:stance1|-|-|-|-|-|-|-|-|-|-|-|-|-|-|0|-|-|-|-|-|none|none|none|none|none|rsmod
item|4600|crush|401|-|-|-|-|-|-|-|-|-|-|-|-|-|-|rsmod:blackjack_willow:attack:stance2|-|-|-|-|-|-|-|-|-|-|-|-|-|-|1|-|-|-|-|-|none|none|none|none|none|rsmod
item|4600|crush|401|-|-|-|-|-|-|-|-|-|-|-|-|-|-|rsmod:blackjack_willow:attack:stance4|-|-|-|-|-|-|-|-|-|-|-|-|-|-|3|-|-|-|-|-|none|none|none|none|none|rsmod
item|4675|crush|414|-|-|-|-|-|-|-|-|-|-|-|-|-|-|rsmod:staff_of_zaros:attack:stance1|-|-|-|-|-|-|-|-|-|-|-|-|-|-|0|-|-|-|-|-|none|none|none|none|none|rsmod
item|4675|crush|414|-|-|-|-|-|-|-|-|-|-|-|-|-|-|rsmod:staff_of_zaros:attack:stance2|-|-|-|-|-|-|-|-|-|-|-|-|-|-|1|-|-|-|-|-|none|none|none|none|none|rsmod
item|4675|crush|414|-|-|-|-|-|-|-|-|-|-|-|-|-|-|rsmod:staff_of_zaros:attack:stance4|-|-|-|-|-|-|-|-|-|-|-|-|-|-|3|-|-|-|-|-|none|none|none|none|none|rsmod
item|4710|crush|2078|-|-|-|-|-|-|-|-|-|-|-|-|-|-|rsmod:barrows_ahrim_weapon:attack:stance1|-|-|-|-|-|-|-|-|-|-|-|-|-|-|0|-|-|-|-|-|none|none|none|none|none|rsmod
item|4710|crush|2078|-|-|-|-|-|-|-|-|-|-|-|-|-|-|rsmod:barrows_ahrim_weapon:attack:stance2|-|-|-|-|-|-|-|-|-|-|-|-|-|-|1|-|-|-|-|-|none|none|none|none|none|rsmod
item|4710|crush|2078|-|-|-|-|-|-|-|-|-|-|-|-|-|-|rsmod:barrows_ahrim_weapon:attack:stance4|-|-|-|-|-|-|-|-|-|-|-|-|-|-|3|-|-|-|-|-|none|none|none|none|none|rsmod
item|4718|crush|2066|-|-|-|-|-|-|-|-|-|-|-|-|-|-|rsmod:barrows_dharok_weapon:attack:stance3|-|-|-|-|-|-|-|-|-|-|-|-|-|-|2|-|-|-|-|-|none|none|none|none|none|rsmod
item|4718|slash|2067|-|-|-|-|-|-|-|-|-|-|-|-|-|-|rsmod:barrows_dharok_weapon:attack:stance1|-|-|-|-|-|-|-|-|-|-|-|-|-|-|0|-|-|-|-|-|none|none|none|none|none|rsmod
item|4718|slash|2067|-|-|-|-|-|-|-|-|-|-|-|-|-|-|rsmod:barrows_dharok_weapon:attack:stance2|-|-|-|-|-|-|-|-|-|-|-|-|-|-|1|-|-|-|-|-|none|none|none|none|none|rsmod
item|4718|slash|2067|-|-|-|-|-|-|-|-|-|-|-|-|-|-|rsmod:barrows_dharok_weapon:attack:stance4|-|-|-|-|-|-|-|-|-|-|-|-|-|-|3|-|-|-|-|-|none|none|none|none|none|rsmod
item|4726|crush|2082|-|-|-|-|-|-|-|-|-|-|-|-|-|-|rsmod:barrows_guthan_weapon:attack:stance3|-|-|-|-|-|-|-|-|-|-|-|-|-|-|2|-|-|-|-|-|none|none|none|none|none|rsmod
item|4726|slash|2081|-|-|-|-|-|-|-|-|-|-|-|-|-|-|rsmod:barrows_guthan_weapon:attack:stance2|-|-|-|-|-|-|-|-|-|-|-|-|-|-|1|-|-|-|-|-|none|none|none|none|none|rsmod
item|4726|stab|2080|-|-|-|-|-|-|-|-|-|-|-|-|-|-|rsmod:barrows_guthan_weapon:attack:stance1|-|-|-|-|-|-|-|-|-|-|-|-|-|-|0|-|-|-|-|-|none|none|none|none|none|rsmod
item|4726|stab|2080|-|-|-|-|-|-|-|-|-|-|-|-|-|-|rsmod:barrows_guthan_weapon:attack:stance4|-|-|-|-|-|-|-|-|-|-|-|-|-|-|3|-|-|-|-|-|none|none|none|none|none|rsmod
item|4734|ranged|2075|-|-|-|-|-|3|3|155|146|41|5|5|11|5|rsmod:barrows_karil_weapon:attack:stance1|-|-|-|-|-|-|-|-|-|-|-|-|-|-|0|-|-|-|-|-|none|none|none|none|none|rsmod
item|4734|ranged|2075|-|-|-|-|-|3|3|155|146|41|5|5|11|5|rsmod:barrows_karil_weapon:attack:stance2|-|-|-|-|-|-|-|-|-|-|-|-|-|-|1|-|-|-|-|-|none|none|none|none|none|rsmod
item|4734|ranged|2075|-|-|-|-|-|3|3|155|146|41|5|5|11|5|rsmod:barrows_karil_weapon:attack:stance4|-|-|-|-|-|-|-|-|-|-|-|-|-|-|3|-|-|-|-|-|none|none|none|none|none|rsmod
item|4740|ranged|-|-|993|-|19799|5477|2|2|-|-|-|-|-|-|-|rsmod:barrows_karil_ammo:projectile|-|-|-|-|-|-|-|-|-|-|-|-|-|-|-|-|-|-|-|-|travel_projectile|source_actor|target_actor|none|target_actor|rsmod
item|4747|crush|2068|-|-|-|-|-|-|-|-|-|-|-|-|-|-|rsmod:barrows_torag_weapon:attack:stance1|-|-|-|-|-|-|-|-|-|-|-|-|-|-|0|-|-|-|-|-|none|none|none|none|none|rsmod
item|4747|crush|2068|-|-|-|-|-|-|-|-|-|-|-|-|-|-|rsmod:barrows_torag_weapon:attack:stance2|-|-|-|-|-|-|-|-|-|-|-|-|-|-|1|-|-|-|-|-|none|none|none|none|none|rsmod
item|4747|crush|2068|-|-|-|-|-|-|-|-|-|-|-|-|-|-|rsmod:barrows_torag_weapon:attack:stance4|-|-|-|-|-|-|-|-|-|-|-|-|-|-|3|-|-|-|-|-|none|none|none|none|none|rsmod
item|4755|crush|2062|-|-|-|-|-|-|-|-|-|-|-|-|-|-|rsmod:barrows_verac_weapon:attack:stance1|-|-|-|-|-|-|-|-|-|-|-|-|-|-|0|-|-|-|-|-|none|none|none|none|none|rsmod
item|4755|crush|2062|-|-|-|-|-|-|-|-|-|-|-|-|-|-|rsmod:barrows_verac_weapon:attack:stance2|-|-|-|-|-|-|-|-|-|-|-|-|-|-|1|-|-|-|-|-|none|none|none|none|none|rsmod
item|4755|crush|2062|-|-|-|-|-|-|-|-|-|-|-|-|-|-|rsmod:barrows_verac_weapon:attack:stance4|-|-|-|-|-|-|-|-|-|-|-|-|-|-|3|-|-|-|-|-|none|none|none|none|none|rsmod
item|4755|stab|2062|-|-|-|-|-|-|-|-|-|-|-|-|-|-|rsmod:barrows_verac_weapon:attack:stance3|-|-|-|-|-|-|-|-|-|-|-|-|-|-|2|-|-|-|-|-|none|none|none|none|none|rsmod
item|4827|ranged|426|-|-|-|-|-|3|3|163|146|41|15|5|11|5|rsmod:zogre_bow:attack:stance1|-|-|-|-|-|-|-|-|-|-|-|-|-|-|0|-|-|-|-|-|none|none|none|none|none|rsmod
item|4827|ranged|426|-|-|-|-|-|3|3|163|146|41|15|5|11|5|rsmod:zogre_bow:attack:stance2|-|-|-|-|-|-|-|-|-|-|-|-|-|-|1|-|-|-|-|-|none|none|none|none|none|rsmod
item|4827|ranged|426|-|-|-|-|-|3|3|163|146|41|15|5|11|5|rsmod:zogre_bow:attack:stance4|-|-|-|-|-|-|-|-|-|-|-|-|-|-|3|-|-|-|-|-|none|none|none|none|none|rsmod
item|4862|crush|2078|-|-|-|-|-|-|-|-|-|-|-|-|-|-|rsmod:barrows_ahrim_weapon_100:attack:stance1|-|-|-|-|-|-|-|-|-|-|-|-|-|-|0|-|-|-|-|-|none|none|none|none|none|rsmod
item|4862|crush|2078|-|-|-|-|-|-|-|-|-|-|-|-|-|-|rsmod:barrows_ahrim_weapon_100:attack:stance2|-|-|-|-|-|-|-|-|-|-|-|-|-|-|1|-|-|-|-|-|none|none|none|none|none|rsmod
item|4862|crush|2078|-|-|-|-|-|-|-|-|-|-|-|-|-|-|rsmod:barrows_ahrim_weapon_100:attack:stance4|-|-|-|-|-|-|-|-|-|-|-|-|-|-|3|-|-|-|-|-|none|none|none|none|none|rsmod
item|4863|crush|2078|-|-|-|-|-|-|-|-|-|-|-|-|-|-|rsmod:barrows_ahrim_weapon_75:attack:stance1|-|-|-|-|-|-|-|-|-|-|-|-|-|-|0|-|-|-|-|-|none|none|none|none|none|rsmod
item|4863|crush|2078|-|-|-|-|-|-|-|-|-|-|-|-|-|-|rsmod:barrows_ahrim_weapon_75:attack:stance2|-|-|-|-|-|-|-|-|-|-|-|-|-|-|1|-|-|-|-|-|none|none|none|none|none|rsmod
item|4863|crush|2078|-|-|-|-|-|-|-|-|-|-|-|-|-|-|rsmod:barrows_ahrim_weapon_75:attack:stance4|-|-|-|-|-|-|-|-|-|-|-|-|-|-|3|-|-|-|-|-|none|none|none|none|none|rsmod
item|4864|crush|2078|-|-|-|-|-|-|-|-|-|-|-|-|-|-|rsmod:barrows_ahrim_weapon_50:attack:stance1|-|-|-|-|-|-|-|-|-|-|-|-|-|-|0|-|-|-|-|-|none|none|none|none|none|rsmod
item|4864|crush|2078|-|-|-|-|-|-|-|-|-|-|-|-|-|-|rsmod:barrows_ahrim_weapon_50:attack:stance2|-|-|-|-|-|-|-|-|-|-|-|-|-|-|1|-|-|-|-|-|none|none|none|none|none|rsmod
item|4864|crush|2078|-|-|-|-|-|-|-|-|-|-|-|-|-|-|rsmod:barrows_ahrim_weapon_50:attack:stance4|-|-|-|-|-|-|-|-|-|-|-|-|-|-|3|-|-|-|-|-|none|none|none|none|none|rsmod
item|4865|crush|2078|-|-|-|-|-|-|-|-|-|-|-|-|-|-|rsmod:barrows_ahrim_weapon_25:attack:stance1|-|-|-|-|-|-|-|-|-|-|-|-|-|-|0|-|-|-|-|-|none|none|none|none|none|rsmod
item|4865|crush|2078|-|-|-|-|-|-|-|-|-|-|-|-|-|-|rsmod:barrows_ahrim_weapon_25:attack:stance2|-|-|-|-|-|-|-|-|-|-|-|-|-|-|1|-|-|-|-|-|none|none|none|none|none|rsmod
item|4865|crush|2078|-|-|-|-|-|-|-|-|-|-|-|-|-|-|rsmod:barrows_ahrim_weapon_25:attack:stance4|-|-|-|-|-|-|-|-|-|-|-|-|-|-|3|-|-|-|-|-|none|none|none|none|none|rsmod
item|4886|crush|2066|-|-|-|-|-|-|-|-|-|-|-|-|-|-|rsmod:barrows_dharok_weapon_100:attack:stance3|-|-|-|-|-|-|-|-|-|-|-|-|-|-|2|-|-|-|-|-|none|none|none|none|none|rsmod
item|4886|slash|2067|-|-|-|-|-|-|-|-|-|-|-|-|-|-|rsmod:barrows_dharok_weapon_100:attack:stance1|-|-|-|-|-|-|-|-|-|-|-|-|-|-|0|-|-|-|-|-|none|none|none|none|none|rsmod
item|4886|slash|2067|-|-|-|-|-|-|-|-|-|-|-|-|-|-|rsmod:barrows_dharok_weapon_100:attack:stance2|-|-|-|-|-|-|-|-|-|-|-|-|-|-|1|-|-|-|-|-|none|none|none|none|none|rsmod
item|4886|slash|2067|-|-|-|-|-|-|-|-|-|-|-|-|-|-|rsmod:barrows_dharok_weapon_100:attack:stance4|-|-|-|-|-|-|-|-|-|-|-|-|-|-|3|-|-|-|-|-|none|none|none|none|none|rsmod
item|4887|crush|2066|-|-|-|-|-|-|-|-|-|-|-|-|-|-|rsmod:barrows_dharok_weapon_75:attack:stance3|-|-|-|-|-|-|-|-|-|-|-|-|-|-|2|-|-|-|-|-|none|none|none|none|none|rsmod
item|4887|slash|2067|-|-|-|-|-|-|-|-|-|-|-|-|-|-|rsmod:barrows_dharok_weapon_75:attack:stance1|-|-|-|-|-|-|-|-|-|-|-|-|-|-|0|-|-|-|-|-|none|none|none|none|none|rsmod
item|4887|slash|2067|-|-|-|-|-|-|-|-|-|-|-|-|-|-|rsmod:barrows_dharok_weapon_75:attack:stance2|-|-|-|-|-|-|-|-|-|-|-|-|-|-|1|-|-|-|-|-|none|none|none|none|none|rsmod
item|4887|slash|2067|-|-|-|-|-|-|-|-|-|-|-|-|-|-|rsmod:barrows_dharok_weapon_75:attack:stance4|-|-|-|-|-|-|-|-|-|-|-|-|-|-|3|-|-|-|-|-|none|none|none|none|none|rsmod
item|4888|crush|2066|-|-|-|-|-|-|-|-|-|-|-|-|-|-|rsmod:barrows_dharok_weapon_50:attack:stance3|-|-|-|-|-|-|-|-|-|-|-|-|-|-|2|-|-|-|-|-|none|none|none|none|none|rsmod
item|4888|slash|2067|-|-|-|-|-|-|-|-|-|-|-|-|-|-|rsmod:barrows_dharok_weapon_50:attack:stance1|-|-|-|-|-|-|-|-|-|-|-|-|-|-|0|-|-|-|-|-|none|none|none|none|none|rsmod
item|4888|slash|2067|-|-|-|-|-|-|-|-|-|-|-|-|-|-|rsmod:barrows_dharok_weapon_50:attack:stance2|-|-|-|-|-|-|-|-|-|-|-|-|-|-|1|-|-|-|-|-|none|none|none|none|none|rsmod
item|4888|slash|2067|-|-|-|-|-|-|-|-|-|-|-|-|-|-|rsmod:barrows_dharok_weapon_50:attack:stance4|-|-|-|-|-|-|-|-|-|-|-|-|-|-|3|-|-|-|-|-|none|none|none|none|none|rsmod
item|4889|crush|2066|-|-|-|-|-|-|-|-|-|-|-|-|-|-|rsmod:barrows_dharok_weapon_25:attack:stance3|-|-|-|-|-|-|-|-|-|-|-|-|-|-|2|-|-|-|-|-|none|none|none|none|none|rsmod
item|4889|slash|2067|-|-|-|-|-|-|-|-|-|-|-|-|-|-|rsmod:barrows_dharok_weapon_25:attack:stance1|-|-|-|-|-|-|-|-|-|-|-|-|-|-|0|-|-|-|-|-|none|none|none|none|none|rsmod
item|4889|slash|2067|-|-|-|-|-|-|-|-|-|-|-|-|-|-|rsmod:barrows_dharok_weapon_25:attack:stance2|-|-|-|-|-|-|-|-|-|-|-|-|-|-|1|-|-|-|-|-|none|none|none|none|none|rsmod
item|4889|slash|2067|-|-|-|-|-|-|-|-|-|-|-|-|-|-|rsmod:barrows_dharok_weapon_25:attack:stance4|-|-|-|-|-|-|-|-|-|-|-|-|-|-|3|-|-|-|-|-|none|none|none|none|none|rsmod
item|4910|crush|2082|-|-|-|-|-|-|-|-|-|-|-|-|-|-|rsmod:barrows_guthan_weapon_100:attack:stance3|-|-|-|-|-|-|-|-|-|-|-|-|-|-|2|-|-|-|-|-|none|none|none|none|none|rsmod
item|4910|slash|2081|-|-|-|-|-|-|-|-|-|-|-|-|-|-|rsmod:barrows_guthan_weapon_100:attack:stance2|-|-|-|-|-|-|-|-|-|-|-|-|-|-|1|-|-|-|-|-|none|none|none|none|none|rsmod
item|4910|stab|2080|-|-|-|-|-|-|-|-|-|-|-|-|-|-|rsmod:barrows_guthan_weapon_100:attack:stance1|-|-|-|-|-|-|-|-|-|-|-|-|-|-|0|-|-|-|-|-|none|none|none|none|none|rsmod
item|4910|stab|2080|-|-|-|-|-|-|-|-|-|-|-|-|-|-|rsmod:barrows_guthan_weapon_100:attack:stance4|-|-|-|-|-|-|-|-|-|-|-|-|-|-|3|-|-|-|-|-|none|none|none|none|none|rsmod
item|4911|crush|2082|-|-|-|-|-|-|-|-|-|-|-|-|-|-|rsmod:barrows_guthan_weapon_75:attack:stance3|-|-|-|-|-|-|-|-|-|-|-|-|-|-|2|-|-|-|-|-|none|none|none|none|none|rsmod
item|4911|slash|2081|-|-|-|-|-|-|-|-|-|-|-|-|-|-|rsmod:barrows_guthan_weapon_75:attack:stance2|-|-|-|-|-|-|-|-|-|-|-|-|-|-|1|-|-|-|-|-|none|none|none|none|none|rsmod
item|4911|stab|2080|-|-|-|-|-|-|-|-|-|-|-|-|-|-|rsmod:barrows_guthan_weapon_75:attack:stance1|-|-|-|-|-|-|-|-|-|-|-|-|-|-|0|-|-|-|-|-|none|none|none|none|none|rsmod
item|4911|stab|2080|-|-|-|-|-|-|-|-|-|-|-|-|-|-|rsmod:barrows_guthan_weapon_75:attack:stance4|-|-|-|-|-|-|-|-|-|-|-|-|-|-|3|-|-|-|-|-|none|none|none|none|none|rsmod
item|4912|crush|2082|-|-|-|-|-|-|-|-|-|-|-|-|-|-|rsmod:barrows_guthan_weapon_50:attack:stance3|-|-|-|-|-|-|-|-|-|-|-|-|-|-|2|-|-|-|-|-|none|none|none|none|none|rsmod
item|4912|slash|2081|-|-|-|-|-|-|-|-|-|-|-|-|-|-|rsmod:barrows_guthan_weapon_50:attack:stance2|-|-|-|-|-|-|-|-|-|-|-|-|-|-|1|-|-|-|-|-|none|none|none|none|none|rsmod
item|4912|stab|2080|-|-|-|-|-|-|-|-|-|-|-|-|-|-|rsmod:barrows_guthan_weapon_50:attack:stance1|-|-|-|-|-|-|-|-|-|-|-|-|-|-|0|-|-|-|-|-|none|none|none|none|none|rsmod
item|4912|stab|2080|-|-|-|-|-|-|-|-|-|-|-|-|-|-|rsmod:barrows_guthan_weapon_50:attack:stance4|-|-|-|-|-|-|-|-|-|-|-|-|-|-|3|-|-|-|-|-|none|none|none|none|none|rsmod
item|4913|crush|2082|-|-|-|-|-|-|-|-|-|-|-|-|-|-|rsmod:barrows_guthan_weapon_25:attack:stance3|-|-|-|-|-|-|-|-|-|-|-|-|-|-|2|-|-|-|-|-|none|none|none|none|none|rsmod
item|4913|slash|2081|-|-|-|-|-|-|-|-|-|-|-|-|-|-|rsmod:barrows_guthan_weapon_25:attack:stance2|-|-|-|-|-|-|-|-|-|-|-|-|-|-|1|-|-|-|-|-|none|none|none|none|none|rsmod
item|4913|stab|2080|-|-|-|-|-|-|-|-|-|-|-|-|-|-|rsmod:barrows_guthan_weapon_25:attack:stance1|-|-|-|-|-|-|-|-|-|-|-|-|-|-|0|-|-|-|-|-|none|none|none|none|none|rsmod
item|4913|stab|2080|-|-|-|-|-|-|-|-|-|-|-|-|-|-|rsmod:barrows_guthan_weapon_25:attack:stance4|-|-|-|-|-|-|-|-|-|-|-|-|-|-|3|-|-|-|-|-|none|none|none|none|none|rsmod
item|4934|ranged|2075|-|-|-|-|-|3|3|155|146|41|5|5|11|5|rsmod:barrows_karil_weapon_100:attack:stance1|-|-|-|-|-|-|-|-|-|-|-|-|-|-|0|-|-|-|-|-|none|none|none|none|none|rsmod
item|4934|ranged|2075|-|-|-|-|-|3|3|155|146|41|5|5|11|5|rsmod:barrows_karil_weapon_100:attack:stance2|-|-|-|-|-|-|-|-|-|-|-|-|-|-|1|-|-|-|-|-|none|none|none|none|none|rsmod
item|4934|ranged|2075|-|-|-|-|-|3|3|155|146|41|5|5|11|5|rsmod:barrows_karil_weapon_100:attack:stance4|-|-|-|-|-|-|-|-|-|-|-|-|-|-|3|-|-|-|-|-|none|none|none|none|none|rsmod
item|4935|ranged|2075|-|-|-|-|-|3|3|155|146|41|5|5|11|5|rsmod:barrows_karil_weapon_75:attack:stance1|-|-|-|-|-|-|-|-|-|-|-|-|-|-|0|-|-|-|-|-|none|none|none|none|none|rsmod
item|4935|ranged|2075|-|-|-|-|-|3|3|155|146|41|5|5|11|5|rsmod:barrows_karil_weapon_75:attack:stance2|-|-|-|-|-|-|-|-|-|-|-|-|-|-|1|-|-|-|-|-|none|none|none|none|none|rsmod
item|4935|ranged|2075|-|-|-|-|-|3|3|155|146|41|5|5|11|5|rsmod:barrows_karil_weapon_75:attack:stance4|-|-|-|-|-|-|-|-|-|-|-|-|-|-|3|-|-|-|-|-|none|none|none|none|none|rsmod
item|4936|ranged|2075|-|-|-|-|-|3|3|155|146|41|5|5|11|5|rsmod:barrows_karil_weapon_50:attack:stance1|-|-|-|-|-|-|-|-|-|-|-|-|-|-|0|-|-|-|-|-|none|none|none|none|none|rsmod
item|4936|ranged|2075|-|-|-|-|-|3|3|155|146|41|5|5|11|5|rsmod:barrows_karil_weapon_50:attack:stance2|-|-|-|-|-|-|-|-|-|-|-|-|-|-|1|-|-|-|-|-|none|none|none|none|none|rsmod
item|4936|ranged|2075|-|-|-|-|-|3|3|155|146|41|5|5|11|5|rsmod:barrows_karil_weapon_50:attack:stance4|-|-|-|-|-|-|-|-|-|-|-|-|-|-|3|-|-|-|-|-|none|none|none|none|none|rsmod
item|4937|ranged|2075|-|-|-|-|-|3|3|155|146|41|5|5|11|5|rsmod:barrows_karil_weapon_25:attack:stance1|-|-|-|-|-|-|-|-|-|-|-|-|-|-|0|-|-|-|-|-|none|none|none|none|none|rsmod
item|4937|ranged|2075|-|-|-|-|-|3|3|155|146|41|5|5|11|5|rsmod:barrows_karil_weapon_25:attack:stance2|-|-|-|-|-|-|-|-|-|-|-|-|-|-|1|-|-|-|-|-|none|none|none|none|none|rsmod
item|4937|ranged|2075|-|-|-|-|-|3|3|155|146|41|5|5|11|5|rsmod:barrows_karil_weapon_25:attack:stance4|-|-|-|-|-|-|-|-|-|-|-|-|-|-|3|-|-|-|-|-|none|none|none|none|none|rsmod
item|4958|crush|2068|-|-|-|-|-|-|-|-|-|-|-|-|-|-|rsmod:barrows_torag_weapon_100:attack:stance1|-|-|-|-|-|-|-|-|-|-|-|-|-|-|0|-|-|-|-|-|none|none|none|none|none|rsmod
item|4958|crush|2068|-|-|-|-|-|-|-|-|-|-|-|-|-|-|rsmod:barrows_torag_weapon_100:attack:stance2|-|-|-|-|-|-|-|-|-|-|-|-|-|-|1|-|-|-|-|-|none|none|none|none|none|rsmod
item|4958|crush|2068|-|-|-|-|-|-|-|-|-|-|-|-|-|-|rsmod:barrows_torag_weapon_100:attack:stance4|-|-|-|-|-|-|-|-|-|-|-|-|-|-|3|-|-|-|-|-|none|none|none|none|none|rsmod
item|4959|crush|2068|-|-|-|-|-|-|-|-|-|-|-|-|-|-|rsmod:barrows_torag_weapon_75:attack:stance1|-|-|-|-|-|-|-|-|-|-|-|-|-|-|0|-|-|-|-|-|none|none|none|none|none|rsmod
item|4959|crush|2068|-|-|-|-|-|-|-|-|-|-|-|-|-|-|rsmod:barrows_torag_weapon_75:attack:stance2|-|-|-|-|-|-|-|-|-|-|-|-|-|-|1|-|-|-|-|-|none|none|none|none|none|rsmod
item|4959|crush|2068|-|-|-|-|-|-|-|-|-|-|-|-|-|-|rsmod:barrows_torag_weapon_75:attack:stance4|-|-|-|-|-|-|-|-|-|-|-|-|-|-|3|-|-|-|-|-|none|none|none|none|none|rsmod
item|4960|crush|2068|-|-|-|-|-|-|-|-|-|-|-|-|-|-|rsmod:barrows_torag_weapon_50:attack:stance1|-|-|-|-|-|-|-|-|-|-|-|-|-|-|0|-|-|-|-|-|none|none|none|none|none|rsmod
item|4960|crush|2068|-|-|-|-|-|-|-|-|-|-|-|-|-|-|rsmod:barrows_torag_weapon_50:attack:stance2|-|-|-|-|-|-|-|-|-|-|-|-|-|-|1|-|-|-|-|-|none|none|none|none|none|rsmod
item|4960|crush|2068|-|-|-|-|-|-|-|-|-|-|-|-|-|-|rsmod:barrows_torag_weapon_50:attack:stance4|-|-|-|-|-|-|-|-|-|-|-|-|-|-|3|-|-|-|-|-|none|none|none|none|none|rsmod
item|4961|crush|2068|-|-|-|-|-|-|-|-|-|-|-|-|-|-|rsmod:barrows_torag_weapon_25:attack:stance1|-|-|-|-|-|-|-|-|-|-|-|-|-|-|0|-|-|-|-|-|none|none|none|none|none|rsmod
item|4961|crush|2068|-|-|-|-|-|-|-|-|-|-|-|-|-|-|rsmod:barrows_torag_weapon_25:attack:stance2|-|-|-|-|-|-|-|-|-|-|-|-|-|-|1|-|-|-|-|-|none|none|none|none|none|rsmod
item|4961|crush|2068|-|-|-|-|-|-|-|-|-|-|-|-|-|-|rsmod:barrows_torag_weapon_25:attack:stance4|-|-|-|-|-|-|-|-|-|-|-|-|-|-|3|-|-|-|-|-|none|none|none|none|none|rsmod
item|4982|crush|2062|-|-|-|-|-|-|-|-|-|-|-|-|-|-|rsmod:barrows_verac_weapon_100:attack:stance1|-|-|-|-|-|-|-|-|-|-|-|-|-|-|0|-|-|-|-|-|none|none|none|none|none|rsmod
item|4982|crush|2062|-|-|-|-|-|-|-|-|-|-|-|-|-|-|rsmod:barrows_verac_weapon_100:attack:stance2|-|-|-|-|-|-|-|-|-|-|-|-|-|-|1|-|-|-|-|-|none|none|none|none|none|rsmod
item|4982|crush|2062|-|-|-|-|-|-|-|-|-|-|-|-|-|-|rsmod:barrows_verac_weapon_100:attack:stance4|-|-|-|-|-|-|-|-|-|-|-|-|-|-|3|-|-|-|-|-|none|none|none|none|none|rsmod
item|4982|stab|2062|-|-|-|-|-|-|-|-|-|-|-|-|-|-|rsmod:barrows_verac_weapon_100:attack:stance3|-|-|-|-|-|-|-|-|-|-|-|-|-|-|2|-|-|-|-|-|none|none|none|none|none|rsmod
item|4983|crush|2062|-|-|-|-|-|-|-|-|-|-|-|-|-|-|rsmod:barrows_verac_weapon_75:attack:stance1|-|-|-|-|-|-|-|-|-|-|-|-|-|-|0|-|-|-|-|-|none|none|none|none|none|rsmod
item|4983|crush|2062|-|-|-|-|-|-|-|-|-|-|-|-|-|-|rsmod:barrows_verac_weapon_75:attack:stance2|-|-|-|-|-|-|-|-|-|-|-|-|-|-|1|-|-|-|-|-|none|none|none|none|none|rsmod
item|4983|crush|2062|-|-|-|-|-|-|-|-|-|-|-|-|-|-|rsmod:barrows_verac_weapon_75:attack:stance4|-|-|-|-|-|-|-|-|-|-|-|-|-|-|3|-|-|-|-|-|none|none|none|none|none|rsmod
item|4983|stab|2062|-|-|-|-|-|-|-|-|-|-|-|-|-|-|rsmod:barrows_verac_weapon_75:attack:stance3|-|-|-|-|-|-|-|-|-|-|-|-|-|-|2|-|-|-|-|-|none|none|none|none|none|rsmod
item|4984|crush|2062|-|-|-|-|-|-|-|-|-|-|-|-|-|-|rsmod:barrows_verac_weapon_50:attack:stance1|-|-|-|-|-|-|-|-|-|-|-|-|-|-|0|-|-|-|-|-|none|none|none|none|none|rsmod
item|4984|crush|2062|-|-|-|-|-|-|-|-|-|-|-|-|-|-|rsmod:barrows_verac_weapon_50:attack:stance2|-|-|-|-|-|-|-|-|-|-|-|-|-|-|1|-|-|-|-|-|none|none|none|none|none|rsmod
item|4984|crush|2062|-|-|-|-|-|-|-|-|-|-|-|-|-|-|rsmod:barrows_verac_weapon_50:attack:stance4|-|-|-|-|-|-|-|-|-|-|-|-|-|-|3|-|-|-|-|-|none|none|none|none|none|rsmod
item|4984|stab|2062|-|-|-|-|-|-|-|-|-|-|-|-|-|-|rsmod:barrows_verac_weapon_50:attack:stance3|-|-|-|-|-|-|-|-|-|-|-|-|-|-|2|-|-|-|-|-|none|none|none|none|none|rsmod
item|4985|crush|2062|-|-|-|-|-|-|-|-|-|-|-|-|-|-|rsmod:barrows_verac_weapon_25:attack:stance1|-|-|-|-|-|-|-|-|-|-|-|-|-|-|0|-|-|-|-|-|none|none|none|none|none|rsmod
item|4985|crush|2062|-|-|-|-|-|-|-|-|-|-|-|-|-|-|rsmod:barrows_verac_weapon_25:attack:stance2|-|-|-|-|-|-|-|-|-|-|-|-|-|-|1|-|-|-|-|-|none|none|none|none|none|rsmod
item|4985|crush|2062|-|-|-|-|-|-|-|-|-|-|-|-|-|-|rsmod:barrows_verac_weapon_25:attack:stance4|-|-|-|-|-|-|-|-|-|-|-|-|-|-|3|-|-|-|-|-|none|none|none|none|none|rsmod
item|4985|stab|2062|-|-|-|-|-|-|-|-|-|-|-|-|-|-|rsmod:barrows_verac_weapon_25:attack:stance3|-|-|-|-|-|-|-|-|-|-|-|-|-|-|2|-|-|-|-|-|none|none|none|none|none|rsmod
item|5016|crush|429|-|-|-|-|-|-|-|-|-|-|-|-|-|-|rsmod:cave_goblin_bone_spear:attack:stance3|-|-|-|-|-|-|-|-|-|-|-|-|-|-|2|-|-|-|-|-|none|none|none|none|none|rsmod
item|5016|slash|440|-|-|-|-|-|-|-|-|-|-|-|-|-|-|rsmod:cave_goblin_bone_spear:attack:stance2|-|-|-|-|-|-|-|-|-|-|-|-|-|-|1|-|-|-|-|-|none|none|none|none|none|rsmod
item|5016|stab|428|-|-|-|-|-|-|-|-|-|-|-|-|-|-|rsmod:cave_goblin_bone_spear:attack:stance1|-|-|-|-|-|-|-|-|-|-|-|-|-|-|0|-|-|-|-|-|none|none|none|none|none|rsmod
item|5016|stab|428|-|-|-|-|-|-|-|-|-|-|-|-|-|-|rsmod:cave_goblin_bone_spear:attack:stance4|-|-|-|-|-|-|-|-|-|-|-|-|-|-|3|-|-|-|-|-|none|none|none|none|none|rsmod
item|5018|crush|401|-|-|-|-|-|-|-|-|-|-|-|-|-|-|rsmod:cave_goblin_bone_club:attack:stance1|-|-|-|-|-|-|-|-|-|-|-|-|-|-|0|-|-|-|-|-|none|none|none|none|none|rsmod
item|5018|crush|401|-|-|-|-|-|-|-|-|-|-|-|-|-|-|rsmod:cave_goblin_bone_club:attack:stance2|-|-|-|-|-|-|-|-|-|-|-|-|-|-|1|-|-|-|-|-|none|none|none|none|none|rsmod
item|5018|crush|401|-|-|-|-|-|-|-|-|-|-|-|-|-|-|rsmod:cave_goblin_bone_club:attack:stance4|-|-|-|-|-|-|-|-|-|-|-|-|-|-|3|-|-|-|-|-|none|none|none|none|none|rsmod
item|5616|ranged|-|19|10|-|3136|-|2|2|-|-|-|-|-|-|-|rsmod:bronze_arrow_p+:projectile|-|-|-|-|-|-|-|-|-|-|-|-|-|1104|-|-|-|-|-|-|travel_projectile|source_actor|target_actor|source_actor|target_actor|rsmod
item|5617|ranged|-|18|9|-|3136|-|2|2|-|-|-|-|-|-|-|rsmod:iron_arrow_p+:projectile|-|-|-|-|-|-|-|-|-|-|-|-|-|1105|-|-|-|-|-|-|travel_projectile|source_actor|target_actor|source_actor|target_actor|rsmod
item|5618|ranged|-|20|11|-|3136|-|2|2|-|-|-|-|-|-|-|rsmod:steel_arrow_p+:projectile|-|-|-|-|-|-|-|-|-|-|-|-|-|1106|-|-|-|-|-|-|travel_projectile|source_actor|target_actor|source_actor|target_actor|rsmod
item|5619|ranged|-|21|12|-|3136|-|2|2|-|-|-|-|-|-|-|rsmod:mithril_arrow_p+:projectile|-|-|-|-|-|-|-|-|-|-|-|-|-|1107|-|-|-|-|-|-|travel_projectile|source_actor|target_actor|source_actor|target_actor|rsmod
item|5620|ranged|-|22|13|-|3136|-|2|2|-|-|-|-|-|-|-|rsmod:adamant_arrow_p+:projectile|-|-|-|-|-|-|-|-|-|-|-|-|-|1108|-|-|-|-|-|-|travel_projectile|source_actor|target_actor|source_actor|target_actor|rsmod
item|5621|ranged|-|24|15|-|3136|-|2|2|-|-|-|-|-|-|-|rsmod:rune_arrow_p+:projectile|-|-|-|-|-|-|-|-|-|-|-|-|-|1109|-|-|-|-|-|-|travel_projectile|source_actor|target_actor|source_actor|target_actor|rsmod
item|5622|ranged|-|19|10|-|3136|-|2|2|-|-|-|-|-|-|-|rsmod:bronze_arrow_p++:projectile|-|-|-|-|-|-|-|-|-|-|-|-|-|1104|-|-|-|-|-|-|travel_projectile|source_actor|target_actor|source_actor|target_actor|rsmod
item|5623|ranged|-|18|9|-|3136|-|2|2|-|-|-|-|-|-|-|rsmod:iron_arrow_p++:projectile|-|-|-|-|-|-|-|-|-|-|-|-|-|1105|-|-|-|-|-|-|travel_projectile|source_actor|target_actor|source_actor|target_actor|rsmod
item|5624|ranged|-|20|11|-|3136|-|2|2|-|-|-|-|-|-|-|rsmod:steel_arrow_p++:projectile|-|-|-|-|-|-|-|-|-|-|-|-|-|1106|-|-|-|-|-|-|travel_projectile|source_actor|target_actor|source_actor|target_actor|rsmod
item|5625|ranged|-|21|12|-|3136|-|2|2|-|-|-|-|-|-|-|rsmod:mithril_arrow_p++:projectile|-|-|-|-|-|-|-|-|-|-|-|-|-|1107|-|-|-|-|-|-|travel_projectile|source_actor|target_actor|source_actor|target_actor|rsmod
item|5626|ranged|-|22|13|-|3136|-|2|2|-|-|-|-|-|-|-|rsmod:adamant_arrow_p++:projectile|-|-|-|-|-|-|-|-|-|-|-|-|-|1108|-|-|-|-|-|-|travel_projectile|source_actor|target_actor|source_actor|target_actor|rsmod
item|5627|ranged|-|24|15|-|3136|-|2|2|-|-|-|-|-|-|-|rsmod:rune_arrow_p++:projectile|-|-|-|-|-|-|-|-|-|-|-|-|-|1109|-|-|-|-|-|-|travel_projectile|source_actor|target_actor|source_actor|target_actor|rsmod
item|5628|ranged|-|232|226|-|3131|-|2|2|163|146|32|15|0|11|5|rsmod:bronze_dart_p+:projectile|-|-|-|-|-|-|-|-|-|-|-|-|-|-|-|-|-|-|-|-|travel_projectile|source_actor|target_actor|source_actor|target_actor|rsmod
item|5628|ranged|7554|-|-|-|-|-|2|2|163|146|32|15|0|11|5|rsmod:bronze_dart_p+:attack:stance1|-|-|-|-|-|-|-|-|-|-|-|-|-|-|0|-|-|-|-|-|none|none|none|none|none|rsmod
item|5628|ranged|7554|-|-|-|-|-|2|2|163|146|32|15|0|11|5|rsmod:bronze_dart_p+:attack:stance2|-|-|-|-|-|-|-|-|-|-|-|-|-|-|1|-|-|-|-|-|none|none|none|none|none|rsmod
item|5628|ranged|7554|-|-|-|-|-|2|2|163|146|32|15|0|11|5|rsmod:bronze_dart_p+:attack:stance4|-|-|-|-|-|-|-|-|-|-|-|-|-|-|3|-|-|-|-|-|none|none|none|none|none|rsmod
item|5629|ranged|-|233|227|-|3131|-|2|2|163|146|32|15|0|11|5|rsmod:iron_dart_p+:projectile|-|-|-|-|-|-|-|-|-|-|-|-|-|-|-|-|-|-|-|-|travel_projectile|source_actor|target_actor|source_actor|target_actor|rsmod
item|5629|ranged|7554|-|-|-|-|-|2|2|163|146|32|15|0|11|5|rsmod:iron_dart_p+:attack:stance1|-|-|-|-|-|-|-|-|-|-|-|-|-|-|0|-|-|-|-|-|none|none|none|none|none|rsmod
item|5629|ranged|7554|-|-|-|-|-|2|2|163|146|32|15|0|11|5|rsmod:iron_dart_p+:attack:stance2|-|-|-|-|-|-|-|-|-|-|-|-|-|-|1|-|-|-|-|-|none|none|none|none|none|rsmod
item|5629|ranged|7554|-|-|-|-|-|2|2|163|146|32|15|0|11|5|rsmod:iron_dart_p+:attack:stance4|-|-|-|-|-|-|-|-|-|-|-|-|-|-|3|-|-|-|-|-|none|none|none|none|none|rsmod
item|5630|ranged|-|234|228|-|3131|-|2|2|163|146|32|15|0|11|5|rsmod:steel_dart_p+:projectile|-|-|-|-|-|-|-|-|-|-|-|-|-|-|-|-|-|-|-|-|travel_projectile|source_actor|target_actor|source_actor|target_actor|rsmod
item|5630|ranged|7554|-|-|-|-|-|2|2|163|146|32|15|0|11|5|rsmod:steel_dart_p+:attack:stance1|-|-|-|-|-|-|-|-|-|-|-|-|-|-|0|-|-|-|-|-|none|none|none|none|none|rsmod
item|5630|ranged|7554|-|-|-|-|-|2|2|163|146|32|15|0|11|5|rsmod:steel_dart_p+:attack:stance2|-|-|-|-|-|-|-|-|-|-|-|-|-|-|1|-|-|-|-|-|none|none|none|none|none|rsmod
item|5630|ranged|7554|-|-|-|-|-|2|2|163|146|32|15|0|11|5|rsmod:steel_dart_p+:attack:stance4|-|-|-|-|-|-|-|-|-|-|-|-|-|-|3|-|-|-|-|-|none|none|none|none|none|rsmod
item|5631|ranged|-|273|34|-|3131|-|2|2|163|146|32|15|0|11|5|rsmod:black_dart_p+:projectile|-|-|-|-|-|-|-|-|-|-|-|-|-|-|-|-|-|-|-|-|travel_projectile|source_actor|target_actor|source_actor|target_actor|rsmod
item|5631|ranged|7554|-|-|-|-|-|2|2|163|146|32|15|0|11|5|rsmod:black_dart_p+:attack:stance1|-|-|-|-|-|-|-|-|-|-|-|-|-|-|0|-|-|-|-|-|none|none|none|none|none|rsmod
item|5631|ranged|7554|-|-|-|-|-|2|2|163|146|32|15|0|11|5|rsmod:black_dart_p+:attack:stance2|-|-|-|-|-|-|-|-|-|-|-|-|-|-|1|-|-|-|-|-|none|none|none|none|none|rsmod
item|5631|ranged|7554|-|-|-|-|-|2|2|163|146|32|15|0|11|5|rsmod:black_dart_p+:attack:stance4|-|-|-|-|-|-|-|-|-|-|-|-|-|-|3|-|-|-|-|-|none|none|none|none|none|rsmod
item|5632|ranged|-|235|229|-|3131|-|2|2|163|146|32|15|0|11|5|rsmod:mithril_dart_p+:projectile|-|-|-|-|-|-|-|-|-|-|-|-|-|-|-|-|-|-|-|-|travel_projectile|source_actor|target_actor|source_actor|target_actor|rsmod
item|5632|ranged|7554|-|-|-|-|-|2|2|163|146|32|15|0|11|5|rsmod:mithril_dart_p+:attack:stance1|-|-|-|-|-|-|-|-|-|-|-|-|-|-|0|-|-|-|-|-|none|none|none|none|none|rsmod
item|5632|ranged|7554|-|-|-|-|-|2|2|163|146|32|15|0|11|5|rsmod:mithril_dart_p+:attack:stance2|-|-|-|-|-|-|-|-|-|-|-|-|-|-|1|-|-|-|-|-|none|none|none|none|none|rsmod
item|5632|ranged|7554|-|-|-|-|-|2|2|163|146|32|15|0|11|5|rsmod:mithril_dart_p+:attack:stance4|-|-|-|-|-|-|-|-|-|-|-|-|-|-|3|-|-|-|-|-|none|none|none|none|none|rsmod
item|5633|ranged|-|236|230|-|3131|-|2|2|163|146|32|15|0|11|5|rsmod:adamant_dart_p+:projectile|-|-|-|-|-|-|-|-|-|-|-|-|-|-|-|-|-|-|-|-|travel_projectile|source_actor|target_actor|source_actor|target_actor|rsmod
item|5633|ranged|7554|-|-|-|-|-|2|2|163|146|32|15|0|11|5|rsmod:adamant_dart_p+:attack:stance1|-|-|-|-|-|-|-|-|-|-|-|-|-|-|0|-|-|-|-|-|none|none|none|none|none|rsmod
item|5633|ranged|7554|-|-|-|-|-|2|2|163|146|32|15|0|11|5|rsmod:adamant_dart_p+:attack:stance2|-|-|-|-|-|-|-|-|-|-|-|-|-|-|1|-|-|-|-|-|none|none|none|none|none|rsmod
item|5633|ranged|7554|-|-|-|-|-|2|2|163|146|32|15|0|11|5|rsmod:adamant_dart_p+:attack:stance4|-|-|-|-|-|-|-|-|-|-|-|-|-|-|3|-|-|-|-|-|none|none|none|none|none|rsmod
item|5634|ranged|-|237|231|-|3131|-|2|2|163|146|32|15|0|11|5|rsmod:rune_dart_p+:projectile|-|-|-|-|-|-|-|-|-|-|-|-|-|-|-|-|-|-|-|-|travel_projectile|source_actor|target_actor|source_actor|target_actor|rsmod
item|5634|ranged|7554|-|-|-|-|-|2|2|163|146|32|15|0|11|5|rsmod:rune_dart_p+:attack:stance1|-|-|-|-|-|-|-|-|-|-|-|-|-|-|0|-|-|-|-|-|none|none|none|none|none|rsmod
item|5634|ranged|7554|-|-|-|-|-|2|2|163|146|32|15|0|11|5|rsmod:rune_dart_p+:attack:stance2|-|-|-|-|-|-|-|-|-|-|-|-|-|-|1|-|-|-|-|-|none|none|none|none|none|rsmod
item|5634|ranged|7554|-|-|-|-|-|2|2|163|146|32|15|0|11|5|rsmod:rune_dart_p+:attack:stance4|-|-|-|-|-|-|-|-|-|-|-|-|-|-|3|-|-|-|-|-|none|none|none|none|none|rsmod
item|5635|ranged|-|232|226|-|3131|-|2|2|163|146|32|15|0|11|5|rsmod:bronze_dart_p++:projectile|-|-|-|-|-|-|-|-|-|-|-|-|-|-|-|-|-|-|-|-|travel_projectile|source_actor|target_actor|source_actor|target_actor|rsmod
item|5635|ranged|7554|-|-|-|-|-|2|2|163|146|32|15|0|11|5|rsmod:bronze_dart_p++:attack:stance1|-|-|-|-|-|-|-|-|-|-|-|-|-|-|0|-|-|-|-|-|none|none|none|none|none|rsmod
item|5635|ranged|7554|-|-|-|-|-|2|2|163|146|32|15|0|11|5|rsmod:bronze_dart_p++:attack:stance2|-|-|-|-|-|-|-|-|-|-|-|-|-|-|1|-|-|-|-|-|none|none|none|none|none|rsmod
item|5635|ranged|7554|-|-|-|-|-|2|2|163|146|32|15|0|11|5|rsmod:bronze_dart_p++:attack:stance4|-|-|-|-|-|-|-|-|-|-|-|-|-|-|3|-|-|-|-|-|none|none|none|none|none|rsmod
item|5636|ranged|-|233|227|-|3131|-|2|2|163|146|32|15|0|11|5|rsmod:iron_dart_p++:projectile|-|-|-|-|-|-|-|-|-|-|-|-|-|-|-|-|-|-|-|-|travel_projectile|source_actor|target_actor|source_actor|target_actor|rsmod
item|5636|ranged|7554|-|-|-|-|-|2|2|163|146|32|15|0|11|5|rsmod:iron_dart_p++:attack:stance1|-|-|-|-|-|-|-|-|-|-|-|-|-|-|0|-|-|-|-|-|none|none|none|none|none|rsmod
item|5636|ranged|7554|-|-|-|-|-|2|2|163|146|32|15|0|11|5|rsmod:iron_dart_p++:attack:stance2|-|-|-|-|-|-|-|-|-|-|-|-|-|-|1|-|-|-|-|-|none|none|none|none|none|rsmod
item|5636|ranged|7554|-|-|-|-|-|2|2|163|146|32|15|0|11|5|rsmod:iron_dart_p++:attack:stance4|-|-|-|-|-|-|-|-|-|-|-|-|-|-|3|-|-|-|-|-|none|none|none|none|none|rsmod
item|5637|ranged|-|234|228|-|3131|-|2|2|163|146|32|15|0|11|5|rsmod:steel_dart_p++:projectile|-|-|-|-|-|-|-|-|-|-|-|-|-|-|-|-|-|-|-|-|travel_projectile|source_actor|target_actor|source_actor|target_actor|rsmod
item|5637|ranged|7554|-|-|-|-|-|2|2|163|146|32|15|0|11|5|rsmod:steel_dart_p++:attack:stance1|-|-|-|-|-|-|-|-|-|-|-|-|-|-|0|-|-|-|-|-|none|none|none|none|none|rsmod
item|5637|ranged|7554|-|-|-|-|-|2|2|163|146|32|15|0|11|5|rsmod:steel_dart_p++:attack:stance2|-|-|-|-|-|-|-|-|-|-|-|-|-|-|1|-|-|-|-|-|none|none|none|none|none|rsmod
item|5637|ranged|7554|-|-|-|-|-|2|2|163|146|32|15|0|11|5|rsmod:steel_dart_p++:attack:stance4|-|-|-|-|-|-|-|-|-|-|-|-|-|-|3|-|-|-|-|-|none|none|none|none|none|rsmod
item|5638|ranged|-|273|34|-|3131|-|2|2|163|146|32|15|0|11|5|rsmod:black_dart_p++:projectile|-|-|-|-|-|-|-|-|-|-|-|-|-|-|-|-|-|-|-|-|travel_projectile|source_actor|target_actor|source_actor|target_actor|rsmod
item|5638|ranged|7554|-|-|-|-|-|2|2|163|146|32|15|0|11|5|rsmod:black_dart_p++:attack:stance1|-|-|-|-|-|-|-|-|-|-|-|-|-|-|0|-|-|-|-|-|none|none|none|none|none|rsmod
item|5638|ranged|7554|-|-|-|-|-|2|2|163|146|32|15|0|11|5|rsmod:black_dart_p++:attack:stance2|-|-|-|-|-|-|-|-|-|-|-|-|-|-|1|-|-|-|-|-|none|none|none|none|none|rsmod
item|5638|ranged|7554|-|-|-|-|-|2|2|163|146|32|15|0|11|5|rsmod:black_dart_p++:attack:stance4|-|-|-|-|-|-|-|-|-|-|-|-|-|-|3|-|-|-|-|-|none|none|none|none|none|rsmod
item|5639|ranged|-|235|229|-|3131|-|2|2|163|146|32|15|0|11|5|rsmod:mithril_dart_p++:projectile|-|-|-|-|-|-|-|-|-|-|-|-|-|-|-|-|-|-|-|-|travel_projectile|source_actor|target_actor|source_actor|target_actor|rsmod
item|5639|ranged|7554|-|-|-|-|-|2|2|163|146|32|15|0|11|5|rsmod:mithril_dart_p++:attack:stance1|-|-|-|-|-|-|-|-|-|-|-|-|-|-|0|-|-|-|-|-|none|none|none|none|none|rsmod
item|5639|ranged|7554|-|-|-|-|-|2|2|163|146|32|15|0|11|5|rsmod:mithril_dart_p++:attack:stance2|-|-|-|-|-|-|-|-|-|-|-|-|-|-|1|-|-|-|-|-|none|none|none|none|none|rsmod
item|5639|ranged|7554|-|-|-|-|-|2|2|163|146|32|15|0|11|5|rsmod:mithril_dart_p++:attack:stance4|-|-|-|-|-|-|-|-|-|-|-|-|-|-|3|-|-|-|-|-|none|none|none|none|none|rsmod
item|5640|ranged|-|236|230|-|3131|-|2|2|163|146|32|15|0|11|5|rsmod:adamant_dart_p++:projectile|-|-|-|-|-|-|-|-|-|-|-|-|-|-|-|-|-|-|-|-|travel_projectile|source_actor|target_actor|source_actor|target_actor|rsmod
item|5640|ranged|7554|-|-|-|-|-|2|2|163|146|32|15|0|11|5|rsmod:adamant_dart_p++:attack:stance1|-|-|-|-|-|-|-|-|-|-|-|-|-|-|0|-|-|-|-|-|none|none|none|none|none|rsmod
item|5640|ranged|7554|-|-|-|-|-|2|2|163|146|32|15|0|11|5|rsmod:adamant_dart_p++:attack:stance2|-|-|-|-|-|-|-|-|-|-|-|-|-|-|1|-|-|-|-|-|none|none|none|none|none|rsmod
item|5640|ranged|7554|-|-|-|-|-|2|2|163|146|32|15|0|11|5|rsmod:adamant_dart_p++:attack:stance4|-|-|-|-|-|-|-|-|-|-|-|-|-|-|3|-|-|-|-|-|none|none|none|none|none|rsmod
item|5641|ranged|-|237|231|-|3131|-|2|2|163|146|32|15|0|11|5|rsmod:rune_dart_p++:projectile|-|-|-|-|-|-|-|-|-|-|-|-|-|-|-|-|-|-|-|-|travel_projectile|source_actor|target_actor|source_actor|target_actor|rsmod
item|5641|ranged|7554|-|-|-|-|-|2|2|163|146|32|15|0|11|5|rsmod:rune_dart_p++:attack:stance1|-|-|-|-|-|-|-|-|-|-|-|-|-|-|0|-|-|-|-|-|none|none|none|none|none|rsmod
item|5641|ranged|7554|-|-|-|-|-|2|2|163|146|32|15|0|11|5|rsmod:rune_dart_p++:attack:stance2|-|-|-|-|-|-|-|-|-|-|-|-|-|-|1|-|-|-|-|-|none|none|none|none|none|rsmod
item|5641|ranged|7554|-|-|-|-|-|2|2|163|146|32|15|0|11|5|rsmod:rune_dart_p++:attack:stance4|-|-|-|-|-|-|-|-|-|-|-|-|-|-|3|-|-|-|-|-|none|none|none|none|none|rsmod
item|5654|ranged|-|219|212|-|3139|-|2|2|163|146|32|15|0|11|5|rsmod:bronze_knife_p+:projectile|-|-|-|-|-|-|-|-|-|-|-|-|-|-|-|-|-|-|-|-|travel_projectile|source_actor|target_actor|source_actor|target_actor|rsmod
item|5654|ranged|7617|-|-|-|-|-|2|2|163|146|32|15|0|11|5|rsmod:bronze_knife_p+:attack:stance1|-|-|-|-|-|-|-|-|-|-|-|-|-|-|0|-|-|-|-|-|none|none|none|none|none|rsmod
item|5654|ranged|7617|-|-|-|-|-|2|2|163|146|32|15|0|11|5|rsmod:bronze_knife_p+:attack:stance2|-|-|-|-|-|-|-|-|-|-|-|-|-|-|1|-|-|-|-|-|none|none|none|none|none|rsmod
item|5654|ranged|7617|-|-|-|-|-|2|2|163|146|32|15|0|11|5|rsmod:bronze_knife_p+:attack:stance4|-|-|-|-|-|-|-|-|-|-|-|-|-|-|3|-|-|-|-|-|none|none|none|none|none|rsmod
item|5655|ranged|-|220|213|-|3139|-|2|2|163|146|32|15|0|11|5|rsmod:iron_knife_p+:projectile|-|-|-|-|-|-|-|-|-|-|-|-|-|-|-|-|-|-|-|-|travel_projectile|source_actor|target_actor|source_actor|target_actor|rsmod
item|5655|ranged|7617|-|-|-|-|-|2|2|163|146|32|15|0|11|5|rsmod:iron_knife_p+:attack:stance1|-|-|-|-|-|-|-|-|-|-|-|-|-|-|0|-|-|-|-|-|none|none|none|none|none|rsmod
item|5655|ranged|7617|-|-|-|-|-|2|2|163|146|32|15|0|11|5|rsmod:iron_knife_p+:attack:stance2|-|-|-|-|-|-|-|-|-|-|-|-|-|-|1|-|-|-|-|-|none|none|none|none|none|rsmod
item|5655|ranged|7617|-|-|-|-|-|2|2|163|146|32|15|0|11|5|rsmod:iron_knife_p+:attack:stance4|-|-|-|-|-|-|-|-|-|-|-|-|-|-|3|-|-|-|-|-|none|none|none|none|none|rsmod
item|5656|ranged|-|221|214|-|3139|-|2|2|163|146|32|15|0|11|5|rsmod:steel_knife_p+:projectile|-|-|-|-|-|-|-|-|-|-|-|-|-|-|-|-|-|-|-|-|travel_projectile|source_actor|target_actor|source_actor|target_actor|rsmod
item|5656|ranged|7617|-|-|-|-|-|2|2|163|146|32|15|0|11|5|rsmod:steel_knife_p+:attack:stance1|-|-|-|-|-|-|-|-|-|-|-|-|-|-|0|-|-|-|-|-|none|none|none|none|none|rsmod
item|5656|ranged|7617|-|-|-|-|-|2|2|163|146|32|15|0|11|5|rsmod:steel_knife_p+:attack:stance2|-|-|-|-|-|-|-|-|-|-|-|-|-|-|1|-|-|-|-|-|none|none|none|none|none|rsmod
item|5656|ranged|7617|-|-|-|-|-|2|2|163|146|32|15|0|11|5|rsmod:steel_knife_p+:attack:stance4|-|-|-|-|-|-|-|-|-|-|-|-|-|-|3|-|-|-|-|-|none|none|none|none|none|rsmod
item|5657|ranged|-|223|216|-|3139|-|2|2|163|146|32|15|0|11|5|rsmod:mithril_knife_p+:projectile|-|-|-|-|-|-|-|-|-|-|-|-|-|-|-|-|-|-|-|-|travel_projectile|source_actor|target_actor|source_actor|target_actor|rsmod
item|5657|ranged|7617|-|-|-|-|-|2|2|163|146|32|15|0|11|5|rsmod:mithril_knife_p+:attack:stance1|-|-|-|-|-|-|-|-|-|-|-|-|-|-|0|-|-|-|-|-|none|none|none|none|none|rsmod
item|5657|ranged|7617|-|-|-|-|-|2|2|163|146|32|15|0|11|5|rsmod:mithril_knife_p+:attack:stance2|-|-|-|-|-|-|-|-|-|-|-|-|-|-|1|-|-|-|-|-|none|none|none|none|none|rsmod
item|5657|ranged|7617|-|-|-|-|-|2|2|163|146|32|15|0|11|5|rsmod:mithril_knife_p+:attack:stance4|-|-|-|-|-|-|-|-|-|-|-|-|-|-|3|-|-|-|-|-|none|none|none|none|none|rsmod
item|5658|ranged|-|222|215|-|3139|-|2|2|163|146|32|15|0|11|5|rsmod:black_knife_p+:projectile|-|-|-|-|-|-|-|-|-|-|-|-|-|-|-|-|-|-|-|-|travel_projectile|source_actor|target_actor|source_actor|target_actor|rsmod
item|5658|ranged|7617|-|-|-|-|-|2|2|163|146|32|15|0|11|5|rsmod:black_knife_p+:attack:stance1|-|-|-|-|-|-|-|-|-|-|-|-|-|-|0|-|-|-|-|-|none|none|none|none|none|rsmod
item|5658|ranged|7617|-|-|-|-|-|2|2|163|146|32|15|0|11|5|rsmod:black_knife_p+:attack:stance2|-|-|-|-|-|-|-|-|-|-|-|-|-|-|1|-|-|-|-|-|none|none|none|none|none|rsmod
item|5658|ranged|7617|-|-|-|-|-|2|2|163|146|32|15|0|11|5|rsmod:black_knife_p+:attack:stance4|-|-|-|-|-|-|-|-|-|-|-|-|-|-|3|-|-|-|-|-|none|none|none|none|none|rsmod
item|5659|ranged|-|224|217|-|3139|-|2|2|163|146|32|15|0|11|5|rsmod:adamant_knife_p+:projectile|-|-|-|-|-|-|-|-|-|-|-|-|-|-|-|-|-|-|-|-|travel_projectile|source_actor|target_actor|source_actor|target_actor|rsmod
item|5659|ranged|7617|-|-|-|-|-|2|2|163|146|32|15|0|11|5|rsmod:adamant_knife_p+:attack:stance1|-|-|-|-|-|-|-|-|-|-|-|-|-|-|0|-|-|-|-|-|none|none|none|none|none|rsmod
item|5659|ranged|7617|-|-|-|-|-|2|2|163|146|32|15|0|11|5|rsmod:adamant_knife_p+:attack:stance2|-|-|-|-|-|-|-|-|-|-|-|-|-|-|1|-|-|-|-|-|none|none|none|none|none|rsmod
item|5659|ranged|7617|-|-|-|-|-|2|2|163|146|32|15|0|11|5|rsmod:adamant_knife_p+:attack:stance4|-|-|-|-|-|-|-|-|-|-|-|-|-|-|3|-|-|-|-|-|none|none|none|none|none|rsmod
item|5660|ranged|-|225|218|-|3139|-|2|2|163|146|32|15|0|11|5|rsmod:rune_knife_p+:projectile|-|-|-|-|-|-|-|-|-|-|-|-|-|-|-|-|-|-|-|-|travel_projectile|source_actor|target_actor|source_actor|target_actor|rsmod
item|5660|ranged|7617|-|-|-|-|-|2|2|163|146|32|15|0|11|5|rsmod:rune_knife_p+:attack:stance1|-|-|-|-|-|-|-|-|-|-|-|-|-|-|0|-|-|-|-|-|none|none|none|none|none|rsmod
item|5660|ranged|7617|-|-|-|-|-|2|2|163|146|32|15|0|11|5|rsmod:rune_knife_p+:attack:stance2|-|-|-|-|-|-|-|-|-|-|-|-|-|-|1|-|-|-|-|-|none|none|none|none|none|rsmod
item|5660|ranged|7617|-|-|-|-|-|2|2|163|146|32|15|0|11|5|rsmod:rune_knife_p+:attack:stance4|-|-|-|-|-|-|-|-|-|-|-|-|-|-|3|-|-|-|-|-|none|none|none|none|none|rsmod
item|5661|ranged|-|219|212|-|3139|-|2|2|163|146|32|15|0|11|5|rsmod:bronze_knife_p++:projectile|-|-|-|-|-|-|-|-|-|-|-|-|-|-|-|-|-|-|-|-|travel_projectile|source_actor|target_actor|source_actor|target_actor|rsmod
item|5661|ranged|7617|-|-|-|-|-|2|2|163|146|32|15|0|11|5|rsmod:bronze_knife_p++:attack:stance1|-|-|-|-|-|-|-|-|-|-|-|-|-|-|0|-|-|-|-|-|none|none|none|none|none|rsmod
item|5661|ranged|7617|-|-|-|-|-|2|2|163|146|32|15|0|11|5|rsmod:bronze_knife_p++:attack:stance2|-|-|-|-|-|-|-|-|-|-|-|-|-|-|1|-|-|-|-|-|none|none|none|none|none|rsmod
item|5661|ranged|7617|-|-|-|-|-|2|2|163|146|32|15|0|11|5|rsmod:bronze_knife_p++:attack:stance4|-|-|-|-|-|-|-|-|-|-|-|-|-|-|3|-|-|-|-|-|none|none|none|none|none|rsmod
item|5662|ranged|-|220|213|-|3139|-|2|2|163|146|32|15|0|11|5|rsmod:iron_knife_p++:projectile|-|-|-|-|-|-|-|-|-|-|-|-|-|-|-|-|-|-|-|-|travel_projectile|source_actor|target_actor|source_actor|target_actor|rsmod
item|5662|ranged|7617|-|-|-|-|-|2|2|163|146|32|15|0|11|5|rsmod:iron_knife_p++:attack:stance1|-|-|-|-|-|-|-|-|-|-|-|-|-|-|0|-|-|-|-|-|none|none|none|none|none|rsmod
item|5662|ranged|7617|-|-|-|-|-|2|2|163|146|32|15|0|11|5|rsmod:iron_knife_p++:attack:stance2|-|-|-|-|-|-|-|-|-|-|-|-|-|-|1|-|-|-|-|-|none|none|none|none|none|rsmod
item|5662|ranged|7617|-|-|-|-|-|2|2|163|146|32|15|0|11|5|rsmod:iron_knife_p++:attack:stance4|-|-|-|-|-|-|-|-|-|-|-|-|-|-|3|-|-|-|-|-|none|none|none|none|none|rsmod
item|5663|ranged|-|221|214|-|3139|-|2|2|163|146|32|15|0|11|5|rsmod:steel_knife_p++:projectile|-|-|-|-|-|-|-|-|-|-|-|-|-|-|-|-|-|-|-|-|travel_projectile|source_actor|target_actor|source_actor|target_actor|rsmod
item|5663|ranged|7617|-|-|-|-|-|2|2|163|146|32|15|0|11|5|rsmod:steel_knife_p++:attack:stance1|-|-|-|-|-|-|-|-|-|-|-|-|-|-|0|-|-|-|-|-|none|none|none|none|none|rsmod
item|5663|ranged|7617|-|-|-|-|-|2|2|163|146|32|15|0|11|5|rsmod:steel_knife_p++:attack:stance2|-|-|-|-|-|-|-|-|-|-|-|-|-|-|1|-|-|-|-|-|none|none|none|none|none|rsmod
item|5663|ranged|7617|-|-|-|-|-|2|2|163|146|32|15|0|11|5|rsmod:steel_knife_p++:attack:stance4|-|-|-|-|-|-|-|-|-|-|-|-|-|-|3|-|-|-|-|-|none|none|none|none|none|rsmod
item|5664|ranged|-|223|216|-|3139|-|2|2|163|146|32|15|0|11|5|rsmod:mithril_knife_p++:projectile|-|-|-|-|-|-|-|-|-|-|-|-|-|-|-|-|-|-|-|-|travel_projectile|source_actor|target_actor|source_actor|target_actor|rsmod
item|5664|ranged|7617|-|-|-|-|-|2|2|163|146|32|15|0|11|5|rsmod:mithril_knife_p++:attack:stance1|-|-|-|-|-|-|-|-|-|-|-|-|-|-|0|-|-|-|-|-|none|none|none|none|none|rsmod
item|5664|ranged|7617|-|-|-|-|-|2|2|163|146|32|15|0|11|5|rsmod:mithril_knife_p++:attack:stance2|-|-|-|-|-|-|-|-|-|-|-|-|-|-|1|-|-|-|-|-|none|none|none|none|none|rsmod
item|5664|ranged|7617|-|-|-|-|-|2|2|163|146|32|15|0|11|5|rsmod:mithril_knife_p++:attack:stance4|-|-|-|-|-|-|-|-|-|-|-|-|-|-|3|-|-|-|-|-|none|none|none|none|none|rsmod
item|5665|ranged|-|222|215|-|3139|-|2|2|163|146|32|15|0|11|5|rsmod:black_knife_p++:projectile|-|-|-|-|-|-|-|-|-|-|-|-|-|-|-|-|-|-|-|-|travel_projectile|source_actor|target_actor|source_actor|target_actor|rsmod
item|5665|ranged|7617|-|-|-|-|-|2|2|163|146|32|15|0|11|5|rsmod:black_knife_p++:attack:stance1|-|-|-|-|-|-|-|-|-|-|-|-|-|-|0|-|-|-|-|-|none|none|none|none|none|rsmod
item|5665|ranged|7617|-|-|-|-|-|2|2|163|146|32|15|0|11|5|rsmod:black_knife_p++:attack:stance2|-|-|-|-|-|-|-|-|-|-|-|-|-|-|1|-|-|-|-|-|none|none|none|none|none|rsmod
item|5665|ranged|7617|-|-|-|-|-|2|2|163|146|32|15|0|11|5|rsmod:black_knife_p++:attack:stance4|-|-|-|-|-|-|-|-|-|-|-|-|-|-|3|-|-|-|-|-|none|none|none|none|none|rsmod
item|5666|ranged|-|224|217|-|3139|-|2|2|163|146|32|15|0|11|5|rsmod:adamant_knife_p++:projectile|-|-|-|-|-|-|-|-|-|-|-|-|-|-|-|-|-|-|-|-|travel_projectile|source_actor|target_actor|source_actor|target_actor|rsmod
item|5666|ranged|7617|-|-|-|-|-|2|2|163|146|32|15|0|11|5|rsmod:adamant_knife_p++:attack:stance1|-|-|-|-|-|-|-|-|-|-|-|-|-|-|0|-|-|-|-|-|none|none|none|none|none|rsmod
item|5666|ranged|7617|-|-|-|-|-|2|2|163|146|32|15|0|11|5|rsmod:adamant_knife_p++:attack:stance2|-|-|-|-|-|-|-|-|-|-|-|-|-|-|1|-|-|-|-|-|none|none|none|none|none|rsmod
item|5666|ranged|7617|-|-|-|-|-|2|2|163|146|32|15|0|11|5|rsmod:adamant_knife_p++:attack:stance4|-|-|-|-|-|-|-|-|-|-|-|-|-|-|3|-|-|-|-|-|none|none|none|none|none|rsmod
item|5667|ranged|-|225|218|-|3139|-|2|2|163|146|32|15|0|11|5|rsmod:rune_knife_p++:projectile|-|-|-|-|-|-|-|-|-|-|-|-|-|-|-|-|-|-|-|-|travel_projectile|source_actor|target_actor|source_actor|target_actor|rsmod
item|5667|ranged|7617|-|-|-|-|-|2|2|163|146|32|15|0|11|5|rsmod:rune_knife_p++:attack:stance1|-|-|-|-|-|-|-|-|-|-|-|-|-|-|0|-|-|-|-|-|none|none|none|none|none|rsmod
item|5667|ranged|7617|-|-|-|-|-|2|2|163|146|32|15|0|11|5|rsmod:rune_knife_p++:attack:stance2|-|-|-|-|-|-|-|-|-|-|-|-|-|-|1|-|-|-|-|-|none|none|none|none|none|rsmod
item|5667|ranged|7617|-|-|-|-|-|2|2|163|146|32|15|0|11|5|rsmod:rune_knife_p++:attack:stance4|-|-|-|-|-|-|-|-|-|-|-|-|-|-|3|-|-|-|-|-|none|none|none|none|none|rsmod
item|5668|slash|390|-|-|-|-|-|-|-|-|-|-|-|-|-|-|rsmod:iron_dagger_p+:attack:stance3|-|-|-|-|-|-|-|-|-|-|-|-|-|-|2|-|-|-|-|-|none|none|none|none|none|rsmod
item|5668|stab|386|-|-|-|-|-|-|-|-|-|-|-|-|-|-|rsmod:iron_dagger_p+:attack:stance1|-|-|-|-|-|-|-|-|-|-|-|-|-|-|0|-|-|-|-|-|none|none|none|none|none|rsmod
item|5668|stab|386|-|-|-|-|-|-|-|-|-|-|-|-|-|-|rsmod:iron_dagger_p+:attack:stance2|-|-|-|-|-|-|-|-|-|-|-|-|-|-|1|-|-|-|-|-|none|none|none|none|none|rsmod
item|5668|stab|386|-|-|-|-|-|-|-|-|-|-|-|-|-|-|rsmod:iron_dagger_p+:attack:stance4|-|-|-|-|-|-|-|-|-|-|-|-|-|-|3|-|-|-|-|-|none|none|none|none|none|rsmod
item|5670|slash|390|-|-|-|-|-|-|-|-|-|-|-|-|-|-|rsmod:bronze_dagger_p+:attack:stance3|-|-|-|-|-|-|-|-|-|-|-|-|-|-|2|-|-|-|-|-|none|none|none|none|none|rsmod
item|5670|stab|386|-|-|-|-|-|-|-|-|-|-|-|-|-|-|rsmod:bronze_dagger_p+:attack:stance1|-|-|-|-|-|-|-|-|-|-|-|-|-|-|0|-|-|-|-|-|none|none|none|none|none|rsmod
item|5670|stab|386|-|-|-|-|-|-|-|-|-|-|-|-|-|-|rsmod:bronze_dagger_p+:attack:stance2|-|-|-|-|-|-|-|-|-|-|-|-|-|-|1|-|-|-|-|-|none|none|none|none|none|rsmod
item|5670|stab|386|-|-|-|-|-|-|-|-|-|-|-|-|-|-|rsmod:bronze_dagger_p+:attack:stance4|-|-|-|-|-|-|-|-|-|-|-|-|-|-|3|-|-|-|-|-|none|none|none|none|none|rsmod
item|5672|slash|390|-|-|-|-|-|-|-|-|-|-|-|-|-|-|rsmod:steel_dagger_p+:attack:stance3|-|-|-|-|-|-|-|-|-|-|-|-|-|-|2|-|-|-|-|-|none|none|none|none|none|rsmod
item|5672|stab|386|-|-|-|-|-|-|-|-|-|-|-|-|-|-|rsmod:steel_dagger_p+:attack:stance1|-|-|-|-|-|-|-|-|-|-|-|-|-|-|0|-|-|-|-|-|none|none|none|none|none|rsmod
item|5672|stab|386|-|-|-|-|-|-|-|-|-|-|-|-|-|-|rsmod:steel_dagger_p+:attack:stance2|-|-|-|-|-|-|-|-|-|-|-|-|-|-|1|-|-|-|-|-|none|none|none|none|none|rsmod
item|5672|stab|386|-|-|-|-|-|-|-|-|-|-|-|-|-|-|rsmod:steel_dagger_p+:attack:stance4|-|-|-|-|-|-|-|-|-|-|-|-|-|-|3|-|-|-|-|-|none|none|none|none|none|rsmod
item|5674|slash|390|-|-|-|-|-|-|-|-|-|-|-|-|-|-|rsmod:mithril_dagger_p+:attack:stance3|-|-|-|-|-|-|-|-|-|-|-|-|-|-|2|-|-|-|-|-|none|none|none|none|none|rsmod
item|5674|stab|386|-|-|-|-|-|-|-|-|-|-|-|-|-|-|rsmod:mithril_dagger_p+:attack:stance1|-|-|-|-|-|-|-|-|-|-|-|-|-|-|0|-|-|-|-|-|none|none|none|none|none|rsmod
item|5674|stab|386|-|-|-|-|-|-|-|-|-|-|-|-|-|-|rsmod:mithril_dagger_p+:attack:stance2|-|-|-|-|-|-|-|-|-|-|-|-|-|-|1|-|-|-|-|-|none|none|none|none|none|rsmod
item|5674|stab|386|-|-|-|-|-|-|-|-|-|-|-|-|-|-|rsmod:mithril_dagger_p+:attack:stance4|-|-|-|-|-|-|-|-|-|-|-|-|-|-|3|-|-|-|-|-|none|none|none|none|none|rsmod
item|5676|slash|390|-|-|-|-|-|-|-|-|-|-|-|-|-|-|rsmod:adamant_dagger_p+:attack:stance3|-|-|-|-|-|-|-|-|-|-|-|-|-|-|2|-|-|-|-|-|none|none|none|none|none|rsmod
item|5676|stab|386|-|-|-|-|-|-|-|-|-|-|-|-|-|-|rsmod:adamant_dagger_p+:attack:stance1|-|-|-|-|-|-|-|-|-|-|-|-|-|-|0|-|-|-|-|-|none|none|none|none|none|rsmod
item|5676|stab|386|-|-|-|-|-|-|-|-|-|-|-|-|-|-|rsmod:adamant_dagger_p+:attack:stance2|-|-|-|-|-|-|-|-|-|-|-|-|-|-|1|-|-|-|-|-|none|none|none|none|none|rsmod
item|5676|stab|386|-|-|-|-|-|-|-|-|-|-|-|-|-|-|rsmod:adamant_dagger_p+:attack:stance4|-|-|-|-|-|-|-|-|-|-|-|-|-|-|3|-|-|-|-|-|none|none|none|none|none|rsmod
item|5678|slash|390|-|-|-|-|-|-|-|-|-|-|-|-|-|-|rsmod:rune_dagger_p+:attack:stance3|-|-|-|-|-|-|-|-|-|-|-|-|-|-|2|-|-|-|-|-|none|none|none|none|none|rsmod
item|5678|stab|386|-|-|-|-|-|-|-|-|-|-|-|-|-|-|rsmod:rune_dagger_p+:attack:stance1|-|-|-|-|-|-|-|-|-|-|-|-|-|-|0|-|-|-|-|-|none|none|none|none|none|rsmod
item|5678|stab|386|-|-|-|-|-|-|-|-|-|-|-|-|-|-|rsmod:rune_dagger_p+:attack:stance2|-|-|-|-|-|-|-|-|-|-|-|-|-|-|1|-|-|-|-|-|none|none|none|none|none|rsmod
item|5678|stab|386|-|-|-|-|-|-|-|-|-|-|-|-|-|-|rsmod:rune_dagger_p+:attack:stance4|-|-|-|-|-|-|-|-|-|-|-|-|-|-|3|-|-|-|-|-|none|none|none|none|none|rsmod
item|5680|slash|377|-|-|-|-|-|-|-|-|-|-|-|-|-|-|rsmod:dragon_dagger_p+:attack:stance3|-|-|-|-|-|-|-|-|-|-|-|-|-|-|2|-|-|-|-|-|none|none|none|none|none|rsmod
item|5680|stab|376|-|-|-|-|-|-|-|-|-|-|-|-|-|-|rsmod:dragon_dagger_p+:attack:stance1|-|-|-|-|-|-|-|-|-|-|-|-|-|-|0|-|-|-|-|-|none|none|none|none|none|rsmod
item|5680|stab|376|-|-|-|-|-|-|-|-|-|-|-|-|-|-|rsmod:dragon_dagger_p+:attack:stance2|-|-|-|-|-|-|-|-|-|-|-|-|-|-|1|-|-|-|-|-|none|none|none|none|none|rsmod
item|5680|stab|376|-|-|-|-|-|-|-|-|-|-|-|-|-|-|rsmod:dragon_dagger_p+:attack:stance4|-|-|-|-|-|-|-|-|-|-|-|-|-|-|3|-|-|-|-|-|none|none|none|none|none|rsmod
item|5682|slash|390|-|-|-|-|-|-|-|-|-|-|-|-|-|-|rsmod:black_dagger_p+:attack:stance3|-|-|-|-|-|-|-|-|-|-|-|-|-|-|2|-|-|-|-|-|none|none|none|none|none|rsmod
item|5682|stab|386|-|-|-|-|-|-|-|-|-|-|-|-|-|-|rsmod:black_dagger_p+:attack:stance1|-|-|-|-|-|-|-|-|-|-|-|-|-|-|0|-|-|-|-|-|none|none|none|none|none|rsmod
item|5682|stab|386|-|-|-|-|-|-|-|-|-|-|-|-|-|-|rsmod:black_dagger_p+:attack:stance2|-|-|-|-|-|-|-|-|-|-|-|-|-|-|1|-|-|-|-|-|none|none|none|none|none|rsmod
item|5682|stab|386|-|-|-|-|-|-|-|-|-|-|-|-|-|-|rsmod:black_dagger_p+:attack:stance4|-|-|-|-|-|-|-|-|-|-|-|-|-|-|3|-|-|-|-|-|none|none|none|none|none|rsmod
item|5686|slash|390|-|-|-|-|-|-|-|-|-|-|-|-|-|-|rsmod:iron_dagger_p++:attack:stance3|-|-|-|-|-|-|-|-|-|-|-|-|-|-|2|-|-|-|-|-|none|none|none|none|none|rsmod
item|5686|stab|386|-|-|-|-|-|-|-|-|-|-|-|-|-|-|rsmod:iron_dagger_p++:attack:stance1|-|-|-|-|-|-|-|-|-|-|-|-|-|-|0|-|-|-|-|-|none|none|none|none|none|rsmod
item|5686|stab|386|-|-|-|-|-|-|-|-|-|-|-|-|-|-|rsmod:iron_dagger_p++:attack:stance2|-|-|-|-|-|-|-|-|-|-|-|-|-|-|1|-|-|-|-|-|none|none|none|none|none|rsmod
item|5686|stab|386|-|-|-|-|-|-|-|-|-|-|-|-|-|-|rsmod:iron_dagger_p++:attack:stance4|-|-|-|-|-|-|-|-|-|-|-|-|-|-|3|-|-|-|-|-|none|none|none|none|none|rsmod
item|5688|slash|390|-|-|-|-|-|-|-|-|-|-|-|-|-|-|rsmod:bronze_dagger_p++:attack:stance3|-|-|-|-|-|-|-|-|-|-|-|-|-|-|2|-|-|-|-|-|none|none|none|none|none|rsmod
item|5688|stab|386|-|-|-|-|-|-|-|-|-|-|-|-|-|-|rsmod:bronze_dagger_p++:attack:stance1|-|-|-|-|-|-|-|-|-|-|-|-|-|-|0|-|-|-|-|-|none|none|none|none|none|rsmod
item|5688|stab|386|-|-|-|-|-|-|-|-|-|-|-|-|-|-|rsmod:bronze_dagger_p++:attack:stance2|-|-|-|-|-|-|-|-|-|-|-|-|-|-|1|-|-|-|-|-|none|none|none|none|none|rsmod
item|5688|stab|386|-|-|-|-|-|-|-|-|-|-|-|-|-|-|rsmod:bronze_dagger_p++:attack:stance4|-|-|-|-|-|-|-|-|-|-|-|-|-|-|3|-|-|-|-|-|none|none|none|none|none|rsmod
item|5690|slash|390|-|-|-|-|-|-|-|-|-|-|-|-|-|-|rsmod:steel_dagger_p++:attack:stance3|-|-|-|-|-|-|-|-|-|-|-|-|-|-|2|-|-|-|-|-|none|none|none|none|none|rsmod
item|5690|stab|386|-|-|-|-|-|-|-|-|-|-|-|-|-|-|rsmod:steel_dagger_p++:attack:stance1|-|-|-|-|-|-|-|-|-|-|-|-|-|-|0|-|-|-|-|-|none|none|none|none|none|rsmod
item|5690|stab|386|-|-|-|-|-|-|-|-|-|-|-|-|-|-|rsmod:steel_dagger_p++:attack:stance2|-|-|-|-|-|-|-|-|-|-|-|-|-|-|1|-|-|-|-|-|none|none|none|none|none|rsmod
item|5690|stab|386|-|-|-|-|-|-|-|-|-|-|-|-|-|-|rsmod:steel_dagger_p++:attack:stance4|-|-|-|-|-|-|-|-|-|-|-|-|-|-|3|-|-|-|-|-|none|none|none|none|none|rsmod
item|5692|slash|390|-|-|-|-|-|-|-|-|-|-|-|-|-|-|rsmod:mithril_dagger_p++:attack:stance3|-|-|-|-|-|-|-|-|-|-|-|-|-|-|2|-|-|-|-|-|none|none|none|none|none|rsmod
item|5692|stab|386|-|-|-|-|-|-|-|-|-|-|-|-|-|-|rsmod:mithril_dagger_p++:attack:stance1|-|-|-|-|-|-|-|-|-|-|-|-|-|-|0|-|-|-|-|-|none|none|none|none|none|rsmod
item|5692|stab|386|-|-|-|-|-|-|-|-|-|-|-|-|-|-|rsmod:mithril_dagger_p++:attack:stance2|-|-|-|-|-|-|-|-|-|-|-|-|-|-|1|-|-|-|-|-|none|none|none|none|none|rsmod
item|5692|stab|386|-|-|-|-|-|-|-|-|-|-|-|-|-|-|rsmod:mithril_dagger_p++:attack:stance4|-|-|-|-|-|-|-|-|-|-|-|-|-|-|3|-|-|-|-|-|none|none|none|none|none|rsmod
item|5694|slash|390|-|-|-|-|-|-|-|-|-|-|-|-|-|-|rsmod:adamant_dagger_p++:attack:stance3|-|-|-|-|-|-|-|-|-|-|-|-|-|-|2|-|-|-|-|-|none|none|none|none|none|rsmod
item|5694|stab|386|-|-|-|-|-|-|-|-|-|-|-|-|-|-|rsmod:adamant_dagger_p++:attack:stance1|-|-|-|-|-|-|-|-|-|-|-|-|-|-|0|-|-|-|-|-|none|none|none|none|none|rsmod
item|5694|stab|386|-|-|-|-|-|-|-|-|-|-|-|-|-|-|rsmod:adamant_dagger_p++:attack:stance2|-|-|-|-|-|-|-|-|-|-|-|-|-|-|1|-|-|-|-|-|none|none|none|none|none|rsmod
item|5694|stab|386|-|-|-|-|-|-|-|-|-|-|-|-|-|-|rsmod:adamant_dagger_p++:attack:stance4|-|-|-|-|-|-|-|-|-|-|-|-|-|-|3|-|-|-|-|-|none|none|none|none|none|rsmod
item|5696|slash|390|-|-|-|-|-|-|-|-|-|-|-|-|-|-|rsmod:rune_dagger_p++:attack:stance3|-|-|-|-|-|-|-|-|-|-|-|-|-|-|2|-|-|-|-|-|none|none|none|none|none|rsmod
item|5696|stab|386|-|-|-|-|-|-|-|-|-|-|-|-|-|-|rsmod:rune_dagger_p++:attack:stance1|-|-|-|-|-|-|-|-|-|-|-|-|-|-|0|-|-|-|-|-|none|none|none|none|none|rsmod
item|5696|stab|386|-|-|-|-|-|-|-|-|-|-|-|-|-|-|rsmod:rune_dagger_p++:attack:stance2|-|-|-|-|-|-|-|-|-|-|-|-|-|-|1|-|-|-|-|-|none|none|none|none|none|rsmod
item|5696|stab|386|-|-|-|-|-|-|-|-|-|-|-|-|-|-|rsmod:rune_dagger_p++:attack:stance4|-|-|-|-|-|-|-|-|-|-|-|-|-|-|3|-|-|-|-|-|none|none|none|none|none|rsmod
item|5698|slash|377|-|-|-|-|-|-|-|-|-|-|-|-|-|-|rsmod:dragon_dagger_p++:attack:stance3|-|-|-|-|-|-|-|-|-|-|-|-|-|-|2|-|-|-|-|-|none|none|none|none|none|rsmod
item|5698|stab|376|-|-|-|-|-|-|-|-|-|-|-|-|-|-|rsmod:dragon_dagger_p++:attack:stance1|-|-|-|-|-|-|-|-|-|-|-|-|-|-|0|-|-|-|-|-|none|none|none|none|none|rsmod
item|5698|stab|376|-|-|-|-|-|-|-|-|-|-|-|-|-|-|rsmod:dragon_dagger_p++:attack:stance2|-|-|-|-|-|-|-|-|-|-|-|-|-|-|1|-|-|-|-|-|none|none|none|none|none|rsmod
item|5698|stab|376|-|-|-|-|-|-|-|-|-|-|-|-|-|-|rsmod:dragon_dagger_p++:attack:stance4|-|-|-|-|-|-|-|-|-|-|-|-|-|-|3|-|-|-|-|-|none|none|none|none|none|rsmod
item|5700|slash|390|-|-|-|-|-|-|-|-|-|-|-|-|-|-|rsmod:black_dagger_p++:attack:stance3|-|-|-|-|-|-|-|-|-|-|-|-|-|-|2|-|-|-|-|-|none|none|none|none|none|rsmod
item|5700|stab|386|-|-|-|-|-|-|-|-|-|-|-|-|-|-|rsmod:black_dagger_p++:attack:stance1|-|-|-|-|-|-|-|-|-|-|-|-|-|-|0|-|-|-|-|-|none|none|none|none|none|rsmod
item|5700|stab|386|-|-|-|-|-|-|-|-|-|-|-|-|-|-|rsmod:black_dagger_p++:attack:stance2|-|-|-|-|-|-|-|-|-|-|-|-|-|-|1|-|-|-|-|-|none|none|none|none|none|rsmod
item|5700|stab|386|-|-|-|-|-|-|-|-|-|-|-|-|-|-|rsmod:black_dagger_p++:attack:stance4|-|-|-|-|-|-|-|-|-|-|-|-|-|-|3|-|-|-|-|-|none|none|none|none|none|rsmod
item|5704|crush|429|-|-|-|-|-|-|-|-|-|-|-|-|-|-|rsmod:bronze_spear_p+:attack:stance3|-|-|-|-|-|-|-|-|-|-|-|-|-|-|2|-|-|-|-|-|none|none|none|none|none|rsmod
item|5704|slash|440|-|-|-|-|-|-|-|-|-|-|-|-|-|-|rsmod:bronze_spear_p+:attack:stance2|-|-|-|-|-|-|-|-|-|-|-|-|-|-|1|-|-|-|-|-|none|none|none|none|none|rsmod
item|5704|stab|428|-|-|-|-|-|-|-|-|-|-|-|-|-|-|rsmod:bronze_spear_p+:attack:stance1|-|-|-|-|-|-|-|-|-|-|-|-|-|-|0|-|-|-|-|-|none|none|none|none|none|rsmod
item|5704|stab|428|-|-|-|-|-|-|-|-|-|-|-|-|-|-|rsmod:bronze_spear_p+:attack:stance4|-|-|-|-|-|-|-|-|-|-|-|-|-|-|3|-|-|-|-|-|none|none|none|none|none|rsmod
item|5706|crush|429|-|-|-|-|-|-|-|-|-|-|-|-|-|-|rsmod:iron_spear_p+:attack:stance3|-|-|-|-|-|-|-|-|-|-|-|-|-|-|2|-|-|-|-|-|none|none|none|none|none|rsmod
item|5706|slash|440|-|-|-|-|-|-|-|-|-|-|-|-|-|-|rsmod:iron_spear_p+:attack:stance2|-|-|-|-|-|-|-|-|-|-|-|-|-|-|1|-|-|-|-|-|none|none|none|none|none|rsmod
item|5706|stab|428|-|-|-|-|-|-|-|-|-|-|-|-|-|-|rsmod:iron_spear_p+:attack:stance1|-|-|-|-|-|-|-|-|-|-|-|-|-|-|0|-|-|-|-|-|none|none|none|none|none|rsmod
item|5706|stab|428|-|-|-|-|-|-|-|-|-|-|-|-|-|-|rsmod:iron_spear_p+:attack:stance4|-|-|-|-|-|-|-|-|-|-|-|-|-|-|3|-|-|-|-|-|none|none|none|none|none|rsmod
item|5708|crush|429|-|-|-|-|-|-|-|-|-|-|-|-|-|-|rsmod:steel_spear_p+:attack:stance3|-|-|-|-|-|-|-|-|-|-|-|-|-|-|2|-|-|-|-|-|none|none|none|none|none|rsmod
item|5708|slash|440|-|-|-|-|-|-|-|-|-|-|-|-|-|-|rsmod:steel_spear_p+:attack:stance2|-|-|-|-|-|-|-|-|-|-|-|-|-|-|1|-|-|-|-|-|none|none|none|none|none|rsmod
item|5708|stab|428|-|-|-|-|-|-|-|-|-|-|-|-|-|-|rsmod:steel_spear_p+:attack:stance1|-|-|-|-|-|-|-|-|-|-|-|-|-|-|0|-|-|-|-|-|none|none|none|none|none|rsmod
item|5708|stab|428|-|-|-|-|-|-|-|-|-|-|-|-|-|-|rsmod:steel_spear_p+:attack:stance4|-|-|-|-|-|-|-|-|-|-|-|-|-|-|3|-|-|-|-|-|none|none|none|none|none|rsmod
item|5710|crush|429|-|-|-|-|-|-|-|-|-|-|-|-|-|-|rsmod:mithril_spear_p+:attack:stance3|-|-|-|-|-|-|-|-|-|-|-|-|-|-|2|-|-|-|-|-|none|none|none|none|none|rsmod
item|5710|slash|440|-|-|-|-|-|-|-|-|-|-|-|-|-|-|rsmod:mithril_spear_p+:attack:stance2|-|-|-|-|-|-|-|-|-|-|-|-|-|-|1|-|-|-|-|-|none|none|none|none|none|rsmod
item|5710|stab|428|-|-|-|-|-|-|-|-|-|-|-|-|-|-|rsmod:mithril_spear_p+:attack:stance1|-|-|-|-|-|-|-|-|-|-|-|-|-|-|0|-|-|-|-|-|none|none|none|none|none|rsmod
item|5710|stab|428|-|-|-|-|-|-|-|-|-|-|-|-|-|-|rsmod:mithril_spear_p+:attack:stance4|-|-|-|-|-|-|-|-|-|-|-|-|-|-|3|-|-|-|-|-|none|none|none|none|none|rsmod
item|5712|crush|429|-|-|-|-|-|-|-|-|-|-|-|-|-|-|rsmod:adamant_spear_p+:attack:stance3|-|-|-|-|-|-|-|-|-|-|-|-|-|-|2|-|-|-|-|-|none|none|none|none|none|rsmod
item|5712|slash|440|-|-|-|-|-|-|-|-|-|-|-|-|-|-|rsmod:adamant_spear_p+:attack:stance2|-|-|-|-|-|-|-|-|-|-|-|-|-|-|1|-|-|-|-|-|none|none|none|none|none|rsmod
item|5712|stab|428|-|-|-|-|-|-|-|-|-|-|-|-|-|-|rsmod:adamant_spear_p+:attack:stance1|-|-|-|-|-|-|-|-|-|-|-|-|-|-|0|-|-|-|-|-|none|none|none|none|none|rsmod
item|5712|stab|428|-|-|-|-|-|-|-|-|-|-|-|-|-|-|rsmod:adamant_spear_p+:attack:stance4|-|-|-|-|-|-|-|-|-|-|-|-|-|-|3|-|-|-|-|-|none|none|none|none|none|rsmod
item|5714|crush|429|-|-|-|-|-|-|-|-|-|-|-|-|-|-|rsmod:rune_spear_p+:attack:stance3|-|-|-|-|-|-|-|-|-|-|-|-|-|-|2|-|-|-|-|-|none|none|none|none|none|rsmod
item|5714|slash|440|-|-|-|-|-|-|-|-|-|-|-|-|-|-|rsmod:rune_spear_p+:attack:stance2|-|-|-|-|-|-|-|-|-|-|-|-|-|-|1|-|-|-|-|-|none|none|none|none|none|rsmod
item|5714|stab|428|-|-|-|-|-|-|-|-|-|-|-|-|-|-|rsmod:rune_spear_p+:attack:stance1|-|-|-|-|-|-|-|-|-|-|-|-|-|-|0|-|-|-|-|-|none|none|none|none|none|rsmod
item|5714|stab|428|-|-|-|-|-|-|-|-|-|-|-|-|-|-|rsmod:rune_spear_p+:attack:stance4|-|-|-|-|-|-|-|-|-|-|-|-|-|-|3|-|-|-|-|-|none|none|none|none|none|rsmod
item|5716|crush|382|-|-|-|-|-|-|-|-|-|-|-|-|-|-|rsmod:dragon_spear_p+:attack:stance3|-|-|-|-|-|-|-|-|-|-|-|-|-|-|2|-|-|-|-|-|none|none|none|none|none|rsmod
item|5716|slash|380|-|-|-|-|-|-|-|-|-|-|-|-|-|-|rsmod:dragon_spear_p+:attack:stance2|-|-|-|-|-|-|-|-|-|-|-|-|-|-|1|-|-|-|-|-|none|none|none|none|none|rsmod
item|5716|stab|381|-|-|-|-|-|-|-|-|-|-|-|-|-|-|rsmod:dragon_spear_p+:attack:stance1|-|-|-|-|-|-|-|-|-|-|-|-|-|-|0|-|-|-|-|-|none|none|none|none|none|rsmod
item|5716|stab|381|-|-|-|-|-|-|-|-|-|-|-|-|-|-|rsmod:dragon_spear_p+:attack:stance4|-|-|-|-|-|-|-|-|-|-|-|-|-|-|3|-|-|-|-|-|none|none|none|none|none|rsmod
item|5718|crush|429|-|-|-|-|-|-|-|-|-|-|-|-|-|-|rsmod:bronze_spear_p++:attack:stance3|-|-|-|-|-|-|-|-|-|-|-|-|-|-|2|-|-|-|-|-|none|none|none|none|none|rsmod
item|5718|slash|440|-|-|-|-|-|-|-|-|-|-|-|-|-|-|rsmod:bronze_spear_p++:attack:stance2|-|-|-|-|-|-|-|-|-|-|-|-|-|-|1|-|-|-|-|-|none|none|none|none|none|rsmod
item|5718|stab|428|-|-|-|-|-|-|-|-|-|-|-|-|-|-|rsmod:bronze_spear_p++:attack:stance1|-|-|-|-|-|-|-|-|-|-|-|-|-|-|0|-|-|-|-|-|none|none|none|none|none|rsmod
item|5718|stab|428|-|-|-|-|-|-|-|-|-|-|-|-|-|-|rsmod:bronze_spear_p++:attack:stance4|-|-|-|-|-|-|-|-|-|-|-|-|-|-|3|-|-|-|-|-|none|none|none|none|none|rsmod
item|5720|crush|429|-|-|-|-|-|-|-|-|-|-|-|-|-|-|rsmod:iron_spear_p++:attack:stance3|-|-|-|-|-|-|-|-|-|-|-|-|-|-|2|-|-|-|-|-|none|none|none|none|none|rsmod
item|5720|slash|440|-|-|-|-|-|-|-|-|-|-|-|-|-|-|rsmod:iron_spear_p++:attack:stance2|-|-|-|-|-|-|-|-|-|-|-|-|-|-|1|-|-|-|-|-|none|none|none|none|none|rsmod
item|5720|stab|428|-|-|-|-|-|-|-|-|-|-|-|-|-|-|rsmod:iron_spear_p++:attack:stance1|-|-|-|-|-|-|-|-|-|-|-|-|-|-|0|-|-|-|-|-|none|none|none|none|none|rsmod
item|5720|stab|428|-|-|-|-|-|-|-|-|-|-|-|-|-|-|rsmod:iron_spear_p++:attack:stance4|-|-|-|-|-|-|-|-|-|-|-|-|-|-|3|-|-|-|-|-|none|none|none|none|none|rsmod
item|5722|crush|429|-|-|-|-|-|-|-|-|-|-|-|-|-|-|rsmod:steel_spear_p++:attack:stance3|-|-|-|-|-|-|-|-|-|-|-|-|-|-|2|-|-|-|-|-|none|none|none|none|none|rsmod
item|5722|slash|440|-|-|-|-|-|-|-|-|-|-|-|-|-|-|rsmod:steel_spear_p++:attack:stance2|-|-|-|-|-|-|-|-|-|-|-|-|-|-|1|-|-|-|-|-|none|none|none|none|none|rsmod
item|5722|stab|428|-|-|-|-|-|-|-|-|-|-|-|-|-|-|rsmod:steel_spear_p++:attack:stance1|-|-|-|-|-|-|-|-|-|-|-|-|-|-|0|-|-|-|-|-|none|none|none|none|none|rsmod
item|5722|stab|428|-|-|-|-|-|-|-|-|-|-|-|-|-|-|rsmod:steel_spear_p++:attack:stance4|-|-|-|-|-|-|-|-|-|-|-|-|-|-|3|-|-|-|-|-|none|none|none|none|none|rsmod
item|5724|crush|429|-|-|-|-|-|-|-|-|-|-|-|-|-|-|rsmod:mithril_spear_p++:attack:stance3|-|-|-|-|-|-|-|-|-|-|-|-|-|-|2|-|-|-|-|-|none|none|none|none|none|rsmod
item|5724|slash|440|-|-|-|-|-|-|-|-|-|-|-|-|-|-|rsmod:mithril_spear_p++:attack:stance2|-|-|-|-|-|-|-|-|-|-|-|-|-|-|1|-|-|-|-|-|none|none|none|none|none|rsmod
item|5724|stab|428|-|-|-|-|-|-|-|-|-|-|-|-|-|-|rsmod:mithril_spear_p++:attack:stance1|-|-|-|-|-|-|-|-|-|-|-|-|-|-|0|-|-|-|-|-|none|none|none|none|none|rsmod
item|5724|stab|428|-|-|-|-|-|-|-|-|-|-|-|-|-|-|rsmod:mithril_spear_p++:attack:stance4|-|-|-|-|-|-|-|-|-|-|-|-|-|-|3|-|-|-|-|-|none|none|none|none|none|rsmod
item|5726|crush|429|-|-|-|-|-|-|-|-|-|-|-|-|-|-|rsmod:adamant_spear_p++:attack:stance3|-|-|-|-|-|-|-|-|-|-|-|-|-|-|2|-|-|-|-|-|none|none|none|none|none|rsmod
item|5726|slash|440|-|-|-|-|-|-|-|-|-|-|-|-|-|-|rsmod:adamant_spear_p++:attack:stance2|-|-|-|-|-|-|-|-|-|-|-|-|-|-|1|-|-|-|-|-|none|none|none|none|none|rsmod
item|5726|stab|428|-|-|-|-|-|-|-|-|-|-|-|-|-|-|rsmod:adamant_spear_p++:attack:stance1|-|-|-|-|-|-|-|-|-|-|-|-|-|-|0|-|-|-|-|-|none|none|none|none|none|rsmod
item|5726|stab|428|-|-|-|-|-|-|-|-|-|-|-|-|-|-|rsmod:adamant_spear_p++:attack:stance4|-|-|-|-|-|-|-|-|-|-|-|-|-|-|3|-|-|-|-|-|none|none|none|none|none|rsmod
item|5728|crush|429|-|-|-|-|-|-|-|-|-|-|-|-|-|-|rsmod:rune_spear_p++:attack:stance3|-|-|-|-|-|-|-|-|-|-|-|-|-|-|2|-|-|-|-|-|none|none|none|none|none|rsmod
item|5728|slash|440|-|-|-|-|-|-|-|-|-|-|-|-|-|-|rsmod:rune_spear_p++:attack:stance2|-|-|-|-|-|-|-|-|-|-|-|-|-|-|1|-|-|-|-|-|none|none|none|none|none|rsmod
item|5728|stab|428|-|-|-|-|-|-|-|-|-|-|-|-|-|-|rsmod:rune_spear_p++:attack:stance1|-|-|-|-|-|-|-|-|-|-|-|-|-|-|0|-|-|-|-|-|none|none|none|none|none|rsmod
item|5728|stab|428|-|-|-|-|-|-|-|-|-|-|-|-|-|-|rsmod:rune_spear_p++:attack:stance4|-|-|-|-|-|-|-|-|-|-|-|-|-|-|3|-|-|-|-|-|none|none|none|none|none|rsmod
item|5730|crush|382|-|-|-|-|-|-|-|-|-|-|-|-|-|-|rsmod:dragon_spear_p++:attack:stance3|-|-|-|-|-|-|-|-|-|-|-|-|-|-|2|-|-|-|-|-|none|none|none|none|none|rsmod
item|5730|slash|380|-|-|-|-|-|-|-|-|-|-|-|-|-|-|rsmod:dragon_spear_p++:attack:stance2|-|-|-|-|-|-|-|-|-|-|-|-|-|-|1|-|-|-|-|-|none|none|none|none|none|rsmod
item|5730|stab|381|-|-|-|-|-|-|-|-|-|-|-|-|-|-|rsmod:dragon_spear_p++:attack:stance1|-|-|-|-|-|-|-|-|-|-|-|-|-|-|0|-|-|-|-|-|none|none|none|none|none|rsmod
item|5730|stab|381|-|-|-|-|-|-|-|-|-|-|-|-|-|-|rsmod:dragon_spear_p++:attack:stance4|-|-|-|-|-|-|-|-|-|-|-|-|-|-|3|-|-|-|-|-|none|none|none|none|none|rsmod
item|5734|crush|429|-|-|-|-|-|-|-|-|-|-|-|-|-|-|rsmod:black_spear_p+:attack:stance3|-|-|-|-|-|-|-|-|-|-|-|-|-|-|2|-|-|-|-|-|none|none|none|none|none|rsmod
item|5734|slash|440|-|-|-|-|-|-|-|-|-|-|-|-|-|-|rsmod:black_spear_p+:attack:stance2|-|-|-|-|-|-|-|-|-|-|-|-|-|-|1|-|-|-|-|-|none|none|none|none|none|rsmod
item|5734|stab|428|-|-|-|-|-|-|-|-|-|-|-|-|-|-|rsmod:black_spear_p+:attack:stance1|-|-|-|-|-|-|-|-|-|-|-|-|-|-|0|-|-|-|-|-|none|none|none|none|none|rsmod
item|5734|stab|428|-|-|-|-|-|-|-|-|-|-|-|-|-|-|rsmod:black_spear_p+:attack:stance4|-|-|-|-|-|-|-|-|-|-|-|-|-|-|3|-|-|-|-|-|none|none|none|none|none|rsmod
item|5736|crush|429|-|-|-|-|-|-|-|-|-|-|-|-|-|-|rsmod:black_spear_p++:attack:stance3|-|-|-|-|-|-|-|-|-|-|-|-|-|-|2|-|-|-|-|-|none|none|none|none|none|rsmod
item|5736|slash|440|-|-|-|-|-|-|-|-|-|-|-|-|-|-|rsmod:black_spear_p++:attack:stance2|-|-|-|-|-|-|-|-|-|-|-|-|-|-|1|-|-|-|-|-|none|none|none|none|none|rsmod
item|5736|stab|428|-|-|-|-|-|-|-|-|-|-|-|-|-|-|rsmod:black_spear_p++:attack:stance1|-|-|-|-|-|-|-|-|-|-|-|-|-|-|0|-|-|-|-|-|none|none|none|none|none|rsmod
item|5736|stab|428|-|-|-|-|-|-|-|-|-|-|-|-|-|-|rsmod:black_spear_p++:attack:stance4|-|-|-|-|-|-|-|-|-|-|-|-|-|-|3|-|-|-|-|-|none|none|none|none|none|rsmod
item|6082|crush|2323|-|-|-|-|-|-|-|-|-|-|-|-|-|-|rsmod:mourning_paint_gun:attack:stance2|-|-|-|-|-|-|-|-|-|-|-|-|-|-|1|-|-|-|-|-|none|none|none|none|none|rsmod
item|6125|crush|422|-|-|-|-|-|-|-|-|-|-|-|-|-|-|rsmod:magic_strung_lyre_2:attack:stance1|-|-|-|-|-|-|-|-|-|-|-|-|-|-|0|-|-|-|-|-|none|none|none|none|none|rsmod
item|6125|crush|422|-|-|-|-|-|-|-|-|-|-|-|-|-|-|rsmod:magic_strung_lyre_2:attack:stance4|-|-|-|-|-|-|-|-|-|-|-|-|-|-|3|-|-|-|-|-|none|none|none|none|none|rsmod
item|6125|crush|423|-|-|-|-|-|-|-|-|-|-|-|-|-|-|rsmod:magic_strung_lyre_2:attack:stance2|-|-|-|-|-|-|-|-|-|-|-|-|-|-|1|-|-|-|-|-|none|none|none|none|none|rsmod
item|6126|crush|422|-|-|-|-|-|-|-|-|-|-|-|-|-|-|rsmod:magic_strung_lyre_3:attack:stance1|-|-|-|-|-|-|-|-|-|-|-|-|-|-|0|-|-|-|-|-|none|none|none|none|none|rsmod
item|6126|crush|422|-|-|-|-|-|-|-|-|-|-|-|-|-|-|rsmod:magic_strung_lyre_3:attack:stance4|-|-|-|-|-|-|-|-|-|-|-|-|-|-|3|-|-|-|-|-|none|none|none|none|none|rsmod
item|6126|crush|423|-|-|-|-|-|-|-|-|-|-|-|-|-|-|rsmod:magic_strung_lyre_3:attack:stance2|-|-|-|-|-|-|-|-|-|-|-|-|-|-|1|-|-|-|-|-|none|none|none|none|none|rsmod
item|6127|crush|422|-|-|-|-|-|-|-|-|-|-|-|-|-|-|rsmod:magic_strung_lyre_4:attack:stance1|-|-|-|-|-|-|-|-|-|-|-|-|-|-|0|-|-|-|-|-|none|none|none|none|none|rsmod
item|6127|crush|422|-|-|-|-|-|-|-|-|-|-|-|-|-|-|rsmod:magic_strung_lyre_4:attack:stance4|-|-|-|-|-|-|-|-|-|-|-|-|-|-|3|-|-|-|-|-|none|none|none|none|none|rsmod
item|6127|crush|423|-|-|-|-|-|-|-|-|-|-|-|-|-|-|rsmod:magic_strung_lyre_4:attack:stance2|-|-|-|-|-|-|-|-|-|-|-|-|-|-|1|-|-|-|-|-|none|none|none|none|none|rsmod
item|6313|slash|390|-|-|-|-|-|-|-|-|-|-|-|-|-|-|rsmod:machette_opal:attack:stance1|-|-|-|-|-|-|-|-|-|-|-|-|-|-|0|-|-|-|-|-|none|none|none|none|none|rsmod
item|6313|slash|390|-|-|-|-|-|-|-|-|-|-|-|-|-|-|rsmod:machette_opal:attack:stance2|-|-|-|-|-|-|-|-|-|-|-|-|-|-|1|-|-|-|-|-|none|none|none|none|none|rsmod
item|6313|slash|390|-|-|-|-|-|-|-|-|-|-|-|-|-|-|rsmod:machette_opal:attack:stance4|-|-|-|-|-|-|-|-|-|-|-|-|-|-|3|-|-|-|-|-|none|none|none|none|none|rsmod
item|6313|stab|386|-|-|-|-|-|-|-|-|-|-|-|-|-|-|rsmod:machette_opal:attack:stance3|-|-|-|-|-|-|-|-|-|-|-|-|-|-|2|-|-|-|-|-|none|none|none|none|none|rsmod
item|6315|slash|390|-|-|-|-|-|-|-|-|-|-|-|-|-|-|rsmod:machette_jade:attack:stance1|-|-|-|-|-|-|-|-|-|-|-|-|-|-|0|-|-|-|-|-|none|none|none|none|none|rsmod
item|6315|slash|390|-|-|-|-|-|-|-|-|-|-|-|-|-|-|rsmod:machette_jade:attack:stance2|-|-|-|-|-|-|-|-|-|-|-|-|-|-|1|-|-|-|-|-|none|none|none|none|none|rsmod
item|6315|slash|390|-|-|-|-|-|-|-|-|-|-|-|-|-|-|rsmod:machette_jade:attack:stance4|-|-|-|-|-|-|-|-|-|-|-|-|-|-|3|-|-|-|-|-|none|none|none|none|none|rsmod
item|6315|stab|386|-|-|-|-|-|-|-|-|-|-|-|-|-|-|rsmod:machette_jade:attack:stance3|-|-|-|-|-|-|-|-|-|-|-|-|-|-|2|-|-|-|-|-|none|none|none|none|none|rsmod
item|6317|slash|390|-|-|-|-|-|-|-|-|-|-|-|-|-|-|rsmod:machette_redtopaz:attack:stance1|-|-|-|-|-|-|-|-|-|-|-|-|-|-|0|-|-|-|-|-|none|none|none|none|none|rsmod
item|6317|slash|390|-|-|-|-|-|-|-|-|-|-|-|-|-|-|rsmod:machette_redtopaz:attack:stance2|-|-|-|-|-|-|-|-|-|-|-|-|-|-|1|-|-|-|-|-|none|none|none|none|none|rsmod
item|6317|slash|390|-|-|-|-|-|-|-|-|-|-|-|-|-|-|rsmod:machette_redtopaz:attack:stance4|-|-|-|-|-|-|-|-|-|-|-|-|-|-|3|-|-|-|-|-|none|none|none|none|none|rsmod
item|6317|stab|386|-|-|-|-|-|-|-|-|-|-|-|-|-|-|rsmod:machette_redtopaz:attack:stance3|-|-|-|-|-|-|-|-|-|-|-|-|-|-|2|-|-|-|-|-|none|none|none|none|none|rsmod
item|6408|crush|401|-|-|-|-|-|-|-|-|-|-|-|-|-|-|rsmod:roguetrader_bj_assault_oak:attack:stance1|-|-|-|-|-|-|-|-|-|-|-|-|-|-|0|-|-|-|-|-|none|none|none|none|none|rsmod
item|6408|crush|401|-|-|-|-|-|-|-|-|-|-|-|-|-|-|rsmod:roguetrader_bj_assault_oak:attack:stance2|-|-|-|-|-|-|-|-|-|-|-|-|-|-|1|-|-|-|-|-|none|none|none|none|none|rsmod
item|6408|crush|401|-|-|-|-|-|-|-|-|-|-|-|-|-|-|rsmod:roguetrader_bj_assault_oak:attack:stance4|-|-|-|-|-|-|-|-|-|-|-|-|-|-|3|-|-|-|-|-|none|none|none|none|none|rsmod
item|6410|crush|401|-|-|-|-|-|-|-|-|-|-|-|-|-|-|rsmod:roguetrader_bj_defend_oak:attack:stance1|-|-|-|-|-|-|-|-|-|-|-|-|-|-|0|-|-|-|-|-|none|none|none|none|none|rsmod
item|6410|crush|401|-|-|-|-|-|-|-|-|-|-|-|-|-|-|rsmod:roguetrader_bj_defend_oak:attack:stance2|-|-|-|-|-|-|-|-|-|-|-|-|-|-|1|-|-|-|-|-|none|none|none|none|none|rsmod
item|6410|crush|401|-|-|-|-|-|-|-|-|-|-|-|-|-|-|rsmod:roguetrader_bj_defend_oak:attack:stance4|-|-|-|-|-|-|-|-|-|-|-|-|-|-|3|-|-|-|-|-|none|none|none|none|none|rsmod
item|6412|crush|401|-|-|-|-|-|-|-|-|-|-|-|-|-|-|rsmod:roguetrader_bj_assault_willow:attack:stance1|-|-|-|-|-|-|-|-|-|-|-|-|-|-|0|-|-|-|-|-|none|none|none|none|none|rsmod
item|6412|crush|401|-|-|-|-|-|-|-|-|-|-|-|-|-|-|rsmod:roguetrader_bj_assault_willow:attack:stance2|-|-|-|-|-|-|-|-|-|-|-|-|-|-|1|-|-|-|-|-|none|none|none|none|none|rsmod
item|6412|crush|401|-|-|-|-|-|-|-|-|-|-|-|-|-|-|rsmod:roguetrader_bj_assault_willow:attack:stance4|-|-|-|-|-|-|-|-|-|-|-|-|-|-|3|-|-|-|-|-|none|none|none|none|none|rsmod
item|6414|crush|401|-|-|-|-|-|-|-|-|-|-|-|-|-|-|rsmod:roguetrader_bj_defend_willow:attack:stance1|-|-|-|-|-|-|-|-|-|-|-|-|-|-|0|-|-|-|-|-|none|none|none|none|none|rsmod
item|6414|crush|401|-|-|-|-|-|-|-|-|-|-|-|-|-|-|rsmod:roguetrader_bj_defend_willow:attack:stance2|-|-|-|-|-|-|-|-|-|-|-|-|-|-|1|-|-|-|-|-|none|none|none|none|none|rsmod
item|6414|crush|401|-|-|-|-|-|-|-|-|-|-|-|-|-|-|rsmod:roguetrader_bj_defend_willow:attack:stance4|-|-|-|-|-|-|-|-|-|-|-|-|-|-|3|-|-|-|-|-|none|none|none|none|none|rsmod
item|6416|crush|401|-|-|-|-|-|-|-|-|-|-|-|-|-|-|rsmod:roguetrader_bj_maple:attack:stance1|-|-|-|-|-|-|-|-|-|-|-|-|-|-|0|-|-|-|-|-|none|none|none|none|none|rsmod
item|6416|crush|401|-|-|-|-|-|-|-|-|-|-|-|-|-|-|rsmod:roguetrader_bj_maple:attack:stance2|-|-|-|-|-|-|-|-|-|-|-|-|-|-|1|-|-|-|-|-|none|none|none|none|none|rsmod
item|6416|crush|401|-|-|-|-|-|-|-|-|-|-|-|-|-|-|rsmod:roguetrader_bj_maple:attack:stance4|-|-|-|-|-|-|-|-|-|-|-|-|-|-|3|-|-|-|-|-|none|none|none|none|none|rsmod
item|6418|crush|401|-|-|-|-|-|-|-|-|-|-|-|-|-|-|rsmod:roguetrader_bj_assault_maple:attack:stance1|-|-|-|-|-|-|-|-|-|-|-|-|-|-|0|-|-|-|-|-|none|none|none|none|none|rsmod
item|6418|crush|401|-|-|-|-|-|-|-|-|-|-|-|-|-|-|rsmod:roguetrader_bj_assault_maple:attack:stance2|-|-|-|-|-|-|-|-|-|-|-|-|-|-|1|-|-|-|-|-|none|none|none|none|none|rsmod
item|6418|crush|401|-|-|-|-|-|-|-|-|-|-|-|-|-|-|rsmod:roguetrader_bj_assault_maple:attack:stance4|-|-|-|-|-|-|-|-|-|-|-|-|-|-|3|-|-|-|-|-|none|none|none|none|none|rsmod
item|6420|crush|401|-|-|-|-|-|-|-|-|-|-|-|-|-|-|rsmod:roguetrader_bj_defend_maple:attack:stance1|-|-|-|-|-|-|-|-|-|-|-|-|-|-|0|-|-|-|-|-|none|none|none|none|none|rsmod
item|6420|crush|401|-|-|-|-|-|-|-|-|-|-|-|-|-|-|rsmod:roguetrader_bj_defend_maple:attack:stance2|-|-|-|-|-|-|-|-|-|-|-|-|-|-|1|-|-|-|-|-|none|none|none|none|none|rsmod
item|6420|crush|401|-|-|-|-|-|-|-|-|-|-|-|-|-|-|rsmod:roguetrader_bj_defend_maple:attack:stance4|-|-|-|-|-|-|-|-|-|-|-|-|-|-|3|-|-|-|-|-|none|none|none|none|none|rsmod
item|6522|ranged|-|-|442|-|14291|2615|2|2|163|146|32|15|0|11|5|rsmod:tzhaar_throwingring:projectile|-|-|-|-|-|-|-|-|-|-|-|-|-|-|-|-|-|-|-|-|travel_projectile|source_actor|target_actor|none|target_actor|rsmod
item|6522|ranged|7558|-|-|-|-|-|2|2|163|146|32|15|0|11|5|rsmod:tzhaar_throwingring:attack:stance1|-|-|-|-|-|-|-|-|-|-|-|-|-|-|0|-|-|-|-|-|none|none|none|none|none|rsmod
item|6522|ranged|7558|-|-|-|-|-|2|2|163|146|32|15|0|11|5|rsmod:tzhaar_throwingring:attack:stance2|-|-|-|-|-|-|-|-|-|-|-|-|-|-|1|-|-|-|-|-|none|none|none|none|none|rsmod
item|6522|ranged|7558|-|-|-|-|-|2|2|163|146|32|15|0|11|5|rsmod:tzhaar_throwingring:attack:stance4|-|-|-|-|-|-|-|-|-|-|-|-|-|-|3|-|-|-|-|-|none|none|none|none|none|rsmod
item|6523|slash|390|-|-|-|-|-|-|-|-|-|-|-|-|-|-|rsmod:tzhaar_splitsword:attack:stance3|-|-|-|-|-|-|-|-|-|-|-|-|-|-|2|-|-|-|-|-|none|none|none|none|none|rsmod
item|6523|stab|386|-|-|-|-|-|-|-|-|-|-|-|-|-|-|rsmod:tzhaar_splitsword:attack:stance1|-|-|-|-|-|-|-|-|-|-|-|-|-|-|0|-|-|-|-|-|none|none|none|none|none|rsmod
item|6523|stab|386|-|-|-|-|-|-|-|-|-|-|-|-|-|-|rsmod:tzhaar_splitsword:attack:stance2|-|-|-|-|-|-|-|-|-|-|-|-|-|-|1|-|-|-|-|-|none|none|none|none|none|rsmod
item|6523|stab|386|-|-|-|-|-|-|-|-|-|-|-|-|-|-|rsmod:tzhaar_splitsword:attack:stance4|-|-|-|-|-|-|-|-|-|-|-|-|-|-|3|-|-|-|-|-|none|none|none|none|none|rsmod
item|6525|slash|390|-|-|-|-|-|-|-|-|-|-|-|-|-|-|rsmod:tzhaar_knife:attack:stance1|-|-|-|-|-|-|-|-|-|-|-|-|-|-|0|-|-|-|-|-|none|none|none|none|none|rsmod
item|6525|slash|390|-|-|-|-|-|-|-|-|-|-|-|-|-|-|rsmod:tzhaar_knife:attack:stance2|-|-|-|-|-|-|-|-|-|-|-|-|-|-|1|-|-|-|-|-|none|none|none|none|none|rsmod
item|6525|slash|390|-|-|-|-|-|-|-|-|-|-|-|-|-|-|rsmod:tzhaar_knife:attack:stance4|-|-|-|-|-|-|-|-|-|-|-|-|-|-|3|-|-|-|-|-|none|none|none|none|none|rsmod
item|6525|stab|386|-|-|-|-|-|-|-|-|-|-|-|-|-|-|rsmod:tzhaar_knife:attack:stance3|-|-|-|-|-|-|-|-|-|-|-|-|-|-|2|-|-|-|-|-|none|none|none|none|none|rsmod
item|6526|crush|429|-|-|-|-|-|-|-|-|-|-|-|-|-|-|rsmod:tzhaar_staff:attack:stance1|-|-|-|-|-|-|-|-|-|-|-|-|-|-|0|-|-|-|-|-|none|none|none|none|none|rsmod
item|6526|crush|429|-|-|-|-|-|-|-|-|-|-|-|-|-|-|rsmod:tzhaar_staff:attack:stance2|-|-|-|-|-|-|-|-|-|-|-|-|-|-|1|-|-|-|-|-|none|none|none|none|none|rsmod
item|6526|crush|429|-|-|-|-|-|-|-|-|-|-|-|-|-|-|rsmod:tzhaar_staff:attack:stance4|-|-|-|-|-|-|-|-|-|-|-|-|-|-|3|-|-|-|-|-|none|none|none|none|none|rsmod
item|6527|crush|401|-|-|-|-|-|-|-|-|-|-|-|-|-|-|rsmod:tzhaar_mace:attack:stance1|-|-|-|-|-|-|-|-|-|-|-|-|-|-|0|-|-|-|-|-|none|none|none|none|none|rsmod
item|6527|crush|401|-|-|-|-|-|-|-|-|-|-|-|-|-|-|rsmod:tzhaar_mace:attack:stance2|-|-|-|-|-|-|-|-|-|-|-|-|-|-|1|-|-|-|-|-|none|none|none|none|none|rsmod
item|6527|crush|401|-|-|-|-|-|-|-|-|-|-|-|-|-|-|rsmod:tzhaar_mace:attack:stance4|-|-|-|-|-|-|-|-|-|-|-|-|-|-|3|-|-|-|-|-|none|none|none|none|none|rsmod
item|6528|crush|2661|-|-|-|-|-|-|-|-|-|-|-|-|-|-|rsmod:tzhaar_maul:attack:stance1|-|-|-|-|-|-|-|-|-|-|-|-|-|-|0|-|-|-|-|-|none|none|none|none|none|rsmod
item|6528|crush|2661|-|-|-|-|-|-|-|-|-|-|-|-|-|-|rsmod:tzhaar_maul:attack:stance2|-|-|-|-|-|-|-|-|-|-|-|-|-|-|1|-|-|-|-|-|none|none|none|none|none|rsmod
item|6528|crush|2661|-|-|-|-|-|-|-|-|-|-|-|-|-|-|rsmod:tzhaar_maul:attack:stance4|-|-|-|-|-|-|-|-|-|-|-|-|-|-|3|-|-|-|-|-|none|none|none|none|none|rsmod
item|6541|crush|1658|-|-|-|-|-|-|-|-|-|-|-|-|-|-|rsmod:twocats_mouse_toy:attack:stance1|-|-|-|-|-|-|-|-|-|-|-|-|-|-|0|-|-|-|-|-|none|none|none|none|none|rsmod
item|6541|crush|1658|-|-|-|-|-|-|-|-|-|-|-|-|-|-|rsmod:twocats_mouse_toy:attack:stance2|-|-|-|-|-|-|-|-|-|-|-|-|-|-|1|-|-|-|-|-|none|none|none|none|none|rsmod
item|6541|crush|1658|-|-|-|-|-|-|-|-|-|-|-|-|-|-|rsmod:twocats_mouse_toy:attack:stance4|-|-|-|-|-|-|-|-|-|-|-|-|-|-|3|-|-|-|-|-|none|none|none|none|none|rsmod
item|6562|crush|419|-|-|-|-|-|-|-|-|-|-|-|-|-|-|rsmod:mud_battlestaff:attack:stance1|-|-|-|-|-|-|-|-|-|-|-|-|-|-|0|-|-|-|-|-|none|none|none|none|none|rsmod
item|6562|crush|419|-|-|-|-|-|-|-|-|-|-|-|-|-|-|rsmod:mud_battlestaff:attack:stance2|-|-|-|-|-|-|-|-|-|-|-|-|-|-|1|-|-|-|-|-|none|none|none|none|none|rsmod
item|6562|crush|419|-|-|-|-|-|-|-|-|-|-|-|-|-|-|rsmod:mud_battlestaff:attack:stance4|-|-|-|-|-|-|-|-|-|-|-|-|-|-|3|-|-|-|-|-|none|none|none|none|none|rsmod
item|6563|crush|419|-|-|-|-|-|-|-|-|-|-|-|-|-|-|rsmod:mystic_mud_staff:attack:stance1|-|-|-|-|-|-|-|-|-|-|-|-|-|-|0|-|-|-|-|-|none|none|none|none|none|rsmod
item|6563|crush|419|-|-|-|-|-|-|-|-|-|-|-|-|-|-|rsmod:mystic_mud_staff:attack:stance2|-|-|-|-|-|-|-|-|-|-|-|-|-|-|1|-|-|-|-|-|none|none|none|none|none|rsmod
item|6563|crush|419|-|-|-|-|-|-|-|-|-|-|-|-|-|-|rsmod:mystic_mud_staff:attack:stance4|-|-|-|-|-|-|-|-|-|-|-|-|-|-|3|-|-|-|-|-|none|none|none|none|none|rsmod
item|6587|slash|393|-|-|-|-|-|-|-|-|-|-|-|-|-|-|rsmod:white_claws:attack:stance1|-|-|-|-|-|-|-|-|-|-|-|-|-|-|0|-|-|-|-|-|none|none|none|none|none|rsmod
item|6587|slash|393|-|-|-|-|-|-|-|-|-|-|-|-|-|-|rsmod:white_claws:attack:stance2|-|-|-|-|-|-|-|-|-|-|-|-|-|-|1|-|-|-|-|-|none|none|none|none|none|rsmod
item|6587|slash|393|-|-|-|-|-|-|-|-|-|-|-|-|-|-|rsmod:white_claws:attack:stance4|-|-|-|-|-|-|-|-|-|-|-|-|-|-|3|-|-|-|-|-|none|none|none|none|none|rsmod
item|6587|stab|1067|-|-|-|-|-|-|-|-|-|-|-|-|-|-|rsmod:white_claws:attack:stance3|-|-|-|-|-|-|-|-|-|-|-|-|-|-|2|-|-|-|-|-|none|none|none|none|none|rsmod
item|6589|crush|401|-|-|-|-|-|-|-|-|-|-|-|-|-|-|rsmod:white_battleaxe:attack:stance3|-|-|-|-|-|-|-|-|-|-|-|-|-|-|2|-|-|-|-|-|none|none|none|none|none|rsmod
item|6589|slash|395|-|-|-|-|-|-|-|-|-|-|-|-|-|-|rsmod:white_battleaxe:attack:stance1|-|-|-|-|-|-|-|-|-|-|-|-|-|-|0|-|-|-|-|-|none|none|none|none|none|rsmod
item|6589|slash|395|-|-|-|-|-|-|-|-|-|-|-|-|-|-|rsmod:white_battleaxe:attack:stance2|-|-|-|-|-|-|-|-|-|-|-|-|-|-|1|-|-|-|-|-|none|none|none|none|none|rsmod
item|6589|slash|395|-|-|-|-|-|-|-|-|-|-|-|-|-|-|rsmod:white_battleaxe:attack:stance4|-|-|-|-|-|-|-|-|-|-|-|-|-|-|3|-|-|-|-|-|none|none|none|none|none|rsmod
item|6591|slash|390|-|-|-|-|-|-|-|-|-|-|-|-|-|-|rsmod:white_dagger:attack:stance3|-|-|-|-|-|-|-|-|-|-|-|-|-|-|2|-|-|-|-|-|none|none|none|none|none|rsmod
item|6591|stab|386|-|-|-|-|-|-|-|-|-|-|-|-|-|-|rsmod:white_dagger:attack:stance1|-|-|-|-|-|-|-|-|-|-|-|-|-|-|0|-|-|-|-|-|none|none|none|none|none|rsmod
item|6591|stab|386|-|-|-|-|-|-|-|-|-|-|-|-|-|-|rsmod:white_dagger:attack:stance2|-|-|-|-|-|-|-|-|-|-|-|-|-|-|1|-|-|-|-|-|none|none|none|none|none|rsmod
item|6591|stab|386|-|-|-|-|-|-|-|-|-|-|-|-|-|-|rsmod:white_dagger:attack:stance4|-|-|-|-|-|-|-|-|-|-|-|-|-|-|3|-|-|-|-|-|none|none|none|none|none|rsmod
item|6593|slash|390|-|-|-|-|-|-|-|-|-|-|-|-|-|-|rsmod:white_dagger_p:attack:stance3|-|-|-|-|-|-|-|-|-|-|-|-|-|-|2|-|-|-|-|-|none|none|none|none|none|rsmod
item|6593|stab|386|-|-|-|-|-|-|-|-|-|-|-|-|-|-|rsmod:white_dagger_p:attack:stance1|-|-|-|-|-|-|-|-|-|-|-|-|-|-|0|-|-|-|-|-|none|none|none|none|none|rsmod
item|6593|stab|386|-|-|-|-|-|-|-|-|-|-|-|-|-|-|rsmod:white_dagger_p:attack:stance2|-|-|-|-|-|-|-|-|-|-|-|-|-|-|1|-|-|-|-|-|none|none|none|none|none|rsmod
item|6593|stab|386|-|-|-|-|-|-|-|-|-|-|-|-|-|-|rsmod:white_dagger_p:attack:stance4|-|-|-|-|-|-|-|-|-|-|-|-|-|-|3|-|-|-|-|-|none|none|none|none|none|rsmod
item|6595|slash|390|-|-|-|-|-|-|-|-|-|-|-|-|-|-|rsmod:white_dagger_p+:attack:stance3|-|-|-|-|-|-|-|-|-|-|-|-|-|-|2|-|-|-|-|-|none|none|none|none|none|rsmod
item|6595|stab|386|-|-|-|-|-|-|-|-|-|-|-|-|-|-|rsmod:white_dagger_p+:attack:stance1|-|-|-|-|-|-|-|-|-|-|-|-|-|-|0|-|-|-|-|-|none|none|none|none|none|rsmod
item|6595|stab|386|-|-|-|-|-|-|-|-|-|-|-|-|-|-|rsmod:white_dagger_p+:attack:stance2|-|-|-|-|-|-|-|-|-|-|-|-|-|-|1|-|-|-|-|-|none|none|none|none|none|rsmod
item|6595|stab|386|-|-|-|-|-|-|-|-|-|-|-|-|-|-|rsmod:white_dagger_p+:attack:stance4|-|-|-|-|-|-|-|-|-|-|-|-|-|-|3|-|-|-|-|-|none|none|none|none|none|rsmod
item|6597|slash|390|-|-|-|-|-|-|-|-|-|-|-|-|-|-|rsmod:white_dagger_p++:attack:stance3|-|-|-|-|-|-|-|-|-|-|-|-|-|-|2|-|-|-|-|-|none|none|none|none|none|rsmod
item|6597|stab|386|-|-|-|-|-|-|-|-|-|-|-|-|-|-|rsmod:white_dagger_p++:attack:stance1|-|-|-|-|-|-|-|-|-|-|-|-|-|-|0|-|-|-|-|-|none|none|none|none|none|rsmod
item|6597|stab|386|-|-|-|-|-|-|-|-|-|-|-|-|-|-|rsmod:white_dagger_p++:attack:stance2|-|-|-|-|-|-|-|-|-|-|-|-|-|-|1|-|-|-|-|-|none|none|none|none|none|rsmod
item|6597|stab|386|-|-|-|-|-|-|-|-|-|-|-|-|-|-|rsmod:white_dagger_p++:attack:stance4|-|-|-|-|-|-|-|-|-|-|-|-|-|-|3|-|-|-|-|-|none|none|none|none|none|rsmod
item|6599|slash|440|-|-|-|-|-|-|-|-|-|-|-|-|-|-|rsmod:white_halberd:attack:stance2|-|-|-|-|-|-|-|-|-|-|-|-|-|-|1|-|-|-|-|-|none|none|none|none|none|rsmod
item|6599|stab|428|-|-|-|-|-|-|-|-|-|-|-|-|-|-|rsmod:white_halberd:attack:stance1|-|-|-|-|-|-|-|-|-|-|-|-|-|-|0|-|-|-|-|-|none|none|none|none|none|rsmod
item|6599|stab|428|-|-|-|-|-|-|-|-|-|-|-|-|-|-|rsmod:white_halberd:attack:stance4|-|-|-|-|-|-|-|-|-|-|-|-|-|-|3|-|-|-|-|-|none|none|none|none|none|rsmod
item|6601|crush|401|-|-|-|-|-|-|-|-|-|-|-|-|-|-|rsmod:white_mace:attack:stance1|-|-|-|-|-|-|-|-|-|-|-|-|-|-|0|-|-|-|-|-|none|none|none|none|none|rsmod
item|6601|crush|401|-|-|-|-|-|-|-|-|-|-|-|-|-|-|rsmod:white_mace:attack:stance2|-|-|-|-|-|-|-|-|-|-|-|-|-|-|1|-|-|-|-|-|none|none|none|none|none|rsmod
item|6601|crush|401|-|-|-|-|-|-|-|-|-|-|-|-|-|-|rsmod:white_mace:attack:stance4|-|-|-|-|-|-|-|-|-|-|-|-|-|-|3|-|-|-|-|-|none|none|none|none|none|rsmod
item|6601|stab|400|-|-|-|-|-|-|-|-|-|-|-|-|-|-|rsmod:white_mace:attack:stance3|-|-|-|-|-|-|-|-|-|-|-|-|-|-|2|-|-|-|-|-|none|none|none|none|none|rsmod
item|6603|crush|419|-|-|-|-|-|-|-|-|-|-|-|-|-|-|rsmod:white_magic_staff:attack:stance1|-|-|-|-|-|-|-|-|-|-|-|-|-|-|0|-|-|-|-|-|none|none|none|none|none|rsmod
item|6603|crush|419|-|-|-|-|-|-|-|-|-|-|-|-|-|-|rsmod:white_magic_staff:attack:stance2|-|-|-|-|-|-|-|-|-|-|-|-|-|-|1|-|-|-|-|-|none|none|none|none|none|rsmod
item|6603|crush|419|-|-|-|-|-|-|-|-|-|-|-|-|-|-|rsmod:white_magic_staff:attack:stance4|-|-|-|-|-|-|-|-|-|-|-|-|-|-|3|-|-|-|-|-|none|none|none|none|none|rsmod
item|6607|slash|390|-|-|-|-|-|-|-|-|-|-|-|-|-|-|rsmod:white_longsword:attack:stance1|-|-|-|-|-|-|-|-|-|-|-|-|-|-|0|-|-|-|-|-|none|none|none|none|none|rsmod
item|6607|slash|390|-|-|-|-|-|-|-|-|-|-|-|-|-|-|rsmod:white_longsword:attack:stance2|-|-|-|-|-|-|-|-|-|-|-|-|-|-|1|-|-|-|-|-|none|none|none|none|none|rsmod
item|6607|slash|390|-|-|-|-|-|-|-|-|-|-|-|-|-|-|rsmod:white_longsword:attack:stance4|-|-|-|-|-|-|-|-|-|-|-|-|-|-|3|-|-|-|-|-|none|none|none|none|none|rsmod
item|6607|stab|386|-|-|-|-|-|-|-|-|-|-|-|-|-|-|rsmod:white_longsword:attack:stance3|-|-|-|-|-|-|-|-|-|-|-|-|-|-|2|-|-|-|-|-|none|none|none|none|none|rsmod
item|6609|crush|406|-|-|-|-|-|-|-|-|-|-|-|-|-|-|rsmod:white_2h_sword:attack:stance3|-|-|-|-|-|-|-|-|-|-|-|-|-|-|2|-|-|-|-|-|none|none|none|none|none|rsmod
item|6609|slash|407|-|-|-|-|-|-|-|-|-|-|-|-|-|-|rsmod:white_2h_sword:attack:stance1|-|-|-|-|-|-|-|-|-|-|-|-|-|-|0|-|-|-|-|-|none|none|none|none|none|rsmod
item|6609|slash|407|-|-|-|-|-|-|-|-|-|-|-|-|-|-|rsmod:white_2h_sword:attack:stance2|-|-|-|-|-|-|-|-|-|-|-|-|-|-|1|-|-|-|-|-|none|none|none|none|none|rsmod
item|6609|slash|407|-|-|-|-|-|-|-|-|-|-|-|-|-|-|rsmod:white_2h_sword:attack:stance4|-|-|-|-|-|-|-|-|-|-|-|-|-|-|3|-|-|-|-|-|none|none|none|none|none|rsmod
item|6611|slash|390|-|-|-|-|-|-|-|-|-|-|-|-|-|-|rsmod:white_scimitar:attack:stance1|-|-|-|-|-|-|-|-|-|-|-|-|-|-|0|-|-|-|-|-|none|none|none|none|none|rsmod
item|6611|slash|390|-|-|-|-|-|-|-|-|-|-|-|-|-|-|rsmod:white_scimitar:attack:stance2|-|-|-|-|-|-|-|-|-|-|-|-|-|-|1|-|-|-|-|-|none|none|none|none|none|rsmod
item|6611|slash|390|-|-|-|-|-|-|-|-|-|-|-|-|-|-|rsmod:white_scimitar:attack:stance4|-|-|-|-|-|-|-|-|-|-|-|-|-|-|3|-|-|-|-|-|none|none|none|none|none|rsmod
item|6611|stab|386|-|-|-|-|-|-|-|-|-|-|-|-|-|-|rsmod:white_scimitar:attack:stance3|-|-|-|-|-|-|-|-|-|-|-|-|-|-|2|-|-|-|-|-|none|none|none|none|none|rsmod
item|6613|crush|401|-|-|-|-|-|-|-|-|-|-|-|-|-|-|rsmod:white_warhammer:attack:stance1|-|-|-|-|-|-|-|-|-|-|-|-|-|-|0|-|-|-|-|-|none|none|none|none|none|rsmod
item|6613|crush|401|-|-|-|-|-|-|-|-|-|-|-|-|-|-|rsmod:white_warhammer:attack:stance2|-|-|-|-|-|-|-|-|-|-|-|-|-|-|1|-|-|-|-|-|none|none|none|none|none|rsmod
item|6613|crush|401|-|-|-|-|-|-|-|-|-|-|-|-|-|-|rsmod:white_warhammer:attack:stance4|-|-|-|-|-|-|-|-|-|-|-|-|-|-|3|-|-|-|-|-|none|none|none|none|none|rsmod
item|6724|ranged|426|-|-|-|-|-|3|3|163|146|41|15|5|11|5|rsmod:daganoth_cave_magic_shortbow:attack:stance1|-|-|-|-|-|-|-|-|-|-|-|-|-|-|0|-|-|-|-|-|none|none|none|none|none|rsmod
item|6724|ranged|426|-|-|-|-|-|3|3|163|146|41|15|5|11|5|rsmod:daganoth_cave_magic_shortbow:attack:stance2|-|-|-|-|-|-|-|-|-|-|-|-|-|-|1|-|-|-|-|-|none|none|none|none|none|rsmod
item|6724|ranged|426|-|-|-|-|-|3|3|163|146|41|15|5|11|5|rsmod:daganoth_cave_magic_shortbow:attack:stance4|-|-|-|-|-|-|-|-|-|-|-|-|-|-|3|-|-|-|-|-|none|none|none|none|none|rsmod
item|6739|crush|401|-|-|-|-|-|-|-|-|-|-|-|-|-|-|rsmod:dragon_axe:attack:stance3|-|-|-|-|-|-|-|-|-|-|-|-|-|-|2|-|-|-|-|-|none|none|none|none|none|rsmod
item|6739|slash|395|-|-|-|-|-|-|-|-|-|-|-|-|-|-|rsmod:dragon_axe:attack:stance1|-|-|-|-|-|-|-|-|-|-|-|-|-|-|0|-|-|-|-|-|none|none|none|none|none|rsmod
item|6739|slash|395|-|-|-|-|-|-|-|-|-|-|-|-|-|-|rsmod:dragon_axe:attack:stance2|-|-|-|-|-|-|-|-|-|-|-|-|-|-|1|-|-|-|-|-|none|none|none|none|none|rsmod
item|6739|slash|395|-|-|-|-|-|-|-|-|-|-|-|-|-|-|rsmod:dragon_axe:attack:stance4|-|-|-|-|-|-|-|-|-|-|-|-|-|-|3|-|-|-|-|-|none|none|none|none|none|rsmod
item|6745|slash|390|-|-|-|-|-|-|-|-|-|-|-|-|-|-|rsmod:agrith_silverlight_dyed:attack:stance1|-|-|-|-|-|-|-|-|-|-|-|-|-|-|0|-|-|-|-|-|none|none|none|none|none|rsmod
item|6745|slash|390|-|-|-|-|-|-|-|-|-|-|-|-|-|-|rsmod:agrith_silverlight_dyed:attack:stance2|-|-|-|-|-|-|-|-|-|-|-|-|-|-|1|-|-|-|-|-|none|none|none|none|none|rsmod
item|6745|slash|390|-|-|-|-|-|-|-|-|-|-|-|-|-|-|rsmod:agrith_silverlight_dyed:attack:stance4|-|-|-|-|-|-|-|-|-|-|-|-|-|-|3|-|-|-|-|-|none|none|none|none|none|rsmod
item|6745|stab|386|-|-|-|-|-|-|-|-|-|-|-|-|-|-|rsmod:agrith_silverlight_dyed:attack:stance3|-|-|-|-|-|-|-|-|-|-|-|-|-|-|2|-|-|-|-|-|none|none|none|none|none|rsmod
item|6746|slash|390|-|-|-|-|-|-|-|-|-|-|-|-|-|-|rsmod:darklight:attack:stance1|-|-|-|-|-|-|-|-|-|-|-|-|-|-|0|-|-|-|-|-|none|none|none|none|none|rsmod
item|6746|slash|390|-|-|-|-|-|-|-|-|-|-|-|-|-|-|rsmod:darklight:attack:stance2|-|-|-|-|-|-|-|-|-|-|-|-|-|-|1|-|-|-|-|-|none|none|none|none|none|rsmod
item|6746|slash|390|-|-|-|-|-|-|-|-|-|-|-|-|-|-|rsmod:darklight:attack:stance4|-|-|-|-|-|-|-|-|-|-|-|-|-|-|3|-|-|-|-|-|none|none|none|none|none|rsmod
item|6746|stab|386|-|-|-|-|-|-|-|-|-|-|-|-|-|-|rsmod:darklight:attack:stance3|-|-|-|-|-|-|-|-|-|-|-|-|-|-|2|-|-|-|-|-|none|none|none|none|none|rsmod
item|6760|crush|414|-|-|-|-|-|-|-|-|-|-|-|-|-|-|rsmod:makinghistory_guthix_polestaff:attack:stance1|-|-|-|-|-|-|-|-|-|-|-|-|-|-|0|-|-|-|-|-|none|none|none|none|none|rsmod
item|6760|crush|414|-|-|-|-|-|-|-|-|-|-|-|-|-|-|rsmod:makinghistory_guthix_polestaff:attack:stance2|-|-|-|-|-|-|-|-|-|-|-|-|-|-|1|-|-|-|-|-|none|none|none|none|none|rsmod
item|6760|crush|414|-|-|-|-|-|-|-|-|-|-|-|-|-|-|rsmod:makinghistory_guthix_polestaff:attack:stance4|-|-|-|-|-|-|-|-|-|-|-|-|-|-|3|-|-|-|-|-|none|none|none|none|none|rsmod
item|6762|crush|414|-|-|-|-|-|-|-|-|-|-|-|-|-|-|rsmod:makinghistory_saradomin_polestaff:attack:stance1|-|-|-|-|-|-|-|-|-|-|-|-|-|-|0|-|-|-|-|-|none|none|none|none|none|rsmod
item|6762|crush|414|-|-|-|-|-|-|-|-|-|-|-|-|-|-|rsmod:makinghistory_saradomin_polestaff:attack:stance2|-|-|-|-|-|-|-|-|-|-|-|-|-|-|1|-|-|-|-|-|none|none|none|none|none|rsmod
item|6762|crush|414|-|-|-|-|-|-|-|-|-|-|-|-|-|-|rsmod:makinghistory_saradomin_polestaff:attack:stance4|-|-|-|-|-|-|-|-|-|-|-|-|-|-|3|-|-|-|-|-|none|none|none|none|none|rsmod
item|6764|crush|414|-|-|-|-|-|-|-|-|-|-|-|-|-|-|rsmod:makinghistory_zamorak_polestaff:attack:stance1|-|-|-|-|-|-|-|-|-|-|-|-|-|-|0|-|-|-|-|-|none|none|none|none|none|rsmod
item|6764|crush|414|-|-|-|-|-|-|-|-|-|-|-|-|-|-|rsmod:makinghistory_zamorak_polestaff:attack:stance2|-|-|-|-|-|-|-|-|-|-|-|-|-|-|1|-|-|-|-|-|none|none|none|none|none|rsmod
item|6764|crush|414|-|-|-|-|-|-|-|-|-|-|-|-|-|-|rsmod:makinghistory_zamorak_polestaff:attack:stance4|-|-|-|-|-|-|-|-|-|-|-|-|-|-|3|-|-|-|-|-|none|none|none|none|none|rsmod
item|6773|crush|1428|-|-|-|-|-|-|-|-|-|-|-|-|-|-|rsmod:vc_rat_pole:attack:stance1|-|-|-|-|-|-|-|-|-|-|-|-|-|-|0|-|-|-|-|-|none|none|none|none|none|rsmod
item|6773|crush|1428|-|-|-|-|-|-|-|-|-|-|-|-|-|-|rsmod:vc_rat_pole:attack:stance2|-|-|-|-|-|-|-|-|-|-|-|-|-|-|1|-|-|-|-|-|none|none|none|none|none|rsmod
item|6773|crush|1428|-|-|-|-|-|-|-|-|-|-|-|-|-|-|rsmod:vc_rat_pole:attack:stance4|-|-|-|-|-|-|-|-|-|-|-|-|-|-|3|-|-|-|-|-|none|none|none|none|none|rsmod
item|6774|crush|1428|-|-|-|-|-|-|-|-|-|-|-|-|-|-|rsmod:vc_rat_pole_1:attack:stance1|-|-|-|-|-|-|-|-|-|-|-|-|-|-|0|-|-|-|-|-|none|none|none|none|none|rsmod
item|6774|crush|1428|-|-|-|-|-|-|-|-|-|-|-|-|-|-|rsmod:vc_rat_pole_1:attack:stance2|-|-|-|-|-|-|-|-|-|-|-|-|-|-|1|-|-|-|-|-|none|none|none|none|none|rsmod
item|6774|crush|1428|-|-|-|-|-|-|-|-|-|-|-|-|-|-|rsmod:vc_rat_pole_1:attack:stance4|-|-|-|-|-|-|-|-|-|-|-|-|-|-|3|-|-|-|-|-|none|none|none|none|none|rsmod
item|6775|crush|1428|-|-|-|-|-|-|-|-|-|-|-|-|-|-|rsmod:vc_rat_pole_2:attack:stance1|-|-|-|-|-|-|-|-|-|-|-|-|-|-|0|-|-|-|-|-|none|none|none|none|none|rsmod
item|6775|crush|1428|-|-|-|-|-|-|-|-|-|-|-|-|-|-|rsmod:vc_rat_pole_2:attack:stance2|-|-|-|-|-|-|-|-|-|-|-|-|-|-|1|-|-|-|-|-|none|none|none|none|none|rsmod
item|6775|crush|1428|-|-|-|-|-|-|-|-|-|-|-|-|-|-|rsmod:vc_rat_pole_2:attack:stance4|-|-|-|-|-|-|-|-|-|-|-|-|-|-|3|-|-|-|-|-|none|none|none|none|none|rsmod
item|6776|crush|1428|-|-|-|-|-|-|-|-|-|-|-|-|-|-|rsmod:vc_rat_pole_3:attack:stance1|-|-|-|-|-|-|-|-|-|-|-|-|-|-|0|-|-|-|-|-|none|none|none|none|none|rsmod
item|6776|crush|1428|-|-|-|-|-|-|-|-|-|-|-|-|-|-|rsmod:vc_rat_pole_3:attack:stance2|-|-|-|-|-|-|-|-|-|-|-|-|-|-|1|-|-|-|-|-|none|none|none|none|none|rsmod
item|6776|crush|1428|-|-|-|-|-|-|-|-|-|-|-|-|-|-|rsmod:vc_rat_pole_3:attack:stance4|-|-|-|-|-|-|-|-|-|-|-|-|-|-|3|-|-|-|-|-|none|none|none|none|none|rsmod
item|6777|crush|1428|-|-|-|-|-|-|-|-|-|-|-|-|-|-|rsmod:vc_rat_pole_4:attack:stance1|-|-|-|-|-|-|-|-|-|-|-|-|-|-|0|-|-|-|-|-|none|none|none|none|none|rsmod
item|6777|crush|1428|-|-|-|-|-|-|-|-|-|-|-|-|-|-|rsmod:vc_rat_pole_4:attack:stance2|-|-|-|-|-|-|-|-|-|-|-|-|-|-|1|-|-|-|-|-|none|none|none|none|none|rsmod
item|6777|crush|1428|-|-|-|-|-|-|-|-|-|-|-|-|-|-|rsmod:vc_rat_pole_4:attack:stance4|-|-|-|-|-|-|-|-|-|-|-|-|-|-|3|-|-|-|-|-|none|none|none|none|none|rsmod
item|6778|crush|1428|-|-|-|-|-|-|-|-|-|-|-|-|-|-|rsmod:vc_rat_pole_5:attack:stance1|-|-|-|-|-|-|-|-|-|-|-|-|-|-|0|-|-|-|-|-|none|none|none|none|none|rsmod
item|6778|crush|1428|-|-|-|-|-|-|-|-|-|-|-|-|-|-|rsmod:vc_rat_pole_5:attack:stance2|-|-|-|-|-|-|-|-|-|-|-|-|-|-|1|-|-|-|-|-|none|none|none|none|none|rsmod
item|6778|crush|1428|-|-|-|-|-|-|-|-|-|-|-|-|-|-|rsmod:vc_rat_pole_5:attack:stance4|-|-|-|-|-|-|-|-|-|-|-|-|-|-|3|-|-|-|-|-|none|none|none|none|none|rsmod
item|6779|crush|1428|-|-|-|-|-|-|-|-|-|-|-|-|-|-|rsmod:vc_rat_pole_6:attack:stance1|-|-|-|-|-|-|-|-|-|-|-|-|-|-|0|-|-|-|-|-|none|none|none|none|none|rsmod
item|6779|crush|1428|-|-|-|-|-|-|-|-|-|-|-|-|-|-|rsmod:vc_rat_pole_6:attack:stance2|-|-|-|-|-|-|-|-|-|-|-|-|-|-|1|-|-|-|-|-|none|none|none|none|none|rsmod
item|6779|crush|1428|-|-|-|-|-|-|-|-|-|-|-|-|-|-|rsmod:vc_rat_pole_6:attack:stance4|-|-|-|-|-|-|-|-|-|-|-|-|-|-|3|-|-|-|-|-|none|none|none|none|none|rsmod
item|6908|crush|414|-|-|-|-|-|-|-|-|-|-|-|-|-|-|rsmod:magictraining_wand_beg:attack:stance1|-|-|-|-|-|-|-|-|-|-|-|-|-|-|0|-|-|-|-|-|none|none|none|none|none|rsmod
item|6908|crush|414|-|-|-|-|-|-|-|-|-|-|-|-|-|-|rsmod:magictraining_wand_beg:attack:stance2|-|-|-|-|-|-|-|-|-|-|-|-|-|-|1|-|-|-|-|-|none|none|none|none|none|rsmod
item|6908|crush|414|-|-|-|-|-|-|-|-|-|-|-|-|-|-|rsmod:magictraining_wand_beg:attack:stance4|-|-|-|-|-|-|-|-|-|-|-|-|-|-|3|-|-|-|-|-|none|none|none|none|none|rsmod
item|6910|crush|414|-|-|-|-|-|-|-|-|-|-|-|-|-|-|rsmod:magictraining_wand_appr:attack:stance1|-|-|-|-|-|-|-|-|-|-|-|-|-|-|0|-|-|-|-|-|none|none|none|none|none|rsmod
item|6910|crush|414|-|-|-|-|-|-|-|-|-|-|-|-|-|-|rsmod:magictraining_wand_appr:attack:stance2|-|-|-|-|-|-|-|-|-|-|-|-|-|-|1|-|-|-|-|-|none|none|none|none|none|rsmod
item|6910|crush|414|-|-|-|-|-|-|-|-|-|-|-|-|-|-|rsmod:magictraining_wand_appr:attack:stance4|-|-|-|-|-|-|-|-|-|-|-|-|-|-|3|-|-|-|-|-|none|none|none|none|none|rsmod
item|6912|crush|414|-|-|-|-|-|-|-|-|-|-|-|-|-|-|rsmod:magictraining_wand_teach:attack:stance1|-|-|-|-|-|-|-|-|-|-|-|-|-|-|0|-|-|-|-|-|none|none|none|none|none|rsmod
item|6912|crush|414|-|-|-|-|-|-|-|-|-|-|-|-|-|-|rsmod:magictraining_wand_teach:attack:stance2|-|-|-|-|-|-|-|-|-|-|-|-|-|-|1|-|-|-|-|-|none|none|none|none|none|rsmod
item|6912|crush|414|-|-|-|-|-|-|-|-|-|-|-|-|-|-|rsmod:magictraining_wand_teach:attack:stance4|-|-|-|-|-|-|-|-|-|-|-|-|-|-|3|-|-|-|-|-|none|none|none|none|none|rsmod
item|6914|crush|414|-|-|-|-|-|-|-|-|-|-|-|-|-|-|rsmod:magictraining_wand_master:attack:stance1|-|-|-|-|-|-|-|-|-|-|-|-|-|-|0|-|-|-|-|-|none|none|none|none|none|rsmod
item|6914|crush|414|-|-|-|-|-|-|-|-|-|-|-|-|-|-|rsmod:magictraining_wand_master:attack:stance2|-|-|-|-|-|-|-|-|-|-|-|-|-|-|1|-|-|-|-|-|none|none|none|none|none|rsmod
item|6914|crush|414|-|-|-|-|-|-|-|-|-|-|-|-|-|-|rsmod:magictraining_wand_master:attack:stance4|-|-|-|-|-|-|-|-|-|-|-|-|-|-|3|-|-|-|-|-|none|none|none|none|none|rsmod
item|7140|slash|390|-|-|-|-|-|-|-|-|-|-|-|-|-|-|rsmod:fever_cutlass_unlucky_jenkins_lucky_cutlass:attack:stance1|-|-|-|-|-|-|-|-|-|-|-|-|-|-|0|-|-|-|-|-|none|none|none|none|none|rsmod
item|7140|slash|390|-|-|-|-|-|-|-|-|-|-|-|-|-|-|rsmod:fever_cutlass_unlucky_jenkins_lucky_cutlass:attack:stance2|-|-|-|-|-|-|-|-|-|-|-|-|-|-|1|-|-|-|-|-|none|none|none|none|none|rsmod
item|7140|slash|390|-|-|-|-|-|-|-|-|-|-|-|-|-|-|rsmod:fever_cutlass_unlucky_jenkins_lucky_cutlass:attack:stance4|-|-|-|-|-|-|-|-|-|-|-|-|-|-|3|-|-|-|-|-|none|none|none|none|none|rsmod
item|7140|stab|386|-|-|-|-|-|-|-|-|-|-|-|-|-|-|rsmod:fever_cutlass_unlucky_jenkins_lucky_cutlass:attack:stance3|-|-|-|-|-|-|-|-|-|-|-|-|-|-|2|-|-|-|-|-|none|none|none|none|none|rsmod
item|7141|slash|390|-|-|-|-|-|-|-|-|-|-|-|-|-|-|rsmod:fever_cutlass_brasshand_harry:attack:stance1|-|-|-|-|-|-|-|-|-|-|-|-|-|-|0|-|-|-|-|-|none|none|none|none|none|rsmod
item|7141|slash|390|-|-|-|-|-|-|-|-|-|-|-|-|-|-|rsmod:fever_cutlass_brasshand_harry:attack:stance2|-|-|-|-|-|-|-|-|-|-|-|-|-|-|1|-|-|-|-|-|none|none|none|none|none|rsmod
item|7141|slash|390|-|-|-|-|-|-|-|-|-|-|-|-|-|-|rsmod:fever_cutlass_brasshand_harry:attack:stance4|-|-|-|-|-|-|-|-|-|-|-|-|-|-|3|-|-|-|-|-|none|none|none|none|none|rsmod
item|7141|stab|386|-|-|-|-|-|-|-|-|-|-|-|-|-|-|rsmod:fever_cutlass_brasshand_harry:attack:stance3|-|-|-|-|-|-|-|-|-|-|-|-|-|-|2|-|-|-|-|-|none|none|none|none|none|rsmod
item|7142|slash|390|-|-|-|-|-|-|-|-|-|-|-|-|-|-|rsmod:fever_rapier_mallard:attack:stance3|-|-|-|-|-|-|-|-|-|-|-|-|-|-|2|-|-|-|-|-|none|none|none|none|none|rsmod
item|7142|stab|386|-|-|-|-|-|-|-|-|-|-|-|-|-|-|rsmod:fever_rapier_mallard:attack:stance1|-|-|-|-|-|-|-|-|-|-|-|-|-|-|0|-|-|-|-|-|none|none|none|none|none|rsmod
item|7142|stab|386|-|-|-|-|-|-|-|-|-|-|-|-|-|-|rsmod:fever_rapier_mallard:attack:stance2|-|-|-|-|-|-|-|-|-|-|-|-|-|-|1|-|-|-|-|-|none|none|none|none|none|rsmod
item|7142|stab|386|-|-|-|-|-|-|-|-|-|-|-|-|-|-|rsmod:fever_rapier_mallard:attack:stance4|-|-|-|-|-|-|-|-|-|-|-|-|-|-|3|-|-|-|-|-|none|none|none|none|none|rsmod
item|7158|crush|406|-|-|-|-|-|-|-|-|-|-|-|-|-|-|rsmod:dragon_2h_sword:attack:stance3|-|-|-|-|-|-|-|-|-|-|-|-|-|-|2|-|-|-|-|-|none|none|none|none|none|rsmod
item|7158|slash|407|-|-|-|-|-|-|-|-|-|-|-|-|-|-|rsmod:dragon_2h_sword:attack:stance1|-|-|-|-|-|-|-|-|-|-|-|-|-|-|0|-|-|-|-|-|none|none|none|none|none|rsmod
item|7158|slash|407|-|-|-|-|-|-|-|-|-|-|-|-|-|-|rsmod:dragon_2h_sword:attack:stance2|-|-|-|-|-|-|-|-|-|-|-|-|-|-|1|-|-|-|-|-|none|none|none|none|none|rsmod
item|7158|slash|407|-|-|-|-|-|-|-|-|-|-|-|-|-|-|rsmod:dragon_2h_sword:attack:stance4|-|-|-|-|-|-|-|-|-|-|-|-|-|-|3|-|-|-|-|-|none|none|none|none|none|rsmod
item|7170|ranged|2779|-|-|-|-|-|2|2|163|146|32|15|0|11|5|rsmod:mud_pie:attack:stance1|-|-|-|-|-|-|-|-|-|-|-|-|-|-|0|-|-|-|-|-|none|none|none|none|none|rsmod
item|7170|ranged|2779|-|-|-|-|-|2|2|163|146|32|15|0|11|5|rsmod:mud_pie:attack:stance2|-|-|-|-|-|-|-|-|-|-|-|-|-|-|1|-|-|-|-|-|none|none|none|none|none|rsmod
item|7170|ranged|2779|-|-|-|-|-|2|2|163|146|32|15|0|11|5|rsmod:mud_pie:attack:stance4|-|-|-|-|-|-|-|-|-|-|-|-|-|-|3|-|-|-|-|-|none|none|none|none|none|rsmod
item|7409|slash|390|-|-|-|-|-|-|-|-|-|-|-|-|-|-|rsmod:fairy_enchanted_secateurs:attack:stance3|-|-|-|-|-|-|-|-|-|-|-|-|-|-|2|-|-|-|-|-|none|none|none|none|none|rsmod
item|7409|stab|386|-|-|-|-|-|-|-|-|-|-|-|-|-|-|rsmod:fairy_enchanted_secateurs:attack:stance1|-|-|-|-|-|-|-|-|-|-|-|-|-|-|0|-|-|-|-|-|none|none|none|none|none|rsmod
item|7409|stab|386|-|-|-|-|-|-|-|-|-|-|-|-|-|-|rsmod:fairy_enchanted_secateurs:attack:stance2|-|-|-|-|-|-|-|-|-|-|-|-|-|-|1|-|-|-|-|-|none|none|none|none|none|rsmod
item|7409|stab|386|-|-|-|-|-|-|-|-|-|-|-|-|-|-|rsmod:fairy_enchanted_secateurs:attack:stance4|-|-|-|-|-|-|-|-|-|-|-|-|-|-|3|-|-|-|-|-|none|none|none|none|none|rsmod
item|7433|slash|390|-|-|-|-|-|-|-|-|-|-|-|-|-|-|rsmod:hundred_spoon:attack:stance1|-|-|-|-|-|-|-|-|-|-|-|-|-|-|0|-|-|-|-|-|none|none|none|none|none|rsmod
item|7433|slash|390|-|-|-|-|-|-|-|-|-|-|-|-|-|-|rsmod:hundred_spoon:attack:stance2|-|-|-|-|-|-|-|-|-|-|-|-|-|-|1|-|-|-|-|-|none|none|none|none|none|rsmod
item|7433|slash|390|-|-|-|-|-|-|-|-|-|-|-|-|-|-|rsmod:hundred_spoon:attack:stance4|-|-|-|-|-|-|-|-|-|-|-|-|-|-|3|-|-|-|-|-|none|none|none|none|none|rsmod
item|7433|stab|386|-|-|-|-|-|-|-|-|-|-|-|-|-|-|rsmod:hundred_spoon:attack:stance3|-|-|-|-|-|-|-|-|-|-|-|-|-|-|2|-|-|-|-|-|none|none|none|none|none|rsmod
item|7435|slash|390|-|-|-|-|-|-|-|-|-|-|-|-|-|-|rsmod:hundred_whisk:attack:stance3|-|-|-|-|-|-|-|-|-|-|-|-|-|-|2|-|-|-|-|-|none|none|none|none|none|rsmod
item|7435|stab|386|-|-|-|-|-|-|-|-|-|-|-|-|-|-|rsmod:hundred_whisk:attack:stance1|-|-|-|-|-|-|-|-|-|-|-|-|-|-|0|-|-|-|-|-|none|none|none|none|none|rsmod
item|7435|stab|386|-|-|-|-|-|-|-|-|-|-|-|-|-|-|rsmod:hundred_whisk:attack:stance2|-|-|-|-|-|-|-|-|-|-|-|-|-|-|1|-|-|-|-|-|none|none|none|none|none|rsmod
item|7435|stab|386|-|-|-|-|-|-|-|-|-|-|-|-|-|-|rsmod:hundred_whisk:attack:stance4|-|-|-|-|-|-|-|-|-|-|-|-|-|-|3|-|-|-|-|-|none|none|none|none|none|rsmod
item|7437|slash|390|-|-|-|-|-|-|-|-|-|-|-|-|-|-|rsmod:hundred_spork:attack:stance3|-|-|-|-|-|-|-|-|-|-|-|-|-|-|2|-|-|-|-|-|none|none|none|none|none|rsmod
item|7437|stab|386|-|-|-|-|-|-|-|-|-|-|-|-|-|-|rsmod:hundred_spork:attack:stance1|-|-|-|-|-|-|-|-|-|-|-|-|-|-|0|-|-|-|-|-|none|none|none|none|none|rsmod
item|7437|stab|386|-|-|-|-|-|-|-|-|-|-|-|-|-|-|rsmod:hundred_spork:attack:stance2|-|-|-|-|-|-|-|-|-|-|-|-|-|-|1|-|-|-|-|-|none|none|none|none|none|rsmod
item|7437|stab|386|-|-|-|-|-|-|-|-|-|-|-|-|-|-|rsmod:hundred_spork:attack:stance4|-|-|-|-|-|-|-|-|-|-|-|-|-|-|3|-|-|-|-|-|none|none|none|none|none|rsmod
item|7439|crush|406|-|-|-|-|-|-|-|-|-|-|-|-|-|-|rsmod:hundred_spatula:attack:stance3|-|-|-|-|-|-|-|-|-|-|-|-|-|-|2|-|-|-|-|-|none|none|none|none|none|rsmod
item|7439|slash|407|-|-|-|-|-|-|-|-|-|-|-|-|-|-|rsmod:hundred_spatula:attack:stance1|-|-|-|-|-|-|-|-|-|-|-|-|-|-|0|-|-|-|-|-|none|none|none|none|none|rsmod
item|7439|slash|407|-|-|-|-|-|-|-|-|-|-|-|-|-|-|rsmod:hundred_spatula:attack:stance2|-|-|-|-|-|-|-|-|-|-|-|-|-|-|1|-|-|-|-|-|none|none|none|none|none|rsmod
item|7439|slash|407|-|-|-|-|-|-|-|-|-|-|-|-|-|-|rsmod:hundred_spatula:attack:stance4|-|-|-|-|-|-|-|-|-|-|-|-|-|-|3|-|-|-|-|-|none|none|none|none|none|rsmod
item|7441|crush|401|-|-|-|-|-|-|-|-|-|-|-|-|-|-|rsmod:hundred_frying_pan:attack:stance1|-|-|-|-|-|-|-|-|-|-|-|-|-|-|0|-|-|-|-|-|none|none|none|none|none|rsmod
item|7441|crush|401|-|-|-|-|-|-|-|-|-|-|-|-|-|-|rsmod:hundred_frying_pan:attack:stance2|-|-|-|-|-|-|-|-|-|-|-|-|-|-|1|-|-|-|-|-|none|none|none|none|none|rsmod
item|7441|crush|401|-|-|-|-|-|-|-|-|-|-|-|-|-|-|rsmod:hundred_frying_pan:attack:stance4|-|-|-|-|-|-|-|-|-|-|-|-|-|-|3|-|-|-|-|-|none|none|none|none|none|rsmod
item|7443|slash|390|-|-|-|-|-|-|-|-|-|-|-|-|-|-|rsmod:hundred_skewer:attack:stance1|-|-|-|-|-|-|-|-|-|-|-|-|-|-|0|-|-|-|-|-|none|none|none|none|none|rsmod
item|7443|slash|390|-|-|-|-|-|-|-|-|-|-|-|-|-|-|rsmod:hundred_skewer:attack:stance2|-|-|-|-|-|-|-|-|-|-|-|-|-|-|1|-|-|-|-|-|none|none|none|none|none|rsmod
item|7443|slash|390|-|-|-|-|-|-|-|-|-|-|-|-|-|-|rsmod:hundred_skewer:attack:stance4|-|-|-|-|-|-|-|-|-|-|-|-|-|-|3|-|-|-|-|-|none|none|none|none|none|rsmod
item|7443|stab|386|-|-|-|-|-|-|-|-|-|-|-|-|-|-|rsmod:hundred_skewer:attack:stance3|-|-|-|-|-|-|-|-|-|-|-|-|-|-|2|-|-|-|-|-|none|none|none|none|none|rsmod
item|7445|crush|401|-|-|-|-|-|-|-|-|-|-|-|-|-|-|rsmod:hundred_rollingpin:attack:stance1|-|-|-|-|-|-|-|-|-|-|-|-|-|-|0|-|-|-|-|-|none|none|none|none|none|rsmod
item|7445|crush|401|-|-|-|-|-|-|-|-|-|-|-|-|-|-|rsmod:hundred_rollingpin:attack:stance2|-|-|-|-|-|-|-|-|-|-|-|-|-|-|1|-|-|-|-|-|none|none|none|none|none|rsmod
item|7445|crush|401|-|-|-|-|-|-|-|-|-|-|-|-|-|-|rsmod:hundred_rollingpin:attack:stance4|-|-|-|-|-|-|-|-|-|-|-|-|-|-|3|-|-|-|-|-|none|none|none|none|none|rsmod
item|7447|slash|390|-|-|-|-|-|-|-|-|-|-|-|-|-|-|rsmod:hundred_knife:attack:stance3|-|-|-|-|-|-|-|-|-|-|-|-|-|-|2|-|-|-|-|-|none|none|none|none|none|rsmod
item|7447|stab|386|-|-|-|-|-|-|-|-|-|-|-|-|-|-|rsmod:hundred_knife:attack:stance1|-|-|-|-|-|-|-|-|-|-|-|-|-|-|0|-|-|-|-|-|none|none|none|none|none|rsmod
item|7447|stab|386|-|-|-|-|-|-|-|-|-|-|-|-|-|-|rsmod:hundred_knife:attack:stance2|-|-|-|-|-|-|-|-|-|-|-|-|-|-|1|-|-|-|-|-|none|none|none|none|none|rsmod
item|7447|stab|386|-|-|-|-|-|-|-|-|-|-|-|-|-|-|rsmod:hundred_knife:attack:stance4|-|-|-|-|-|-|-|-|-|-|-|-|-|-|3|-|-|-|-|-|none|none|none|none|none|rsmod
item|7449|crush|401|-|-|-|-|-|-|-|-|-|-|-|-|-|-|rsmod:hundred_hammer:attack:stance1|-|-|-|-|-|-|-|-|-|-|-|-|-|-|0|-|-|-|-|-|none|none|none|none|none|rsmod
item|7449|crush|401|-|-|-|-|-|-|-|-|-|-|-|-|-|-|rsmod:hundred_hammer:attack:stance2|-|-|-|-|-|-|-|-|-|-|-|-|-|-|1|-|-|-|-|-|none|none|none|none|none|rsmod
item|7449|crush|401|-|-|-|-|-|-|-|-|-|-|-|-|-|-|rsmod:hundred_hammer:attack:stance4|-|-|-|-|-|-|-|-|-|-|-|-|-|-|3|-|-|-|-|-|none|none|none|none|none|rsmod
item|7451|slash|390|-|-|-|-|-|-|-|-|-|-|-|-|-|-|rsmod:hundred_cleaver:attack:stance1|-|-|-|-|-|-|-|-|-|-|-|-|-|-|0|-|-|-|-|-|none|none|none|none|none|rsmod
item|7451|slash|390|-|-|-|-|-|-|-|-|-|-|-|-|-|-|rsmod:hundred_cleaver:attack:stance2|-|-|-|-|-|-|-|-|-|-|-|-|-|-|1|-|-|-|-|-|none|none|none|none|none|rsmod
item|7451|slash|390|-|-|-|-|-|-|-|-|-|-|-|-|-|-|rsmod:hundred_cleaver:attack:stance4|-|-|-|-|-|-|-|-|-|-|-|-|-|-|3|-|-|-|-|-|none|none|none|none|none|rsmod
item|7451|stab|386|-|-|-|-|-|-|-|-|-|-|-|-|-|-|rsmod:hundred_cleaver:attack:stance3|-|-|-|-|-|-|-|-|-|-|-|-|-|-|2|-|-|-|-|-|none|none|none|none|none|rsmod
item|7639|crush|414|-|-|-|-|-|-|-|-|-|-|-|-|-|-|rsmod:burgh_rod_command_final_10:attack:stance1|-|-|-|-|-|-|-|-|-|-|-|-|-|-|0|-|-|-|-|-|none|none|none|none|none|rsmod
item|7639|crush|414|-|-|-|-|-|-|-|-|-|-|-|-|-|-|rsmod:burgh_rod_command_final_10:attack:stance2|-|-|-|-|-|-|-|-|-|-|-|-|-|-|1|-|-|-|-|-|none|none|none|none|none|rsmod
item|7639|crush|414|-|-|-|-|-|-|-|-|-|-|-|-|-|-|rsmod:burgh_rod_command_final_10:attack:stance4|-|-|-|-|-|-|-|-|-|-|-|-|-|-|3|-|-|-|-|-|none|none|none|none|none|rsmod
item|7640|crush|414|-|-|-|-|-|-|-|-|-|-|-|-|-|-|rsmod:burgh_rod_command_final_9:attack:stance1|-|-|-|-|-|-|-|-|-|-|-|-|-|-|0|-|-|-|-|-|none|none|none|none|none|rsmod
item|7640|crush|414|-|-|-|-|-|-|-|-|-|-|-|-|-|-|rsmod:burgh_rod_command_final_9:attack:stance2|-|-|-|-|-|-|-|-|-|-|-|-|-|-|1|-|-|-|-|-|none|none|none|none|none|rsmod
item|7640|crush|414|-|-|-|-|-|-|-|-|-|-|-|-|-|-|rsmod:burgh_rod_command_final_9:attack:stance4|-|-|-|-|-|-|-|-|-|-|-|-|-|-|3|-|-|-|-|-|none|none|none|none|none|rsmod
item|7641|crush|414|-|-|-|-|-|-|-|-|-|-|-|-|-|-|rsmod:burgh_rod_command_final_8:attack:stance1|-|-|-|-|-|-|-|-|-|-|-|-|-|-|0|-|-|-|-|-|none|none|none|none|none|rsmod
item|7641|crush|414|-|-|-|-|-|-|-|-|-|-|-|-|-|-|rsmod:burgh_rod_command_final_8:attack:stance2|-|-|-|-|-|-|-|-|-|-|-|-|-|-|1|-|-|-|-|-|none|none|none|none|none|rsmod
item|7641|crush|414|-|-|-|-|-|-|-|-|-|-|-|-|-|-|rsmod:burgh_rod_command_final_8:attack:stance4|-|-|-|-|-|-|-|-|-|-|-|-|-|-|3|-|-|-|-|-|none|none|none|none|none|rsmod
item|7642|crush|414|-|-|-|-|-|-|-|-|-|-|-|-|-|-|rsmod:burgh_rod_command_final_7:attack:stance1|-|-|-|-|-|-|-|-|-|-|-|-|-|-|0|-|-|-|-|-|none|none|none|none|none|rsmod
item|7642|crush|414|-|-|-|-|-|-|-|-|-|-|-|-|-|-|rsmod:burgh_rod_command_final_7:attack:stance2|-|-|-|-|-|-|-|-|-|-|-|-|-|-|1|-|-|-|-|-|none|none|none|none|none|rsmod
item|7642|crush|414|-|-|-|-|-|-|-|-|-|-|-|-|-|-|rsmod:burgh_rod_command_final_7:attack:stance4|-|-|-|-|-|-|-|-|-|-|-|-|-|-|3|-|-|-|-|-|none|none|none|none|none|rsmod
item|7643|crush|414|-|-|-|-|-|-|-|-|-|-|-|-|-|-|rsmod:burgh_rod_command_final_6:attack:stance1|-|-|-|-|-|-|-|-|-|-|-|-|-|-|0|-|-|-|-|-|none|none|none|none|none|rsmod
item|7643|crush|414|-|-|-|-|-|-|-|-|-|-|-|-|-|-|rsmod:burgh_rod_command_final_6:attack:stance2|-|-|-|-|-|-|-|-|-|-|-|-|-|-|1|-|-|-|-|-|none|none|none|none|none|rsmod
item|7643|crush|414|-|-|-|-|-|-|-|-|-|-|-|-|-|-|rsmod:burgh_rod_command_final_6:attack:stance4|-|-|-|-|-|-|-|-|-|-|-|-|-|-|3|-|-|-|-|-|none|none|none|none|none|rsmod
item|7644|crush|414|-|-|-|-|-|-|-|-|-|-|-|-|-|-|rsmod:burgh_rod_command_final_5:attack:stance1|-|-|-|-|-|-|-|-|-|-|-|-|-|-|0|-|-|-|-|-|none|none|none|none|none|rsmod
item|7644|crush|414|-|-|-|-|-|-|-|-|-|-|-|-|-|-|rsmod:burgh_rod_command_final_5:attack:stance2|-|-|-|-|-|-|-|-|-|-|-|-|-|-|1|-|-|-|-|-|none|none|none|none|none|rsmod
item|7644|crush|414|-|-|-|-|-|-|-|-|-|-|-|-|-|-|rsmod:burgh_rod_command_final_5:attack:stance4|-|-|-|-|-|-|-|-|-|-|-|-|-|-|3|-|-|-|-|-|none|none|none|none|none|rsmod
item|7645|crush|414|-|-|-|-|-|-|-|-|-|-|-|-|-|-|rsmod:burgh_rod_command_final_4:attack:stance1|-|-|-|-|-|-|-|-|-|-|-|-|-|-|0|-|-|-|-|-|none|none|none|none|none|rsmod
item|7645|crush|414|-|-|-|-|-|-|-|-|-|-|-|-|-|-|rsmod:burgh_rod_command_final_4:attack:stance2|-|-|-|-|-|-|-|-|-|-|-|-|-|-|1|-|-|-|-|-|none|none|none|none|none|rsmod
item|7645|crush|414|-|-|-|-|-|-|-|-|-|-|-|-|-|-|rsmod:burgh_rod_command_final_4:attack:stance4|-|-|-|-|-|-|-|-|-|-|-|-|-|-|3|-|-|-|-|-|none|none|none|none|none|rsmod
item|7646|crush|414|-|-|-|-|-|-|-|-|-|-|-|-|-|-|rsmod:burgh_rod_command_final_3:attack:stance1|-|-|-|-|-|-|-|-|-|-|-|-|-|-|0|-|-|-|-|-|none|none|none|none|none|rsmod
item|7646|crush|414|-|-|-|-|-|-|-|-|-|-|-|-|-|-|rsmod:burgh_rod_command_final_3:attack:stance2|-|-|-|-|-|-|-|-|-|-|-|-|-|-|1|-|-|-|-|-|none|none|none|none|none|rsmod
item|7646|crush|414|-|-|-|-|-|-|-|-|-|-|-|-|-|-|rsmod:burgh_rod_command_final_3:attack:stance4|-|-|-|-|-|-|-|-|-|-|-|-|-|-|3|-|-|-|-|-|none|none|none|none|none|rsmod
item|7647|crush|414|-|-|-|-|-|-|-|-|-|-|-|-|-|-|rsmod:burgh_rod_command_final_2:attack:stance1|-|-|-|-|-|-|-|-|-|-|-|-|-|-|0|-|-|-|-|-|none|none|none|none|none|rsmod
item|7647|crush|414|-|-|-|-|-|-|-|-|-|-|-|-|-|-|rsmod:burgh_rod_command_final_2:attack:stance2|-|-|-|-|-|-|-|-|-|-|-|-|-|-|1|-|-|-|-|-|none|none|none|none|none|rsmod
item|7647|crush|414|-|-|-|-|-|-|-|-|-|-|-|-|-|-|rsmod:burgh_rod_command_final_2:attack:stance4|-|-|-|-|-|-|-|-|-|-|-|-|-|-|3|-|-|-|-|-|none|none|none|none|none|rsmod
item|7648|crush|414|-|-|-|-|-|-|-|-|-|-|-|-|-|-|rsmod:burgh_rod_command_final_1:attack:stance1|-|-|-|-|-|-|-|-|-|-|-|-|-|-|0|-|-|-|-|-|none|none|none|none|none|rsmod
item|7648|crush|414|-|-|-|-|-|-|-|-|-|-|-|-|-|-|rsmod:burgh_rod_command_final_1:attack:stance2|-|-|-|-|-|-|-|-|-|-|-|-|-|-|1|-|-|-|-|-|none|none|none|none|none|rsmod
item|7648|crush|414|-|-|-|-|-|-|-|-|-|-|-|-|-|-|rsmod:burgh_rod_command_final_1:attack:stance4|-|-|-|-|-|-|-|-|-|-|-|-|-|-|3|-|-|-|-|-|none|none|none|none|none|rsmod
item|7668|crush|1665|-|-|-|-|-|-|-|-|-|-|-|-|-|-|rsmod:gadderanks_warhammer:attack:stance1|-|-|-|-|-|-|-|-|-|-|-|-|-|-|0|-|-|-|-|-|none|none|none|none|none|rsmod
item|7668|crush|1665|-|-|-|-|-|-|-|-|-|-|-|-|-|-|rsmod:gadderanks_warhammer:attack:stance2|-|-|-|-|-|-|-|-|-|-|-|-|-|-|1|-|-|-|-|-|none|none|none|none|none|rsmod
item|7668|crush|1665|-|-|-|-|-|-|-|-|-|-|-|-|-|-|rsmod:gadderanks_warhammer:attack:stance4|-|-|-|-|-|-|-|-|-|-|-|-|-|-|3|-|-|-|-|-|none|none|none|none|none|rsmod
item|7675|slash|390|-|-|-|-|-|-|-|-|-|-|-|-|-|-|rsmod:poh_wooden_sword:attack:stance3|-|-|-|-|-|-|-|-|-|-|-|-|-|-|2|-|-|-|-|-|none|none|none|none|none|rsmod
item|7675|stab|386|-|-|-|-|-|-|-|-|-|-|-|-|-|-|rsmod:poh_wooden_sword:attack:stance1|-|-|-|-|-|-|-|-|-|-|-|-|-|-|0|-|-|-|-|-|none|none|none|none|none|rsmod
item|7675|stab|386|-|-|-|-|-|-|-|-|-|-|-|-|-|-|rsmod:poh_wooden_sword:attack:stance2|-|-|-|-|-|-|-|-|-|-|-|-|-|-|1|-|-|-|-|-|none|none|none|none|none|rsmod
item|7675|stab|386|-|-|-|-|-|-|-|-|-|-|-|-|-|-|rsmod:poh_wooden_sword:attack:stance4|-|-|-|-|-|-|-|-|-|-|-|-|-|-|3|-|-|-|-|-|none|none|none|none|none|rsmod
item|8650|crush|1428|-|-|-|-|-|-|-|-|-|-|-|-|-|-|rsmod:poh_banner_arrav:attack:stance3|-|-|-|-|-|-|-|-|-|-|-|-|-|-|2|-|-|-|-|-|none|none|none|none|none|rsmod
item|8650|slash|1428|-|-|-|-|-|-|-|-|-|-|-|-|-|-|rsmod:poh_banner_arrav:attack:stance1|-|-|-|-|-|-|-|-|-|-|-|-|-|-|0|-|-|-|-|-|none|none|none|none|none|rsmod
item|8650|slash|1428|-|-|-|-|-|-|-|-|-|-|-|-|-|-|rsmod:poh_banner_arrav:attack:stance2|-|-|-|-|-|-|-|-|-|-|-|-|-|-|1|-|-|-|-|-|none|none|none|none|none|rsmod
item|8650|slash|1428|-|-|-|-|-|-|-|-|-|-|-|-|-|-|rsmod:poh_banner_arrav:attack:stance4|-|-|-|-|-|-|-|-|-|-|-|-|-|-|3|-|-|-|-|-|none|none|none|none|none|rsmod
item|8652|crush|1428|-|-|-|-|-|-|-|-|-|-|-|-|-|-|rsmod:poh_banner_asgarnia:attack:stance3|-|-|-|-|-|-|-|-|-|-|-|-|-|-|2|-|-|-|-|-|none|none|none|none|none|rsmod
item|8652|slash|1428|-|-|-|-|-|-|-|-|-|-|-|-|-|-|rsmod:poh_banner_asgarnia:attack:stance1|-|-|-|-|-|-|-|-|-|-|-|-|-|-|0|-|-|-|-|-|none|none|none|none|none|rsmod
item|8652|slash|1428|-|-|-|-|-|-|-|-|-|-|-|-|-|-|rsmod:poh_banner_asgarnia:attack:stance2|-|-|-|-|-|-|-|-|-|-|-|-|-|-|1|-|-|-|-|-|none|none|none|none|none|rsmod
item|8652|slash|1428|-|-|-|-|-|-|-|-|-|-|-|-|-|-|rsmod:poh_banner_asgarnia:attack:stance4|-|-|-|-|-|-|-|-|-|-|-|-|-|-|3|-|-|-|-|-|none|none|none|none|none|rsmod
item|8654|crush|1428|-|-|-|-|-|-|-|-|-|-|-|-|-|-|rsmod:poh_banner_dorgeshuun:attack:stance3|-|-|-|-|-|-|-|-|-|-|-|-|-|-|2|-|-|-|-|-|none|none|none|none|none|rsmod
item|8654|slash|1428|-|-|-|-|-|-|-|-|-|-|-|-|-|-|rsmod:poh_banner_dorgeshuun:attack:stance1|-|-|-|-|-|-|-|-|-|-|-|-|-|-|0|-|-|-|-|-|none|none|none|none|none|rsmod
item|8654|slash|1428|-|-|-|-|-|-|-|-|-|-|-|-|-|-|rsmod:poh_banner_dorgeshuun:attack:stance2|-|-|-|-|-|-|-|-|-|-|-|-|-|-|1|-|-|-|-|-|none|none|none|none|none|rsmod
item|8654|slash|1428|-|-|-|-|-|-|-|-|-|-|-|-|-|-|rsmod:poh_banner_dorgeshuun:attack:stance4|-|-|-|-|-|-|-|-|-|-|-|-|-|-|3|-|-|-|-|-|none|none|none|none|none|rsmod
item|8656|crush|1428|-|-|-|-|-|-|-|-|-|-|-|-|-|-|rsmod:poh_banner_dragon:attack:stance3|-|-|-|-|-|-|-|-|-|-|-|-|-|-|2|-|-|-|-|-|none|none|none|none|none|rsmod
item|8656|slash|1428|-|-|-|-|-|-|-|-|-|-|-|-|-|-|rsmod:poh_banner_dragon:attack:stance1|-|-|-|-|-|-|-|-|-|-|-|-|-|-|0|-|-|-|-|-|none|none|none|none|none|rsmod
item|8656|slash|1428|-|-|-|-|-|-|-|-|-|-|-|-|-|-|rsmod:poh_banner_dragon:attack:stance2|-|-|-|-|-|-|-|-|-|-|-|-|-|-|1|-|-|-|-|-|none|none|none|none|none|rsmod
item|8656|slash|1428|-|-|-|-|-|-|-|-|-|-|-|-|-|-|rsmod:poh_banner_dragon:attack:stance4|-|-|-|-|-|-|-|-|-|-|-|-|-|-|3|-|-|-|-|-|none|none|none|none|none|rsmod
item|8658|crush|1428|-|-|-|-|-|-|-|-|-|-|-|-|-|-|rsmod:poh_banner_fairy:attack:stance3|-|-|-|-|-|-|-|-|-|-|-|-|-|-|2|-|-|-|-|-|none|none|none|none|none|rsmod
item|8658|slash|1428|-|-|-|-|-|-|-|-|-|-|-|-|-|-|rsmod:poh_banner_fairy:attack:stance1|-|-|-|-|-|-|-|-|-|-|-|-|-|-|0|-|-|-|-|-|none|none|none|none|none|rsmod
item|8658|slash|1428|-|-|-|-|-|-|-|-|-|-|-|-|-|-|rsmod:poh_banner_fairy:attack:stance2|-|-|-|-|-|-|-|-|-|-|-|-|-|-|1|-|-|-|-|-|none|none|none|none|none|rsmod
item|8658|slash|1428|-|-|-|-|-|-|-|-|-|-|-|-|-|-|rsmod:poh_banner_fairy:attack:stance4|-|-|-|-|-|-|-|-|-|-|-|-|-|-|3|-|-|-|-|-|none|none|none|none|none|rsmod
item|8660|crush|1428|-|-|-|-|-|-|-|-|-|-|-|-|-|-|rsmod:poh_banner_guthix:attack:stance3|-|-|-|-|-|-|-|-|-|-|-|-|-|-|2|-|-|-|-|-|none|none|none|none|none|rsmod
item|8660|slash|1428|-|-|-|-|-|-|-|-|-|-|-|-|-|-|rsmod:poh_banner_guthix:attack:stance1|-|-|-|-|-|-|-|-|-|-|-|-|-|-|0|-|-|-|-|-|none|none|none|none|none|rsmod
item|8660|slash|1428|-|-|-|-|-|-|-|-|-|-|-|-|-|-|rsmod:poh_banner_guthix:attack:stance2|-|-|-|-|-|-|-|-|-|-|-|-|-|-|1|-|-|-|-|-|none|none|none|none|none|rsmod
item|8660|slash|1428|-|-|-|-|-|-|-|-|-|-|-|-|-|-|rsmod:poh_banner_guthix:attack:stance4|-|-|-|-|-|-|-|-|-|-|-|-|-|-|3|-|-|-|-|-|none|none|none|none|none|rsmod
item|8662|crush|1428|-|-|-|-|-|-|-|-|-|-|-|-|-|-|rsmod:poh_banner_ham:attack:stance3|-|-|-|-|-|-|-|-|-|-|-|-|-|-|2|-|-|-|-|-|none|none|none|none|none|rsmod
item|8662|slash|1428|-|-|-|-|-|-|-|-|-|-|-|-|-|-|rsmod:poh_banner_ham:attack:stance1|-|-|-|-|-|-|-|-|-|-|-|-|-|-|0|-|-|-|-|-|none|none|none|none|none|rsmod
item|8662|slash|1428|-|-|-|-|-|-|-|-|-|-|-|-|-|-|rsmod:poh_banner_ham:attack:stance2|-|-|-|-|-|-|-|-|-|-|-|-|-|-|1|-|-|-|-|-|none|none|none|none|none|rsmod
item|8662|slash|1428|-|-|-|-|-|-|-|-|-|-|-|-|-|-|rsmod:poh_banner_ham:attack:stance4|-|-|-|-|-|-|-|-|-|-|-|-|-|-|3|-|-|-|-|-|none|none|none|none|none|rsmod
item|8664|crush|1428|-|-|-|-|-|-|-|-|-|-|-|-|-|-|rsmod:poh_banner_horse:attack:stance3|-|-|-|-|-|-|-|-|-|-|-|-|-|-|2|-|-|-|-|-|none|none|none|none|none|rsmod
item|8664|slash|1428|-|-|-|-|-|-|-|-|-|-|-|-|-|-|rsmod:poh_banner_horse:attack:stance1|-|-|-|-|-|-|-|-|-|-|-|-|-|-|0|-|-|-|-|-|none|none|none|none|none|rsmod
item|8664|slash|1428|-|-|-|-|-|-|-|-|-|-|-|-|-|-|rsmod:poh_banner_horse:attack:stance2|-|-|-|-|-|-|-|-|-|-|-|-|-|-|1|-|-|-|-|-|none|none|none|none|none|rsmod
item|8664|slash|1428|-|-|-|-|-|-|-|-|-|-|-|-|-|-|rsmod:poh_banner_horse:attack:stance4|-|-|-|-|-|-|-|-|-|-|-|-|-|-|3|-|-|-|-|-|none|none|none|none|none|rsmod
item|8666|crush|1428|-|-|-|-|-|-|-|-|-|-|-|-|-|-|rsmod:poh_banner_jogre:attack:stance3|-|-|-|-|-|-|-|-|-|-|-|-|-|-|2|-|-|-|-|-|none|none|none|none|none|rsmod
item|8666|slash|1428|-|-|-|-|-|-|-|-|-|-|-|-|-|-|rsmod:poh_banner_jogre:attack:stance1|-|-|-|-|-|-|-|-|-|-|-|-|-|-|0|-|-|-|-|-|none|none|none|none|none|rsmod
item|8666|slash|1428|-|-|-|-|-|-|-|-|-|-|-|-|-|-|rsmod:poh_banner_jogre:attack:stance2|-|-|-|-|-|-|-|-|-|-|-|-|-|-|1|-|-|-|-|-|none|none|none|none|none|rsmod
item|8666|slash|1428|-|-|-|-|-|-|-|-|-|-|-|-|-|-|rsmod:poh_banner_jogre:attack:stance4|-|-|-|-|-|-|-|-|-|-|-|-|-|-|3|-|-|-|-|-|none|none|none|none|none|rsmod
item|8668|crush|1428|-|-|-|-|-|-|-|-|-|-|-|-|-|-|rsmod:poh_banner_kandarin:attack:stance3|-|-|-|-|-|-|-|-|-|-|-|-|-|-|2|-|-|-|-|-|none|none|none|none|none|rsmod
item|8668|slash|1428|-|-|-|-|-|-|-|-|-|-|-|-|-|-|rsmod:poh_banner_kandarin:attack:stance1|-|-|-|-|-|-|-|-|-|-|-|-|-|-|0|-|-|-|-|-|none|none|none|none|none|rsmod
item|8668|slash|1428|-|-|-|-|-|-|-|-|-|-|-|-|-|-|rsmod:poh_banner_kandarin:attack:stance2|-|-|-|-|-|-|-|-|-|-|-|-|-|-|1|-|-|-|-|-|none|none|none|none|none|rsmod
item|8668|slash|1428|-|-|-|-|-|-|-|-|-|-|-|-|-|-|rsmod:poh_banner_kandarin:attack:stance4|-|-|-|-|-|-|-|-|-|-|-|-|-|-|3|-|-|-|-|-|none|none|none|none|none|rsmod
item|8670|crush|1428|-|-|-|-|-|-|-|-|-|-|-|-|-|-|rsmod:poh_banner_misthalin:attack:stance3|-|-|-|-|-|-|-|-|-|-|-|-|-|-|2|-|-|-|-|-|none|none|none|none|none|rsmod
item|8670|slash|1428|-|-|-|-|-|-|-|-|-|-|-|-|-|-|rsmod:poh_banner_misthalin:attack:stance1|-|-|-|-|-|-|-|-|-|-|-|-|-|-|0|-|-|-|-|-|none|none|none|none|none|rsmod
item|8670|slash|1428|-|-|-|-|-|-|-|-|-|-|-|-|-|-|rsmod:poh_banner_misthalin:attack:stance2|-|-|-|-|-|-|-|-|-|-|-|-|-|-|1|-|-|-|-|-|none|none|none|none|none|rsmod
item|8670|slash|1428|-|-|-|-|-|-|-|-|-|-|-|-|-|-|rsmod:poh_banner_misthalin:attack:stance4|-|-|-|-|-|-|-|-|-|-|-|-|-|-|3|-|-|-|-|-|none|none|none|none|none|rsmod
item|8672|crush|1428|-|-|-|-|-|-|-|-|-|-|-|-|-|-|rsmod:poh_banner_money:attack:stance3|-|-|-|-|-|-|-|-|-|-|-|-|-|-|2|-|-|-|-|-|none|none|none|none|none|rsmod
item|8672|slash|1428|-|-|-|-|-|-|-|-|-|-|-|-|-|-|rsmod:poh_banner_money:attack:stance1|-|-|-|-|-|-|-|-|-|-|-|-|-|-|0|-|-|-|-|-|none|none|none|none|none|rsmod
item|8672|slash|1428|-|-|-|-|-|-|-|-|-|-|-|-|-|-|rsmod:poh_banner_money:attack:stance2|-|-|-|-|-|-|-|-|-|-|-|-|-|-|1|-|-|-|-|-|none|none|none|none|none|rsmod
item|8672|slash|1428|-|-|-|-|-|-|-|-|-|-|-|-|-|-|rsmod:poh_banner_money:attack:stance4|-|-|-|-|-|-|-|-|-|-|-|-|-|-|3|-|-|-|-|-|none|none|none|none|none|rsmod
item|8674|crush|1428|-|-|-|-|-|-|-|-|-|-|-|-|-|-|rsmod:poh_banner_saradomin:attack:stance3|-|-|-|-|-|-|-|-|-|-|-|-|-|-|2|-|-|-|-|-|none|none|none|none|none|rsmod
item|8674|slash|1428|-|-|-|-|-|-|-|-|-|-|-|-|-|-|rsmod:poh_banner_saradomin:attack:stance1|-|-|-|-|-|-|-|-|-|-|-|-|-|-|0|-|-|-|-|-|none|none|none|none|none|rsmod
item|8674|slash|1428|-|-|-|-|-|-|-|-|-|-|-|-|-|-|rsmod:poh_banner_saradomin:attack:stance2|-|-|-|-|-|-|-|-|-|-|-|-|-|-|1|-|-|-|-|-|none|none|none|none|none|rsmod
item|8674|slash|1428|-|-|-|-|-|-|-|-|-|-|-|-|-|-|rsmod:poh_banner_saradomin:attack:stance4|-|-|-|-|-|-|-|-|-|-|-|-|-|-|3|-|-|-|-|-|none|none|none|none|none|rsmod
item|8676|crush|1428|-|-|-|-|-|-|-|-|-|-|-|-|-|-|rsmod:poh_banner_skull:attack:stance3|-|-|-|-|-|-|-|-|-|-|-|-|-|-|2|-|-|-|-|-|none|none|none|none|none|rsmod
item|8676|slash|1428|-|-|-|-|-|-|-|-|-|-|-|-|-|-|rsmod:poh_banner_skull:attack:stance1|-|-|-|-|-|-|-|-|-|-|-|-|-|-|0|-|-|-|-|-|none|none|none|none|none|rsmod
item|8676|slash|1428|-|-|-|-|-|-|-|-|-|-|-|-|-|-|rsmod:poh_banner_skull:attack:stance2|-|-|-|-|-|-|-|-|-|-|-|-|-|-|1|-|-|-|-|-|none|none|none|none|none|rsmod
item|8676|slash|1428|-|-|-|-|-|-|-|-|-|-|-|-|-|-|rsmod:poh_banner_skull:attack:stance4|-|-|-|-|-|-|-|-|-|-|-|-|-|-|3|-|-|-|-|-|none|none|none|none|none|rsmod
item|8678|crush|1428|-|-|-|-|-|-|-|-|-|-|-|-|-|-|rsmod:poh_banner_varrock:attack:stance3|-|-|-|-|-|-|-|-|-|-|-|-|-|-|2|-|-|-|-|-|none|none|none|none|none|rsmod
item|8678|slash|1428|-|-|-|-|-|-|-|-|-|-|-|-|-|-|rsmod:poh_banner_varrock:attack:stance1|-|-|-|-|-|-|-|-|-|-|-|-|-|-|0|-|-|-|-|-|none|none|none|none|none|rsmod
item|8678|slash|1428|-|-|-|-|-|-|-|-|-|-|-|-|-|-|rsmod:poh_banner_varrock:attack:stance2|-|-|-|-|-|-|-|-|-|-|-|-|-|-|1|-|-|-|-|-|none|none|none|none|none|rsmod
item|8678|slash|1428|-|-|-|-|-|-|-|-|-|-|-|-|-|-|rsmod:poh_banner_varrock:attack:stance4|-|-|-|-|-|-|-|-|-|-|-|-|-|-|3|-|-|-|-|-|none|none|none|none|none|rsmod
item|8680|crush|1428|-|-|-|-|-|-|-|-|-|-|-|-|-|-|rsmod:poh_banner_zamorak:attack:stance3|-|-|-|-|-|-|-|-|-|-|-|-|-|-|2|-|-|-|-|-|none|none|none|none|none|rsmod
item|8680|slash|1428|-|-|-|-|-|-|-|-|-|-|-|-|-|-|rsmod:poh_banner_zamorak:attack:stance1|-|-|-|-|-|-|-|-|-|-|-|-|-|-|0|-|-|-|-|-|none|none|none|none|none|rsmod
item|8680|slash|1428|-|-|-|-|-|-|-|-|-|-|-|-|-|-|rsmod:poh_banner_zamorak:attack:stance2|-|-|-|-|-|-|-|-|-|-|-|-|-|-|1|-|-|-|-|-|none|none|none|none|none|rsmod
item|8680|slash|1428|-|-|-|-|-|-|-|-|-|-|-|-|-|-|rsmod:poh_banner_zamorak:attack:stance4|-|-|-|-|-|-|-|-|-|-|-|-|-|-|3|-|-|-|-|-|none|none|none|none|none|rsmod
item|8872|slash|390|-|-|-|-|-|-|-|-|-|-|-|-|-|-|rsmod:dttd_bone_dagger:attack:stance3|-|-|-|-|-|-|-|-|-|-|-|-|-|-|2|-|-|-|-|-|none|none|none|none|none|rsmod
item|8872|stab|386|-|-|-|-|-|-|-|-|-|-|-|-|-|-|rsmod:dttd_bone_dagger:attack:stance1|-|-|-|-|-|-|-|-|-|-|-|-|-|-|0|-|-|-|-|-|none|none|none|none|none|rsmod
item|8872|stab|386|-|-|-|-|-|-|-|-|-|-|-|-|-|-|rsmod:dttd_bone_dagger:attack:stance2|-|-|-|-|-|-|-|-|-|-|-|-|-|-|1|-|-|-|-|-|none|none|none|none|none|rsmod
item|8872|stab|386|-|-|-|-|-|-|-|-|-|-|-|-|-|-|rsmod:dttd_bone_dagger:attack:stance4|-|-|-|-|-|-|-|-|-|-|-|-|-|-|3|-|-|-|-|-|none|none|none|none|none|rsmod
item|8874|slash|390|-|-|-|-|-|-|-|-|-|-|-|-|-|-|rsmod:dttd_bone_dagger_p:attack:stance3|-|-|-|-|-|-|-|-|-|-|-|-|-|-|2|-|-|-|-|-|none|none|none|none|none|rsmod
item|8874|stab|386|-|-|-|-|-|-|-|-|-|-|-|-|-|-|rsmod:dttd_bone_dagger_p:attack:stance1|-|-|-|-|-|-|-|-|-|-|-|-|-|-|0|-|-|-|-|-|none|none|none|none|none|rsmod
item|8874|stab|386|-|-|-|-|-|-|-|-|-|-|-|-|-|-|rsmod:dttd_bone_dagger_p:attack:stance2|-|-|-|-|-|-|-|-|-|-|-|-|-|-|1|-|-|-|-|-|none|none|none|none|none|rsmod
item|8874|stab|386|-|-|-|-|-|-|-|-|-|-|-|-|-|-|rsmod:dttd_bone_dagger_p:attack:stance4|-|-|-|-|-|-|-|-|-|-|-|-|-|-|3|-|-|-|-|-|none|none|none|none|none|rsmod
item|8876|slash|390|-|-|-|-|-|-|-|-|-|-|-|-|-|-|rsmod:dttd_bone_dagger_p+:attack:stance3|-|-|-|-|-|-|-|-|-|-|-|-|-|-|2|-|-|-|-|-|none|none|none|none|none|rsmod
item|8876|stab|386|-|-|-|-|-|-|-|-|-|-|-|-|-|-|rsmod:dttd_bone_dagger_p+:attack:stance1|-|-|-|-|-|-|-|-|-|-|-|-|-|-|0|-|-|-|-|-|none|none|none|none|none|rsmod
item|8876|stab|386|-|-|-|-|-|-|-|-|-|-|-|-|-|-|rsmod:dttd_bone_dagger_p+:attack:stance2|-|-|-|-|-|-|-|-|-|-|-|-|-|-|1|-|-|-|-|-|none|none|none|none|none|rsmod
item|8876|stab|386|-|-|-|-|-|-|-|-|-|-|-|-|-|-|rsmod:dttd_bone_dagger_p+:attack:stance4|-|-|-|-|-|-|-|-|-|-|-|-|-|-|3|-|-|-|-|-|none|none|none|none|none|rsmod
item|8878|slash|390|-|-|-|-|-|-|-|-|-|-|-|-|-|-|rsmod:dttd_bone_dagger_p++:attack:stance3|-|-|-|-|-|-|-|-|-|-|-|-|-|-|2|-|-|-|-|-|none|none|none|none|none|rsmod
item|8878|stab|386|-|-|-|-|-|-|-|-|-|-|-|-|-|-|rsmod:dttd_bone_dagger_p++:attack:stance1|-|-|-|-|-|-|-|-|-|-|-|-|-|-|0|-|-|-|-|-|none|none|none|none|none|rsmod
item|8878|stab|386|-|-|-|-|-|-|-|-|-|-|-|-|-|-|rsmod:dttd_bone_dagger_p++:attack:stance2|-|-|-|-|-|-|-|-|-|-|-|-|-|-|1|-|-|-|-|-|none|none|none|none|none|rsmod
item|8878|stab|386|-|-|-|-|-|-|-|-|-|-|-|-|-|-|rsmod:dttd_bone_dagger_p++:attack:stance4|-|-|-|-|-|-|-|-|-|-|-|-|-|-|3|-|-|-|-|-|none|none|none|none|none|rsmod
item|8880|ranged|7552|-|-|-|-|-|3|3|155|146|41|5|5|11|5|rsmod:dttd_bone_crossbow:attack:stance1|-|-|-|-|-|-|-|-|-|-|-|-|-|-|0|-|-|-|-|-|none|none|none|none|none|rsmod
item|8880|ranged|7552|-|-|-|-|-|3|3|155|146|41|5|5|11|5|rsmod:dttd_bone_crossbow:attack:stance2|-|-|-|-|-|-|-|-|-|-|-|-|-|-|1|-|-|-|-|-|none|none|none|none|none|rsmod
item|8880|ranged|7552|-|-|-|-|-|3|3|155|146|41|5|5|11|5|rsmod:dttd_bone_crossbow:attack:stance4|-|-|-|-|-|-|-|-|-|-|-|-|-|-|3|-|-|-|-|-|none|none|none|none|none|rsmod
item|8882|ranged|-|-|696|-|15569|-|2|2|-|-|-|-|-|-|-|rsmod:dttd_bone_crossbow_bolt:projectile|-|-|-|-|-|-|-|-|-|-|-|-|-|-|-|-|-|-|-|-|travel_projectile|source_actor|target_actor|none|target_actor|rsmod
item|8966|crush|1428|-|-|-|-|-|-|-|-|-|-|-|-|-|-|rsmod:brew_flag_1:attack:stance3|-|-|-|-|-|-|-|-|-|-|-|-|-|-|2|-|-|-|-|-|none|none|none|none|none|rsmod
item|8966|slash|1428|-|-|-|-|-|-|-|-|-|-|-|-|-|-|rsmod:brew_flag_1:attack:stance1|-|-|-|-|-|-|-|-|-|-|-|-|-|-|0|-|-|-|-|-|none|none|none|none|none|rsmod
item|8966|slash|1428|-|-|-|-|-|-|-|-|-|-|-|-|-|-|rsmod:brew_flag_1:attack:stance2|-|-|-|-|-|-|-|-|-|-|-|-|-|-|1|-|-|-|-|-|none|none|none|none|none|rsmod
item|8966|slash|1428|-|-|-|-|-|-|-|-|-|-|-|-|-|-|rsmod:brew_flag_1:attack:stance4|-|-|-|-|-|-|-|-|-|-|-|-|-|-|3|-|-|-|-|-|none|none|none|none|none|rsmod
item|8967|crush|1428|-|-|-|-|-|-|-|-|-|-|-|-|-|-|rsmod:brew_flag_2:attack:stance3|-|-|-|-|-|-|-|-|-|-|-|-|-|-|2|-|-|-|-|-|none|none|none|none|none|rsmod
item|8967|slash|1428|-|-|-|-|-|-|-|-|-|-|-|-|-|-|rsmod:brew_flag_2:attack:stance1|-|-|-|-|-|-|-|-|-|-|-|-|-|-|0|-|-|-|-|-|none|none|none|none|none|rsmod
item|8967|slash|1428|-|-|-|-|-|-|-|-|-|-|-|-|-|-|rsmod:brew_flag_2:attack:stance2|-|-|-|-|-|-|-|-|-|-|-|-|-|-|1|-|-|-|-|-|none|none|none|none|none|rsmod
item|8967|slash|1428|-|-|-|-|-|-|-|-|-|-|-|-|-|-|rsmod:brew_flag_2:attack:stance4|-|-|-|-|-|-|-|-|-|-|-|-|-|-|3|-|-|-|-|-|none|none|none|none|none|rsmod
item|8968|crush|1428|-|-|-|-|-|-|-|-|-|-|-|-|-|-|rsmod:brew_flag_3:attack:stance3|-|-|-|-|-|-|-|-|-|-|-|-|-|-|2|-|-|-|-|-|none|none|none|none|none|rsmod
item|8968|slash|1428|-|-|-|-|-|-|-|-|-|-|-|-|-|-|rsmod:brew_flag_3:attack:stance1|-|-|-|-|-|-|-|-|-|-|-|-|-|-|0|-|-|-|-|-|none|none|none|none|none|rsmod
item|8968|slash|1428|-|-|-|-|-|-|-|-|-|-|-|-|-|-|rsmod:brew_flag_3:attack:stance2|-|-|-|-|-|-|-|-|-|-|-|-|-|-|1|-|-|-|-|-|none|none|none|none|none|rsmod
item|8968|slash|1428|-|-|-|-|-|-|-|-|-|-|-|-|-|-|rsmod:brew_flag_3:attack:stance4|-|-|-|-|-|-|-|-|-|-|-|-|-|-|3|-|-|-|-|-|none|none|none|none|none|rsmod
item|8969|crush|1428|-|-|-|-|-|-|-|-|-|-|-|-|-|-|rsmod:brew_flag_4:attack:stance3|-|-|-|-|-|-|-|-|-|-|-|-|-|-|2|-|-|-|-|-|none|none|none|none|none|rsmod
item|8969|slash|1428|-|-|-|-|-|-|-|-|-|-|-|-|-|-|rsmod:brew_flag_4:attack:stance1|-|-|-|-|-|-|-|-|-|-|-|-|-|-|0|-|-|-|-|-|none|none|none|none|none|rsmod
item|8969|slash|1428|-|-|-|-|-|-|-|-|-|-|-|-|-|-|rsmod:brew_flag_4:attack:stance2|-|-|-|-|-|-|-|-|-|-|-|-|-|-|1|-|-|-|-|-|none|none|none|none|none|rsmod
item|8969|slash|1428|-|-|-|-|-|-|-|-|-|-|-|-|-|-|rsmod:brew_flag_4:attack:stance4|-|-|-|-|-|-|-|-|-|-|-|-|-|-|3|-|-|-|-|-|none|none|none|none|none|rsmod
item|8970|crush|1428|-|-|-|-|-|-|-|-|-|-|-|-|-|-|rsmod:brew_flag_5:attack:stance3|-|-|-|-|-|-|-|-|-|-|-|-|-|-|2|-|-|-|-|-|none|none|none|none|none|rsmod
item|8970|slash|1428|-|-|-|-|-|-|-|-|-|-|-|-|-|-|rsmod:brew_flag_5:attack:stance1|-|-|-|-|-|-|-|-|-|-|-|-|-|-|0|-|-|-|-|-|none|none|none|none|none|rsmod
item|8970|slash|1428|-|-|-|-|-|-|-|-|-|-|-|-|-|-|rsmod:brew_flag_5:attack:stance2|-|-|-|-|-|-|-|-|-|-|-|-|-|-|1|-|-|-|-|-|none|none|none|none|none|rsmod
item|8970|slash|1428|-|-|-|-|-|-|-|-|-|-|-|-|-|-|rsmod:brew_flag_5:attack:stance4|-|-|-|-|-|-|-|-|-|-|-|-|-|-|3|-|-|-|-|-|none|none|none|none|none|rsmod
item|8971|crush|1428|-|-|-|-|-|-|-|-|-|-|-|-|-|-|rsmod:brew_flag_6:attack:stance3|-|-|-|-|-|-|-|-|-|-|-|-|-|-|2|-|-|-|-|-|none|none|none|none|none|rsmod
item|8971|slash|1428|-|-|-|-|-|-|-|-|-|-|-|-|-|-|rsmod:brew_flag_6:attack:stance1|-|-|-|-|-|-|-|-|-|-|-|-|-|-|0|-|-|-|-|-|none|none|none|none|none|rsmod
item|8971|slash|1428|-|-|-|-|-|-|-|-|-|-|-|-|-|-|rsmod:brew_flag_6:attack:stance2|-|-|-|-|-|-|-|-|-|-|-|-|-|-|1|-|-|-|-|-|none|none|none|none|none|rsmod
item|8971|slash|1428|-|-|-|-|-|-|-|-|-|-|-|-|-|-|rsmod:brew_flag_6:attack:stance4|-|-|-|-|-|-|-|-|-|-|-|-|-|-|3|-|-|-|-|-|none|none|none|none|none|rsmod
item|9013|crush|414|-|-|-|-|-|-|-|-|-|-|-|-|-|-|rsmod:sos_skull_sceptre:attack:stance1|-|-|-|-|-|-|-|-|-|-|-|-|-|-|0|-|-|-|-|-|none|none|none|none|none|rsmod
item|9013|crush|414|-|-|-|-|-|-|-|-|-|-|-|-|-|-|rsmod:sos_skull_sceptre:attack:stance2|-|-|-|-|-|-|-|-|-|-|-|-|-|-|1|-|-|-|-|-|none|none|none|none|none|rsmod
item|9013|crush|414|-|-|-|-|-|-|-|-|-|-|-|-|-|-|rsmod:sos_skull_sceptre:attack:stance4|-|-|-|-|-|-|-|-|-|-|-|-|-|-|3|-|-|-|-|-|none|none|none|none|none|rsmod
item|9084|crush|414|-|-|-|-|-|-|-|-|-|-|-|-|-|-|rsmod:lunar_moonclan_liminal_staff:attack:stance1|-|-|-|-|-|-|-|-|-|-|-|-|-|-|0|-|-|-|-|-|none|none|none|none|none|rsmod
item|9084|crush|414|-|-|-|-|-|-|-|-|-|-|-|-|-|-|rsmod:lunar_moonclan_liminal_staff:attack:stance2|-|-|-|-|-|-|-|-|-|-|-|-|-|-|1|-|-|-|-|-|none|none|none|none|none|rsmod
item|9084|crush|414|-|-|-|-|-|-|-|-|-|-|-|-|-|-|rsmod:lunar_moonclan_liminal_staff:attack:stance4|-|-|-|-|-|-|-|-|-|-|-|-|-|-|3|-|-|-|-|-|none|none|none|none|none|rsmod
item|9091|crush|414|-|-|-|-|-|-|-|-|-|-|-|-|-|-|rsmod:dramen_staff_air:attack:stance1|-|-|-|-|-|-|-|-|-|-|-|-|-|-|0|-|-|-|-|-|none|none|none|none|none|rsmod
item|9091|crush|414|-|-|-|-|-|-|-|-|-|-|-|-|-|-|rsmod:dramen_staff_air:attack:stance2|-|-|-|-|-|-|-|-|-|-|-|-|-|-|1|-|-|-|-|-|none|none|none|none|none|rsmod
item|9091|crush|414|-|-|-|-|-|-|-|-|-|-|-|-|-|-|rsmod:dramen_staff_air:attack:stance4|-|-|-|-|-|-|-|-|-|-|-|-|-|-|3|-|-|-|-|-|none|none|none|none|none|rsmod
item|9092|crush|414|-|-|-|-|-|-|-|-|-|-|-|-|-|-|rsmod:dramen_staff_fire:attack:stance1|-|-|-|-|-|-|-|-|-|-|-|-|-|-|0|-|-|-|-|-|none|none|none|none|none|rsmod
item|9092|crush|414|-|-|-|-|-|-|-|-|-|-|-|-|-|-|rsmod:dramen_staff_fire:attack:stance2|-|-|-|-|-|-|-|-|-|-|-|-|-|-|1|-|-|-|-|-|none|none|none|none|none|rsmod
item|9092|crush|414|-|-|-|-|-|-|-|-|-|-|-|-|-|-|rsmod:dramen_staff_fire:attack:stance4|-|-|-|-|-|-|-|-|-|-|-|-|-|-|3|-|-|-|-|-|none|none|none|none|none|rsmod
item|9093|crush|414|-|-|-|-|-|-|-|-|-|-|-|-|-|-|rsmod:dramen_staff_water:attack:stance1|-|-|-|-|-|-|-|-|-|-|-|-|-|-|0|-|-|-|-|-|none|none|none|none|none|rsmod
item|9093|crush|414|-|-|-|-|-|-|-|-|-|-|-|-|-|-|rsmod:dramen_staff_water:attack:stance2|-|-|-|-|-|-|-|-|-|-|-|-|-|-|1|-|-|-|-|-|none|none|none|none|none|rsmod
item|9093|crush|414|-|-|-|-|-|-|-|-|-|-|-|-|-|-|rsmod:dramen_staff_water:attack:stance4|-|-|-|-|-|-|-|-|-|-|-|-|-|-|3|-|-|-|-|-|none|none|none|none|none|rsmod
item|9140|ranged|-|-|27|-|3135|-|2|2|-|-|-|-|-|-|-|rsmod:xbows_crossbow_bolts_iron:projectile|-|-|-|-|-|-|-|-|-|-|-|-|-|-|-|-|-|-|-|-|travel_projectile|source_actor|target_actor|none|target_actor|rsmod
item|9141|ranged|-|-|27|-|3135|-|2|2|-|-|-|-|-|-|-|rsmod:xbows_crossbow_bolts_steel:projectile|-|-|-|-|-|-|-|-|-|-|-|-|-|-|-|-|-|-|-|-|travel_projectile|source_actor|target_actor|none|target_actor|rsmod
item|9142|ranged|-|-|27|-|3135|-|2|2|-|-|-|-|-|-|-|rsmod:xbows_crossbow_bolts_mithril:projectile|-|-|-|-|-|-|-|-|-|-|-|-|-|-|-|-|-|-|-|-|travel_projectile|source_actor|target_actor|none|target_actor|rsmod
item|9143|ranged|-|-|27|-|3135|-|2|2|-|-|-|-|-|-|-|rsmod:xbows_crossbow_bolts_adamantite:projectile|-|-|-|-|-|-|-|-|-|-|-|-|-|-|-|-|-|-|-|-|travel_projectile|source_actor|target_actor|none|target_actor|rsmod
item|9144|ranged|-|-|27|-|3135|-|2|2|-|-|-|-|-|-|-|rsmod:xbows_crossbow_bolts_runite:projectile|-|-|-|-|-|-|-|-|-|-|-|-|-|-|-|-|-|-|-|-|travel_projectile|source_actor|target_actor|none|target_actor|rsmod
item|9174|ranged|7552|-|-|-|-|-|3|3|155|146|41|5|5|11|5|rsmod:xbows_crossbow_bronze:attack:stance1|-|-|-|-|-|-|-|-|-|-|-|-|-|-|0|-|-|-|-|-|none|none|none|none|none|rsmod
item|9174|ranged|7552|-|-|-|-|-|3|3|155|146|41|5|5|11|5|rsmod:xbows_crossbow_bronze:attack:stance2|-|-|-|-|-|-|-|-|-|-|-|-|-|-|1|-|-|-|-|-|none|none|none|none|none|rsmod
item|9174|ranged|7552|-|-|-|-|-|3|3|155|146|41|5|5|11|5|rsmod:xbows_crossbow_bronze:attack:stance4|-|-|-|-|-|-|-|-|-|-|-|-|-|-|3|-|-|-|-|-|none|none|none|none|none|rsmod
item|9176|ranged|7552|-|-|-|-|-|3|3|155|146|41|5|5|11|5|rsmod:xbows_crossbow_blurite:attack:stance1|-|-|-|-|-|-|-|-|-|-|-|-|-|-|0|-|-|-|-|-|none|none|none|none|none|rsmod
item|9176|ranged|7552|-|-|-|-|-|3|3|155|146|41|5|5|11|5|rsmod:xbows_crossbow_blurite:attack:stance2|-|-|-|-|-|-|-|-|-|-|-|-|-|-|1|-|-|-|-|-|none|none|none|none|none|rsmod
item|9176|ranged|7552|-|-|-|-|-|3|3|155|146|41|5|5|11|5|rsmod:xbows_crossbow_blurite:attack:stance4|-|-|-|-|-|-|-|-|-|-|-|-|-|-|3|-|-|-|-|-|none|none|none|none|none|rsmod
item|9177|ranged|7552|-|-|-|-|-|3|3|155|146|41|5|5|11|5|rsmod:xbows_crossbow_iron:attack:stance1|-|-|-|-|-|-|-|-|-|-|-|-|-|-|0|-|-|-|-|-|none|none|none|none|none|rsmod
item|9177|ranged|7552|-|-|-|-|-|3|3|155|146|41|5|5|11|5|rsmod:xbows_crossbow_iron:attack:stance2|-|-|-|-|-|-|-|-|-|-|-|-|-|-|1|-|-|-|-|-|none|none|none|none|none|rsmod
item|9177|ranged|7552|-|-|-|-|-|3|3|155|146|41|5|5|11|5|rsmod:xbows_crossbow_iron:attack:stance4|-|-|-|-|-|-|-|-|-|-|-|-|-|-|3|-|-|-|-|-|none|none|none|none|none|rsmod
item|9179|ranged|7552|-|-|-|-|-|3|3|155|146|41|5|5|11|5|rsmod:xbows_crossbow_steel:attack:stance1|-|-|-|-|-|-|-|-|-|-|-|-|-|-|0|-|-|-|-|-|none|none|none|none|none|rsmod
item|9179|ranged|7552|-|-|-|-|-|3|3|155|146|41|5|5|11|5|rsmod:xbows_crossbow_steel:attack:stance2|-|-|-|-|-|-|-|-|-|-|-|-|-|-|1|-|-|-|-|-|none|none|none|none|none|rsmod
item|9179|ranged|7552|-|-|-|-|-|3|3|155|146|41|5|5|11|5|rsmod:xbows_crossbow_steel:attack:stance4|-|-|-|-|-|-|-|-|-|-|-|-|-|-|3|-|-|-|-|-|none|none|none|none|none|rsmod
item|9181|ranged|7552|-|-|-|-|-|3|3|155|146|41|5|5|11|5|rsmod:xbows_crossbow_mithril:attack:stance1|-|-|-|-|-|-|-|-|-|-|-|-|-|-|0|-|-|-|-|-|none|none|none|none|none|rsmod
item|9181|ranged|7552|-|-|-|-|-|3|3|155|146|41|5|5|11|5|rsmod:xbows_crossbow_mithril:attack:stance2|-|-|-|-|-|-|-|-|-|-|-|-|-|-|1|-|-|-|-|-|none|none|none|none|none|rsmod
item|9181|ranged|7552|-|-|-|-|-|3|3|155|146|41|5|5|11|5|rsmod:xbows_crossbow_mithril:attack:stance4|-|-|-|-|-|-|-|-|-|-|-|-|-|-|3|-|-|-|-|-|none|none|none|none|none|rsmod
item|9183|ranged|7552|-|-|-|-|-|3|3|155|146|41|5|5|11|5|rsmod:xbows_crossbow_adamantite:attack:stance1|-|-|-|-|-|-|-|-|-|-|-|-|-|-|0|-|-|-|-|-|none|none|none|none|none|rsmod
item|9183|ranged|7552|-|-|-|-|-|3|3|155|146|41|5|5|11|5|rsmod:xbows_crossbow_adamantite:attack:stance2|-|-|-|-|-|-|-|-|-|-|-|-|-|-|1|-|-|-|-|-|none|none|none|none|none|rsmod
item|9183|ranged|7552|-|-|-|-|-|3|3|155|146|41|5|5|11|5|rsmod:xbows_crossbow_adamantite:attack:stance4|-|-|-|-|-|-|-|-|-|-|-|-|-|-|3|-|-|-|-|-|none|none|none|none|none|rsmod
item|9185|ranged|7552|-|-|-|-|-|3|3|155|146|41|5|5|11|5|rsmod:xbows_crossbow_runite:attack:stance1|-|-|-|-|-|-|-|-|-|-|-|-|-|-|0|-|-|-|-|-|none|none|none|none|none|rsmod
item|9185|ranged|7552|-|-|-|-|-|3|3|155|146|41|5|5|11|5|rsmod:xbows_crossbow_runite:attack:stance2|-|-|-|-|-|-|-|-|-|-|-|-|-|-|1|-|-|-|-|-|none|none|none|none|none|rsmod
item|9185|ranged|7552|-|-|-|-|-|3|3|155|146|41|5|5|11|5|rsmod:xbows_crossbow_runite:attack:stance4|-|-|-|-|-|-|-|-|-|-|-|-|-|-|3|-|-|-|-|-|none|none|none|none|none|rsmod
item|9236|ranged|-|-|27|-|3135|-|2|2|-|-|-|-|-|-|-|rsmod:xbows_crossbow_bolts_bronze_tipped_opal_enchanted:projectile|-|-|-|-|-|-|-|-|-|-|-|-|-|-|-|-|-|-|-|-|travel_projectile|source_actor|target_actor|none|target_actor|rsmod
item|9237|ranged|-|-|27|-|3135|-|2|2|-|-|-|-|-|-|-|rsmod:xbows_crossbow_bolts_blurite_tipped_jade_enchanted:projectile|-|-|-|-|-|-|-|-|-|-|-|-|-|-|-|-|-|-|-|-|travel_projectile|source_actor|target_actor|none|target_actor|rsmod
item|9238|ranged|-|-|27|-|3135|-|2|2|-|-|-|-|-|-|-|rsmod:xbows_crossbow_bolts_iron_tipped_pearl_enchanted:projectile|-|-|-|-|-|-|-|-|-|-|-|-|-|-|-|-|-|-|-|-|travel_projectile|source_actor|target_actor|none|target_actor|rsmod
item|9240|ranged|-|-|27|-|3135|-|2|2|-|-|-|-|-|-|-|rsmod:xbows_crossbow_bolts_mithril_tipped_sapphire_enchanted:projectile|-|-|-|-|-|-|-|-|-|-|-|-|-|-|-|-|-|-|-|-|travel_projectile|source_actor|target_actor|none|target_actor|rsmod
item|9241|ranged|-|-|27|-|3135|-|2|2|-|-|-|-|-|-|-|rsmod:xbows_crossbow_bolts_mithril_tipped_emerald_enchanted:projectile|-|-|-|-|-|-|-|-|-|-|-|-|-|-|-|-|-|-|-|-|travel_projectile|source_actor|target_actor|none|target_actor|rsmod
item|9242|ranged|-|-|27|-|3135|-|2|2|-|-|-|-|-|-|-|rsmod:xbows_crossbow_bolts_adamantite_tipped_ruby_enchanted:projectile|-|-|-|-|-|-|-|-|-|-|-|-|-|-|-|-|-|-|-|-|travel_projectile|source_actor|target_actor|none|target_actor|rsmod
item|9243|ranged|-|-|27|-|3135|-|2|2|-|-|-|-|-|-|-|rsmod:xbows_crossbow_bolts_adamantite_tipped_diamond_enchanted:projectile|-|-|-|-|-|-|-|-|-|-|-|-|-|-|-|-|-|-|-|-|travel_projectile|source_actor|target_actor|none|target_actor|rsmod
item|9244|ranged|-|-|27|-|3135|-|2|2|-|-|-|-|-|-|-|rsmod:xbows_crossbow_bolts_runite_tipped_dragonstone_enchanted:projectile|-|-|-|-|-|-|-|-|-|-|-|-|-|-|-|-|-|-|-|-|travel_projectile|source_actor|target_actor|none|target_actor|rsmod
item|9245|ranged|-|-|27|-|3135|-|2|2|-|-|-|-|-|-|-|rsmod:xbows_crossbow_bolts_runite_tipped_onyx_enchanted:projectile|-|-|-|-|-|-|-|-|-|-|-|-|-|-|-|-|-|-|-|-|travel_projectile|source_actor|target_actor|none|target_actor|rsmod
item|9287|ranged|-|-|27|-|3135|-|2|2|-|-|-|-|-|-|-|rsmod:xbows_crossbow_bolts_iron_poisoned:projectile|-|-|-|-|-|-|-|-|-|-|-|-|-|-|-|-|-|-|-|-|travel_projectile|source_actor|target_actor|none|target_actor|rsmod
item|9288|ranged|-|-|27|-|3135|-|2|2|-|-|-|-|-|-|-|rsmod:xbows_crossbow_bolts_steel_poisoned:projectile|-|-|-|-|-|-|-|-|-|-|-|-|-|-|-|-|-|-|-|-|travel_projectile|source_actor|target_actor|none|target_actor|rsmod
item|9289|ranged|-|-|27|-|3135|-|2|2|-|-|-|-|-|-|-|rsmod:xbows_crossbow_bolts_mithril_poisoned:projectile|-|-|-|-|-|-|-|-|-|-|-|-|-|-|-|-|-|-|-|-|travel_projectile|source_actor|target_actor|none|target_actor|rsmod
item|9290|ranged|-|-|27|-|3135|-|2|2|-|-|-|-|-|-|-|rsmod:xbows_crossbow_bolts_adamantite_poisoned:projectile|-|-|-|-|-|-|-|-|-|-|-|-|-|-|-|-|-|-|-|-|travel_projectile|source_actor|target_actor|none|target_actor|rsmod
item|9291|ranged|-|-|27|-|3135|-|2|2|-|-|-|-|-|-|-|rsmod:xbows_crossbow_bolts_runite_poisoned:projectile|-|-|-|-|-|-|-|-|-|-|-|-|-|-|-|-|-|-|-|-|travel_projectile|source_actor|target_actor|none|target_actor|rsmod
item|9294|ranged|-|-|27|-|3135|-|2|2|-|-|-|-|-|-|-|rsmod:xbows_crossbow_bolts_iron_poisoned+:projectile|-|-|-|-|-|-|-|-|-|-|-|-|-|-|-|-|-|-|-|-|travel_projectile|source_actor|target_actor|none|target_actor|rsmod
item|9295|ranged|-|-|27|-|3135|-|2|2|-|-|-|-|-|-|-|rsmod:xbows_crossbow_bolts_steel_poisoned+:projectile|-|-|-|-|-|-|-|-|-|-|-|-|-|-|-|-|-|-|-|-|travel_projectile|source_actor|target_actor|none|target_actor|rsmod
item|9296|ranged|-|-|27|-|3135|-|2|2|-|-|-|-|-|-|-|rsmod:xbows_crossbow_bolts_mithril_poisoned+:projectile|-|-|-|-|-|-|-|-|-|-|-|-|-|-|-|-|-|-|-|-|travel_projectile|source_actor|target_actor|none|target_actor|rsmod
item|9297|ranged|-|-|27|-|3135|-|2|2|-|-|-|-|-|-|-|rsmod:xbows_crossbow_bolts_adamantite_poisoned+:projectile|-|-|-|-|-|-|-|-|-|-|-|-|-|-|-|-|-|-|-|-|travel_projectile|source_actor|target_actor|none|target_actor|rsmod
item|9298|ranged|-|-|27|-|3135|-|2|2|-|-|-|-|-|-|-|rsmod:xbows_crossbow_bolts_runite_poisoned+:projectile|-|-|-|-|-|-|-|-|-|-|-|-|-|-|-|-|-|-|-|-|travel_projectile|source_actor|target_actor|none|target_actor|rsmod
item|9301|ranged|-|-|27|-|3135|-|2|2|-|-|-|-|-|-|-|rsmod:xbows_crossbow_bolts_iron_poisoned++:projectile|-|-|-|-|-|-|-|-|-|-|-|-|-|-|-|-|-|-|-|-|travel_projectile|source_actor|target_actor|none|target_actor|rsmod
item|9302|ranged|-|-|27|-|3135|-|2|2|-|-|-|-|-|-|-|rsmod:xbows_crossbow_bolts_steel_poisoned++:projectile|-|-|-|-|-|-|-|-|-|-|-|-|-|-|-|-|-|-|-|-|travel_projectile|source_actor|target_actor|none|target_actor|rsmod
item|9303|ranged|-|-|27|-|3135|-|2|2|-|-|-|-|-|-|-|rsmod:xbows_crossbow_bolts_mithril_poisoned++:projectile|-|-|-|-|-|-|-|-|-|-|-|-|-|-|-|-|-|-|-|-|travel_projectile|source_actor|target_actor|none|target_actor|rsmod
item|9304|ranged|-|-|27|-|3135|-|2|2|-|-|-|-|-|-|-|rsmod:xbows_crossbow_bolts_adamantite_poisoned++:projectile|-|-|-|-|-|-|-|-|-|-|-|-|-|-|-|-|-|-|-|-|travel_projectile|source_actor|target_actor|none|target_actor|rsmod
item|9305|ranged|-|-|27|-|3135|-|2|2|-|-|-|-|-|-|-|rsmod:xbows_crossbow_bolts_runite_poisoned++:projectile|-|-|-|-|-|-|-|-|-|-|-|-|-|-|-|-|-|-|-|-|travel_projectile|source_actor|target_actor|none|target_actor|rsmod
item|9335|ranged|-|-|27|-|3135|-|2|2|-|-|-|-|-|-|-|rsmod:xbows_crossbow_bolts_blurite_tipped_jade:projectile|-|-|-|-|-|-|-|-|-|-|-|-|-|-|-|-|-|-|-|-|travel_projectile|source_actor|target_actor|none|target_actor|rsmod
item|9337|ranged|-|-|27|-|3135|-|2|2|-|-|-|-|-|-|-|rsmod:xbows_crossbow_bolts_mithril_tipped_sapphire:projectile|-|-|-|-|-|-|-|-|-|-|-|-|-|-|-|-|-|-|-|-|travel_projectile|source_actor|target_actor|none|target_actor|rsmod
item|9338|ranged|-|-|27|-|3135|-|2|2|-|-|-|-|-|-|-|rsmod:xbows_crossbow_bolts_mithril_tipped_emerald:projectile|-|-|-|-|-|-|-|-|-|-|-|-|-|-|-|-|-|-|-|-|travel_projectile|source_actor|target_actor|none|target_actor|rsmod
item|9339|ranged|-|-|27|-|3135|-|2|2|-|-|-|-|-|-|-|rsmod:xbows_crossbow_bolts_adamantite_tipped_ruby:projectile|-|-|-|-|-|-|-|-|-|-|-|-|-|-|-|-|-|-|-|-|travel_projectile|source_actor|target_actor|none|target_actor|rsmod
item|9340|ranged|-|-|27|-|3135|-|2|2|-|-|-|-|-|-|-|rsmod:xbows_crossbow_bolts_adamantite_tipped_diamond:projectile|-|-|-|-|-|-|-|-|-|-|-|-|-|-|-|-|-|-|-|-|travel_projectile|source_actor|target_actor|none|target_actor|rsmod
item|9341|ranged|-|-|27|-|3135|-|2|2|-|-|-|-|-|-|-|rsmod:xbows_crossbow_bolts_runite_tipped_dragonstone:projectile|-|-|-|-|-|-|-|-|-|-|-|-|-|-|-|-|-|-|-|-|travel_projectile|source_actor|target_actor|none|target_actor|rsmod
item|9342|ranged|-|-|27|-|3135|-|2|2|-|-|-|-|-|-|-|rsmod:xbows_crossbow_bolts_runite_tipped_onyx:projectile|-|-|-|-|-|-|-|-|-|-|-|-|-|-|-|-|-|-|-|-|travel_projectile|source_actor|target_actor|none|target_actor|rsmod
item|9703|slash|390|-|-|-|-|-|-|-|-|-|-|-|-|-|-|rsmod:aide_shortsword:attack:stance3|-|-|-|-|-|-|-|-|-|-|-|-|-|-|2|-|-|-|-|-|none|none|none|none|none|rsmod
item|9703|stab|386|-|-|-|-|-|-|-|-|-|-|-|-|-|-|rsmod:aide_shortsword:attack:stance1|-|-|-|-|-|-|-|-|-|-|-|-|-|-|0|-|-|-|-|-|none|none|none|none|none|rsmod
item|9703|stab|386|-|-|-|-|-|-|-|-|-|-|-|-|-|-|rsmod:aide_shortsword:attack:stance2|-|-|-|-|-|-|-|-|-|-|-|-|-|-|1|-|-|-|-|-|none|none|none|none|none|rsmod
item|9703|stab|386|-|-|-|-|-|-|-|-|-|-|-|-|-|-|rsmod:aide_shortsword:attack:stance4|-|-|-|-|-|-|-|-|-|-|-|-|-|-|3|-|-|-|-|-|none|none|none|none|none|rsmod
item|9705|ranged|426|-|-|-|-|-|3|3|163|146|41|15|5|11|5|rsmod:aide_shortbow:attack:stance1|-|-|-|-|-|-|-|-|-|-|-|-|-|-|0|-|-|-|-|-|none|none|none|none|none|rsmod
item|9705|ranged|426|-|-|-|-|-|3|3|163|146|41|15|5|11|5|rsmod:aide_shortbow:attack:stance2|-|-|-|-|-|-|-|-|-|-|-|-|-|-|1|-|-|-|-|-|none|none|none|none|none|rsmod
item|9705|ranged|426|-|-|-|-|-|3|3|163|146|41|15|5|11|5|rsmod:aide_shortbow:attack:stance4|-|-|-|-|-|-|-|-|-|-|-|-|-|-|3|-|-|-|-|-|none|none|none|none|none|rsmod
item|10010|crush|429|-|-|-|-|-|-|-|-|-|-|-|-|-|-|rsmod:hunting_butterfly_net:attack:stance3|-|-|-|-|-|-|-|-|-|-|-|-|-|-|2|-|-|-|-|-|none|none|none|none|none|rsmod
item|10010|slash|440|-|-|-|-|-|-|-|-|-|-|-|-|-|-|rsmod:hunting_butterfly_net:attack:stance2|-|-|-|-|-|-|-|-|-|-|-|-|-|-|1|-|-|-|-|-|none|none|none|none|none|rsmod
item|10010|stab|428|-|-|-|-|-|-|-|-|-|-|-|-|-|-|rsmod:hunting_butterfly_net:attack:stance1|-|-|-|-|-|-|-|-|-|-|-|-|-|-|0|-|-|-|-|-|none|none|none|none|none|rsmod
item|10010|stab|428|-|-|-|-|-|-|-|-|-|-|-|-|-|-|rsmod:hunting_butterfly_net:attack:stance4|-|-|-|-|-|-|-|-|-|-|-|-|-|-|3|-|-|-|-|-|none|none|none|none|none|rsmod
item|10023|crush|422|-|-|-|-|-|-|-|-|-|-|-|-|-|-|rsmod:falcon_gloves:attack:stance1|-|-|-|-|-|-|-|-|-|-|-|-|-|-|0|-|-|-|-|-|none|none|none|none|none|rsmod
item|10023|crush|422|-|-|-|-|-|-|-|-|-|-|-|-|-|-|rsmod:falcon_gloves:attack:stance2|-|-|-|-|-|-|-|-|-|-|-|-|-|-|1|-|-|-|-|-|none|none|none|none|none|rsmod
item|10023|crush|422|-|-|-|-|-|-|-|-|-|-|-|-|-|-|rsmod:falcon_gloves:attack:stance4|-|-|-|-|-|-|-|-|-|-|-|-|-|-|3|-|-|-|-|-|none|none|none|none|none|rsmod
item|10024|crush|422|-|-|-|-|-|-|-|-|-|-|-|-|-|-|rsmod:falcon_on_gloves:attack:stance1|-|-|-|-|-|-|-|-|-|-|-|-|-|-|0|-|-|-|-|-|none|none|none|none|none|rsmod
item|10024|crush|422|-|-|-|-|-|-|-|-|-|-|-|-|-|-|rsmod:falcon_on_gloves:attack:stance2|-|-|-|-|-|-|-|-|-|-|-|-|-|-|1|-|-|-|-|-|none|none|none|none|none|rsmod
item|10024|crush|422|-|-|-|-|-|-|-|-|-|-|-|-|-|-|rsmod:falcon_on_gloves:attack:stance4|-|-|-|-|-|-|-|-|-|-|-|-|-|-|3|-|-|-|-|-|none|none|none|none|none|rsmod
item|10033|ranged|-|-|908|-|19461|5186|2|2|163|146|21|15|11|11|5|rsmod:chinchompa_captured:projectile|-|-|-|-|-|-|-|-|-|-|-|-|-|-|-|-|-|-|-|-|travel_projectile|source_actor|target_actor|none|target_actor|rsmod
item|10033|ranged|7618|-|-|-|-|-|2|2|163|146|21|15|11|11|5|rsmod:chinchompa_captured:attack:stance1|-|-|-|-|-|-|-|-|-|-|-|-|-|-|0|-|-|-|-|-|none|none|none|none|none|rsmod
item|10033|ranged|7618|-|-|-|-|-|2|2|163|146|21|15|11|11|5|rsmod:chinchompa_captured:attack:stance2|-|-|-|-|-|-|-|-|-|-|-|-|-|-|1|-|-|-|-|-|none|none|none|none|none|rsmod
item|10033|ranged|7618|-|-|-|-|-|2|2|163|146|21|15|11|11|5|rsmod:chinchompa_captured:attack:stance4|-|-|-|-|-|-|-|-|-|-|-|-|-|-|3|-|-|-|-|-|none|none|none|none|none|rsmod
item|10034|ranged|-|-|909|-|19461|5186|2|2|163|146|21|15|11|11|5|rsmod:chinchompa_big_captured:projectile|-|-|-|-|-|-|-|-|-|-|-|-|-|-|-|-|-|-|-|-|travel_projectile|source_actor|target_actor|none|target_actor|rsmod
item|10034|ranged|7618|-|-|-|-|-|2|2|163|146|21|15|11|11|5|rsmod:chinchompa_big_captured:attack:stance1|-|-|-|-|-|-|-|-|-|-|-|-|-|-|0|-|-|-|-|-|none|none|none|none|none|rsmod
item|10034|ranged|7618|-|-|-|-|-|2|2|163|146|21|15|11|11|5|rsmod:chinchompa_big_captured:attack:stance2|-|-|-|-|-|-|-|-|-|-|-|-|-|-|1|-|-|-|-|-|none|none|none|none|none|rsmod
item|10034|ranged|7618|-|-|-|-|-|2|2|163|146|21|15|11|11|5|rsmod:chinchompa_big_captured:attack:stance4|-|-|-|-|-|-|-|-|-|-|-|-|-|-|3|-|-|-|-|-|none|none|none|none|none|rsmod
item|10129|slash|390|-|-|-|-|-|-|-|-|-|-|-|-|-|-|rsmod:hunting_barbed_harpoon:attack:stance3|-|-|-|-|-|-|-|-|-|-|-|-|-|-|2|-|-|-|-|-|none|none|none|none|none|rsmod
item|10129|stab|386|-|-|-|-|-|-|-|-|-|-|-|-|-|-|rsmod:hunting_barbed_harpoon:attack:stance1|-|-|-|-|-|-|-|-|-|-|-|-|-|-|0|-|-|-|-|-|none|none|none|none|none|rsmod
item|10129|stab|386|-|-|-|-|-|-|-|-|-|-|-|-|-|-|rsmod:hunting_barbed_harpoon:attack:stance2|-|-|-|-|-|-|-|-|-|-|-|-|-|-|1|-|-|-|-|-|none|none|none|none|none|rsmod
item|10129|stab|386|-|-|-|-|-|-|-|-|-|-|-|-|-|-|rsmod:hunting_barbed_harpoon:attack:stance4|-|-|-|-|-|-|-|-|-|-|-|-|-|-|3|-|-|-|-|-|none|none|none|none|none|rsmod
item|10146|slash|5247|-|-|-|-|-|-|-|-|-|-|-|-|-|-|rsmod:orange_salamander:attack:stance1|-|-|-|-|-|-|-|-|-|-|-|-|-|-|0|-|-|-|-|-|none|none|none|none|none|rsmod
item|10147|slash|5247|-|-|-|-|-|-|-|-|-|-|-|-|-|-|rsmod:red_salamander:attack:stance1|-|-|-|-|-|-|-|-|-|-|-|-|-|-|0|-|-|-|-|-|none|none|none|none|none|rsmod
item|10148|slash|5247|-|-|-|-|-|-|-|-|-|-|-|-|-|-|rsmod:black_salamander:attack:stance1|-|-|-|-|-|-|-|-|-|-|-|-|-|-|0|-|-|-|-|-|none|none|none|none|none|rsmod
item|10149|slash|5247|-|-|-|-|-|-|-|-|-|-|-|-|-|-|rsmod:green_salamander:attack:stance1|-|-|-|-|-|-|-|-|-|-|-|-|-|-|0|-|-|-|-|-|none|none|none|none|none|rsmod
item|10150|crush|429|-|-|-|-|-|-|-|-|-|-|-|-|-|-|rsmod:noose_wand:attack:stance3|-|-|-|-|-|-|-|-|-|-|-|-|-|-|2|-|-|-|-|-|none|none|none|none|none|rsmod
item|10150|slash|440|-|-|-|-|-|-|-|-|-|-|-|-|-|-|rsmod:noose_wand:attack:stance2|-|-|-|-|-|-|-|-|-|-|-|-|-|-|1|-|-|-|-|-|none|none|none|none|none|rsmod
item|10150|stab|428|-|-|-|-|-|-|-|-|-|-|-|-|-|-|rsmod:noose_wand:attack:stance1|-|-|-|-|-|-|-|-|-|-|-|-|-|-|0|-|-|-|-|-|none|none|none|none|none|rsmod
item|10150|stab|428|-|-|-|-|-|-|-|-|-|-|-|-|-|-|rsmod:noose_wand:attack:stance4|-|-|-|-|-|-|-|-|-|-|-|-|-|-|3|-|-|-|-|-|none|none|none|none|none|rsmod
item|10156|ranged|7552|-|-|-|-|-|3|3|155|146|41|5|5|11|5|rsmod:hunting_crossbow:attack:stance1|-|-|-|-|-|-|-|-|-|-|-|-|-|-|0|-|-|-|-|-|none|none|none|none|none|rsmod
item|10156|ranged|7552|-|-|-|-|-|3|3|155|146|41|5|5|11|5|rsmod:hunting_crossbow:attack:stance2|-|-|-|-|-|-|-|-|-|-|-|-|-|-|1|-|-|-|-|-|none|none|none|none|none|rsmod
item|10156|ranged|7552|-|-|-|-|-|3|3|155|146|41|5|5|11|5|rsmod:hunting_crossbow:attack:stance4|-|-|-|-|-|-|-|-|-|-|-|-|-|-|3|-|-|-|-|-|none|none|none|none|none|rsmod
item|10280|ranged|426|-|-|-|-|-|3|3|163|146|41|15|5|11|5|rsmod:trail_composite_bow_willow:attack:stance1|-|-|-|-|-|-|-|-|-|-|-|-|-|-|0|-|-|-|-|-|none|none|none|none|none|rsmod
item|10280|ranged|426|-|-|-|-|-|3|3|163|146|41|15|5|11|5|rsmod:trail_composite_bow_willow:attack:stance2|-|-|-|-|-|-|-|-|-|-|-|-|-|-|1|-|-|-|-|-|none|none|none|none|none|rsmod
item|10280|ranged|426|-|-|-|-|-|3|3|163|146|41|15|5|11|5|rsmod:trail_composite_bow_willow:attack:stance4|-|-|-|-|-|-|-|-|-|-|-|-|-|-|3|-|-|-|-|-|none|none|none|none|none|rsmod
item|10282|ranged|426|-|-|-|-|-|3|3|163|146|41|15|5|11|5|rsmod:trail_composite_bow_yew:attack:stance1|-|-|-|-|-|-|-|-|-|-|-|-|-|-|0|-|-|-|-|-|none|none|none|none|none|rsmod
item|10282|ranged|426|-|-|-|-|-|3|3|163|146|41|15|5|11|5|rsmod:trail_composite_bow_yew:attack:stance2|-|-|-|-|-|-|-|-|-|-|-|-|-|-|1|-|-|-|-|-|none|none|none|none|none|rsmod
item|10282|ranged|426|-|-|-|-|-|3|3|163|146|41|15|5|11|5|rsmod:trail_composite_bow_yew:attack:stance4|-|-|-|-|-|-|-|-|-|-|-|-|-|-|3|-|-|-|-|-|none|none|none|none|none|rsmod
item|10284|ranged|426|-|-|-|-|-|3|3|163|146|41|15|5|11|5|rsmod:trail_composite_bow_magic:attack:stance1|-|-|-|-|-|-|-|-|-|-|-|-|-|-|0|-|-|-|-|-|none|none|none|none|none|rsmod
item|10284|ranged|426|-|-|-|-|-|3|3|163|146|41|15|5|11|5|rsmod:trail_composite_bow_magic:attack:stance2|-|-|-|-|-|-|-|-|-|-|-|-|-|-|1|-|-|-|-|-|none|none|none|none|none|rsmod
item|10284|ranged|426|-|-|-|-|-|3|3|163|146|41|15|5|11|5|rsmod:trail_composite_bow_magic:attack:stance4|-|-|-|-|-|-|-|-|-|-|-|-|-|-|3|-|-|-|-|-|none|none|none|none|none|rsmod
item|10440|crush|414|-|-|-|-|-|-|-|-|-|-|-|-|-|-|rsmod:trail_saradomin_staff:attack:stance1|-|-|-|-|-|-|-|-|-|-|-|-|-|-|0|-|-|-|-|-|none|none|none|none|none|rsmod
item|10440|crush|414|-|-|-|-|-|-|-|-|-|-|-|-|-|-|rsmod:trail_saradomin_staff:attack:stance2|-|-|-|-|-|-|-|-|-|-|-|-|-|-|1|-|-|-|-|-|none|none|none|none|none|rsmod
item|10440|crush|414|-|-|-|-|-|-|-|-|-|-|-|-|-|-|rsmod:trail_saradomin_staff:attack:stance4|-|-|-|-|-|-|-|-|-|-|-|-|-|-|3|-|-|-|-|-|none|none|none|none|none|rsmod
item|10442|crush|414|-|-|-|-|-|-|-|-|-|-|-|-|-|-|rsmod:trail_guthix_staff:attack:stance1|-|-|-|-|-|-|-|-|-|-|-|-|-|-|0|-|-|-|-|-|none|none|none|none|none|rsmod
item|10442|crush|414|-|-|-|-|-|-|-|-|-|-|-|-|-|-|rsmod:trail_guthix_staff:attack:stance2|-|-|-|-|-|-|-|-|-|-|-|-|-|-|1|-|-|-|-|-|none|none|none|none|none|rsmod
item|10442|crush|414|-|-|-|-|-|-|-|-|-|-|-|-|-|-|rsmod:trail_guthix_staff:attack:stance4|-|-|-|-|-|-|-|-|-|-|-|-|-|-|3|-|-|-|-|-|none|none|none|none|none|rsmod
item|10444|crush|414|-|-|-|-|-|-|-|-|-|-|-|-|-|-|rsmod:trail_zamorak_staff:attack:stance1|-|-|-|-|-|-|-|-|-|-|-|-|-|-|0|-|-|-|-|-|none|none|none|none|none|rsmod
item|10444|crush|414|-|-|-|-|-|-|-|-|-|-|-|-|-|-|rsmod:trail_zamorak_staff:attack:stance2|-|-|-|-|-|-|-|-|-|-|-|-|-|-|1|-|-|-|-|-|none|none|none|none|none|rsmod
item|10444|crush|414|-|-|-|-|-|-|-|-|-|-|-|-|-|-|rsmod:trail_zamorak_staff:attack:stance4|-|-|-|-|-|-|-|-|-|-|-|-|-|-|3|-|-|-|-|-|none|none|none|none|none|rsmod
item|10487|crush|5439|-|-|-|-|-|-|-|-|-|-|-|-|-|-|rsmod:anma_chicken_sack_full:attack:stance1|-|-|-|-|-|-|-|-|-|-|-|-|-|-|0|-|-|-|-|-|none|none|none|none|none|rsmod
item|10487|crush|5439|-|-|-|-|-|-|-|-|-|-|-|-|-|-|rsmod:anma_chicken_sack_full:attack:stance2|-|-|-|-|-|-|-|-|-|-|-|-|-|-|1|-|-|-|-|-|none|none|none|none|none|rsmod
item|10487|crush|5439|-|-|-|-|-|-|-|-|-|-|-|-|-|-|rsmod:anma_chicken_sack_full:attack:stance4|-|-|-|-|-|-|-|-|-|-|-|-|-|-|3|-|-|-|-|-|none|none|none|none|none|rsmod
item|10491|crush|401|-|-|-|-|-|-|-|-|-|-|-|-|-|-|rsmod:anma_axe:attack:stance3|-|-|-|-|-|-|-|-|-|-|-|-|-|-|2|-|-|-|-|-|none|none|none|none|none|rsmod
item|10491|slash|395|-|-|-|-|-|-|-|-|-|-|-|-|-|-|rsmod:anma_axe:attack:stance1|-|-|-|-|-|-|-|-|-|-|-|-|-|-|0|-|-|-|-|-|none|none|none|none|none|rsmod
item|10491|slash|395|-|-|-|-|-|-|-|-|-|-|-|-|-|-|rsmod:anma_axe:attack:stance2|-|-|-|-|-|-|-|-|-|-|-|-|-|-|1|-|-|-|-|-|none|none|none|none|none|rsmod
item|10491|slash|395|-|-|-|-|-|-|-|-|-|-|-|-|-|-|rsmod:anma_axe:attack:stance4|-|-|-|-|-|-|-|-|-|-|-|-|-|-|3|-|-|-|-|-|none|none|none|none|none|rsmod
item|10501|crush|422|-|-|-|-|-|-|-|-|-|-|-|-|-|-|rsmod:gublinch_snowball:attack:stance1|-|-|-|-|-|-|-|-|-|-|-|-|-|-|0|-|-|-|-|-|none|none|none|none|none|rsmod
item|10501|crush|422|-|-|-|-|-|-|-|-|-|-|-|-|-|-|rsmod:gublinch_snowball:attack:stance4|-|-|-|-|-|-|-|-|-|-|-|-|-|-|3|-|-|-|-|-|none|none|none|none|none|rsmod
item|10501|crush|423|-|-|-|-|-|-|-|-|-|-|-|-|-|-|rsmod:gublinch_snowball:attack:stance2|-|-|-|-|-|-|-|-|-|-|-|-|-|-|1|-|-|-|-|-|none|none|none|none|none|rsmod
item|10581|slash|377|-|-|-|-|-|-|-|-|-|-|-|-|-|-|rsmod:contact_keris:attack:stance3|-|-|-|-|-|-|-|-|-|-|-|-|-|-|2|-|-|-|-|-|none|none|none|none|none|rsmod
item|10581|stab|376|-|-|-|-|-|-|-|-|-|-|-|-|-|-|rsmod:contact_keris:attack:stance1|-|-|-|-|-|-|-|-|-|-|-|-|-|-|0|-|-|-|-|-|none|none|none|none|none|rsmod
item|10581|stab|376|-|-|-|-|-|-|-|-|-|-|-|-|-|-|rsmod:contact_keris:attack:stance2|-|-|-|-|-|-|-|-|-|-|-|-|-|-|1|-|-|-|-|-|none|none|none|none|none|rsmod
item|10581|stab|376|-|-|-|-|-|-|-|-|-|-|-|-|-|-|rsmod:contact_keris:attack:stance4|-|-|-|-|-|-|-|-|-|-|-|-|-|-|3|-|-|-|-|-|none|none|none|none|none|rsmod
item|10582|slash|377|-|-|-|-|-|-|-|-|-|-|-|-|-|-|rsmod:contact_keris_p:attack:stance3|-|-|-|-|-|-|-|-|-|-|-|-|-|-|2|-|-|-|-|-|none|none|none|none|none|rsmod
item|10582|stab|376|-|-|-|-|-|-|-|-|-|-|-|-|-|-|rsmod:contact_keris_p:attack:stance1|-|-|-|-|-|-|-|-|-|-|-|-|-|-|0|-|-|-|-|-|none|none|none|none|none|rsmod
item|10582|stab|376|-|-|-|-|-|-|-|-|-|-|-|-|-|-|rsmod:contact_keris_p:attack:stance2|-|-|-|-|-|-|-|-|-|-|-|-|-|-|1|-|-|-|-|-|none|none|none|none|none|rsmod
item|10582|stab|376|-|-|-|-|-|-|-|-|-|-|-|-|-|-|rsmod:contact_keris_p:attack:stance4|-|-|-|-|-|-|-|-|-|-|-|-|-|-|3|-|-|-|-|-|none|none|none|none|none|rsmod
item|10583|slash|377|-|-|-|-|-|-|-|-|-|-|-|-|-|-|rsmod:contact_keris_p+:attack:stance3|-|-|-|-|-|-|-|-|-|-|-|-|-|-|2|-|-|-|-|-|none|none|none|none|none|rsmod
item|10583|stab|376|-|-|-|-|-|-|-|-|-|-|-|-|-|-|rsmod:contact_keris_p+:attack:stance1|-|-|-|-|-|-|-|-|-|-|-|-|-|-|0|-|-|-|-|-|none|none|none|none|none|rsmod
item|10583|stab|376|-|-|-|-|-|-|-|-|-|-|-|-|-|-|rsmod:contact_keris_p+:attack:stance2|-|-|-|-|-|-|-|-|-|-|-|-|-|-|1|-|-|-|-|-|none|none|none|none|none|rsmod
item|10583|stab|376|-|-|-|-|-|-|-|-|-|-|-|-|-|-|rsmod:contact_keris_p+:attack:stance4|-|-|-|-|-|-|-|-|-|-|-|-|-|-|3|-|-|-|-|-|none|none|none|none|none|rsmod
item|10584|slash|377|-|-|-|-|-|-|-|-|-|-|-|-|-|-|rsmod:contact_keris_p++:attack:stance3|-|-|-|-|-|-|-|-|-|-|-|-|-|-|2|-|-|-|-|-|none|none|none|none|none|rsmod
item|10584|stab|376|-|-|-|-|-|-|-|-|-|-|-|-|-|-|rsmod:contact_keris_p++:attack:stance1|-|-|-|-|-|-|-|-|-|-|-|-|-|-|0|-|-|-|-|-|none|none|none|none|none|rsmod
item|10584|stab|376|-|-|-|-|-|-|-|-|-|-|-|-|-|-|rsmod:contact_keris_p++:attack:stance2|-|-|-|-|-|-|-|-|-|-|-|-|-|-|1|-|-|-|-|-|none|none|none|none|none|rsmod
item|10584|stab|376|-|-|-|-|-|-|-|-|-|-|-|-|-|-|rsmod:contact_keris_p++:attack:stance4|-|-|-|-|-|-|-|-|-|-|-|-|-|-|3|-|-|-|-|-|none|none|none|none|none|rsmod
item|10858|crush|406|-|-|-|-|-|-|-|-|-|-|-|-|-|-|rsmod:shadow_maj_shadow_sword:attack:stance3|-|-|-|-|-|-|-|-|-|-|-|-|-|-|2|-|-|-|-|-|none|none|none|none|none|rsmod
item|10858|slash|407|-|-|-|-|-|-|-|-|-|-|-|-|-|-|rsmod:shadow_maj_shadow_sword:attack:stance1|-|-|-|-|-|-|-|-|-|-|-|-|-|-|0|-|-|-|-|-|none|none|none|none|none|rsmod
item|10858|slash|407|-|-|-|-|-|-|-|-|-|-|-|-|-|-|rsmod:shadow_maj_shadow_sword:attack:stance2|-|-|-|-|-|-|-|-|-|-|-|-|-|-|1|-|-|-|-|-|none|none|none|none|none|rsmod
item|10858|slash|407|-|-|-|-|-|-|-|-|-|-|-|-|-|-|rsmod:shadow_maj_shadow_sword:attack:stance4|-|-|-|-|-|-|-|-|-|-|-|-|-|-|3|-|-|-|-|-|none|none|none|none|none|rsmod
item|10887|crush|5865|-|-|-|-|-|-|-|-|-|-|-|-|-|-|rsmod:brain_anchor:attack:stance1|-|-|-|-|-|-|-|-|-|-|-|-|-|-|0|-|-|-|-|-|none|none|none|none|none|rsmod
item|10887|crush|5865|-|-|-|-|-|-|-|-|-|-|-|-|-|-|rsmod:brain_anchor:attack:stance2|-|-|-|-|-|-|-|-|-|-|-|-|-|-|1|-|-|-|-|-|none|none|none|none|none|rsmod
item|10887|crush|5865|-|-|-|-|-|-|-|-|-|-|-|-|-|-|rsmod:brain_anchor:attack:stance4|-|-|-|-|-|-|-|-|-|-|-|-|-|-|3|-|-|-|-|-|none|none|none|none|none|rsmod
item|10887|stab|5865|-|-|-|-|-|-|-|-|-|-|-|-|-|-|rsmod:brain_anchor:attack:stance3|-|-|-|-|-|-|-|-|-|-|-|-|-|-|2|-|-|-|-|-|none|none|none|none|none|rsmod
item|11037|slash|390|-|-|-|-|-|-|-|-|-|-|-|-|-|-|rsmod:olaf2_brine_sabre:attack:stance1|-|-|-|-|-|-|-|-|-|-|-|-|-|-|0|-|-|-|-|-|none|none|none|none|none|rsmod
item|11037|slash|390|-|-|-|-|-|-|-|-|-|-|-|-|-|-|rsmod:olaf2_brine_sabre:attack:stance2|-|-|-|-|-|-|-|-|-|-|-|-|-|-|1|-|-|-|-|-|none|none|none|none|none|rsmod
item|11037|slash|390|-|-|-|-|-|-|-|-|-|-|-|-|-|-|rsmod:olaf2_brine_sabre:attack:stance4|-|-|-|-|-|-|-|-|-|-|-|-|-|-|3|-|-|-|-|-|none|none|none|none|none|rsmod
item|11037|stab|386|-|-|-|-|-|-|-|-|-|-|-|-|-|-|rsmod:olaf2_brine_sabre:attack:stance3|-|-|-|-|-|-|-|-|-|-|-|-|-|-|2|-|-|-|-|-|none|none|none|none|none|rsmod
item|11061|crush|401|-|-|-|-|-|-|-|-|-|-|-|-|-|-|rsmod:ancient_goblin_mace:attack:stance1|-|-|-|-|-|-|-|-|-|-|-|-|-|-|0|-|-|-|-|-|none|none|none|none|none|rsmod
item|11061|crush|401|-|-|-|-|-|-|-|-|-|-|-|-|-|-|rsmod:ancient_goblin_mace:attack:stance2|-|-|-|-|-|-|-|-|-|-|-|-|-|-|1|-|-|-|-|-|none|none|none|none|none|rsmod
item|11061|crush|401|-|-|-|-|-|-|-|-|-|-|-|-|-|-|rsmod:ancient_goblin_mace:attack:stance4|-|-|-|-|-|-|-|-|-|-|-|-|-|-|3|-|-|-|-|-|none|none|none|none|none|rsmod
item|11061|stab|400|-|-|-|-|-|-|-|-|-|-|-|-|-|-|rsmod:ancient_goblin_mace:attack:stance3|-|-|-|-|-|-|-|-|-|-|-|-|-|-|2|-|-|-|-|-|none|none|none|none|none|rsmod
item|11212|ranged|-|1116|1120|-|26377|6622|2|2|-|-|-|-|-|-|-|rsmod:dragon_arrow:projectile|-|-|-|-|-|-|-|-|-|-|-|-|-|1111|-|-|-|-|-|-|travel_projectile|source_actor|target_actor|source_actor|target_actor|rsmod
item|11227|ranged|-|1116|1120|-|26377|6622|2|2|-|-|-|-|-|-|-|rsmod:dragon_arrow_p:projectile|-|-|-|-|-|-|-|-|-|-|-|-|-|1111|-|-|-|-|-|-|travel_projectile|source_actor|target_actor|source_actor|target_actor|rsmod
item|11228|ranged|-|1116|1120|-|26377|6622|2|2|-|-|-|-|-|-|-|rsmod:dragon_arrow_p+:projectile|-|-|-|-|-|-|-|-|-|-|-|-|-|1111|-|-|-|-|-|-|travel_projectile|source_actor|target_actor|source_actor|target_actor|rsmod
item|11229|ranged|-|1116|1120|-|26377|6622|2|2|-|-|-|-|-|-|-|rsmod:dragon_arrow_p++:projectile|-|-|-|-|-|-|-|-|-|-|-|-|-|1111|-|-|-|-|-|-|travel_projectile|source_actor|target_actor|source_actor|target_actor|rsmod
item|11230|ranged|-|1123|1122|-|26379|6622|2|2|163|146|32|15|0|11|5|rsmod:dragon_dart:projectile|-|-|-|-|-|-|-|-|-|-|-|-|-|-|-|-|-|-|-|-|travel_projectile|source_actor|target_actor|source_actor|target_actor|rsmod
item|11230|ranged|7554|-|-|-|-|-|2|2|163|146|32|15|0|11|5|rsmod:dragon_dart:attack:stance1|-|-|-|-|-|-|-|-|-|-|-|-|-|-|0|-|-|-|-|-|none|none|none|none|none|rsmod
item|11230|ranged|7554|-|-|-|-|-|2|2|163|146|32|15|0|11|5|rsmod:dragon_dart:attack:stance2|-|-|-|-|-|-|-|-|-|-|-|-|-|-|1|-|-|-|-|-|none|none|none|none|none|rsmod
item|11230|ranged|7554|-|-|-|-|-|2|2|163|146|32|15|0|11|5|rsmod:dragon_dart:attack:stance4|-|-|-|-|-|-|-|-|-|-|-|-|-|-|3|-|-|-|-|-|none|none|none|none|none|rsmod
item|11231|ranged|-|1123|1122|-|26379|6622|2|2|163|146|32|15|0|11|5|rsmod:dragon_dart_p:projectile|-|-|-|-|-|-|-|-|-|-|-|-|-|-|-|-|-|-|-|-|travel_projectile|source_actor|target_actor|source_actor|target_actor|rsmod
item|11231|ranged|7554|-|-|-|-|-|2|2|163|146|32|15|0|11|5|rsmod:dragon_dart_p:attack:stance1|-|-|-|-|-|-|-|-|-|-|-|-|-|-|0|-|-|-|-|-|none|none|none|none|none|rsmod
item|11231|ranged|7554|-|-|-|-|-|2|2|163|146|32|15|0|11|5|rsmod:dragon_dart_p:attack:stance2|-|-|-|-|-|-|-|-|-|-|-|-|-|-|1|-|-|-|-|-|none|none|none|none|none|rsmod
item|11231|ranged|7554|-|-|-|-|-|2|2|163|146|32|15|0|11|5|rsmod:dragon_dart_p:attack:stance4|-|-|-|-|-|-|-|-|-|-|-|-|-|-|3|-|-|-|-|-|none|none|none|none|none|rsmod
item|11233|ranged|-|1123|1122|-|26379|6622|2|2|163|146|32|15|0|11|5|rsmod:dragon_dart_p+:projectile|-|-|-|-|-|-|-|-|-|-|-|-|-|-|-|-|-|-|-|-|travel_projectile|source_actor|target_actor|source_actor|target_actor|rsmod
item|11233|ranged|7554|-|-|-|-|-|2|2|163|146|32|15|0|11|5|rsmod:dragon_dart_p+:attack:stance1|-|-|-|-|-|-|-|-|-|-|-|-|-|-|0|-|-|-|-|-|none|none|none|none|none|rsmod
item|11233|ranged|7554|-|-|-|-|-|2|2|163|146|32|15|0|11|5|rsmod:dragon_dart_p+:attack:stance2|-|-|-|-|-|-|-|-|-|-|-|-|-|-|1|-|-|-|-|-|none|none|none|none|none|rsmod
item|11233|ranged|7554|-|-|-|-|-|2|2|163|146|32|15|0|11|5|rsmod:dragon_dart_p+:attack:stance4|-|-|-|-|-|-|-|-|-|-|-|-|-|-|3|-|-|-|-|-|none|none|none|none|none|rsmod
item|11234|ranged|-|1123|1122|-|26379|6622|2|2|163|146|32|15|0|11|5|rsmod:dragon_dart_p++:projectile|-|-|-|-|-|-|-|-|-|-|-|-|-|-|-|-|-|-|-|-|travel_projectile|source_actor|target_actor|source_actor|target_actor|rsmod
item|11234|ranged|7554|-|-|-|-|-|2|2|163|146|32|15|0|11|5|rsmod:dragon_dart_p++:attack:stance1|-|-|-|-|-|-|-|-|-|-|-|-|-|-|0|-|-|-|-|-|none|none|none|none|none|rsmod
item|11234|ranged|7554|-|-|-|-|-|2|2|163|146|32|15|0|11|5|rsmod:dragon_dart_p++:attack:stance2|-|-|-|-|-|-|-|-|-|-|-|-|-|-|1|-|-|-|-|-|none|none|none|none|none|rsmod
item|11234|ranged|7554|-|-|-|-|-|2|2|163|146|32|15|0|11|5|rsmod:dragon_dart_p++:attack:stance4|-|-|-|-|-|-|-|-|-|-|-|-|-|-|3|-|-|-|-|-|none|none|none|none|none|rsmod
item|11235|ranged|426|-|-|-|-|-|3|3|163|146|41|15|5|11|5|rsmod:darkbow:attack:stance1|-|-|-|-|-|-|-|-|-|-|-|-|-|-|0|-|-|-|-|-|none|none|none|none|none|rsmod
item|11235|ranged|426|-|-|-|-|-|3|3|163|146|41|15|5|11|5|rsmod:darkbow:attack:stance2|-|-|-|-|-|-|-|-|-|-|-|-|-|-|1|-|-|-|-|-|none|none|none|none|none|rsmod
item|11235|ranged|426|-|-|-|-|-|3|3|163|146|41|15|5|11|5|rsmod:darkbow:attack:stance4|-|-|-|-|-|-|-|-|-|-|-|-|-|-|3|-|-|-|-|-|none|none|none|none|none|rsmod
item|11259|crush|429|-|-|-|-|-|-|-|-|-|-|-|-|-|-|rsmod:ii_magic_butterfly_net:attack:stance3|-|-|-|-|-|-|-|-|-|-|-|-|-|-|2|-|-|-|-|-|none|none|none|none|none|rsmod
item|11259|slash|440|-|-|-|-|-|-|-|-|-|-|-|-|-|-|rsmod:ii_magic_butterfly_net:attack:stance2|-|-|-|-|-|-|-|-|-|-|-|-|-|-|1|-|-|-|-|-|none|none|none|none|none|rsmod
item|11259|stab|428|-|-|-|-|-|-|-|-|-|-|-|-|-|-|rsmod:ii_magic_butterfly_net:attack:stance1|-|-|-|-|-|-|-|-|-|-|-|-|-|-|0|-|-|-|-|-|none|none|none|none|none|rsmod
item|11259|stab|428|-|-|-|-|-|-|-|-|-|-|-|-|-|-|rsmod:ii_magic_butterfly_net:attack:stance4|-|-|-|-|-|-|-|-|-|-|-|-|-|-|3|-|-|-|-|-|none|none|none|none|none|rsmod
item|11367|crush|429|-|-|-|-|-|-|-|-|-|-|-|-|-|-|rsmod:brut_bronze_spear:attack:stance3|-|-|-|-|-|-|-|-|-|-|-|-|-|-|2|-|-|-|-|-|none|none|none|none|none|rsmod
item|11367|slash|440|-|-|-|-|-|-|-|-|-|-|-|-|-|-|rsmod:brut_bronze_spear:attack:stance2|-|-|-|-|-|-|-|-|-|-|-|-|-|-|1|-|-|-|-|-|none|none|none|none|none|rsmod
item|11367|stab|428|-|-|-|-|-|-|-|-|-|-|-|-|-|-|rsmod:brut_bronze_spear:attack:stance1|-|-|-|-|-|-|-|-|-|-|-|-|-|-|0|-|-|-|-|-|none|none|none|none|none|rsmod
item|11367|stab|428|-|-|-|-|-|-|-|-|-|-|-|-|-|-|rsmod:brut_bronze_spear:attack:stance4|-|-|-|-|-|-|-|-|-|-|-|-|-|-|3|-|-|-|-|-|none|none|none|none|none|rsmod
item|11369|crush|429|-|-|-|-|-|-|-|-|-|-|-|-|-|-|rsmod:brut_iron_spear:attack:stance3|-|-|-|-|-|-|-|-|-|-|-|-|-|-|2|-|-|-|-|-|none|none|none|none|none|rsmod
item|11369|slash|440|-|-|-|-|-|-|-|-|-|-|-|-|-|-|rsmod:brut_iron_spear:attack:stance2|-|-|-|-|-|-|-|-|-|-|-|-|-|-|1|-|-|-|-|-|none|none|none|none|none|rsmod
item|11369|stab|428|-|-|-|-|-|-|-|-|-|-|-|-|-|-|rsmod:brut_iron_spear:attack:stance1|-|-|-|-|-|-|-|-|-|-|-|-|-|-|0|-|-|-|-|-|none|none|none|none|none|rsmod
item|11369|stab|428|-|-|-|-|-|-|-|-|-|-|-|-|-|-|rsmod:brut_iron_spear:attack:stance4|-|-|-|-|-|-|-|-|-|-|-|-|-|-|3|-|-|-|-|-|none|none|none|none|none|rsmod
item|11371|crush|429|-|-|-|-|-|-|-|-|-|-|-|-|-|-|rsmod:brut_steel_spear:attack:stance3|-|-|-|-|-|-|-|-|-|-|-|-|-|-|2|-|-|-|-|-|none|none|none|none|none|rsmod
item|11371|slash|440|-|-|-|-|-|-|-|-|-|-|-|-|-|-|rsmod:brut_steel_spear:attack:stance2|-|-|-|-|-|-|-|-|-|-|-|-|-|-|1|-|-|-|-|-|none|none|none|none|none|rsmod
item|11371|stab|428|-|-|-|-|-|-|-|-|-|-|-|-|-|-|rsmod:brut_steel_spear:attack:stance1|-|-|-|-|-|-|-|-|-|-|-|-|-|-|0|-|-|-|-|-|none|none|none|none|none|rsmod
item|11371|stab|428|-|-|-|-|-|-|-|-|-|-|-|-|-|-|rsmod:brut_steel_spear:attack:stance4|-|-|-|-|-|-|-|-|-|-|-|-|-|-|3|-|-|-|-|-|none|none|none|none|none|rsmod
item|11373|crush|429|-|-|-|-|-|-|-|-|-|-|-|-|-|-|rsmod:brut_mithril_spear:attack:stance3|-|-|-|-|-|-|-|-|-|-|-|-|-|-|2|-|-|-|-|-|none|none|none|none|none|rsmod
item|11373|slash|440|-|-|-|-|-|-|-|-|-|-|-|-|-|-|rsmod:brut_mithril_spear:attack:stance2|-|-|-|-|-|-|-|-|-|-|-|-|-|-|1|-|-|-|-|-|none|none|none|none|none|rsmod
item|11373|stab|428|-|-|-|-|-|-|-|-|-|-|-|-|-|-|rsmod:brut_mithril_spear:attack:stance1|-|-|-|-|-|-|-|-|-|-|-|-|-|-|0|-|-|-|-|-|none|none|none|none|none|rsmod
item|11373|stab|428|-|-|-|-|-|-|-|-|-|-|-|-|-|-|rsmod:brut_mithril_spear:attack:stance4|-|-|-|-|-|-|-|-|-|-|-|-|-|-|3|-|-|-|-|-|none|none|none|none|none|rsmod
item|11375|crush|429|-|-|-|-|-|-|-|-|-|-|-|-|-|-|rsmod:brut_adamant_spear:attack:stance3|-|-|-|-|-|-|-|-|-|-|-|-|-|-|2|-|-|-|-|-|none|none|none|none|none|rsmod
item|11375|slash|440|-|-|-|-|-|-|-|-|-|-|-|-|-|-|rsmod:brut_adamant_spear:attack:stance2|-|-|-|-|-|-|-|-|-|-|-|-|-|-|1|-|-|-|-|-|none|none|none|none|none|rsmod
item|11375|stab|428|-|-|-|-|-|-|-|-|-|-|-|-|-|-|rsmod:brut_adamant_spear:attack:stance1|-|-|-|-|-|-|-|-|-|-|-|-|-|-|0|-|-|-|-|-|none|none|none|none|none|rsmod
item|11375|stab|428|-|-|-|-|-|-|-|-|-|-|-|-|-|-|rsmod:brut_adamant_spear:attack:stance4|-|-|-|-|-|-|-|-|-|-|-|-|-|-|3|-|-|-|-|-|none|none|none|none|none|rsmod
item|11377|crush|429|-|-|-|-|-|-|-|-|-|-|-|-|-|-|rsmod:brut_rune_spear:attack:stance3|-|-|-|-|-|-|-|-|-|-|-|-|-|-|2|-|-|-|-|-|none|none|none|none|none|rsmod
item|11377|slash|440|-|-|-|-|-|-|-|-|-|-|-|-|-|-|rsmod:brut_rune_spear:attack:stance2|-|-|-|-|-|-|-|-|-|-|-|-|-|-|1|-|-|-|-|-|none|none|none|none|none|rsmod
item|11377|stab|428|-|-|-|-|-|-|-|-|-|-|-|-|-|-|rsmod:brut_rune_spear:attack:stance1|-|-|-|-|-|-|-|-|-|-|-|-|-|-|0|-|-|-|-|-|none|none|none|none|none|rsmod
item|11377|stab|428|-|-|-|-|-|-|-|-|-|-|-|-|-|-|rsmod:brut_rune_spear:attack:stance4|-|-|-|-|-|-|-|-|-|-|-|-|-|-|3|-|-|-|-|-|none|none|none|none|none|rsmod
item|11379|crush|429|-|-|-|-|-|-|-|-|-|-|-|-|-|-|rsmod:brut_bronze_spear_p:attack:stance3|-|-|-|-|-|-|-|-|-|-|-|-|-|-|2|-|-|-|-|-|none|none|none|none|none|rsmod
item|11379|slash|440|-|-|-|-|-|-|-|-|-|-|-|-|-|-|rsmod:brut_bronze_spear_p:attack:stance2|-|-|-|-|-|-|-|-|-|-|-|-|-|-|1|-|-|-|-|-|none|none|none|none|none|rsmod
item|11379|stab|428|-|-|-|-|-|-|-|-|-|-|-|-|-|-|rsmod:brut_bronze_spear_p:attack:stance1|-|-|-|-|-|-|-|-|-|-|-|-|-|-|0|-|-|-|-|-|none|none|none|none|none|rsmod
item|11379|stab|428|-|-|-|-|-|-|-|-|-|-|-|-|-|-|rsmod:brut_bronze_spear_p:attack:stance4|-|-|-|-|-|-|-|-|-|-|-|-|-|-|3|-|-|-|-|-|none|none|none|none|none|rsmod
item|11381|crush|429|-|-|-|-|-|-|-|-|-|-|-|-|-|-|rsmod:brut_bronze_spear_kp:attack:stance3|-|-|-|-|-|-|-|-|-|-|-|-|-|-|2|-|-|-|-|-|none|none|none|none|none|rsmod
item|11381|slash|440|-|-|-|-|-|-|-|-|-|-|-|-|-|-|rsmod:brut_bronze_spear_kp:attack:stance2|-|-|-|-|-|-|-|-|-|-|-|-|-|-|1|-|-|-|-|-|none|none|none|none|none|rsmod
item|11381|stab|428|-|-|-|-|-|-|-|-|-|-|-|-|-|-|rsmod:brut_bronze_spear_kp:attack:stance1|-|-|-|-|-|-|-|-|-|-|-|-|-|-|0|-|-|-|-|-|none|none|none|none|none|rsmod
item|11381|stab|428|-|-|-|-|-|-|-|-|-|-|-|-|-|-|rsmod:brut_bronze_spear_kp:attack:stance4|-|-|-|-|-|-|-|-|-|-|-|-|-|-|3|-|-|-|-|-|none|none|none|none|none|rsmod
item|11382|crush|429|-|-|-|-|-|-|-|-|-|-|-|-|-|-|rsmod:brut_bronze_spear_p+:attack:stance3|-|-|-|-|-|-|-|-|-|-|-|-|-|-|2|-|-|-|-|-|none|none|none|none|none|rsmod
item|11382|slash|440|-|-|-|-|-|-|-|-|-|-|-|-|-|-|rsmod:brut_bronze_spear_p+:attack:stance2|-|-|-|-|-|-|-|-|-|-|-|-|-|-|1|-|-|-|-|-|none|none|none|none|none|rsmod
item|11382|stab|428|-|-|-|-|-|-|-|-|-|-|-|-|-|-|rsmod:brut_bronze_spear_p+:attack:stance1|-|-|-|-|-|-|-|-|-|-|-|-|-|-|0|-|-|-|-|-|none|none|none|none|none|rsmod
item|11382|stab|428|-|-|-|-|-|-|-|-|-|-|-|-|-|-|rsmod:brut_bronze_spear_p+:attack:stance4|-|-|-|-|-|-|-|-|-|-|-|-|-|-|3|-|-|-|-|-|none|none|none|none|none|rsmod
item|11384|crush|429|-|-|-|-|-|-|-|-|-|-|-|-|-|-|rsmod:brut_bronze_spear_p++:attack:stance3|-|-|-|-|-|-|-|-|-|-|-|-|-|-|2|-|-|-|-|-|none|none|none|none|none|rsmod
item|11384|slash|440|-|-|-|-|-|-|-|-|-|-|-|-|-|-|rsmod:brut_bronze_spear_p++:attack:stance2|-|-|-|-|-|-|-|-|-|-|-|-|-|-|1|-|-|-|-|-|none|none|none|none|none|rsmod
item|11384|stab|428|-|-|-|-|-|-|-|-|-|-|-|-|-|-|rsmod:brut_bronze_spear_p++:attack:stance1|-|-|-|-|-|-|-|-|-|-|-|-|-|-|0|-|-|-|-|-|none|none|none|none|none|rsmod
item|11384|stab|428|-|-|-|-|-|-|-|-|-|-|-|-|-|-|rsmod:brut_bronze_spear_p++:attack:stance4|-|-|-|-|-|-|-|-|-|-|-|-|-|-|3|-|-|-|-|-|none|none|none|none|none|rsmod
item|11386|crush|429|-|-|-|-|-|-|-|-|-|-|-|-|-|-|rsmod:brut_iron_spear_p:attack:stance3|-|-|-|-|-|-|-|-|-|-|-|-|-|-|2|-|-|-|-|-|none|none|none|none|none|rsmod
item|11386|slash|440|-|-|-|-|-|-|-|-|-|-|-|-|-|-|rsmod:brut_iron_spear_p:attack:stance2|-|-|-|-|-|-|-|-|-|-|-|-|-|-|1|-|-|-|-|-|none|none|none|none|none|rsmod
item|11386|stab|428|-|-|-|-|-|-|-|-|-|-|-|-|-|-|rsmod:brut_iron_spear_p:attack:stance1|-|-|-|-|-|-|-|-|-|-|-|-|-|-|0|-|-|-|-|-|none|none|none|none|none|rsmod
item|11386|stab|428|-|-|-|-|-|-|-|-|-|-|-|-|-|-|rsmod:brut_iron_spear_p:attack:stance4|-|-|-|-|-|-|-|-|-|-|-|-|-|-|3|-|-|-|-|-|none|none|none|none|none|rsmod
item|11388|crush|429|-|-|-|-|-|-|-|-|-|-|-|-|-|-|rsmod:brut_iron_spear_kp:attack:stance3|-|-|-|-|-|-|-|-|-|-|-|-|-|-|2|-|-|-|-|-|none|none|none|none|none|rsmod
item|11388|slash|440|-|-|-|-|-|-|-|-|-|-|-|-|-|-|rsmod:brut_iron_spear_kp:attack:stance2|-|-|-|-|-|-|-|-|-|-|-|-|-|-|1|-|-|-|-|-|none|none|none|none|none|rsmod
item|11388|stab|428|-|-|-|-|-|-|-|-|-|-|-|-|-|-|rsmod:brut_iron_spear_kp:attack:stance1|-|-|-|-|-|-|-|-|-|-|-|-|-|-|0|-|-|-|-|-|none|none|none|none|none|rsmod
item|11388|stab|428|-|-|-|-|-|-|-|-|-|-|-|-|-|-|rsmod:brut_iron_spear_kp:attack:stance4|-|-|-|-|-|-|-|-|-|-|-|-|-|-|3|-|-|-|-|-|none|none|none|none|none|rsmod
item|11389|crush|429|-|-|-|-|-|-|-|-|-|-|-|-|-|-|rsmod:brut_iron_spear_p+:attack:stance3|-|-|-|-|-|-|-|-|-|-|-|-|-|-|2|-|-|-|-|-|none|none|none|none|none|rsmod
item|11389|slash|440|-|-|-|-|-|-|-|-|-|-|-|-|-|-|rsmod:brut_iron_spear_p+:attack:stance2|-|-|-|-|-|-|-|-|-|-|-|-|-|-|1|-|-|-|-|-|none|none|none|none|none|rsmod
item|11389|stab|428|-|-|-|-|-|-|-|-|-|-|-|-|-|-|rsmod:brut_iron_spear_p+:attack:stance1|-|-|-|-|-|-|-|-|-|-|-|-|-|-|0|-|-|-|-|-|none|none|none|none|none|rsmod
item|11389|stab|428|-|-|-|-|-|-|-|-|-|-|-|-|-|-|rsmod:brut_iron_spear_p+:attack:stance4|-|-|-|-|-|-|-|-|-|-|-|-|-|-|3|-|-|-|-|-|none|none|none|none|none|rsmod
item|11391|crush|429|-|-|-|-|-|-|-|-|-|-|-|-|-|-|rsmod:brut_iron_spear_p++:attack:stance3|-|-|-|-|-|-|-|-|-|-|-|-|-|-|2|-|-|-|-|-|none|none|none|none|none|rsmod
item|11391|slash|440|-|-|-|-|-|-|-|-|-|-|-|-|-|-|rsmod:brut_iron_spear_p++:attack:stance2|-|-|-|-|-|-|-|-|-|-|-|-|-|-|1|-|-|-|-|-|none|none|none|none|none|rsmod
item|11391|stab|428|-|-|-|-|-|-|-|-|-|-|-|-|-|-|rsmod:brut_iron_spear_p++:attack:stance1|-|-|-|-|-|-|-|-|-|-|-|-|-|-|0|-|-|-|-|-|none|none|none|none|none|rsmod
item|11391|stab|428|-|-|-|-|-|-|-|-|-|-|-|-|-|-|rsmod:brut_iron_spear_p++:attack:stance4|-|-|-|-|-|-|-|-|-|-|-|-|-|-|3|-|-|-|-|-|none|none|none|none|none|rsmod
item|11393|crush|429|-|-|-|-|-|-|-|-|-|-|-|-|-|-|rsmod:brut_steel_spear_p:attack:stance3|-|-|-|-|-|-|-|-|-|-|-|-|-|-|2|-|-|-|-|-|none|none|none|none|none|rsmod
item|11393|slash|440|-|-|-|-|-|-|-|-|-|-|-|-|-|-|rsmod:brut_steel_spear_p:attack:stance2|-|-|-|-|-|-|-|-|-|-|-|-|-|-|1|-|-|-|-|-|none|none|none|none|none|rsmod
item|11393|stab|428|-|-|-|-|-|-|-|-|-|-|-|-|-|-|rsmod:brut_steel_spear_p:attack:stance1|-|-|-|-|-|-|-|-|-|-|-|-|-|-|0|-|-|-|-|-|none|none|none|none|none|rsmod
item|11393|stab|428|-|-|-|-|-|-|-|-|-|-|-|-|-|-|rsmod:brut_steel_spear_p:attack:stance4|-|-|-|-|-|-|-|-|-|-|-|-|-|-|3|-|-|-|-|-|none|none|none|none|none|rsmod
item|11395|crush|429|-|-|-|-|-|-|-|-|-|-|-|-|-|-|rsmod:brut_steel_spear_kp:attack:stance3|-|-|-|-|-|-|-|-|-|-|-|-|-|-|2|-|-|-|-|-|none|none|none|none|none|rsmod
item|11395|slash|440|-|-|-|-|-|-|-|-|-|-|-|-|-|-|rsmod:brut_steel_spear_kp:attack:stance2|-|-|-|-|-|-|-|-|-|-|-|-|-|-|1|-|-|-|-|-|none|none|none|none|none|rsmod
item|11395|stab|428|-|-|-|-|-|-|-|-|-|-|-|-|-|-|rsmod:brut_steel_spear_kp:attack:stance1|-|-|-|-|-|-|-|-|-|-|-|-|-|-|0|-|-|-|-|-|none|none|none|none|none|rsmod
item|11395|stab|428|-|-|-|-|-|-|-|-|-|-|-|-|-|-|rsmod:brut_steel_spear_kp:attack:stance4|-|-|-|-|-|-|-|-|-|-|-|-|-|-|3|-|-|-|-|-|none|none|none|none|none|rsmod
item|11396|crush|429|-|-|-|-|-|-|-|-|-|-|-|-|-|-|rsmod:brut_steel_spear_p+:attack:stance3|-|-|-|-|-|-|-|-|-|-|-|-|-|-|2|-|-|-|-|-|none|none|none|none|none|rsmod
item|11396|slash|440|-|-|-|-|-|-|-|-|-|-|-|-|-|-|rsmod:brut_steel_spear_p+:attack:stance2|-|-|-|-|-|-|-|-|-|-|-|-|-|-|1|-|-|-|-|-|none|none|none|none|none|rsmod
item|11396|stab|428|-|-|-|-|-|-|-|-|-|-|-|-|-|-|rsmod:brut_steel_spear_p+:attack:stance1|-|-|-|-|-|-|-|-|-|-|-|-|-|-|0|-|-|-|-|-|none|none|none|none|none|rsmod
item|11396|stab|428|-|-|-|-|-|-|-|-|-|-|-|-|-|-|rsmod:brut_steel_spear_p+:attack:stance4|-|-|-|-|-|-|-|-|-|-|-|-|-|-|3|-|-|-|-|-|none|none|none|none|none|rsmod
item|11398|crush|429|-|-|-|-|-|-|-|-|-|-|-|-|-|-|rsmod:brut_steel_spear_p++:attack:stance3|-|-|-|-|-|-|-|-|-|-|-|-|-|-|2|-|-|-|-|-|none|none|none|none|none|rsmod
item|11398|slash|440|-|-|-|-|-|-|-|-|-|-|-|-|-|-|rsmod:brut_steel_spear_p++:attack:stance2|-|-|-|-|-|-|-|-|-|-|-|-|-|-|1|-|-|-|-|-|none|none|none|none|none|rsmod
item|11398|stab|428|-|-|-|-|-|-|-|-|-|-|-|-|-|-|rsmod:brut_steel_spear_p++:attack:stance1|-|-|-|-|-|-|-|-|-|-|-|-|-|-|0|-|-|-|-|-|none|none|none|none|none|rsmod
item|11398|stab|428|-|-|-|-|-|-|-|-|-|-|-|-|-|-|rsmod:brut_steel_spear_p++:attack:stance4|-|-|-|-|-|-|-|-|-|-|-|-|-|-|3|-|-|-|-|-|none|none|none|none|none|rsmod
item|11400|crush|429|-|-|-|-|-|-|-|-|-|-|-|-|-|-|rsmod:brut_mithril_spear_p:attack:stance3|-|-|-|-|-|-|-|-|-|-|-|-|-|-|2|-|-|-|-|-|none|none|none|none|none|rsmod
item|11400|slash|440|-|-|-|-|-|-|-|-|-|-|-|-|-|-|rsmod:brut_mithril_spear_p:attack:stance2|-|-|-|-|-|-|-|-|-|-|-|-|-|-|1|-|-|-|-|-|none|none|none|none|none|rsmod
item|11400|stab|428|-|-|-|-|-|-|-|-|-|-|-|-|-|-|rsmod:brut_mithril_spear_p:attack:stance1|-|-|-|-|-|-|-|-|-|-|-|-|-|-|0|-|-|-|-|-|none|none|none|none|none|rsmod
item|11400|stab|428|-|-|-|-|-|-|-|-|-|-|-|-|-|-|rsmod:brut_mithril_spear_p:attack:stance4|-|-|-|-|-|-|-|-|-|-|-|-|-|-|3|-|-|-|-|-|none|none|none|none|none|rsmod
item|11402|crush|429|-|-|-|-|-|-|-|-|-|-|-|-|-|-|rsmod:brut_mithril_spear_kp:attack:stance3|-|-|-|-|-|-|-|-|-|-|-|-|-|-|2|-|-|-|-|-|none|none|none|none|none|rsmod
item|11402|slash|440|-|-|-|-|-|-|-|-|-|-|-|-|-|-|rsmod:brut_mithril_spear_kp:attack:stance2|-|-|-|-|-|-|-|-|-|-|-|-|-|-|1|-|-|-|-|-|none|none|none|none|none|rsmod
item|11402|stab|428|-|-|-|-|-|-|-|-|-|-|-|-|-|-|rsmod:brut_mithril_spear_kp:attack:stance1|-|-|-|-|-|-|-|-|-|-|-|-|-|-|0|-|-|-|-|-|none|none|none|none|none|rsmod
item|11402|stab|428|-|-|-|-|-|-|-|-|-|-|-|-|-|-|rsmod:brut_mithril_spear_kp:attack:stance4|-|-|-|-|-|-|-|-|-|-|-|-|-|-|3|-|-|-|-|-|none|none|none|none|none|rsmod
item|11403|crush|429|-|-|-|-|-|-|-|-|-|-|-|-|-|-|rsmod:brut_mithril_spear_p+:attack:stance3|-|-|-|-|-|-|-|-|-|-|-|-|-|-|2|-|-|-|-|-|none|none|none|none|none|rsmod
item|11403|slash|440|-|-|-|-|-|-|-|-|-|-|-|-|-|-|rsmod:brut_mithril_spear_p+:attack:stance2|-|-|-|-|-|-|-|-|-|-|-|-|-|-|1|-|-|-|-|-|none|none|none|none|none|rsmod
item|11403|stab|428|-|-|-|-|-|-|-|-|-|-|-|-|-|-|rsmod:brut_mithril_spear_p+:attack:stance1|-|-|-|-|-|-|-|-|-|-|-|-|-|-|0|-|-|-|-|-|none|none|none|none|none|rsmod
item|11403|stab|428|-|-|-|-|-|-|-|-|-|-|-|-|-|-|rsmod:brut_mithril_spear_p+:attack:stance4|-|-|-|-|-|-|-|-|-|-|-|-|-|-|3|-|-|-|-|-|none|none|none|none|none|rsmod
item|11405|crush|429|-|-|-|-|-|-|-|-|-|-|-|-|-|-|rsmod:brut_mithril_spear_p++:attack:stance3|-|-|-|-|-|-|-|-|-|-|-|-|-|-|2|-|-|-|-|-|none|none|none|none|none|rsmod
item|11405|slash|440|-|-|-|-|-|-|-|-|-|-|-|-|-|-|rsmod:brut_mithril_spear_p++:attack:stance2|-|-|-|-|-|-|-|-|-|-|-|-|-|-|1|-|-|-|-|-|none|none|none|none|none|rsmod
item|11405|stab|428|-|-|-|-|-|-|-|-|-|-|-|-|-|-|rsmod:brut_mithril_spear_p++:attack:stance1|-|-|-|-|-|-|-|-|-|-|-|-|-|-|0|-|-|-|-|-|none|none|none|none|none|rsmod
item|11405|stab|428|-|-|-|-|-|-|-|-|-|-|-|-|-|-|rsmod:brut_mithril_spear_p++:attack:stance4|-|-|-|-|-|-|-|-|-|-|-|-|-|-|3|-|-|-|-|-|none|none|none|none|none|rsmod
item|11407|crush|429|-|-|-|-|-|-|-|-|-|-|-|-|-|-|rsmod:brut_adamant_spear_p:attack:stance3|-|-|-|-|-|-|-|-|-|-|-|-|-|-|2|-|-|-|-|-|none|none|none|none|none|rsmod
item|11407|slash|440|-|-|-|-|-|-|-|-|-|-|-|-|-|-|rsmod:brut_adamant_spear_p:attack:stance2|-|-|-|-|-|-|-|-|-|-|-|-|-|-|1|-|-|-|-|-|none|none|none|none|none|rsmod
item|11407|stab|428|-|-|-|-|-|-|-|-|-|-|-|-|-|-|rsmod:brut_adamant_spear_p:attack:stance1|-|-|-|-|-|-|-|-|-|-|-|-|-|-|0|-|-|-|-|-|none|none|none|none|none|rsmod
item|11407|stab|428|-|-|-|-|-|-|-|-|-|-|-|-|-|-|rsmod:brut_adamant_spear_p:attack:stance4|-|-|-|-|-|-|-|-|-|-|-|-|-|-|3|-|-|-|-|-|none|none|none|none|none|rsmod
item|11409|crush|429|-|-|-|-|-|-|-|-|-|-|-|-|-|-|rsmod:brut_adamant_spear_kp:attack:stance3|-|-|-|-|-|-|-|-|-|-|-|-|-|-|2|-|-|-|-|-|none|none|none|none|none|rsmod
item|11409|slash|440|-|-|-|-|-|-|-|-|-|-|-|-|-|-|rsmod:brut_adamant_spear_kp:attack:stance2|-|-|-|-|-|-|-|-|-|-|-|-|-|-|1|-|-|-|-|-|none|none|none|none|none|rsmod
item|11409|stab|428|-|-|-|-|-|-|-|-|-|-|-|-|-|-|rsmod:brut_adamant_spear_kp:attack:stance1|-|-|-|-|-|-|-|-|-|-|-|-|-|-|0|-|-|-|-|-|none|none|none|none|none|rsmod
item|11409|stab|428|-|-|-|-|-|-|-|-|-|-|-|-|-|-|rsmod:brut_adamant_spear_kp:attack:stance4|-|-|-|-|-|-|-|-|-|-|-|-|-|-|3|-|-|-|-|-|none|none|none|none|none|rsmod
item|11410|crush|429|-|-|-|-|-|-|-|-|-|-|-|-|-|-|rsmod:brut_adamant_spear_p+:attack:stance3|-|-|-|-|-|-|-|-|-|-|-|-|-|-|2|-|-|-|-|-|none|none|none|none|none|rsmod
item|11410|slash|440|-|-|-|-|-|-|-|-|-|-|-|-|-|-|rsmod:brut_adamant_spear_p+:attack:stance2|-|-|-|-|-|-|-|-|-|-|-|-|-|-|1|-|-|-|-|-|none|none|none|none|none|rsmod
item|11410|stab|428|-|-|-|-|-|-|-|-|-|-|-|-|-|-|rsmod:brut_adamant_spear_p+:attack:stance1|-|-|-|-|-|-|-|-|-|-|-|-|-|-|0|-|-|-|-|-|none|none|none|none|none|rsmod
item|11410|stab|428|-|-|-|-|-|-|-|-|-|-|-|-|-|-|rsmod:brut_adamant_spear_p+:attack:stance4|-|-|-|-|-|-|-|-|-|-|-|-|-|-|3|-|-|-|-|-|none|none|none|none|none|rsmod
item|11412|crush|429|-|-|-|-|-|-|-|-|-|-|-|-|-|-|rsmod:brut_adamant_spear_p++:attack:stance3|-|-|-|-|-|-|-|-|-|-|-|-|-|-|2|-|-|-|-|-|none|none|none|none|none|rsmod
item|11412|slash|440|-|-|-|-|-|-|-|-|-|-|-|-|-|-|rsmod:brut_adamant_spear_p++:attack:stance2|-|-|-|-|-|-|-|-|-|-|-|-|-|-|1|-|-|-|-|-|none|none|none|none|none|rsmod
item|11412|stab|428|-|-|-|-|-|-|-|-|-|-|-|-|-|-|rsmod:brut_adamant_spear_p++:attack:stance1|-|-|-|-|-|-|-|-|-|-|-|-|-|-|0|-|-|-|-|-|none|none|none|none|none|rsmod
item|11412|stab|428|-|-|-|-|-|-|-|-|-|-|-|-|-|-|rsmod:brut_adamant_spear_p++:attack:stance4|-|-|-|-|-|-|-|-|-|-|-|-|-|-|3|-|-|-|-|-|none|none|none|none|none|rsmod
item|11414|crush|429|-|-|-|-|-|-|-|-|-|-|-|-|-|-|rsmod:brut_rune_spear_p:attack:stance3|-|-|-|-|-|-|-|-|-|-|-|-|-|-|2|-|-|-|-|-|none|none|none|none|none|rsmod
item|11414|slash|440|-|-|-|-|-|-|-|-|-|-|-|-|-|-|rsmod:brut_rune_spear_p:attack:stance2|-|-|-|-|-|-|-|-|-|-|-|-|-|-|1|-|-|-|-|-|none|none|none|none|none|rsmod
item|11414|stab|428|-|-|-|-|-|-|-|-|-|-|-|-|-|-|rsmod:brut_rune_spear_p:attack:stance1|-|-|-|-|-|-|-|-|-|-|-|-|-|-|0|-|-|-|-|-|none|none|none|none|none|rsmod
item|11414|stab|428|-|-|-|-|-|-|-|-|-|-|-|-|-|-|rsmod:brut_rune_spear_p:attack:stance4|-|-|-|-|-|-|-|-|-|-|-|-|-|-|3|-|-|-|-|-|none|none|none|none|none|rsmod
item|11416|crush|429|-|-|-|-|-|-|-|-|-|-|-|-|-|-|rsmod:brut_rune_spear_kp:attack:stance3|-|-|-|-|-|-|-|-|-|-|-|-|-|-|2|-|-|-|-|-|none|none|none|none|none|rsmod
item|11416|slash|440|-|-|-|-|-|-|-|-|-|-|-|-|-|-|rsmod:brut_rune_spear_kp:attack:stance2|-|-|-|-|-|-|-|-|-|-|-|-|-|-|1|-|-|-|-|-|none|none|none|none|none|rsmod
item|11416|stab|428|-|-|-|-|-|-|-|-|-|-|-|-|-|-|rsmod:brut_rune_spear_kp:attack:stance1|-|-|-|-|-|-|-|-|-|-|-|-|-|-|0|-|-|-|-|-|none|none|none|none|none|rsmod
item|11416|stab|428|-|-|-|-|-|-|-|-|-|-|-|-|-|-|rsmod:brut_rune_spear_kp:attack:stance4|-|-|-|-|-|-|-|-|-|-|-|-|-|-|3|-|-|-|-|-|none|none|none|none|none|rsmod
item|11417|crush|429|-|-|-|-|-|-|-|-|-|-|-|-|-|-|rsmod:brut_rune_spear_p+:attack:stance3|-|-|-|-|-|-|-|-|-|-|-|-|-|-|2|-|-|-|-|-|none|none|none|none|none|rsmod
item|11417|slash|440|-|-|-|-|-|-|-|-|-|-|-|-|-|-|rsmod:brut_rune_spear_p+:attack:stance2|-|-|-|-|-|-|-|-|-|-|-|-|-|-|1|-|-|-|-|-|none|none|none|none|none|rsmod
item|11417|stab|428|-|-|-|-|-|-|-|-|-|-|-|-|-|-|rsmod:brut_rune_spear_p+:attack:stance1|-|-|-|-|-|-|-|-|-|-|-|-|-|-|0|-|-|-|-|-|none|none|none|none|none|rsmod
item|11417|stab|428|-|-|-|-|-|-|-|-|-|-|-|-|-|-|rsmod:brut_rune_spear_p+:attack:stance4|-|-|-|-|-|-|-|-|-|-|-|-|-|-|3|-|-|-|-|-|none|none|none|none|none|rsmod
item|11419|crush|429|-|-|-|-|-|-|-|-|-|-|-|-|-|-|rsmod:brut_rune_spear_p++:attack:stance3|-|-|-|-|-|-|-|-|-|-|-|-|-|-|2|-|-|-|-|-|none|none|none|none|none|rsmod
item|11419|slash|440|-|-|-|-|-|-|-|-|-|-|-|-|-|-|rsmod:brut_rune_spear_p++:attack:stance2|-|-|-|-|-|-|-|-|-|-|-|-|-|-|1|-|-|-|-|-|none|none|none|none|none|rsmod
item|11419|stab|428|-|-|-|-|-|-|-|-|-|-|-|-|-|-|rsmod:brut_rune_spear_p++:attack:stance1|-|-|-|-|-|-|-|-|-|-|-|-|-|-|0|-|-|-|-|-|none|none|none|none|none|rsmod
item|11419|stab|428|-|-|-|-|-|-|-|-|-|-|-|-|-|-|rsmod:brut_rune_spear_p++:attack:stance4|-|-|-|-|-|-|-|-|-|-|-|-|-|-|3|-|-|-|-|-|none|none|none|none|none|rsmod
item|11705|slash|3678|-|-|-|-|-|-|-|-|-|-|-|-|-|-|rsmod:beachparty_boxinggloves_yellow:attack:stance1|-|-|-|-|-|-|-|-|-|-|-|-|-|-|0|-|-|-|-|-|none|none|none|none|none|rsmod
item|11705|slash|3678|-|-|-|-|-|-|-|-|-|-|-|-|-|-|rsmod:beachparty_boxinggloves_yellow:attack:stance2|-|-|-|-|-|-|-|-|-|-|-|-|-|-|1|-|-|-|-|-|none|none|none|none|none|rsmod
item|11705|slash|3678|-|-|-|-|-|-|-|-|-|-|-|-|-|-|rsmod:beachparty_boxinggloves_yellow:attack:stance4|-|-|-|-|-|-|-|-|-|-|-|-|-|-|3|-|-|-|-|-|none|none|none|none|none|rsmod
item|11705|stab|3678|-|-|-|-|-|-|-|-|-|-|-|-|-|-|rsmod:beachparty_boxinggloves_yellow:attack:stance3|-|-|-|-|-|-|-|-|-|-|-|-|-|-|2|-|-|-|-|-|none|none|none|none|none|rsmod
item|11706|slash|3678|-|-|-|-|-|-|-|-|-|-|-|-|-|-|rsmod:beachparty_boxinggloves_purple:attack:stance1|-|-|-|-|-|-|-|-|-|-|-|-|-|-|0|-|-|-|-|-|none|none|none|none|none|rsmod
item|11706|slash|3678|-|-|-|-|-|-|-|-|-|-|-|-|-|-|rsmod:beachparty_boxinggloves_purple:attack:stance2|-|-|-|-|-|-|-|-|-|-|-|-|-|-|1|-|-|-|-|-|none|none|none|none|none|rsmod
item|11706|slash|3678|-|-|-|-|-|-|-|-|-|-|-|-|-|-|rsmod:beachparty_boxinggloves_purple:attack:stance4|-|-|-|-|-|-|-|-|-|-|-|-|-|-|3|-|-|-|-|-|none|none|none|none|none|rsmod
item|11706|stab|3678|-|-|-|-|-|-|-|-|-|-|-|-|-|-|rsmod:beachparty_boxinggloves_purple:attack:stance3|-|-|-|-|-|-|-|-|-|-|-|-|-|-|2|-|-|-|-|-|none|none|none|none|none|rsmod
item|11707|crush|401|-|-|-|-|-|-|-|-|-|-|-|-|-|-|rsmod:goblinraid_warhammer:attack:stance1|-|-|-|-|-|-|-|-|-|-|-|-|-|-|0|-|-|-|-|-|none|none|none|none|none|rsmod
item|11707|crush|401|-|-|-|-|-|-|-|-|-|-|-|-|-|-|rsmod:goblinraid_warhammer:attack:stance2|-|-|-|-|-|-|-|-|-|-|-|-|-|-|1|-|-|-|-|-|none|none|none|none|none|rsmod
item|11707|crush|401|-|-|-|-|-|-|-|-|-|-|-|-|-|-|rsmod:goblinraid_warhammer:attack:stance4|-|-|-|-|-|-|-|-|-|-|-|-|-|-|3|-|-|-|-|-|none|none|none|none|none|rsmod
item|11708|ranged|426|-|-|-|-|-|3|3|163|146|41|15|5|11|5|rsmod:goblinraid_bow:attack:stance1|-|-|-|-|-|-|-|-|-|-|-|-|-|-|0|-|-|-|-|-|none|none|none|none|none|rsmod
item|11708|ranged|426|-|-|-|-|-|3|3|163|146|41|15|5|11|5|rsmod:goblinraid_bow:attack:stance2|-|-|-|-|-|-|-|-|-|-|-|-|-|-|1|-|-|-|-|-|none|none|none|none|none|rsmod
item|11708|ranged|426|-|-|-|-|-|3|3|163|146|41|15|5|11|5|rsmod:goblinraid_bow:attack:stance4|-|-|-|-|-|-|-|-|-|-|-|-|-|-|3|-|-|-|-|-|none|none|none|none|none|rsmod
item|11709|crush|419|-|-|-|-|-|-|-|-|-|-|-|-|-|-|rsmod:goblinraid_staff:attack:stance1|-|-|-|-|-|-|-|-|-|-|-|-|-|-|0|-|-|-|-|-|none|none|none|none|none|rsmod
item|11709|crush|419|-|-|-|-|-|-|-|-|-|-|-|-|-|-|rsmod:goblinraid_staff:attack:stance2|-|-|-|-|-|-|-|-|-|-|-|-|-|-|1|-|-|-|-|-|none|none|none|none|none|rsmod
item|11709|crush|419|-|-|-|-|-|-|-|-|-|-|-|-|-|-|rsmod:goblinraid_staff:attack:stance4|-|-|-|-|-|-|-|-|-|-|-|-|-|-|3|-|-|-|-|-|none|none|none|none|none|rsmod
item|11711|slash|390|-|-|-|-|-|-|-|-|-|-|-|-|-|-|rsmod:nzone_fairysecateurs:attack:stance3|-|-|-|-|-|-|-|-|-|-|-|-|-|-|2|-|-|-|-|-|none|none|none|none|none|rsmod
item|11711|stab|386|-|-|-|-|-|-|-|-|-|-|-|-|-|-|rsmod:nzone_fairysecateurs:attack:stance1|-|-|-|-|-|-|-|-|-|-|-|-|-|-|0|-|-|-|-|-|none|none|none|none|none|rsmod
item|11711|stab|386|-|-|-|-|-|-|-|-|-|-|-|-|-|-|rsmod:nzone_fairysecateurs:attack:stance2|-|-|-|-|-|-|-|-|-|-|-|-|-|-|1|-|-|-|-|-|none|none|none|none|none|rsmod
item|11711|stab|386|-|-|-|-|-|-|-|-|-|-|-|-|-|-|rsmod:nzone_fairysecateurs:attack:stance4|-|-|-|-|-|-|-|-|-|-|-|-|-|-|3|-|-|-|-|-|none|none|none|none|none|rsmod
item|11719|crush|400|-|-|-|-|-|-|-|-|-|-|-|-|-|-|rsmod:nzone_rune_pickaxe:attack:stance3|-|-|-|-|-|-|-|-|-|-|-|-|-|-|2|-|-|-|-|-|none|none|none|none|none|rsmod
item|11719|stab|401|-|-|-|-|-|-|-|-|-|-|-|-|-|-|rsmod:nzone_rune_pickaxe:attack:stance1|-|-|-|-|-|-|-|-|-|-|-|-|-|-|0|-|-|-|-|-|none|none|none|none|none|rsmod
item|11719|stab|401|-|-|-|-|-|-|-|-|-|-|-|-|-|-|rsmod:nzone_rune_pickaxe:attack:stance2|-|-|-|-|-|-|-|-|-|-|-|-|-|-|1|-|-|-|-|-|none|none|none|none|none|rsmod
item|11719|stab|401|-|-|-|-|-|-|-|-|-|-|-|-|-|-|rsmod:nzone_rune_pickaxe:attack:stance4|-|-|-|-|-|-|-|-|-|-|-|-|-|-|3|-|-|-|-|-|none|none|none|none|none|rsmod
item|11720|crush|400|-|-|-|-|-|-|-|-|-|-|-|-|-|-|rsmod:nzone_mithril_pickaxe:attack:stance3|-|-|-|-|-|-|-|-|-|-|-|-|-|-|2|-|-|-|-|-|none|none|none|none|none|rsmod
item|11720|stab|401|-|-|-|-|-|-|-|-|-|-|-|-|-|-|rsmod:nzone_mithril_pickaxe:attack:stance1|-|-|-|-|-|-|-|-|-|-|-|-|-|-|0|-|-|-|-|-|none|none|none|none|none|rsmod
item|11720|stab|401|-|-|-|-|-|-|-|-|-|-|-|-|-|-|rsmod:nzone_mithril_pickaxe:attack:stance2|-|-|-|-|-|-|-|-|-|-|-|-|-|-|1|-|-|-|-|-|none|none|none|none|none|rsmod
item|11720|stab|401|-|-|-|-|-|-|-|-|-|-|-|-|-|-|rsmod:nzone_mithril_pickaxe:attack:stance4|-|-|-|-|-|-|-|-|-|-|-|-|-|-|3|-|-|-|-|-|none|none|none|none|none|rsmod
item|11721|crush|400|-|-|-|-|-|-|-|-|-|-|-|-|-|-|rsmod:nzone_iron_pickaxe:attack:stance3|-|-|-|-|-|-|-|-|-|-|-|-|-|-|2|-|-|-|-|-|none|none|none|none|none|rsmod
item|11721|stab|401|-|-|-|-|-|-|-|-|-|-|-|-|-|-|rsmod:nzone_iron_pickaxe:attack:stance1|-|-|-|-|-|-|-|-|-|-|-|-|-|-|0|-|-|-|-|-|none|none|none|none|none|rsmod
item|11721|stab|401|-|-|-|-|-|-|-|-|-|-|-|-|-|-|rsmod:nzone_iron_pickaxe:attack:stance2|-|-|-|-|-|-|-|-|-|-|-|-|-|-|1|-|-|-|-|-|none|none|none|none|none|rsmod
item|11721|stab|401|-|-|-|-|-|-|-|-|-|-|-|-|-|-|rsmod:nzone_iron_pickaxe:attack:stance4|-|-|-|-|-|-|-|-|-|-|-|-|-|-|3|-|-|-|-|-|none|none|none|none|none|rsmod
item|11748|ranged|426|-|-|-|-|-|3|3|163|146|41|15|5|11|5|rsmod:nzone_crystal_bow_new:attack:stance1|-|-|-|-|-|-|-|-|-|-|-|-|-|-|0|-|-|-|-|-|none|none|none|none|none|rsmod
item|11748|ranged|426|-|-|-|-|-|3|3|163|146|41|15|5|11|5|rsmod:nzone_crystal_bow_new:attack:stance2|-|-|-|-|-|-|-|-|-|-|-|-|-|-|1|-|-|-|-|-|none|none|none|none|none|rsmod
item|11748|ranged|426|-|-|-|-|-|3|3|163|146|41|15|5|11|5|rsmod:nzone_crystal_bow_new:attack:stance4|-|-|-|-|-|-|-|-|-|-|-|-|-|-|3|-|-|-|-|-|none|none|none|none|none|rsmod
item|11749|ranged|426|-|-|-|-|-|3|3|163|146|41|15|5|11|5|rsmod:nzone_crystal_bow_1000:attack:stance1|-|-|-|-|-|-|-|-|-|-|-|-|-|-|0|-|-|-|-|-|none|none|none|none|none|rsmod
item|11749|ranged|426|-|-|-|-|-|3|3|163|146|41|15|5|11|5|rsmod:nzone_crystal_bow_1000:attack:stance2|-|-|-|-|-|-|-|-|-|-|-|-|-|-|1|-|-|-|-|-|none|none|none|none|none|rsmod
item|11749|ranged|426|-|-|-|-|-|3|3|163|146|41|15|5|11|5|rsmod:nzone_crystal_bow_1000:attack:stance4|-|-|-|-|-|-|-|-|-|-|-|-|-|-|3|-|-|-|-|-|none|none|none|none|none|rsmod
item|11750|ranged|426|-|-|-|-|-|3|3|163|146|41|15|5|11|5|rsmod:nzone_crystal_bow_900:attack:stance1|-|-|-|-|-|-|-|-|-|-|-|-|-|-|0|-|-|-|-|-|none|none|none|none|none|rsmod
item|11750|ranged|426|-|-|-|-|-|3|3|163|146|41|15|5|11|5|rsmod:nzone_crystal_bow_900:attack:stance2|-|-|-|-|-|-|-|-|-|-|-|-|-|-|1|-|-|-|-|-|none|none|none|none|none|rsmod
item|11750|ranged|426|-|-|-|-|-|3|3|163|146|41|15|5|11|5|rsmod:nzone_crystal_bow_900:attack:stance4|-|-|-|-|-|-|-|-|-|-|-|-|-|-|3|-|-|-|-|-|none|none|none|none|none|rsmod
item|11751|ranged|426|-|-|-|-|-|3|3|163|146|41|15|5|11|5|rsmod:nzone_crystal_bow_800:attack:stance1|-|-|-|-|-|-|-|-|-|-|-|-|-|-|0|-|-|-|-|-|none|none|none|none|none|rsmod
item|11751|ranged|426|-|-|-|-|-|3|3|163|146|41|15|5|11|5|rsmod:nzone_crystal_bow_800:attack:stance2|-|-|-|-|-|-|-|-|-|-|-|-|-|-|1|-|-|-|-|-|none|none|none|none|none|rsmod
item|11751|ranged|426|-|-|-|-|-|3|3|163|146|41|15|5|11|5|rsmod:nzone_crystal_bow_800:attack:stance4|-|-|-|-|-|-|-|-|-|-|-|-|-|-|3|-|-|-|-|-|none|none|none|none|none|rsmod
item|11752|ranged|426|-|-|-|-|-|3|3|163|146|41|15|5|11|5|rsmod:nzone_crystal_bow_700:attack:stance1|-|-|-|-|-|-|-|-|-|-|-|-|-|-|0|-|-|-|-|-|none|none|none|none|none|rsmod
item|11752|ranged|426|-|-|-|-|-|3|3|163|146|41|15|5|11|5|rsmod:nzone_crystal_bow_700:attack:stance2|-|-|-|-|-|-|-|-|-|-|-|-|-|-|1|-|-|-|-|-|none|none|none|none|none|rsmod
item|11752|ranged|426|-|-|-|-|-|3|3|163|146|41|15|5|11|5|rsmod:nzone_crystal_bow_700:attack:stance4|-|-|-|-|-|-|-|-|-|-|-|-|-|-|3|-|-|-|-|-|none|none|none|none|none|rsmod
item|11753|ranged|426|-|-|-|-|-|3|3|163|146|41|15|5|11|5|rsmod:nzone_crystal_bow_600:attack:stance1|-|-|-|-|-|-|-|-|-|-|-|-|-|-|0|-|-|-|-|-|none|none|none|none|none|rsmod
item|11753|ranged|426|-|-|-|-|-|3|3|163|146|41|15|5|11|5|rsmod:nzone_crystal_bow_600:attack:stance2|-|-|-|-|-|-|-|-|-|-|-|-|-|-|1|-|-|-|-|-|none|none|none|none|none|rsmod
item|11753|ranged|426|-|-|-|-|-|3|3|163|146|41|15|5|11|5|rsmod:nzone_crystal_bow_600:attack:stance4|-|-|-|-|-|-|-|-|-|-|-|-|-|-|3|-|-|-|-|-|none|none|none|none|none|rsmod
item|11754|ranged|426|-|-|-|-|-|3|3|163|146|41|15|5|11|5|rsmod:nzone_crystal_bow_500:attack:stance1|-|-|-|-|-|-|-|-|-|-|-|-|-|-|0|-|-|-|-|-|none|none|none|none|none|rsmod
item|11754|ranged|426|-|-|-|-|-|3|3|163|146|41|15|5|11|5|rsmod:nzone_crystal_bow_500:attack:stance2|-|-|-|-|-|-|-|-|-|-|-|-|-|-|1|-|-|-|-|-|none|none|none|none|none|rsmod
item|11754|ranged|426|-|-|-|-|-|3|3|163|146|41|15|5|11|5|rsmod:nzone_crystal_bow_500:attack:stance4|-|-|-|-|-|-|-|-|-|-|-|-|-|-|3|-|-|-|-|-|none|none|none|none|none|rsmod
item|11755|ranged|426|-|-|-|-|-|3|3|163|146|41|15|5|11|5|rsmod:nzone_crystal_bow_400:attack:stance1|-|-|-|-|-|-|-|-|-|-|-|-|-|-|0|-|-|-|-|-|none|none|none|none|none|rsmod
item|11755|ranged|426|-|-|-|-|-|3|3|163|146|41|15|5|11|5|rsmod:nzone_crystal_bow_400:attack:stance2|-|-|-|-|-|-|-|-|-|-|-|-|-|-|1|-|-|-|-|-|none|none|none|none|none|rsmod
item|11755|ranged|426|-|-|-|-|-|3|3|163|146|41|15|5|11|5|rsmod:nzone_crystal_bow_400:attack:stance4|-|-|-|-|-|-|-|-|-|-|-|-|-|-|3|-|-|-|-|-|none|none|none|none|none|rsmod
item|11756|ranged|426|-|-|-|-|-|3|3|163|146|41|15|5|11|5|rsmod:nzone_crystal_bow_300:attack:stance1|-|-|-|-|-|-|-|-|-|-|-|-|-|-|0|-|-|-|-|-|none|none|none|none|none|rsmod
item|11756|ranged|426|-|-|-|-|-|3|3|163|146|41|15|5|11|5|rsmod:nzone_crystal_bow_300:attack:stance2|-|-|-|-|-|-|-|-|-|-|-|-|-|-|1|-|-|-|-|-|none|none|none|none|none|rsmod
item|11756|ranged|426|-|-|-|-|-|3|3|163|146|41|15|5|11|5|rsmod:nzone_crystal_bow_300:attack:stance4|-|-|-|-|-|-|-|-|-|-|-|-|-|-|3|-|-|-|-|-|none|none|none|none|none|rsmod
item|11757|ranged|426|-|-|-|-|-|3|3|163|146|41|15|5|11|5|rsmod:nzone_crystal_bow_200:attack:stance1|-|-|-|-|-|-|-|-|-|-|-|-|-|-|0|-|-|-|-|-|none|none|none|none|none|rsmod
item|11757|ranged|426|-|-|-|-|-|3|3|163|146|41|15|5|11|5|rsmod:nzone_crystal_bow_200:attack:stance2|-|-|-|-|-|-|-|-|-|-|-|-|-|-|1|-|-|-|-|-|none|none|none|none|none|rsmod
item|11757|ranged|426|-|-|-|-|-|3|3|163|146|41|15|5|11|5|rsmod:nzone_crystal_bow_200:attack:stance4|-|-|-|-|-|-|-|-|-|-|-|-|-|-|3|-|-|-|-|-|none|none|none|none|none|rsmod
item|11758|ranged|426|-|-|-|-|-|3|3|163|146|41|15|5|11|5|rsmod:nzone_crystal_bow_100:attack:stance1|-|-|-|-|-|-|-|-|-|-|-|-|-|-|0|-|-|-|-|-|none|none|none|none|none|rsmod
item|11758|ranged|426|-|-|-|-|-|3|3|163|146|41|15|5|11|5|rsmod:nzone_crystal_bow_100:attack:stance2|-|-|-|-|-|-|-|-|-|-|-|-|-|-|1|-|-|-|-|-|none|none|none|none|none|rsmod
item|11758|ranged|426|-|-|-|-|-|3|3|163|146|41|15|5|11|5|rsmod:nzone_crystal_bow_100:attack:stance4|-|-|-|-|-|-|-|-|-|-|-|-|-|-|3|-|-|-|-|-|none|none|none|none|none|rsmod
item|11785|ranged|7552|-|-|-|-|-|3|3|155|146|41|5|5|11|5|rsmod:acb:attack:stance1|-|-|-|-|-|-|-|-|-|-|-|-|-|-|0|-|-|-|-|-|none|none|none|none|none|rsmod
item|11785|ranged|7552|-|-|-|-|-|3|3|155|146|41|5|5|11|5|rsmod:acb:attack:stance2|-|-|-|-|-|-|-|-|-|-|-|-|-|-|1|-|-|-|-|-|none|none|none|none|none|rsmod
item|11785|ranged|7552|-|-|-|-|-|3|3|155|146|41|5|5|11|5|rsmod:acb:attack:stance4|-|-|-|-|-|-|-|-|-|-|-|-|-|-|3|-|-|-|-|-|none|none|none|none|none|rsmod
item|11787|crush|419|-|-|-|-|-|-|-|-|-|-|-|-|-|-|rsmod:steam_battlestaff:attack:stance1|-|-|-|-|-|-|-|-|-|-|-|-|-|-|0|-|-|-|-|-|none|none|none|none|none|rsmod
item|11787|crush|419|-|-|-|-|-|-|-|-|-|-|-|-|-|-|rsmod:steam_battlestaff:attack:stance2|-|-|-|-|-|-|-|-|-|-|-|-|-|-|1|-|-|-|-|-|none|none|none|none|none|rsmod
item|11787|crush|419|-|-|-|-|-|-|-|-|-|-|-|-|-|-|rsmod:steam_battlestaff:attack:stance4|-|-|-|-|-|-|-|-|-|-|-|-|-|-|3|-|-|-|-|-|none|none|none|none|none|rsmod
item|11789|crush|419|-|-|-|-|-|-|-|-|-|-|-|-|-|-|rsmod:mystic_steam_battlestaff:attack:stance1|-|-|-|-|-|-|-|-|-|-|-|-|-|-|0|-|-|-|-|-|none|none|none|none|none|rsmod
item|11789|crush|419|-|-|-|-|-|-|-|-|-|-|-|-|-|-|rsmod:mystic_steam_battlestaff:attack:stance2|-|-|-|-|-|-|-|-|-|-|-|-|-|-|1|-|-|-|-|-|none|none|none|none|none|rsmod
item|11789|crush|419|-|-|-|-|-|-|-|-|-|-|-|-|-|-|rsmod:mystic_steam_battlestaff:attack:stance4|-|-|-|-|-|-|-|-|-|-|-|-|-|-|3|-|-|-|-|-|none|none|none|none|none|rsmod
item|11791|crush|419|-|-|-|-|-|-|-|-|-|-|-|-|-|-|rsmod:sotd:attack:stance4|-|-|-|-|-|-|-|-|-|-|-|-|-|-|3|-|-|-|-|-|none|none|none|none|none|rsmod
item|11791|slash|440|-|-|-|-|-|-|-|-|-|-|-|-|-|-|rsmod:sotd:attack:stance2|-|-|-|-|-|-|-|-|-|-|-|-|-|-|1|-|-|-|-|-|none|none|none|none|none|rsmod
item|11791|stab|428|-|-|-|-|-|-|-|-|-|-|-|-|-|-|rsmod:sotd:attack:stance1|-|-|-|-|-|-|-|-|-|-|-|-|-|-|0|-|-|-|-|-|none|none|none|none|none|rsmod
item|11802|crush|7054|-|-|-|-|-|-|-|-|-|-|-|-|-|-|rsmod:ags:attack:stance3|-|-|-|-|-|-|-|-|-|-|-|-|-|-|2|-|-|-|-|-|none|none|none|none|none|rsmod
item|11802|slash|7045|-|-|-|-|-|-|-|-|-|-|-|-|-|-|rsmod:ags:attack:stance1|-|-|-|-|-|-|-|-|-|-|-|-|-|-|0|-|-|-|-|-|none|none|none|none|none|rsmod
item|11802|slash|7045|-|-|-|-|-|-|-|-|-|-|-|-|-|-|rsmod:ags:attack:stance2|-|-|-|-|-|-|-|-|-|-|-|-|-|-|1|-|-|-|-|-|none|none|none|none|none|rsmod
item|11802|slash|7055|-|-|-|-|-|-|-|-|-|-|-|-|-|-|rsmod:ags:attack:stance4|-|-|-|-|-|-|-|-|-|-|-|-|-|-|3|-|-|-|-|-|none|none|none|none|none|rsmod
item|11804|crush|7054|-|-|-|-|-|-|-|-|-|-|-|-|-|-|rsmod:bgs:attack:stance3|-|-|-|-|-|-|-|-|-|-|-|-|-|-|2|-|-|-|-|-|none|none|none|none|none|rsmod
item|11804|slash|7045|-|-|-|-|-|-|-|-|-|-|-|-|-|-|rsmod:bgs:attack:stance1|-|-|-|-|-|-|-|-|-|-|-|-|-|-|0|-|-|-|-|-|none|none|none|none|none|rsmod
item|11804|slash|7045|-|-|-|-|-|-|-|-|-|-|-|-|-|-|rsmod:bgs:attack:stance2|-|-|-|-|-|-|-|-|-|-|-|-|-|-|1|-|-|-|-|-|none|none|none|none|none|rsmod
item|11804|slash|7055|-|-|-|-|-|-|-|-|-|-|-|-|-|-|rsmod:bgs:attack:stance4|-|-|-|-|-|-|-|-|-|-|-|-|-|-|3|-|-|-|-|-|none|none|none|none|none|rsmod
item|11806|crush|7054|-|-|-|-|-|-|-|-|-|-|-|-|-|-|rsmod:sgs:attack:stance3|-|-|-|-|-|-|-|-|-|-|-|-|-|-|2|-|-|-|-|-|none|none|none|none|none|rsmod
item|11806|slash|7045|-|-|-|-|-|-|-|-|-|-|-|-|-|-|rsmod:sgs:attack:stance1|-|-|-|-|-|-|-|-|-|-|-|-|-|-|0|-|-|-|-|-|none|none|none|none|none|rsmod
item|11806|slash|7045|-|-|-|-|-|-|-|-|-|-|-|-|-|-|rsmod:sgs:attack:stance2|-|-|-|-|-|-|-|-|-|-|-|-|-|-|1|-|-|-|-|-|none|none|none|none|none|rsmod
item|11806|slash|7055|-|-|-|-|-|-|-|-|-|-|-|-|-|-|rsmod:sgs:attack:stance4|-|-|-|-|-|-|-|-|-|-|-|-|-|-|3|-|-|-|-|-|none|none|none|none|none|rsmod
item|11808|crush|7054|-|-|-|-|-|-|-|-|-|-|-|-|-|-|rsmod:zgs:attack:stance3|-|-|-|-|-|-|-|-|-|-|-|-|-|-|2|-|-|-|-|-|none|none|none|none|none|rsmod
item|11808|slash|7045|-|-|-|-|-|-|-|-|-|-|-|-|-|-|rsmod:zgs:attack:stance1|-|-|-|-|-|-|-|-|-|-|-|-|-|-|0|-|-|-|-|-|none|none|none|none|none|rsmod
item|11808|slash|7045|-|-|-|-|-|-|-|-|-|-|-|-|-|-|rsmod:zgs:attack:stance2|-|-|-|-|-|-|-|-|-|-|-|-|-|-|1|-|-|-|-|-|none|none|none|none|none|rsmod
item|11808|slash|7055|-|-|-|-|-|-|-|-|-|-|-|-|-|-|rsmod:zgs:attack:stance4|-|-|-|-|-|-|-|-|-|-|-|-|-|-|3|-|-|-|-|-|none|none|none|none|none|rsmod
item|11824|crush|1710|-|-|-|-|-|-|-|-|-|-|-|-|-|-|rsmod:zamorak_spear:attack:stance3|-|-|-|-|-|-|-|-|-|-|-|-|-|-|2|-|-|-|-|-|none|none|none|none|none|rsmod
item|11824|slash|1712|-|-|-|-|-|-|-|-|-|-|-|-|-|-|rsmod:zamorak_spear:attack:stance2|-|-|-|-|-|-|-|-|-|-|-|-|-|-|1|-|-|-|-|-|none|none|none|none|none|rsmod
item|11824|stab|1711|-|-|-|-|-|-|-|-|-|-|-|-|-|-|rsmod:zamorak_spear:attack:stance1|-|-|-|-|-|-|-|-|-|-|-|-|-|-|0|-|-|-|-|-|none|none|none|none|none|rsmod
item|11824|stab|1711|-|-|-|-|-|-|-|-|-|-|-|-|-|-|rsmod:zamorak_spear:attack:stance4|-|-|-|-|-|-|-|-|-|-|-|-|-|-|3|-|-|-|-|-|none|none|none|none|none|rsmod
item|11838|crush|7054|-|-|-|-|-|-|-|-|-|-|-|-|-|-|rsmod:saradomin_sword:attack:stance3|-|-|-|-|-|-|-|-|-|-|-|-|-|-|2|-|-|-|-|-|none|none|none|none|none|rsmod
item|11838|slash|7045|-|-|-|-|-|-|-|-|-|-|-|-|-|-|rsmod:saradomin_sword:attack:stance1|-|-|-|-|-|-|-|-|-|-|-|-|-|-|0|-|-|-|-|-|none|none|none|none|none|rsmod
item|11838|slash|7045|-|-|-|-|-|-|-|-|-|-|-|-|-|-|rsmod:saradomin_sword:attack:stance2|-|-|-|-|-|-|-|-|-|-|-|-|-|-|1|-|-|-|-|-|none|none|none|none|none|rsmod
item|11838|slash|7055|-|-|-|-|-|-|-|-|-|-|-|-|-|-|rsmod:saradomin_sword:attack:stance4|-|-|-|-|-|-|-|-|-|-|-|-|-|-|3|-|-|-|-|-|none|none|none|none|none|rsmod
item|11889|crush|419|-|-|-|-|-|-|-|-|-|-|-|-|-|-|rsmod:zamorak_hasta:attack:stance3|-|-|-|-|-|-|-|-|-|-|-|-|-|-|2|-|-|-|-|-|none|none|none|none|none|rsmod
item|11889|slash|440|-|-|-|-|-|-|-|-|-|-|-|-|-|-|rsmod:zamorak_hasta:attack:stance2|-|-|-|-|-|-|-|-|-|-|-|-|-|-|1|-|-|-|-|-|none|none|none|none|none|rsmod
item|11889|stab|381|-|-|-|-|-|-|-|-|-|-|-|-|-|-|rsmod:zamorak_hasta:attack:stance1|-|-|-|-|-|-|-|-|-|-|-|-|-|-|0|-|-|-|-|-|none|none|none|none|none|rsmod
item|11889|stab|381|-|-|-|-|-|-|-|-|-|-|-|-|-|-|rsmod:zamorak_hasta:attack:stance4|-|-|-|-|-|-|-|-|-|-|-|-|-|-|3|-|-|-|-|-|none|none|none|none|none|rsmod
item|11891|crush|1428|-|-|-|-|-|-|-|-|-|-|-|-|-|-|rsmod:saradomin_reward_banner:attack:stance3|-|-|-|-|-|-|-|-|-|-|-|-|-|-|2|-|-|-|-|-|none|none|none|none|none|rsmod
item|11891|slash|1428|-|-|-|-|-|-|-|-|-|-|-|-|-|-|rsmod:saradomin_reward_banner:attack:stance1|-|-|-|-|-|-|-|-|-|-|-|-|-|-|0|-|-|-|-|-|none|none|none|none|none|rsmod
item|11891|slash|1428|-|-|-|-|-|-|-|-|-|-|-|-|-|-|rsmod:saradomin_reward_banner:attack:stance2|-|-|-|-|-|-|-|-|-|-|-|-|-|-|1|-|-|-|-|-|none|none|none|none|none|rsmod
item|11891|slash|1428|-|-|-|-|-|-|-|-|-|-|-|-|-|-|rsmod:saradomin_reward_banner:attack:stance4|-|-|-|-|-|-|-|-|-|-|-|-|-|-|3|-|-|-|-|-|none|none|none|none|none|rsmod
item|11892|crush|1428|-|-|-|-|-|-|-|-|-|-|-|-|-|-|rsmod:zamorak_reward_banner:attack:stance3|-|-|-|-|-|-|-|-|-|-|-|-|-|-|2|-|-|-|-|-|none|none|none|none|none|rsmod
item|11892|slash|1428|-|-|-|-|-|-|-|-|-|-|-|-|-|-|rsmod:zamorak_reward_banner:attack:stance1|-|-|-|-|-|-|-|-|-|-|-|-|-|-|0|-|-|-|-|-|none|none|none|none|none|rsmod
item|11892|slash|1428|-|-|-|-|-|-|-|-|-|-|-|-|-|-|rsmod:zamorak_reward_banner:attack:stance2|-|-|-|-|-|-|-|-|-|-|-|-|-|-|1|-|-|-|-|-|none|none|none|none|none|rsmod
item|11892|slash|1428|-|-|-|-|-|-|-|-|-|-|-|-|-|-|rsmod:zamorak_reward_banner:attack:stance4|-|-|-|-|-|-|-|-|-|-|-|-|-|-|3|-|-|-|-|-|none|none|none|none|none|rsmod
item|11902|slash|390|-|-|-|-|-|-|-|-|-|-|-|-|-|-|rsmod:leafbladed_sword:attack:stance3|-|-|-|-|-|-|-|-|-|-|-|-|-|-|2|-|-|-|-|-|none|none|none|none|none|rsmod
item|11902|stab|386|-|-|-|-|-|-|-|-|-|-|-|-|-|-|rsmod:leafbladed_sword:attack:stance1|-|-|-|-|-|-|-|-|-|-|-|-|-|-|0|-|-|-|-|-|none|none|none|none|none|rsmod
item|11902|stab|386|-|-|-|-|-|-|-|-|-|-|-|-|-|-|rsmod:leafbladed_sword:attack:stance2|-|-|-|-|-|-|-|-|-|-|-|-|-|-|1|-|-|-|-|-|none|none|none|none|none|rsmod
item|11902|stab|386|-|-|-|-|-|-|-|-|-|-|-|-|-|-|rsmod:leafbladed_sword:attack:stance4|-|-|-|-|-|-|-|-|-|-|-|-|-|-|3|-|-|-|-|-|none|none|none|none|none|rsmod
item|11905|magic|1167|-|-|-|-|-|-|-|-|-|-|-|-|-|-|rsmod:tots:attack:stance1|-|-|-|-|-|-|-|-|-|-|-|-|-|-|0|-|-|-|-|-|none|none|none|none|none|rsmod
item|11905|magic|1167|-|-|-|-|-|-|-|-|-|-|-|-|-|-|rsmod:tots:attack:stance2|-|-|-|-|-|-|-|-|-|-|-|-|-|-|1|-|-|-|-|-|none|none|none|none|none|rsmod
item|11905|magic|1167|-|-|-|-|-|-|-|-|-|-|-|-|-|-|rsmod:tots:attack:stance4|-|-|-|-|-|-|-|-|-|-|-|-|-|-|3|-|-|-|-|-|none|none|none|none|none|rsmod
item|11907|magic|1167|-|-|-|-|-|-|-|-|-|-|-|-|-|-|rsmod:tots_charged:attack:stance1|-|-|-|-|-|-|-|-|-|-|-|-|-|-|0|-|-|-|-|-|none|none|none|none|none|rsmod
item|11907|magic|1167|-|-|-|-|-|-|-|-|-|-|-|-|-|-|rsmod:tots_charged:attack:stance2|-|-|-|-|-|-|-|-|-|-|-|-|-|-|1|-|-|-|-|-|none|none|none|none|none|rsmod
item|11907|magic|1167|-|-|-|-|-|-|-|-|-|-|-|-|-|-|rsmod:tots_charged:attack:stance4|-|-|-|-|-|-|-|-|-|-|-|-|-|-|3|-|-|-|-|-|none|none|none|none|none|rsmod
item|11908|magic|1167|-|-|-|-|-|-|-|-|-|-|-|-|-|-|rsmod:tots_uncharged:attack:stance1|-|-|-|-|-|-|-|-|-|-|-|-|-|-|0|-|-|-|-|-|none|none|none|none|none|rsmod
item|11908|magic|1167|-|-|-|-|-|-|-|-|-|-|-|-|-|-|rsmod:tots_uncharged:attack:stance2|-|-|-|-|-|-|-|-|-|-|-|-|-|-|1|-|-|-|-|-|none|none|none|none|none|rsmod
item|11908|magic|1167|-|-|-|-|-|-|-|-|-|-|-|-|-|-|rsmod:tots_uncharged:attack:stance4|-|-|-|-|-|-|-|-|-|-|-|-|-|-|3|-|-|-|-|-|none|none|none|none|none|rsmod
item|11920|crush|400|-|-|-|-|-|-|-|-|-|-|-|-|-|-|rsmod:dragon_pickaxe:attack:stance3|-|-|-|-|-|-|-|-|-|-|-|-|-|-|2|-|-|-|-|-|none|none|none|none|none|rsmod
item|11920|stab|401|-|-|-|-|-|-|-|-|-|-|-|-|-|-|rsmod:dragon_pickaxe:attack:stance1|-|-|-|-|-|-|-|-|-|-|-|-|-|-|0|-|-|-|-|-|none|none|none|none|none|rsmod
item|11920|stab|401|-|-|-|-|-|-|-|-|-|-|-|-|-|-|rsmod:dragon_pickaxe:attack:stance2|-|-|-|-|-|-|-|-|-|-|-|-|-|-|1|-|-|-|-|-|none|none|none|none|none|rsmod
item|11920|stab|401|-|-|-|-|-|-|-|-|-|-|-|-|-|-|rsmod:dragon_pickaxe:attack:stance4|-|-|-|-|-|-|-|-|-|-|-|-|-|-|3|-|-|-|-|-|none|none|none|none|none|rsmod
item|11959|ranged|-|-|1272|-|19461|5186|2|2|163|146|21|15|11|11|5|rsmod:chinchompa_black:projectile|-|-|-|-|-|-|-|-|-|-|-|-|-|-|-|-|-|-|-|-|travel_projectile|source_actor|target_actor|none|target_actor|rsmod
item|11959|ranged|7618|-|-|-|-|-|2|2|163|146|21|15|11|11|5|rsmod:chinchompa_black:attack:stance1|-|-|-|-|-|-|-|-|-|-|-|-|-|-|0|-|-|-|-|-|none|none|none|none|none|rsmod
item|11959|ranged|7618|-|-|-|-|-|2|2|163|146|21|15|11|11|5|rsmod:chinchompa_black:attack:stance2|-|-|-|-|-|-|-|-|-|-|-|-|-|-|1|-|-|-|-|-|none|none|none|none|none|rsmod
item|11959|ranged|7618|-|-|-|-|-|2|2|163|146|21|15|11|11|5|rsmod:chinchompa_black:attack:stance4|-|-|-|-|-|-|-|-|-|-|-|-|-|-|3|-|-|-|-|-|none|none|none|none|none|rsmod
item|11998|crush|419|-|-|-|-|-|-|-|-|-|-|-|-|-|-|rsmod:smoke_battlestaff:attack:stance1|-|-|-|-|-|-|-|-|-|-|-|-|-|-|0|-|-|-|-|-|none|none|none|none|none|rsmod
item|11998|crush|419|-|-|-|-|-|-|-|-|-|-|-|-|-|-|rsmod:smoke_battlestaff:attack:stance2|-|-|-|-|-|-|-|-|-|-|-|-|-|-|1|-|-|-|-|-|none|none|none|none|none|rsmod
item|11998|crush|419|-|-|-|-|-|-|-|-|-|-|-|-|-|-|rsmod:smoke_battlestaff:attack:stance4|-|-|-|-|-|-|-|-|-|-|-|-|-|-|3|-|-|-|-|-|none|none|none|none|none|rsmod
item|12000|crush|419|-|-|-|-|-|-|-|-|-|-|-|-|-|-|rsmod:mystic_smoke_battlestaff:attack:stance1|-|-|-|-|-|-|-|-|-|-|-|-|-|-|0|-|-|-|-|-|none|none|none|none|none|rsmod
item|12000|crush|419|-|-|-|-|-|-|-|-|-|-|-|-|-|-|rsmod:mystic_smoke_battlestaff:attack:stance2|-|-|-|-|-|-|-|-|-|-|-|-|-|-|1|-|-|-|-|-|none|none|none|none|none|rsmod
item|12000|crush|419|-|-|-|-|-|-|-|-|-|-|-|-|-|-|rsmod:mystic_smoke_battlestaff:attack:stance4|-|-|-|-|-|-|-|-|-|-|-|-|-|-|3|-|-|-|-|-|none|none|none|none|none|rsmod
item|12006|slash|1658|-|-|-|-|-|-|-|-|-|-|-|-|-|-|rsmod:abyssal_tentacle:attack:stance1|-|-|-|-|-|-|-|-|-|-|-|-|-|-|0|-|-|-|-|-|none|none|none|none|none|rsmod
item|12006|slash|1658|-|-|-|-|-|-|-|-|-|-|-|-|-|-|rsmod:abyssal_tentacle:attack:stance2|-|-|-|-|-|-|-|-|-|-|-|-|-|-|1|-|-|-|-|-|none|none|none|none|none|rsmod
item|12006|slash|1658|-|-|-|-|-|-|-|-|-|-|-|-|-|-|rsmod:abyssal_tentacle:attack:stance4|-|-|-|-|-|-|-|-|-|-|-|-|-|-|3|-|-|-|-|-|none|none|none|none|none|rsmod
item|12199|crush|414|-|-|-|-|-|-|-|-|-|-|-|-|-|-|rsmod:trail_ancient_staff:attack:stance1|-|-|-|-|-|-|-|-|-|-|-|-|-|-|0|-|-|-|-|-|none|none|none|none|none|rsmod
item|12199|crush|414|-|-|-|-|-|-|-|-|-|-|-|-|-|-|rsmod:trail_ancient_staff:attack:stance2|-|-|-|-|-|-|-|-|-|-|-|-|-|-|1|-|-|-|-|-|none|none|none|none|none|rsmod
item|12199|crush|414|-|-|-|-|-|-|-|-|-|-|-|-|-|-|rsmod:trail_ancient_staff:attack:stance4|-|-|-|-|-|-|-|-|-|-|-|-|-|-|3|-|-|-|-|-|none|none|none|none|none|rsmod
item|12263|crush|414|-|-|-|-|-|-|-|-|-|-|-|-|-|-|rsmod:trail_armadyl_staff:attack:stance1|-|-|-|-|-|-|-|-|-|-|-|-|-|-|0|-|-|-|-|-|none|none|none|none|none|rsmod
item|12263|crush|414|-|-|-|-|-|-|-|-|-|-|-|-|-|-|rsmod:trail_armadyl_staff:attack:stance2|-|-|-|-|-|-|-|-|-|-|-|-|-|-|1|-|-|-|-|-|none|none|none|none|none|rsmod
item|12263|crush|414|-|-|-|-|-|-|-|-|-|-|-|-|-|-|rsmod:trail_armadyl_staff:attack:stance4|-|-|-|-|-|-|-|-|-|-|-|-|-|-|3|-|-|-|-|-|none|none|none|none|none|rsmod
item|12275|crush|414|-|-|-|-|-|-|-|-|-|-|-|-|-|-|rsmod:trail_bandos_staff:attack:stance1|-|-|-|-|-|-|-|-|-|-|-|-|-|-|0|-|-|-|-|-|none|none|none|none|none|rsmod
item|12275|crush|414|-|-|-|-|-|-|-|-|-|-|-|-|-|-|rsmod:trail_bandos_staff:attack:stance2|-|-|-|-|-|-|-|-|-|-|-|-|-|-|1|-|-|-|-|-|none|none|none|none|none|rsmod
item|12275|crush|414|-|-|-|-|-|-|-|-|-|-|-|-|-|-|rsmod:trail_bandos_staff:attack:stance4|-|-|-|-|-|-|-|-|-|-|-|-|-|-|3|-|-|-|-|-|none|none|none|none|none|rsmod
item|12297|crush|400|-|-|-|-|-|-|-|-|-|-|-|-|-|-|rsmod:black_pickaxe:attack:stance3|-|-|-|-|-|-|-|-|-|-|-|-|-|-|2|-|-|-|-|-|none|none|none|none|none|rsmod
item|12297|stab|401|-|-|-|-|-|-|-|-|-|-|-|-|-|-|rsmod:black_pickaxe:attack:stance1|-|-|-|-|-|-|-|-|-|-|-|-|-|-|0|-|-|-|-|-|none|none|none|none|none|rsmod
item|12297|stab|401|-|-|-|-|-|-|-|-|-|-|-|-|-|-|rsmod:black_pickaxe:attack:stance2|-|-|-|-|-|-|-|-|-|-|-|-|-|-|1|-|-|-|-|-|none|none|none|none|none|rsmod
item|12297|stab|401|-|-|-|-|-|-|-|-|-|-|-|-|-|-|rsmod:black_pickaxe:attack:stance4|-|-|-|-|-|-|-|-|-|-|-|-|-|-|3|-|-|-|-|-|none|none|none|none|none|rsmod
item|12357|slash|390|-|-|-|-|-|-|-|-|-|-|-|-|-|-|rsmod:katana:attack:stance1|-|-|-|-|-|-|-|-|-|-|-|-|-|-|0|-|-|-|-|-|none|none|none|none|none|rsmod
item|12357|slash|390|-|-|-|-|-|-|-|-|-|-|-|-|-|-|rsmod:katana:attack:stance2|-|-|-|-|-|-|-|-|-|-|-|-|-|-|1|-|-|-|-|-|none|none|none|none|none|rsmod
item|12357|slash|390|-|-|-|-|-|-|-|-|-|-|-|-|-|-|rsmod:katana:attack:stance4|-|-|-|-|-|-|-|-|-|-|-|-|-|-|3|-|-|-|-|-|none|none|none|none|none|rsmod
item|12357|stab|386|-|-|-|-|-|-|-|-|-|-|-|-|-|-|rsmod:katana:attack:stance3|-|-|-|-|-|-|-|-|-|-|-|-|-|-|2|-|-|-|-|-|none|none|none|none|none|rsmod
item|12373|crush|414|-|-|-|-|-|-|-|-|-|-|-|-|-|-|rsmod:dragon_cane:attack:stance1|-|-|-|-|-|-|-|-|-|-|-|-|-|-|0|-|-|-|-|-|none|none|none|none|none|rsmod
item|12373|crush|414|-|-|-|-|-|-|-|-|-|-|-|-|-|-|rsmod:dragon_cane:attack:stance2|-|-|-|-|-|-|-|-|-|-|-|-|-|-|1|-|-|-|-|-|none|none|none|none|none|rsmod
item|12373|crush|414|-|-|-|-|-|-|-|-|-|-|-|-|-|-|rsmod:dragon_cane:attack:stance4|-|-|-|-|-|-|-|-|-|-|-|-|-|-|3|-|-|-|-|-|none|none|none|none|none|rsmod
item|12375|crush|401|-|-|-|-|-|-|-|-|-|-|-|-|-|-|rsmod:black_cane:attack:stance1|-|-|-|-|-|-|-|-|-|-|-|-|-|-|0|-|-|-|-|-|none|none|none|none|none|rsmod
item|12375|crush|401|-|-|-|-|-|-|-|-|-|-|-|-|-|-|rsmod:black_cane:attack:stance2|-|-|-|-|-|-|-|-|-|-|-|-|-|-|1|-|-|-|-|-|none|none|none|none|none|rsmod
item|12375|crush|401|-|-|-|-|-|-|-|-|-|-|-|-|-|-|rsmod:black_cane:attack:stance4|-|-|-|-|-|-|-|-|-|-|-|-|-|-|3|-|-|-|-|-|none|none|none|none|none|rsmod
item|12375|stab|400|-|-|-|-|-|-|-|-|-|-|-|-|-|-|rsmod:black_cane:attack:stance3|-|-|-|-|-|-|-|-|-|-|-|-|-|-|2|-|-|-|-|-|none|none|none|none|none|rsmod
item|12377|crush|401|-|-|-|-|-|-|-|-|-|-|-|-|-|-|rsmod:adamant_cane:attack:stance1|-|-|-|-|-|-|-|-|-|-|-|-|-|-|0|-|-|-|-|-|none|none|none|none|none|rsmod
item|12377|crush|401|-|-|-|-|-|-|-|-|-|-|-|-|-|-|rsmod:adamant_cane:attack:stance2|-|-|-|-|-|-|-|-|-|-|-|-|-|-|1|-|-|-|-|-|none|none|none|none|none|rsmod
item|12377|crush|401|-|-|-|-|-|-|-|-|-|-|-|-|-|-|rsmod:adamant_cane:attack:stance4|-|-|-|-|-|-|-|-|-|-|-|-|-|-|3|-|-|-|-|-|none|none|none|none|none|rsmod
item|12377|stab|400|-|-|-|-|-|-|-|-|-|-|-|-|-|-|rsmod:adamant_cane:attack:stance3|-|-|-|-|-|-|-|-|-|-|-|-|-|-|2|-|-|-|-|-|none|none|none|none|none|rsmod
item|12379|crush|401|-|-|-|-|-|-|-|-|-|-|-|-|-|-|rsmod:rune_cane:attack:stance1|-|-|-|-|-|-|-|-|-|-|-|-|-|-|0|-|-|-|-|-|none|none|none|none|none|rsmod
item|12379|crush|401|-|-|-|-|-|-|-|-|-|-|-|-|-|-|rsmod:rune_cane:attack:stance2|-|-|-|-|-|-|-|-|-|-|-|-|-|-|1|-|-|-|-|-|none|none|none|none|none|rsmod
item|12379|crush|401|-|-|-|-|-|-|-|-|-|-|-|-|-|-|rsmod:rune_cane:attack:stance4|-|-|-|-|-|-|-|-|-|-|-|-|-|-|3|-|-|-|-|-|none|none|none|none|none|rsmod
item|12379|stab|400|-|-|-|-|-|-|-|-|-|-|-|-|-|-|rsmod:rune_cane:attack:stance3|-|-|-|-|-|-|-|-|-|-|-|-|-|-|2|-|-|-|-|-|none|none|none|none|none|rsmod
item|12389|slash|390|-|-|-|-|-|-|-|-|-|-|-|-|-|-|rsmod:rune_scimitar_gold:attack:stance1|-|-|-|-|-|-|-|-|-|-|-|-|-|-|0|-|-|-|-|-|none|none|none|none|none|rsmod
item|12389|slash|390|-|-|-|-|-|-|-|-|-|-|-|-|-|-|rsmod:rune_scimitar_gold:attack:stance2|-|-|-|-|-|-|-|-|-|-|-|-|-|-|1|-|-|-|-|-|none|none|none|none|none|rsmod
item|12389|slash|390|-|-|-|-|-|-|-|-|-|-|-|-|-|-|rsmod:rune_scimitar_gold:attack:stance4|-|-|-|-|-|-|-|-|-|-|-|-|-|-|3|-|-|-|-|-|none|none|none|none|none|rsmod
item|12389|stab|386|-|-|-|-|-|-|-|-|-|-|-|-|-|-|rsmod:rune_scimitar_gold:attack:stance3|-|-|-|-|-|-|-|-|-|-|-|-|-|-|2|-|-|-|-|-|none|none|none|none|none|rsmod
item|12422|crush|414|-|-|-|-|-|-|-|-|-|-|-|-|-|-|rsmod:trail_mage_wand:attack:stance1|-|-|-|-|-|-|-|-|-|-|-|-|-|-|0|-|-|-|-|-|none|none|none|none|none|rsmod
item|12422|crush|414|-|-|-|-|-|-|-|-|-|-|-|-|-|-|rsmod:trail_mage_wand:attack:stance2|-|-|-|-|-|-|-|-|-|-|-|-|-|-|1|-|-|-|-|-|none|none|none|none|none|rsmod
item|12422|crush|414|-|-|-|-|-|-|-|-|-|-|-|-|-|-|rsmod:trail_mage_wand:attack:stance4|-|-|-|-|-|-|-|-|-|-|-|-|-|-|3|-|-|-|-|-|none|none|none|none|none|rsmod
item|12424|ranged|426|-|-|-|-|-|3|3|163|146|41|15|5|11|5|rsmod:trail_ranger_bow:attack:stance1|-|-|-|-|-|-|-|-|-|-|-|-|-|-|0|-|-|-|-|-|none|none|none|none|none|rsmod
item|12424|ranged|426|-|-|-|-|-|3|3|163|146|41|15|5|11|5|rsmod:trail_ranger_bow:attack:stance2|-|-|-|-|-|-|-|-|-|-|-|-|-|-|1|-|-|-|-|-|none|none|none|none|none|rsmod
item|12424|ranged|426|-|-|-|-|-|3|3|163|146|41|15|5|11|5|rsmod:trail_ranger_bow:attack:stance4|-|-|-|-|-|-|-|-|-|-|-|-|-|-|3|-|-|-|-|-|none|none|none|none|none|rsmod
item|12439|crush|414|-|-|-|-|-|-|-|-|-|-|-|-|-|-|rsmod:royal_sceptre:attack:stance1|-|-|-|-|-|-|-|-|-|-|-|-|-|-|0|-|-|-|-|-|none|none|none|none|none|rsmod
item|12439|crush|414|-|-|-|-|-|-|-|-|-|-|-|-|-|-|rsmod:royal_sceptre:attack:stance2|-|-|-|-|-|-|-|-|-|-|-|-|-|-|1|-|-|-|-|-|none|none|none|none|none|rsmod
item|12439|crush|414|-|-|-|-|-|-|-|-|-|-|-|-|-|-|rsmod:royal_sceptre:attack:stance4|-|-|-|-|-|-|-|-|-|-|-|-|-|-|3|-|-|-|-|-|none|none|none|none|none|rsmod
item|12658|crush|401|-|-|-|-|-|-|-|-|-|-|-|-|-|-|rsmod:ibanstaff_upgraded:attack:stance1|-|-|-|-|-|-|-|-|-|-|-|-|-|-|0|-|-|-|-|-|none|none|none|none|none|rsmod
item|12658|crush|401|-|-|-|-|-|-|-|-|-|-|-|-|-|-|rsmod:ibanstaff_upgraded:attack:stance2|-|-|-|-|-|-|-|-|-|-|-|-|-|-|1|-|-|-|-|-|none|none|none|none|none|rsmod
item|12658|crush|401|-|-|-|-|-|-|-|-|-|-|-|-|-|-|rsmod:ibanstaff_upgraded:attack:stance4|-|-|-|-|-|-|-|-|-|-|-|-|-|-|3|-|-|-|-|-|none|none|none|none|none|rsmod
item|12727|crush|2323|-|-|-|-|-|-|-|-|-|-|-|-|-|-|rsmod:goblin_rpg:attack:stance1|-|-|-|-|-|-|-|-|-|-|-|-|-|-|0|-|-|-|-|-|none|none|none|none|none|rsmod
item|12727|crush|2323|-|-|-|-|-|-|-|-|-|-|-|-|-|-|rsmod:goblin_rpg:attack:stance2|-|-|-|-|-|-|-|-|-|-|-|-|-|-|1|-|-|-|-|-|none|none|none|none|none|rsmod
item|12727|crush|2323|-|-|-|-|-|-|-|-|-|-|-|-|-|-|rsmod:goblin_rpg:attack:stance4|-|-|-|-|-|-|-|-|-|-|-|-|-|-|3|-|-|-|-|-|none|none|none|none|none|rsmod
item|12765|ranged|426|-|-|-|-|-|3|3|163|146|41|15|5|11|5|rsmod:darkbow_green:attack:stance1|-|-|-|-|-|-|-|-|-|-|-|-|-|-|0|-|-|-|-|-|none|none|none|none|none|rsmod
item|12765|ranged|426|-|-|-|-|-|3|3|163|146|41|15|5|11|5|rsmod:darkbow_green:attack:stance2|-|-|-|-|-|-|-|-|-|-|-|-|-|-|1|-|-|-|-|-|none|none|none|none|none|rsmod
item|12765|ranged|426|-|-|-|-|-|3|3|163|146|41|15|5|11|5|rsmod:darkbow_green:attack:stance4|-|-|-|-|-|-|-|-|-|-|-|-|-|-|3|-|-|-|-|-|none|none|none|none|none|rsmod
item|12766|ranged|426|-|-|-|-|-|3|3|163|146|41|15|5|11|5|rsmod:darkbow_blue:attack:stance1|-|-|-|-|-|-|-|-|-|-|-|-|-|-|0|-|-|-|-|-|none|none|none|none|none|rsmod
item|12766|ranged|426|-|-|-|-|-|3|3|163|146|41|15|5|11|5|rsmod:darkbow_blue:attack:stance2|-|-|-|-|-|-|-|-|-|-|-|-|-|-|1|-|-|-|-|-|none|none|none|none|none|rsmod
item|12766|ranged|426|-|-|-|-|-|3|3|163|146|41|15|5|11|5|rsmod:darkbow_blue:attack:stance4|-|-|-|-|-|-|-|-|-|-|-|-|-|-|3|-|-|-|-|-|none|none|none|none|none|rsmod
item|12767|ranged|426|-|-|-|-|-|3|3|163|146|41|15|5|11|5|rsmod:darkbow_yellow:attack:stance1|-|-|-|-|-|-|-|-|-|-|-|-|-|-|0|-|-|-|-|-|none|none|none|none|none|rsmod
item|12767|ranged|426|-|-|-|-|-|3|3|163|146|41|15|5|11|5|rsmod:darkbow_yellow:attack:stance2|-|-|-|-|-|-|-|-|-|-|-|-|-|-|1|-|-|-|-|-|none|none|none|none|none|rsmod
item|12767|ranged|426|-|-|-|-|-|3|3|163|146|41|15|5|11|5|rsmod:darkbow_yellow:attack:stance4|-|-|-|-|-|-|-|-|-|-|-|-|-|-|3|-|-|-|-|-|none|none|none|none|none|rsmod
item|12768|ranged|426|-|-|-|-|-|3|3|163|146|41|15|5|11|5|rsmod:darkbow_white:attack:stance1|-|-|-|-|-|-|-|-|-|-|-|-|-|-|0|-|-|-|-|-|none|none|none|none|none|rsmod
item|12768|ranged|426|-|-|-|-|-|3|3|163|146|41|15|5|11|5|rsmod:darkbow_white:attack:stance2|-|-|-|-|-|-|-|-|-|-|-|-|-|-|1|-|-|-|-|-|none|none|none|none|none|rsmod
item|12768|ranged|426|-|-|-|-|-|3|3|163|146|41|15|5|11|5|rsmod:darkbow_white:attack:stance4|-|-|-|-|-|-|-|-|-|-|-|-|-|-|3|-|-|-|-|-|none|none|none|none|none|rsmod
item|12773|slash|1658|-|-|-|-|-|-|-|-|-|-|-|-|-|-|rsmod:abyssal_whip_lava:attack:stance1|-|-|-|-|-|-|-|-|-|-|-|-|-|-|0|-|-|-|-|-|none|none|none|none|none|rsmod
item|12773|slash|1658|-|-|-|-|-|-|-|-|-|-|-|-|-|-|rsmod:abyssal_whip_lava:attack:stance2|-|-|-|-|-|-|-|-|-|-|-|-|-|-|1|-|-|-|-|-|none|none|none|none|none|rsmod
item|12773|slash|1658|-|-|-|-|-|-|-|-|-|-|-|-|-|-|rsmod:abyssal_whip_lava:attack:stance4|-|-|-|-|-|-|-|-|-|-|-|-|-|-|3|-|-|-|-|-|none|none|none|none|none|rsmod
item|12774|slash|1658|-|-|-|-|-|-|-|-|-|-|-|-|-|-|rsmod:abyssal_whip_ice:attack:stance1|-|-|-|-|-|-|-|-|-|-|-|-|-|-|0|-|-|-|-|-|none|none|none|none|none|rsmod
item|12774|slash|1658|-|-|-|-|-|-|-|-|-|-|-|-|-|-|rsmod:abyssal_whip_ice:attack:stance2|-|-|-|-|-|-|-|-|-|-|-|-|-|-|1|-|-|-|-|-|none|none|none|none|none|rsmod
item|12774|slash|1658|-|-|-|-|-|-|-|-|-|-|-|-|-|-|rsmod:abyssal_whip_ice:attack:stance4|-|-|-|-|-|-|-|-|-|-|-|-|-|-|3|-|-|-|-|-|none|none|none|none|none|rsmod
item|12788|ranged|426|-|-|-|-|-|3|3|163|146|41|15|5|11|5|rsmod:magic_shortbow_i:attack:stance1|-|-|-|-|-|-|-|-|-|-|-|-|-|-|0|-|-|-|-|-|none|none|none|none|none|rsmod
item|12788|ranged|426|-|-|-|-|-|3|3|163|146|41|15|5|11|5|rsmod:magic_shortbow_i:attack:stance2|-|-|-|-|-|-|-|-|-|-|-|-|-|-|1|-|-|-|-|-|none|none|none|none|none|rsmod
item|12788|ranged|426|-|-|-|-|-|3|3|163|146|41|15|5|11|5|rsmod:magic_shortbow_i:attack:stance4|-|-|-|-|-|-|-|-|-|-|-|-|-|-|3|-|-|-|-|-|none|none|none|none|none|rsmod
item|12795|crush|419|-|-|-|-|-|-|-|-|-|-|-|-|-|-|rsmod:steam_battlestaff_pretty:attack:stance1|-|-|-|-|-|-|-|-|-|-|-|-|-|-|0|-|-|-|-|-|none|none|none|none|none|rsmod
item|12795|crush|419|-|-|-|-|-|-|-|-|-|-|-|-|-|-|rsmod:steam_battlestaff_pretty:attack:stance2|-|-|-|-|-|-|-|-|-|-|-|-|-|-|1|-|-|-|-|-|none|none|none|none|none|rsmod
item|12795|crush|419|-|-|-|-|-|-|-|-|-|-|-|-|-|-|rsmod:steam_battlestaff_pretty:attack:stance4|-|-|-|-|-|-|-|-|-|-|-|-|-|-|3|-|-|-|-|-|none|none|none|none|none|rsmod
item|12796|crush|419|-|-|-|-|-|-|-|-|-|-|-|-|-|-|rsmod:mystic_steam_battlestaff_pretty:attack:stance1|-|-|-|-|-|-|-|-|-|-|-|-|-|-|0|-|-|-|-|-|none|none|none|none|none|rsmod
item|12796|crush|419|-|-|-|-|-|-|-|-|-|-|-|-|-|-|rsmod:mystic_steam_battlestaff_pretty:attack:stance2|-|-|-|-|-|-|-|-|-|-|-|-|-|-|1|-|-|-|-|-|none|none|none|none|none|rsmod
item|12796|crush|419|-|-|-|-|-|-|-|-|-|-|-|-|-|-|rsmod:mystic_steam_battlestaff_pretty:attack:stance4|-|-|-|-|-|-|-|-|-|-|-|-|-|-|3|-|-|-|-|-|none|none|none|none|none|rsmod
item|12797|crush|400|-|-|-|-|-|-|-|-|-|-|-|-|-|-|rsmod:dragon_pickaxe_pretty:attack:stance3|-|-|-|-|-|-|-|-|-|-|-|-|-|-|2|-|-|-|-|-|none|none|none|none|none|rsmod
item|12797|stab|401|-|-|-|-|-|-|-|-|-|-|-|-|-|-|rsmod:dragon_pickaxe_pretty:attack:stance1|-|-|-|-|-|-|-|-|-|-|-|-|-|-|0|-|-|-|-|-|none|none|none|none|none|rsmod
item|12797|stab|401|-|-|-|-|-|-|-|-|-|-|-|-|-|-|rsmod:dragon_pickaxe_pretty:attack:stance2|-|-|-|-|-|-|-|-|-|-|-|-|-|-|1|-|-|-|-|-|none|none|none|none|none|rsmod
item|12797|stab|401|-|-|-|-|-|-|-|-|-|-|-|-|-|-|rsmod:dragon_pickaxe_pretty:attack:stance4|-|-|-|-|-|-|-|-|-|-|-|-|-|-|3|-|-|-|-|-|none|none|none|none|none|rsmod
item|12808|crush|7054|-|-|-|-|-|-|-|-|-|-|-|-|-|-|rsmod:blessed_saradomin_sword:attack:stance3|-|-|-|-|-|-|-|-|-|-|-|-|-|-|2|-|-|-|-|-|none|none|none|none|none|rsmod
item|12808|slash|7045|-|-|-|-|-|-|-|-|-|-|-|-|-|-|rsmod:blessed_saradomin_sword:attack:stance1|-|-|-|-|-|-|-|-|-|-|-|-|-|-|0|-|-|-|-|-|none|none|none|none|none|rsmod
item|12808|slash|7045|-|-|-|-|-|-|-|-|-|-|-|-|-|-|rsmod:blessed_saradomin_sword:attack:stance2|-|-|-|-|-|-|-|-|-|-|-|-|-|-|1|-|-|-|-|-|none|none|none|none|none|rsmod
item|12808|slash|7055|-|-|-|-|-|-|-|-|-|-|-|-|-|-|rsmod:blessed_saradomin_sword:attack:stance4|-|-|-|-|-|-|-|-|-|-|-|-|-|-|3|-|-|-|-|-|none|none|none|none|none|rsmod
item|12809|crush|7054|-|-|-|-|-|-|-|-|-|-|-|-|-|-|rsmod:blessed_saradomin_sword_degraded:attack:stance3|-|-|-|-|-|-|-|-|-|-|-|-|-|-|2|-|-|-|-|-|none|none|none|none|none|rsmod
item|12809|slash|7045|-|-|-|-|-|-|-|-|-|-|-|-|-|-|rsmod:blessed_saradomin_sword_degraded:attack:stance1|-|-|-|-|-|-|-|-|-|-|-|-|-|-|0|-|-|-|-|-|none|none|none|none|none|rsmod
item|12809|slash|7045|-|-|-|-|-|-|-|-|-|-|-|-|-|-|rsmod:blessed_saradomin_sword_degraded:attack:stance2|-|-|-|-|-|-|-|-|-|-|-|-|-|-|1|-|-|-|-|-|none|none|none|none|none|rsmod
item|12809|slash|7055|-|-|-|-|-|-|-|-|-|-|-|-|-|-|rsmod:blessed_saradomin_sword_degraded:attack:stance4|-|-|-|-|-|-|-|-|-|-|-|-|-|-|3|-|-|-|-|-|none|none|none|none|none|rsmod
item|12848|crush|1665|-|-|-|-|-|-|-|-|-|-|-|-|-|-|rsmod:granite_maul_pretty:attack:stance1|-|-|-|-|-|-|-|-|-|-|-|-|-|-|0|-|-|-|-|-|none|none|none|none|none|rsmod
item|12848|crush|1665|-|-|-|-|-|-|-|-|-|-|-|-|-|-|rsmod:granite_maul_pretty:attack:stance2|-|-|-|-|-|-|-|-|-|-|-|-|-|-|1|-|-|-|-|-|none|none|none|none|none|rsmod
item|12848|crush|1665|-|-|-|-|-|-|-|-|-|-|-|-|-|-|rsmod:granite_maul_pretty:attack:stance4|-|-|-|-|-|-|-|-|-|-|-|-|-|-|3|-|-|-|-|-|none|none|none|none|none|rsmod
item|12899|magic|1167|-|-|-|-|-|-|-|-|-|-|-|-|-|-|rsmod:toxic_tots_charged:attack:stance1|-|-|-|-|-|-|-|-|-|-|-|-|-|-|0|-|-|-|-|-|none|none|none|none|none|rsmod
item|12899|magic|1167|-|-|-|-|-|-|-|-|-|-|-|-|-|-|rsmod:toxic_tots_charged:attack:stance2|-|-|-|-|-|-|-|-|-|-|-|-|-|-|1|-|-|-|-|-|none|none|none|none|none|rsmod
item|12899|magic|1167|-|-|-|-|-|-|-|-|-|-|-|-|-|-|rsmod:toxic_tots_charged:attack:stance4|-|-|-|-|-|-|-|-|-|-|-|-|-|-|3|-|-|-|-|-|none|none|none|none|none|rsmod
item|12900|magic|1167|-|-|-|-|-|-|-|-|-|-|-|-|-|-|rsmod:toxic_tots_uncharged:attack:stance1|-|-|-|-|-|-|-|-|-|-|-|-|-|-|0|-|-|-|-|-|none|none|none|none|none|rsmod
item|12900|magic|1167|-|-|-|-|-|-|-|-|-|-|-|-|-|-|rsmod:toxic_tots_uncharged:attack:stance2|-|-|-|-|-|-|-|-|-|-|-|-|-|-|1|-|-|-|-|-|none|none|none|none|none|rsmod
item|12900|magic|1167|-|-|-|-|-|-|-|-|-|-|-|-|-|-|rsmod:toxic_tots_uncharged:attack:stance4|-|-|-|-|-|-|-|-|-|-|-|-|-|-|3|-|-|-|-|-|none|none|none|none|none|rsmod
item|12902|crush|419|-|-|-|-|-|-|-|-|-|-|-|-|-|-|rsmod:toxic_sotd:attack:stance4|-|-|-|-|-|-|-|-|-|-|-|-|-|-|3|-|-|-|-|-|none|none|none|none|none|rsmod
item|12902|slash|440|-|-|-|-|-|-|-|-|-|-|-|-|-|-|rsmod:toxic_sotd:attack:stance2|-|-|-|-|-|-|-|-|-|-|-|-|-|-|1|-|-|-|-|-|none|none|none|none|none|rsmod
item|12902|stab|428|-|-|-|-|-|-|-|-|-|-|-|-|-|-|rsmod:toxic_sotd:attack:stance1|-|-|-|-|-|-|-|-|-|-|-|-|-|-|0|-|-|-|-|-|none|none|none|none|none|rsmod
item|12904|crush|419|-|-|-|-|-|-|-|-|-|-|-|-|-|-|rsmod:toxic_sotd_charged:attack:stance4|-|-|-|-|-|-|-|-|-|-|-|-|-|-|3|-|-|-|-|-|none|none|none|none|none|rsmod
item|12904|slash|440|-|-|-|-|-|-|-|-|-|-|-|-|-|-|rsmod:toxic_sotd_charged:attack:stance2|-|-|-|-|-|-|-|-|-|-|-|-|-|-|1|-|-|-|-|-|none|none|none|none|none|rsmod
item|12904|stab|428|-|-|-|-|-|-|-|-|-|-|-|-|-|-|rsmod:toxic_sotd_charged:attack:stance1|-|-|-|-|-|-|-|-|-|-|-|-|-|-|0|-|-|-|-|-|none|none|none|none|none|rsmod
item|12926|ranged|5061|-|-|-|-|-|2|2|163|146|32|15|0|11|5|rsmod:toxic_blowpipe_loaded:attack:stance1|-|-|-|-|-|-|-|-|-|-|-|-|-|-|0|-|-|-|-|-|none|none|none|none|none|rsmod
item|12926|ranged|5061|-|-|-|-|-|2|2|163|146|32|15|0|11|5|rsmod:toxic_blowpipe_loaded:attack:stance2|-|-|-|-|-|-|-|-|-|-|-|-|-|-|1|-|-|-|-|-|none|none|none|none|none|rsmod
item|12926|ranged|5061|-|-|-|-|-|2|2|163|146|32|15|0|11|5|rsmod:toxic_blowpipe_loaded:attack:stance4|-|-|-|-|-|-|-|-|-|-|-|-|-|-|3|-|-|-|-|-|none|none|none|none|none|rsmod
item|13079|crush|422|-|-|-|-|-|-|-|-|-|-|-|-|-|-|rsmod:magic_strung_lyre_5:attack:stance1|-|-|-|-|-|-|-|-|-|-|-|-|-|-|0|-|-|-|-|-|none|none|none|none|none|rsmod
item|13079|crush|422|-|-|-|-|-|-|-|-|-|-|-|-|-|-|rsmod:magic_strung_lyre_5:attack:stance4|-|-|-|-|-|-|-|-|-|-|-|-|-|-|3|-|-|-|-|-|none|none|none|none|none|rsmod
item|13079|crush|423|-|-|-|-|-|-|-|-|-|-|-|-|-|-|rsmod:magic_strung_lyre_5:attack:stance2|-|-|-|-|-|-|-|-|-|-|-|-|-|-|1|-|-|-|-|-|none|none|none|none|none|rsmod
item|13080|slash|440|-|-|-|-|-|-|-|-|-|-|-|-|-|-|rsmod:nzone_crystal_halberd_new:attack:stance2|-|-|-|-|-|-|-|-|-|-|-|-|-|-|1|-|-|-|-|-|none|none|none|none|none|rsmod
item|13080|stab|428|-|-|-|-|-|-|-|-|-|-|-|-|-|-|rsmod:nzone_crystal_halberd_new:attack:stance1|-|-|-|-|-|-|-|-|-|-|-|-|-|-|0|-|-|-|-|-|none|none|none|none|none|rsmod
item|13080|stab|428|-|-|-|-|-|-|-|-|-|-|-|-|-|-|rsmod:nzone_crystal_halberd_new:attack:stance4|-|-|-|-|-|-|-|-|-|-|-|-|-|-|3|-|-|-|-|-|none|none|none|none|none|rsmod
item|13081|slash|440|-|-|-|-|-|-|-|-|-|-|-|-|-|-|rsmod:nzone_crystal_halberd_1000:attack:stance2|-|-|-|-|-|-|-|-|-|-|-|-|-|-|1|-|-|-|-|-|none|none|none|none|none|rsmod
item|13081|stab|428|-|-|-|-|-|-|-|-|-|-|-|-|-|-|rsmod:nzone_crystal_halberd_1000:attack:stance1|-|-|-|-|-|-|-|-|-|-|-|-|-|-|0|-|-|-|-|-|none|none|none|none|none|rsmod
item|13081|stab|428|-|-|-|-|-|-|-|-|-|-|-|-|-|-|rsmod:nzone_crystal_halberd_1000:attack:stance4|-|-|-|-|-|-|-|-|-|-|-|-|-|-|3|-|-|-|-|-|none|none|none|none|none|rsmod
item|13082|slash|440|-|-|-|-|-|-|-|-|-|-|-|-|-|-|rsmod:nzone_crystal_halberd_900:attack:stance2|-|-|-|-|-|-|-|-|-|-|-|-|-|-|1|-|-|-|-|-|none|none|none|none|none|rsmod
item|13082|stab|428|-|-|-|-|-|-|-|-|-|-|-|-|-|-|rsmod:nzone_crystal_halberd_900:attack:stance1|-|-|-|-|-|-|-|-|-|-|-|-|-|-|0|-|-|-|-|-|none|none|none|none|none|rsmod
item|13082|stab|428|-|-|-|-|-|-|-|-|-|-|-|-|-|-|rsmod:nzone_crystal_halberd_900:attack:stance4|-|-|-|-|-|-|-|-|-|-|-|-|-|-|3|-|-|-|-|-|none|none|none|none|none|rsmod
item|13083|slash|440|-|-|-|-|-|-|-|-|-|-|-|-|-|-|rsmod:nzone_crystal_halberd_800:attack:stance2|-|-|-|-|-|-|-|-|-|-|-|-|-|-|1|-|-|-|-|-|none|none|none|none|none|rsmod
item|13083|stab|428|-|-|-|-|-|-|-|-|-|-|-|-|-|-|rsmod:nzone_crystal_halberd_800:attack:stance1|-|-|-|-|-|-|-|-|-|-|-|-|-|-|0|-|-|-|-|-|none|none|none|none|none|rsmod
item|13083|stab|428|-|-|-|-|-|-|-|-|-|-|-|-|-|-|rsmod:nzone_crystal_halberd_800:attack:stance4|-|-|-|-|-|-|-|-|-|-|-|-|-|-|3|-|-|-|-|-|none|none|none|none|none|rsmod
item|13084|slash|440|-|-|-|-|-|-|-|-|-|-|-|-|-|-|rsmod:nzone_crystal_halberd_700:attack:stance2|-|-|-|-|-|-|-|-|-|-|-|-|-|-|1|-|-|-|-|-|none|none|none|none|none|rsmod
item|13084|stab|428|-|-|-|-|-|-|-|-|-|-|-|-|-|-|rsmod:nzone_crystal_halberd_700:attack:stance1|-|-|-|-|-|-|-|-|-|-|-|-|-|-|0|-|-|-|-|-|none|none|none|none|none|rsmod
item|13084|stab|428|-|-|-|-|-|-|-|-|-|-|-|-|-|-|rsmod:nzone_crystal_halberd_700:attack:stance4|-|-|-|-|-|-|-|-|-|-|-|-|-|-|3|-|-|-|-|-|none|none|none|none|none|rsmod
item|13085|slash|440|-|-|-|-|-|-|-|-|-|-|-|-|-|-|rsmod:nzone_crystal_halberd_600:attack:stance2|-|-|-|-|-|-|-|-|-|-|-|-|-|-|1|-|-|-|-|-|none|none|none|none|none|rsmod
item|13085|stab|428|-|-|-|-|-|-|-|-|-|-|-|-|-|-|rsmod:nzone_crystal_halberd_600:attack:stance1|-|-|-|-|-|-|-|-|-|-|-|-|-|-|0|-|-|-|-|-|none|none|none|none|none|rsmod
item|13085|stab|428|-|-|-|-|-|-|-|-|-|-|-|-|-|-|rsmod:nzone_crystal_halberd_600:attack:stance4|-|-|-|-|-|-|-|-|-|-|-|-|-|-|3|-|-|-|-|-|none|none|none|none|none|rsmod
item|13086|slash|440|-|-|-|-|-|-|-|-|-|-|-|-|-|-|rsmod:nzone_crystal_halberd_500:attack:stance2|-|-|-|-|-|-|-|-|-|-|-|-|-|-|1|-|-|-|-|-|none|none|none|none|none|rsmod
item|13086|stab|428|-|-|-|-|-|-|-|-|-|-|-|-|-|-|rsmod:nzone_crystal_halberd_500:attack:stance1|-|-|-|-|-|-|-|-|-|-|-|-|-|-|0|-|-|-|-|-|none|none|none|none|none|rsmod
item|13086|stab|428|-|-|-|-|-|-|-|-|-|-|-|-|-|-|rsmod:nzone_crystal_halberd_500:attack:stance4|-|-|-|-|-|-|-|-|-|-|-|-|-|-|3|-|-|-|-|-|none|none|none|none|none|rsmod
item|13087|slash|440|-|-|-|-|-|-|-|-|-|-|-|-|-|-|rsmod:nzone_crystal_halberd_400:attack:stance2|-|-|-|-|-|-|-|-|-|-|-|-|-|-|1|-|-|-|-|-|none|none|none|none|none|rsmod
item|13087|stab|428|-|-|-|-|-|-|-|-|-|-|-|-|-|-|rsmod:nzone_crystal_halberd_400:attack:stance1|-|-|-|-|-|-|-|-|-|-|-|-|-|-|0|-|-|-|-|-|none|none|none|none|none|rsmod
item|13087|stab|428|-|-|-|-|-|-|-|-|-|-|-|-|-|-|rsmod:nzone_crystal_halberd_400:attack:stance4|-|-|-|-|-|-|-|-|-|-|-|-|-|-|3|-|-|-|-|-|none|none|none|none|none|rsmod
item|13088|slash|440|-|-|-|-|-|-|-|-|-|-|-|-|-|-|rsmod:nzone_crystal_halberd_300:attack:stance2|-|-|-|-|-|-|-|-|-|-|-|-|-|-|1|-|-|-|-|-|none|none|none|none|none|rsmod
item|13088|stab|428|-|-|-|-|-|-|-|-|-|-|-|-|-|-|rsmod:nzone_crystal_halberd_300:attack:stance1|-|-|-|-|-|-|-|-|-|-|-|-|-|-|0|-|-|-|-|-|none|none|none|none|none|rsmod
item|13088|stab|428|-|-|-|-|-|-|-|-|-|-|-|-|-|-|rsmod:nzone_crystal_halberd_300:attack:stance4|-|-|-|-|-|-|-|-|-|-|-|-|-|-|3|-|-|-|-|-|none|none|none|none|none|rsmod
item|13089|slash|440|-|-|-|-|-|-|-|-|-|-|-|-|-|-|rsmod:nzone_crystal_halberd_200:attack:stance2|-|-|-|-|-|-|-|-|-|-|-|-|-|-|1|-|-|-|-|-|none|none|none|none|none|rsmod
item|13089|stab|428|-|-|-|-|-|-|-|-|-|-|-|-|-|-|rsmod:nzone_crystal_halberd_200:attack:stance1|-|-|-|-|-|-|-|-|-|-|-|-|-|-|0|-|-|-|-|-|none|none|none|none|none|rsmod
item|13089|stab|428|-|-|-|-|-|-|-|-|-|-|-|-|-|-|rsmod:nzone_crystal_halberd_200:attack:stance4|-|-|-|-|-|-|-|-|-|-|-|-|-|-|3|-|-|-|-|-|none|none|none|none|none|rsmod
item|13090|slash|440|-|-|-|-|-|-|-|-|-|-|-|-|-|-|rsmod:nzone_crystal_halberd_100:attack:stance2|-|-|-|-|-|-|-|-|-|-|-|-|-|-|1|-|-|-|-|-|none|none|none|none|none|rsmod
item|13090|stab|428|-|-|-|-|-|-|-|-|-|-|-|-|-|-|rsmod:nzone_crystal_halberd_100:attack:stance1|-|-|-|-|-|-|-|-|-|-|-|-|-|-|0|-|-|-|-|-|none|none|none|none|none|rsmod
item|13090|stab|428|-|-|-|-|-|-|-|-|-|-|-|-|-|-|rsmod:nzone_crystal_halberd_100:attack:stance4|-|-|-|-|-|-|-|-|-|-|-|-|-|-|3|-|-|-|-|-|none|none|none|none|none|rsmod
item|13108|slash|390|-|-|-|-|-|-|-|-|-|-|-|-|-|-|rsmod:wilderness_sword_easy:attack:stance3|-|-|-|-|-|-|-|-|-|-|-|-|-|-|2|-|-|-|-|-|none|none|none|none|none|rsmod
item|13108|stab|386|-|-|-|-|-|-|-|-|-|-|-|-|-|-|rsmod:wilderness_sword_easy:attack:stance1|-|-|-|-|-|-|-|-|-|-|-|-|-|-|0|-|-|-|-|-|none|none|none|none|none|rsmod
item|13108|stab|386|-|-|-|-|-|-|-|-|-|-|-|-|-|-|rsmod:wilderness_sword_easy:attack:stance2|-|-|-|-|-|-|-|-|-|-|-|-|-|-|1|-|-|-|-|-|none|none|none|none|none|rsmod
item|13108|stab|386|-|-|-|-|-|-|-|-|-|-|-|-|-|-|rsmod:wilderness_sword_easy:attack:stance4|-|-|-|-|-|-|-|-|-|-|-|-|-|-|3|-|-|-|-|-|none|none|none|none|none|rsmod
item|13109|slash|390|-|-|-|-|-|-|-|-|-|-|-|-|-|-|rsmod:wilderness_sword_medium:attack:stance3|-|-|-|-|-|-|-|-|-|-|-|-|-|-|2|-|-|-|-|-|none|none|none|none|none|rsmod
item|13109|stab|386|-|-|-|-|-|-|-|-|-|-|-|-|-|-|rsmod:wilderness_sword_medium:attack:stance1|-|-|-|-|-|-|-|-|-|-|-|-|-|-|0|-|-|-|-|-|none|none|none|none|none|rsmod
item|13109|stab|386|-|-|-|-|-|-|-|-|-|-|-|-|-|-|rsmod:wilderness_sword_medium:attack:stance2|-|-|-|-|-|-|-|-|-|-|-|-|-|-|1|-|-|-|-|-|none|none|none|none|none|rsmod
item|13109|stab|386|-|-|-|-|-|-|-|-|-|-|-|-|-|-|rsmod:wilderness_sword_medium:attack:stance4|-|-|-|-|-|-|-|-|-|-|-|-|-|-|3|-|-|-|-|-|none|none|none|none|none|rsmod
item|13110|slash|390|-|-|-|-|-|-|-|-|-|-|-|-|-|-|rsmod:wilderness_sword_hard:attack:stance3|-|-|-|-|-|-|-|-|-|-|-|-|-|-|2|-|-|-|-|-|none|none|none|none|none|rsmod
item|13110|stab|386|-|-|-|-|-|-|-|-|-|-|-|-|-|-|rsmod:wilderness_sword_hard:attack:stance1|-|-|-|-|-|-|-|-|-|-|-|-|-|-|0|-|-|-|-|-|none|none|none|none|none|rsmod
item|13110|stab|386|-|-|-|-|-|-|-|-|-|-|-|-|-|-|rsmod:wilderness_sword_hard:attack:stance2|-|-|-|-|-|-|-|-|-|-|-|-|-|-|1|-|-|-|-|-|none|none|none|none|none|rsmod
item|13110|stab|386|-|-|-|-|-|-|-|-|-|-|-|-|-|-|rsmod:wilderness_sword_hard:attack:stance4|-|-|-|-|-|-|-|-|-|-|-|-|-|-|3|-|-|-|-|-|none|none|none|none|none|rsmod
item|13111|slash|390|-|-|-|-|-|-|-|-|-|-|-|-|-|-|rsmod:wilderness_sword_elite:attack:stance3|-|-|-|-|-|-|-|-|-|-|-|-|-|-|2|-|-|-|-|-|none|none|none|none|none|rsmod
item|13111|stab|386|-|-|-|-|-|-|-|-|-|-|-|-|-|-|rsmod:wilderness_sword_elite:attack:stance1|-|-|-|-|-|-|-|-|-|-|-|-|-|-|0|-|-|-|-|-|none|none|none|none|none|rsmod
item|13111|stab|386|-|-|-|-|-|-|-|-|-|-|-|-|-|-|rsmod:wilderness_sword_elite:attack:stance2|-|-|-|-|-|-|-|-|-|-|-|-|-|-|1|-|-|-|-|-|none|none|none|none|none|rsmod
item|13111|stab|386|-|-|-|-|-|-|-|-|-|-|-|-|-|-|rsmod:wilderness_sword_elite:attack:stance4|-|-|-|-|-|-|-|-|-|-|-|-|-|-|3|-|-|-|-|-|none|none|none|none|none|rsmod
item|13141|crush|1428|-|-|-|-|-|-|-|-|-|-|-|-|-|-|rsmod:western_banner_easy:attack:stance1|-|-|-|-|-|-|-|-|-|-|-|-|-|-|0|-|-|-|-|-|none|none|none|none|none|rsmod
item|13141|crush|1428|-|-|-|-|-|-|-|-|-|-|-|-|-|-|rsmod:western_banner_easy:attack:stance2|-|-|-|-|-|-|-|-|-|-|-|-|-|-|1|-|-|-|-|-|none|none|none|none|none|rsmod
item|13141|crush|1428|-|-|-|-|-|-|-|-|-|-|-|-|-|-|rsmod:western_banner_easy:attack:stance4|-|-|-|-|-|-|-|-|-|-|-|-|-|-|3|-|-|-|-|-|none|none|none|none|none|rsmod
item|13142|crush|1428|-|-|-|-|-|-|-|-|-|-|-|-|-|-|rsmod:western_banner_medium:attack:stance1|-|-|-|-|-|-|-|-|-|-|-|-|-|-|0|-|-|-|-|-|none|none|none|none|none|rsmod
item|13142|crush|1428|-|-|-|-|-|-|-|-|-|-|-|-|-|-|rsmod:western_banner_medium:attack:stance2|-|-|-|-|-|-|-|-|-|-|-|-|-|-|1|-|-|-|-|-|none|none|none|none|none|rsmod
item|13142|crush|1428|-|-|-|-|-|-|-|-|-|-|-|-|-|-|rsmod:western_banner_medium:attack:stance4|-|-|-|-|-|-|-|-|-|-|-|-|-|-|3|-|-|-|-|-|none|none|none|none|none|rsmod
item|13143|crush|1428|-|-|-|-|-|-|-|-|-|-|-|-|-|-|rsmod:western_banner_hard:attack:stance1|-|-|-|-|-|-|-|-|-|-|-|-|-|-|0|-|-|-|-|-|none|none|none|none|none|rsmod
item|13143|crush|1428|-|-|-|-|-|-|-|-|-|-|-|-|-|-|rsmod:western_banner_hard:attack:stance2|-|-|-|-|-|-|-|-|-|-|-|-|-|-|1|-|-|-|-|-|none|none|none|none|none|rsmod
item|13143|crush|1428|-|-|-|-|-|-|-|-|-|-|-|-|-|-|rsmod:western_banner_hard:attack:stance4|-|-|-|-|-|-|-|-|-|-|-|-|-|-|3|-|-|-|-|-|none|none|none|none|none|rsmod
item|13144|crush|1428|-|-|-|-|-|-|-|-|-|-|-|-|-|-|rsmod:western_banner_elite:attack:stance1|-|-|-|-|-|-|-|-|-|-|-|-|-|-|0|-|-|-|-|-|none|none|none|none|none|rsmod
item|13144|crush|1428|-|-|-|-|-|-|-|-|-|-|-|-|-|-|rsmod:western_banner_elite:attack:stance2|-|-|-|-|-|-|-|-|-|-|-|-|-|-|1|-|-|-|-|-|none|none|none|none|none|rsmod
item|13144|crush|1428|-|-|-|-|-|-|-|-|-|-|-|-|-|-|rsmod:western_banner_elite:attack:stance4|-|-|-|-|-|-|-|-|-|-|-|-|-|-|3|-|-|-|-|-|none|none|none|none|none|rsmod
item|13241|crush|401|-|-|-|-|-|-|-|-|-|-|-|-|-|-|rsmod:infernal_axe:attack:stance3|-|-|-|-|-|-|-|-|-|-|-|-|-|-|2|-|-|-|-|-|none|none|none|none|none|rsmod
item|13241|slash|395|-|-|-|-|-|-|-|-|-|-|-|-|-|-|rsmod:infernal_axe:attack:stance1|-|-|-|-|-|-|-|-|-|-|-|-|-|-|0|-|-|-|-|-|none|none|none|none|none|rsmod
item|13241|slash|395|-|-|-|-|-|-|-|-|-|-|-|-|-|-|rsmod:infernal_axe:attack:stance2|-|-|-|-|-|-|-|-|-|-|-|-|-|-|1|-|-|-|-|-|none|none|none|none|none|rsmod
item|13241|slash|395|-|-|-|-|-|-|-|-|-|-|-|-|-|-|rsmod:infernal_axe:attack:stance4|-|-|-|-|-|-|-|-|-|-|-|-|-|-|3|-|-|-|-|-|none|none|none|none|none|rsmod
item|13242|crush|401|-|-|-|-|-|-|-|-|-|-|-|-|-|-|rsmod:infernal_axe_empty:attack:stance3|-|-|-|-|-|-|-|-|-|-|-|-|-|-|2|-|-|-|-|-|none|none|none|none|none|rsmod
item|13242|slash|395|-|-|-|-|-|-|-|-|-|-|-|-|-|-|rsmod:infernal_axe_empty:attack:stance1|-|-|-|-|-|-|-|-|-|-|-|-|-|-|0|-|-|-|-|-|none|none|none|none|none|rsmod
item|13242|slash|395|-|-|-|-|-|-|-|-|-|-|-|-|-|-|rsmod:infernal_axe_empty:attack:stance2|-|-|-|-|-|-|-|-|-|-|-|-|-|-|1|-|-|-|-|-|none|none|none|none|none|rsmod
item|13242|slash|395|-|-|-|-|-|-|-|-|-|-|-|-|-|-|rsmod:infernal_axe_empty:attack:stance4|-|-|-|-|-|-|-|-|-|-|-|-|-|-|3|-|-|-|-|-|none|none|none|none|none|rsmod
item|13243|crush|400|-|-|-|-|-|-|-|-|-|-|-|-|-|-|rsmod:infernal_pickaxe:attack:stance3|-|-|-|-|-|-|-|-|-|-|-|-|-|-|2|-|-|-|-|-|none|none|none|none|none|rsmod
item|13243|stab|401|-|-|-|-|-|-|-|-|-|-|-|-|-|-|rsmod:infernal_pickaxe:attack:stance1|-|-|-|-|-|-|-|-|-|-|-|-|-|-|0|-|-|-|-|-|none|none|none|none|none|rsmod
item|13243|stab|401|-|-|-|-|-|-|-|-|-|-|-|-|-|-|rsmod:infernal_pickaxe:attack:stance2|-|-|-|-|-|-|-|-|-|-|-|-|-|-|1|-|-|-|-|-|none|none|none|none|none|rsmod
item|13243|stab|401|-|-|-|-|-|-|-|-|-|-|-|-|-|-|rsmod:infernal_pickaxe:attack:stance4|-|-|-|-|-|-|-|-|-|-|-|-|-|-|3|-|-|-|-|-|none|none|none|none|none|rsmod
item|13244|crush|400|-|-|-|-|-|-|-|-|-|-|-|-|-|-|rsmod:infernal_pickaxe_empty:attack:stance3|-|-|-|-|-|-|-|-|-|-|-|-|-|-|2|-|-|-|-|-|none|none|none|none|none|rsmod
item|13244|stab|401|-|-|-|-|-|-|-|-|-|-|-|-|-|-|rsmod:infernal_pickaxe_empty:attack:stance1|-|-|-|-|-|-|-|-|-|-|-|-|-|-|0|-|-|-|-|-|none|none|none|none|none|rsmod
item|13244|stab|401|-|-|-|-|-|-|-|-|-|-|-|-|-|-|rsmod:infernal_pickaxe_empty:attack:stance2|-|-|-|-|-|-|-|-|-|-|-|-|-|-|1|-|-|-|-|-|none|none|none|none|none|rsmod
item|13244|stab|401|-|-|-|-|-|-|-|-|-|-|-|-|-|-|rsmod:infernal_pickaxe_empty:attack:stance4|-|-|-|-|-|-|-|-|-|-|-|-|-|-|3|-|-|-|-|-|none|none|none|none|none|rsmod
item|13263|crush|3298|-|-|-|-|-|-|-|-|-|-|-|-|-|-|rsmod:abyssal_bludgeon:attack:stance1|-|-|-|-|-|-|-|-|-|-|-|-|-|-|0|-|-|-|-|-|none|none|none|none|none|rsmod
item|13263|crush|3298|-|-|-|-|-|-|-|-|-|-|-|-|-|-|rsmod:abyssal_bludgeon:attack:stance2|-|-|-|-|-|-|-|-|-|-|-|-|-|-|1|-|-|-|-|-|none|none|none|none|none|rsmod
item|13263|crush|3298|-|-|-|-|-|-|-|-|-|-|-|-|-|-|rsmod:abyssal_bludgeon:attack:stance4|-|-|-|-|-|-|-|-|-|-|-|-|-|-|3|-|-|-|-|-|none|none|none|none|none|rsmod
item|13265|slash|3294|-|-|-|-|-|-|-|-|-|-|-|-|-|-|rsmod:abyssal_dagger:attack:stance3|-|-|-|-|-|-|-|-|-|-|-|-|-|-|2|-|-|-|-|-|none|none|none|none|none|rsmod
item|13265|stab|3297|-|-|-|-|-|-|-|-|-|-|-|-|-|-|rsmod:abyssal_dagger:attack:stance1|-|-|-|-|-|-|-|-|-|-|-|-|-|-|0|-|-|-|-|-|none|none|none|none|none|rsmod
item|13265|stab|3297|-|-|-|-|-|-|-|-|-|-|-|-|-|-|rsmod:abyssal_dagger:attack:stance2|-|-|-|-|-|-|-|-|-|-|-|-|-|-|1|-|-|-|-|-|none|none|none|none|none|rsmod
item|13265|stab|3297|-|-|-|-|-|-|-|-|-|-|-|-|-|-|rsmod:abyssal_dagger:attack:stance4|-|-|-|-|-|-|-|-|-|-|-|-|-|-|3|-|-|-|-|-|none|none|none|none|none|rsmod
item|13267|slash|3294|-|-|-|-|-|-|-|-|-|-|-|-|-|-|rsmod:abyssal_dagger_p:attack:stance3|-|-|-|-|-|-|-|-|-|-|-|-|-|-|2|-|-|-|-|-|none|none|none|none|none|rsmod
item|13267|stab|3297|-|-|-|-|-|-|-|-|-|-|-|-|-|-|rsmod:abyssal_dagger_p:attack:stance1|-|-|-|-|-|-|-|-|-|-|-|-|-|-|0|-|-|-|-|-|none|none|none|none|none|rsmod
item|13267|stab|3297|-|-|-|-|-|-|-|-|-|-|-|-|-|-|rsmod:abyssal_dagger_p:attack:stance2|-|-|-|-|-|-|-|-|-|-|-|-|-|-|1|-|-|-|-|-|none|none|none|none|none|rsmod
item|13267|stab|3297|-|-|-|-|-|-|-|-|-|-|-|-|-|-|rsmod:abyssal_dagger_p:attack:stance4|-|-|-|-|-|-|-|-|-|-|-|-|-|-|3|-|-|-|-|-|none|none|none|none|none|rsmod
item|13269|slash|3294|-|-|-|-|-|-|-|-|-|-|-|-|-|-|rsmod:abyssal_dagger_p+:attack:stance3|-|-|-|-|-|-|-|-|-|-|-|-|-|-|2|-|-|-|-|-|none|none|none|none|none|rsmod
item|13269|stab|3297|-|-|-|-|-|-|-|-|-|-|-|-|-|-|rsmod:abyssal_dagger_p+:attack:stance1|-|-|-|-|-|-|-|-|-|-|-|-|-|-|0|-|-|-|-|-|none|none|none|none|none|rsmod
item|13269|stab|3297|-|-|-|-|-|-|-|-|-|-|-|-|-|-|rsmod:abyssal_dagger_p+:attack:stance2|-|-|-|-|-|-|-|-|-|-|-|-|-|-|1|-|-|-|-|-|none|none|none|none|none|rsmod
item|13269|stab|3297|-|-|-|-|-|-|-|-|-|-|-|-|-|-|rsmod:abyssal_dagger_p+:attack:stance4|-|-|-|-|-|-|-|-|-|-|-|-|-|-|3|-|-|-|-|-|none|none|none|none|none|rsmod
item|13271|slash|3294|-|-|-|-|-|-|-|-|-|-|-|-|-|-|rsmod:abyssal_dagger_p++:attack:stance3|-|-|-|-|-|-|-|-|-|-|-|-|-|-|2|-|-|-|-|-|none|none|none|none|none|rsmod
item|13271|stab|3297|-|-|-|-|-|-|-|-|-|-|-|-|-|-|rsmod:abyssal_dagger_p++:attack:stance1|-|-|-|-|-|-|-|-|-|-|-|-|-|-|0|-|-|-|-|-|none|none|none|none|none|rsmod
item|13271|stab|3297|-|-|-|-|-|-|-|-|-|-|-|-|-|-|rsmod:abyssal_dagger_p++:attack:stance2|-|-|-|-|-|-|-|-|-|-|-|-|-|-|1|-|-|-|-|-|none|none|none|none|none|rsmod
item|13271|stab|3297|-|-|-|-|-|-|-|-|-|-|-|-|-|-|rsmod:abyssal_dagger_p++:attack:stance4|-|-|-|-|-|-|-|-|-|-|-|-|-|-|3|-|-|-|-|-|none|none|none|none|none|rsmod
item|13328|crush|422|-|-|-|-|-|-|-|-|-|-|-|-|-|-|rsmod:charity_banner:attack:stance3|-|-|-|-|-|-|-|-|-|-|-|-|-|-|2|-|-|-|-|-|none|none|none|none|none|rsmod
item|13328|slash|1428|-|-|-|-|-|-|-|-|-|-|-|-|-|-|rsmod:charity_banner:attack:stance1|-|-|-|-|-|-|-|-|-|-|-|-|-|-|0|-|-|-|-|-|none|none|none|none|none|rsmod
item|13328|slash|1428|-|-|-|-|-|-|-|-|-|-|-|-|-|-|rsmod:charity_banner:attack:stance2|-|-|-|-|-|-|-|-|-|-|-|-|-|-|1|-|-|-|-|-|none|none|none|none|none|rsmod
item|13328|slash|1428|-|-|-|-|-|-|-|-|-|-|-|-|-|-|rsmod:charity_banner:attack:stance4|-|-|-|-|-|-|-|-|-|-|-|-|-|-|3|-|-|-|-|-|none|none|none|none|none|rsmod
item|13576|crush|401|-|-|-|-|-|-|-|-|-|-|-|-|-|-|rsmod:dragon_warhammer:attack:stance1|-|-|-|-|-|-|-|-|-|-|-|-|-|-|0|-|-|-|-|-|none|none|none|none|none|rsmod
item|13576|crush|401|-|-|-|-|-|-|-|-|-|-|-|-|-|-|rsmod:dragon_warhammer:attack:stance2|-|-|-|-|-|-|-|-|-|-|-|-|-|-|1|-|-|-|-|-|none|none|none|none|none|rsmod
item|13576|crush|401|-|-|-|-|-|-|-|-|-|-|-|-|-|-|rsmod:dragon_warhammer:attack:stance4|-|-|-|-|-|-|-|-|-|-|-|-|-|-|3|-|-|-|-|-|none|none|none|none|none|rsmod
item|13652|slash|393|-|-|-|-|-|-|-|-|-|-|-|-|-|-|rsmod:dragon_claws:attack:stance1|-|-|-|-|-|-|-|-|-|-|-|-|-|-|0|-|-|-|-|-|none|none|none|none|none|rsmod
item|13652|slash|393|-|-|-|-|-|-|-|-|-|-|-|-|-|-|rsmod:dragon_claws:attack:stance2|-|-|-|-|-|-|-|-|-|-|-|-|-|-|1|-|-|-|-|-|none|none|none|none|none|rsmod
item|13652|slash|393|-|-|-|-|-|-|-|-|-|-|-|-|-|-|rsmod:dragon_claws:attack:stance4|-|-|-|-|-|-|-|-|-|-|-|-|-|-|3|-|-|-|-|-|none|none|none|none|none|rsmod
item|13652|stab|1067|-|-|-|-|-|-|-|-|-|-|-|-|-|-|rsmod:dragon_claws:attack:stance3|-|-|-|-|-|-|-|-|-|-|-|-|-|-|2|-|-|-|-|-|none|none|none|none|none|rsmod
item|19478|ranged|7555|-|-|-|-|-|3|3|155|146|41|5|5|11|5|rsmod:light_ballista:attack:stance1|-|-|-|-|-|-|-|-|-|-|-|-|-|-|0|-|-|-|-|-|none|none|none|none|none|rsmod
item|19478|ranged|7555|-|-|-|-|-|3|3|155|146|41|5|5|11|5|rsmod:light_ballista:attack:stance2|-|-|-|-|-|-|-|-|-|-|-|-|-|-|1|-|-|-|-|-|none|none|none|none|none|rsmod
item|19478|ranged|7555|-|-|-|-|-|3|3|155|146|41|5|5|11|5|rsmod:light_ballista:attack:stance4|-|-|-|-|-|-|-|-|-|-|-|-|-|-|3|-|-|-|-|-|none|none|none|none|none|rsmod
item|19481|ranged|7555|-|-|-|-|-|3|3|155|146|41|5|5|11|5|rsmod:heavy_ballista:attack:stance1|-|-|-|-|-|-|-|-|-|-|-|-|-|-|0|-|-|-|-|-|none|none|none|none|none|rsmod
item|19481|ranged|7555|-|-|-|-|-|3|3|155|146|41|5|5|11|5|rsmod:heavy_ballista:attack:stance2|-|-|-|-|-|-|-|-|-|-|-|-|-|-|1|-|-|-|-|-|none|none|none|none|none|rsmod
item|19481|ranged|7555|-|-|-|-|-|3|3|155|146|41|5|5|11|5|rsmod:heavy_ballista:attack:stance4|-|-|-|-|-|-|-|-|-|-|-|-|-|-|3|-|-|-|-|-|none|none|none|none|none|rsmod
item|19484|ranged|-|-|1301|-|31497|-|2|2|-|-|-|-|-|-|-|rsmod:dragon_javelin:projectile|-|-|-|-|-|-|-|-|-|-|-|-|-|-|-|-|-|-|-|-|travel_projectile|source_actor|target_actor|none|target_actor|rsmod
item|19675|slash|390|-|-|-|-|-|-|-|-|-|-|-|-|-|-|rsmod:arclight:attack:stance1|-|-|-|-|-|-|-|-|-|-|-|-|-|-|0|-|-|-|-|-|none|none|none|none|none|rsmod
item|19675|slash|390|-|-|-|-|-|-|-|-|-|-|-|-|-|-|rsmod:arclight:attack:stance2|-|-|-|-|-|-|-|-|-|-|-|-|-|-|1|-|-|-|-|-|none|none|none|none|none|rsmod
item|19675|slash|390|-|-|-|-|-|-|-|-|-|-|-|-|-|-|rsmod:arclight:attack:stance4|-|-|-|-|-|-|-|-|-|-|-|-|-|-|3|-|-|-|-|-|none|none|none|none|none|rsmod
item|19675|stab|386|-|-|-|-|-|-|-|-|-|-|-|-|-|-|rsmod:arclight:attack:stance3|-|-|-|-|-|-|-|-|-|-|-|-|-|-|2|-|-|-|-|-|none|none|none|none|none|rsmod
item|19912|crush|401|-|-|-|-|-|-|-|-|-|-|-|-|-|-|rsmod:zombie_head:attack:stance1|-|-|-|-|-|-|-|-|-|-|-|-|-|-|0|-|-|-|-|-|none|none|none|none|none|rsmod
item|19912|crush|401|-|-|-|-|-|-|-|-|-|-|-|-|-|-|rsmod:zombie_head:attack:stance2|-|-|-|-|-|-|-|-|-|-|-|-|-|-|1|-|-|-|-|-|none|none|none|none|none|rsmod
item|19912|crush|401|-|-|-|-|-|-|-|-|-|-|-|-|-|-|rsmod:zombie_head:attack:stance4|-|-|-|-|-|-|-|-|-|-|-|-|-|-|3|-|-|-|-|-|none|none|none|none|none|rsmod
item|19918|crush|2068|-|-|-|-|-|-|-|-|-|-|-|-|-|-|rsmod:nunchucks:attack:stance1|-|-|-|-|-|-|-|-|-|-|-|-|-|-|0|-|-|-|-|-|none|none|none|none|none|rsmod
item|19918|crush|2068|-|-|-|-|-|-|-|-|-|-|-|-|-|-|rsmod:nunchucks:attack:stance2|-|-|-|-|-|-|-|-|-|-|-|-|-|-|1|-|-|-|-|-|none|none|none|none|none|rsmod
item|19918|crush|2068|-|-|-|-|-|-|-|-|-|-|-|-|-|-|rsmod:nunchucks:attack:stance4|-|-|-|-|-|-|-|-|-|-|-|-|-|-|3|-|-|-|-|-|none|none|none|none|none|rsmod
item|20000|slash|390|-|-|-|-|-|-|-|-|-|-|-|-|-|-|rsmod:dragon_scimitar_ornament:attack:stance1|-|-|-|-|-|-|-|-|-|-|-|-|-|-|0|-|-|-|-|-|none|none|none|none|none|rsmod
item|20000|slash|390|-|-|-|-|-|-|-|-|-|-|-|-|-|-|rsmod:dragon_scimitar_ornament:attack:stance2|-|-|-|-|-|-|-|-|-|-|-|-|-|-|1|-|-|-|-|-|none|none|none|none|none|rsmod
item|20000|slash|390|-|-|-|-|-|-|-|-|-|-|-|-|-|-|rsmod:dragon_scimitar_ornament:attack:stance4|-|-|-|-|-|-|-|-|-|-|-|-|-|-|3|-|-|-|-|-|none|none|none|none|none|rsmod
item|20000|stab|386|-|-|-|-|-|-|-|-|-|-|-|-|-|-|rsmod:dragon_scimitar_ornament:attack:stance3|-|-|-|-|-|-|-|-|-|-|-|-|-|-|2|-|-|-|-|-|none|none|none|none|none|rsmod
item|20011|crush|401|-|-|-|-|-|-|-|-|-|-|-|-|-|-|rsmod:3a_axe:attack:stance3|-|-|-|-|-|-|-|-|-|-|-|-|-|-|2|-|-|-|-|-|none|none|none|none|none|rsmod
item|20011|slash|395|-|-|-|-|-|-|-|-|-|-|-|-|-|-|rsmod:3a_axe:attack:stance1|-|-|-|-|-|-|-|-|-|-|-|-|-|-|0|-|-|-|-|-|none|none|none|none|none|rsmod
item|20011|slash|395|-|-|-|-|-|-|-|-|-|-|-|-|-|-|rsmod:3a_axe:attack:stance2|-|-|-|-|-|-|-|-|-|-|-|-|-|-|1|-|-|-|-|-|none|none|none|none|none|rsmod
item|20011|slash|395|-|-|-|-|-|-|-|-|-|-|-|-|-|-|rsmod:3a_axe:attack:stance4|-|-|-|-|-|-|-|-|-|-|-|-|-|-|3|-|-|-|-|-|none|none|none|none|none|rsmod
item|20014|crush|400|-|-|-|-|-|-|-|-|-|-|-|-|-|-|rsmod:3a_pickaxe:attack:stance3|-|-|-|-|-|-|-|-|-|-|-|-|-|-|2|-|-|-|-|-|none|none|none|none|none|rsmod
item|20014|stab|401|-|-|-|-|-|-|-|-|-|-|-|-|-|-|rsmod:3a_pickaxe:attack:stance1|-|-|-|-|-|-|-|-|-|-|-|-|-|-|0|-|-|-|-|-|none|none|none|none|none|rsmod
item|20014|stab|401|-|-|-|-|-|-|-|-|-|-|-|-|-|-|rsmod:3a_pickaxe:attack:stance2|-|-|-|-|-|-|-|-|-|-|-|-|-|-|1|-|-|-|-|-|none|none|none|none|none|rsmod
item|20014|stab|401|-|-|-|-|-|-|-|-|-|-|-|-|-|-|rsmod:3a_pickaxe:attack:stance4|-|-|-|-|-|-|-|-|-|-|-|-|-|-|3|-|-|-|-|-|none|none|none|none|none|rsmod
item|20056|crush|422|-|-|-|-|-|-|-|-|-|-|-|-|-|-|rsmod:ale_gods:attack:stance1|-|-|-|-|-|-|-|-|-|-|-|-|-|-|0|-|-|-|-|-|none|none|none|none|none|rsmod
item|20056|crush|422|-|-|-|-|-|-|-|-|-|-|-|-|-|-|rsmod:ale_gods:attack:stance4|-|-|-|-|-|-|-|-|-|-|-|-|-|-|3|-|-|-|-|-|none|none|none|none|none|rsmod
item|20056|crush|423|-|-|-|-|-|-|-|-|-|-|-|-|-|-|rsmod:ale_gods:attack:stance2|-|-|-|-|-|-|-|-|-|-|-|-|-|-|1|-|-|-|-|-|none|none|none|none|none|rsmod
item|20155|crush|406|-|-|-|-|-|-|-|-|-|-|-|-|-|-|rsmod:rune_2h_sword_gold:attack:stance3|-|-|-|-|-|-|-|-|-|-|-|-|-|-|2|-|-|-|-|-|none|none|none|none|none|rsmod
item|20155|slash|407|-|-|-|-|-|-|-|-|-|-|-|-|-|-|rsmod:rune_2h_sword_gold:attack:stance1|-|-|-|-|-|-|-|-|-|-|-|-|-|-|0|-|-|-|-|-|none|none|none|none|none|rsmod
item|20155|slash|407|-|-|-|-|-|-|-|-|-|-|-|-|-|-|rsmod:rune_2h_sword_gold:attack:stance2|-|-|-|-|-|-|-|-|-|-|-|-|-|-|1|-|-|-|-|-|none|none|none|none|none|rsmod
item|20155|slash|407|-|-|-|-|-|-|-|-|-|-|-|-|-|-|rsmod:rune_2h_sword_gold:attack:stance4|-|-|-|-|-|-|-|-|-|-|-|-|-|-|3|-|-|-|-|-|none|none|none|none|none|rsmod
item|20158|crush|429|-|-|-|-|-|-|-|-|-|-|-|-|-|-|rsmod:rune_spear_gold:attack:stance3|-|-|-|-|-|-|-|-|-|-|-|-|-|-|2|-|-|-|-|-|none|none|none|none|none|rsmod
item|20158|slash|440|-|-|-|-|-|-|-|-|-|-|-|-|-|-|rsmod:rune_spear_gold:attack:stance2|-|-|-|-|-|-|-|-|-|-|-|-|-|-|1|-|-|-|-|-|none|none|none|none|none|rsmod
item|20158|stab|428|-|-|-|-|-|-|-|-|-|-|-|-|-|-|rsmod:rune_spear_gold:attack:stance1|-|-|-|-|-|-|-|-|-|-|-|-|-|-|0|-|-|-|-|-|none|none|none|none|none|rsmod
item|20158|stab|428|-|-|-|-|-|-|-|-|-|-|-|-|-|-|rsmod:rune_spear_gold:attack:stance4|-|-|-|-|-|-|-|-|-|-|-|-|-|-|3|-|-|-|-|-|none|none|none|none|none|rsmod
item|20161|crush|429|-|-|-|-|-|-|-|-|-|-|-|-|-|-|rsmod:brut_rune_spear_gold:attack:stance3|-|-|-|-|-|-|-|-|-|-|-|-|-|-|2|-|-|-|-|-|none|none|none|none|none|rsmod
item|20161|slash|440|-|-|-|-|-|-|-|-|-|-|-|-|-|-|rsmod:brut_rune_spear_gold:attack:stance2|-|-|-|-|-|-|-|-|-|-|-|-|-|-|1|-|-|-|-|-|none|none|none|none|none|rsmod
item|20161|stab|428|-|-|-|-|-|-|-|-|-|-|-|-|-|-|rsmod:brut_rune_spear_gold:attack:stance1|-|-|-|-|-|-|-|-|-|-|-|-|-|-|0|-|-|-|-|-|none|none|none|none|none|rsmod
item|20161|stab|428|-|-|-|-|-|-|-|-|-|-|-|-|-|-|rsmod:brut_rune_spear_gold:attack:stance4|-|-|-|-|-|-|-|-|-|-|-|-|-|-|3|-|-|-|-|-|none|none|none|none|none|rsmod
item|20243|crush|401|-|-|-|-|-|-|-|-|-|-|-|-|-|-|rsmod:town_crier_bell:attack:stance1|-|-|-|-|-|-|-|-|-|-|-|-|-|-|0|-|-|-|-|-|none|none|none|none|none|rsmod
item|20243|crush|401|-|-|-|-|-|-|-|-|-|-|-|-|-|-|rsmod:town_crier_bell:attack:stance2|-|-|-|-|-|-|-|-|-|-|-|-|-|-|1|-|-|-|-|-|none|none|none|none|none|rsmod
item|20243|crush|401|-|-|-|-|-|-|-|-|-|-|-|-|-|-|rsmod:town_crier_bell:attack:stance4|-|-|-|-|-|-|-|-|-|-|-|-|-|-|3|-|-|-|-|-|none|none|none|none|none|rsmod
item|20251|crush|1428|-|-|-|-|-|-|-|-|-|-|-|-|-|-|rsmod:arceuus_banner:attack:stance1|-|-|-|-|-|-|-|-|-|-|-|-|-|-|0|-|-|-|-|-|none|none|none|none|none|rsmod
item|20251|crush|1428|-|-|-|-|-|-|-|-|-|-|-|-|-|-|rsmod:arceuus_banner:attack:stance2|-|-|-|-|-|-|-|-|-|-|-|-|-|-|1|-|-|-|-|-|none|none|none|none|none|rsmod
item|20251|crush|1428|-|-|-|-|-|-|-|-|-|-|-|-|-|-|rsmod:arceuus_banner:attack:stance4|-|-|-|-|-|-|-|-|-|-|-|-|-|-|3|-|-|-|-|-|none|none|none|none|none|rsmod
item|20254|crush|1428|-|-|-|-|-|-|-|-|-|-|-|-|-|-|rsmod:hosidius_banner:attack:stance1|-|-|-|-|-|-|-|-|-|-|-|-|-|-|0|-|-|-|-|-|none|none|none|none|none|rsmod
item|20254|crush|1428|-|-|-|-|-|-|-|-|-|-|-|-|-|-|rsmod:hosidius_banner:attack:stance2|-|-|-|-|-|-|-|-|-|-|-|-|-|-|1|-|-|-|-|-|none|none|none|none|none|rsmod
item|20254|crush|1428|-|-|-|-|-|-|-|-|-|-|-|-|-|-|rsmod:hosidius_banner:attack:stance4|-|-|-|-|-|-|-|-|-|-|-|-|-|-|3|-|-|-|-|-|none|none|none|none|none|rsmod
item|20257|crush|1428|-|-|-|-|-|-|-|-|-|-|-|-|-|-|rsmod:lovakengj_banner:attack:stance1|-|-|-|-|-|-|-|-|-|-|-|-|-|-|0|-|-|-|-|-|none|none|none|none|none|rsmod
item|20257|crush|1428|-|-|-|-|-|-|-|-|-|-|-|-|-|-|rsmod:lovakengj_banner:attack:stance2|-|-|-|-|-|-|-|-|-|-|-|-|-|-|1|-|-|-|-|-|none|none|none|none|none|rsmod
item|20257|crush|1428|-|-|-|-|-|-|-|-|-|-|-|-|-|-|rsmod:lovakengj_banner:attack:stance4|-|-|-|-|-|-|-|-|-|-|-|-|-|-|3|-|-|-|-|-|none|none|none|none|none|rsmod
item|20260|crush|1428|-|-|-|-|-|-|-|-|-|-|-|-|-|-|rsmod:piscarilius_banner:attack:stance1|-|-|-|-|-|-|-|-|-|-|-|-|-|-|0|-|-|-|-|-|none|none|none|none|none|rsmod
item|20260|crush|1428|-|-|-|-|-|-|-|-|-|-|-|-|-|-|rsmod:piscarilius_banner:attack:stance2|-|-|-|-|-|-|-|-|-|-|-|-|-|-|1|-|-|-|-|-|none|none|none|none|none|rsmod
item|20260|crush|1428|-|-|-|-|-|-|-|-|-|-|-|-|-|-|rsmod:piscarilius_banner:attack:stance4|-|-|-|-|-|-|-|-|-|-|-|-|-|-|3|-|-|-|-|-|none|none|none|none|none|rsmod
item|20263|crush|1428|-|-|-|-|-|-|-|-|-|-|-|-|-|-|rsmod:shayzien_banner:attack:stance1|-|-|-|-|-|-|-|-|-|-|-|-|-|-|0|-|-|-|-|-|none|none|none|none|none|rsmod
item|20263|crush|1428|-|-|-|-|-|-|-|-|-|-|-|-|-|-|rsmod:shayzien_banner:attack:stance2|-|-|-|-|-|-|-|-|-|-|-|-|-|-|1|-|-|-|-|-|none|none|none|none|none|rsmod
item|20263|crush|1428|-|-|-|-|-|-|-|-|-|-|-|-|-|-|rsmod:shayzien_banner:attack:stance4|-|-|-|-|-|-|-|-|-|-|-|-|-|-|3|-|-|-|-|-|none|none|none|none|none|rsmod
item|20368|crush|7054|-|-|-|-|-|-|-|-|-|-|-|-|-|-|rsmod:agsg:attack:stance3|-|-|-|-|-|-|-|-|-|-|-|-|-|-|2|-|-|-|-|-|none|none|none|none|none|rsmod
item|20368|slash|7045|-|-|-|-|-|-|-|-|-|-|-|-|-|-|rsmod:agsg:attack:stance1|-|-|-|-|-|-|-|-|-|-|-|-|-|-|0|-|-|-|-|-|none|none|none|none|none|rsmod
item|20368|slash|7045|-|-|-|-|-|-|-|-|-|-|-|-|-|-|rsmod:agsg:attack:stance2|-|-|-|-|-|-|-|-|-|-|-|-|-|-|1|-|-|-|-|-|none|none|none|none|none|rsmod
item|20368|slash|7055|-|-|-|-|-|-|-|-|-|-|-|-|-|-|rsmod:agsg:attack:stance4|-|-|-|-|-|-|-|-|-|-|-|-|-|-|3|-|-|-|-|-|none|none|none|none|none|rsmod
item|20370|crush|7054|-|-|-|-|-|-|-|-|-|-|-|-|-|-|rsmod:bgsg:attack:stance3|-|-|-|-|-|-|-|-|-|-|-|-|-|-|2|-|-|-|-|-|none|none|none|none|none|rsmod
item|20370|slash|7045|-|-|-|-|-|-|-|-|-|-|-|-|-|-|rsmod:bgsg:attack:stance1|-|-|-|-|-|-|-|-|-|-|-|-|-|-|0|-|-|-|-|-|none|none|none|none|none|rsmod
item|20370|slash|7045|-|-|-|-|-|-|-|-|-|-|-|-|-|-|rsmod:bgsg:attack:stance2|-|-|-|-|-|-|-|-|-|-|-|-|-|-|1|-|-|-|-|-|none|none|none|none|none|rsmod
item|20370|slash|7055|-|-|-|-|-|-|-|-|-|-|-|-|-|-|rsmod:bgsg:attack:stance4|-|-|-|-|-|-|-|-|-|-|-|-|-|-|3|-|-|-|-|-|none|none|none|none|none|rsmod
item|20372|crush|7054|-|-|-|-|-|-|-|-|-|-|-|-|-|-|rsmod:sgsg:attack:stance3|-|-|-|-|-|-|-|-|-|-|-|-|-|-|2|-|-|-|-|-|none|none|none|none|none|rsmod
item|20372|slash|7045|-|-|-|-|-|-|-|-|-|-|-|-|-|-|rsmod:sgsg:attack:stance1|-|-|-|-|-|-|-|-|-|-|-|-|-|-|0|-|-|-|-|-|none|none|none|none|none|rsmod
item|20372|slash|7045|-|-|-|-|-|-|-|-|-|-|-|-|-|-|rsmod:sgsg:attack:stance2|-|-|-|-|-|-|-|-|-|-|-|-|-|-|1|-|-|-|-|-|none|none|none|none|none|rsmod
item|20372|slash|7055|-|-|-|-|-|-|-|-|-|-|-|-|-|-|rsmod:sgsg:attack:stance4|-|-|-|-|-|-|-|-|-|-|-|-|-|-|3|-|-|-|-|-|none|none|none|none|none|rsmod
item|20374|crush|7054|-|-|-|-|-|-|-|-|-|-|-|-|-|-|rsmod:zgsg:attack:stance3|-|-|-|-|-|-|-|-|-|-|-|-|-|-|2|-|-|-|-|-|none|none|none|none|none|rsmod
item|20374|slash|7045|-|-|-|-|-|-|-|-|-|-|-|-|-|-|rsmod:zgsg:attack:stance1|-|-|-|-|-|-|-|-|-|-|-|-|-|-|0|-|-|-|-|-|none|none|none|none|none|rsmod
item|20374|slash|7045|-|-|-|-|-|-|-|-|-|-|-|-|-|-|rsmod:zgsg:attack:stance2|-|-|-|-|-|-|-|-|-|-|-|-|-|-|1|-|-|-|-|-|none|none|none|none|none|rsmod
item|20374|slash|7055|-|-|-|-|-|-|-|-|-|-|-|-|-|-|rsmod:zgsg:attack:stance4|-|-|-|-|-|-|-|-|-|-|-|-|-|-|3|-|-|-|-|-|none|none|none|none|none|rsmod
item|20397|slash|440|-|-|-|-|-|-|-|-|-|-|-|-|-|-|rsmod:br_halberd:attack:stance2|-|-|-|-|-|-|-|-|-|-|-|-|-|-|1|-|-|-|-|-|none|none|none|none|none|rsmod
item|20397|stab|428|-|-|-|-|-|-|-|-|-|-|-|-|-|-|rsmod:br_halberd:attack:stance1|-|-|-|-|-|-|-|-|-|-|-|-|-|-|0|-|-|-|-|-|none|none|none|none|none|rsmod
item|20397|stab|428|-|-|-|-|-|-|-|-|-|-|-|-|-|-|rsmod:br_halberd:attack:stance4|-|-|-|-|-|-|-|-|-|-|-|-|-|-|3|-|-|-|-|-|none|none|none|none|none|rsmod
item|20405|slash|1658|-|-|-|-|-|-|-|-|-|-|-|-|-|-|rsmod:br_abyssal_whip:attack:stance1|-|-|-|-|-|-|-|-|-|-|-|-|-|-|0|-|-|-|-|-|none|none|none|none|none|rsmod
item|20405|slash|1658|-|-|-|-|-|-|-|-|-|-|-|-|-|-|rsmod:br_abyssal_whip:attack:stance2|-|-|-|-|-|-|-|-|-|-|-|-|-|-|1|-|-|-|-|-|none|none|none|none|none|rsmod
item|20405|slash|1658|-|-|-|-|-|-|-|-|-|-|-|-|-|-|rsmod:br_abyssal_whip:attack:stance4|-|-|-|-|-|-|-|-|-|-|-|-|-|-|3|-|-|-|-|-|none|none|none|none|none|rsmod
item|20406|slash|390|-|-|-|-|-|-|-|-|-|-|-|-|-|-|rsmod:br_dragon_scimitar:attack:stance1|-|-|-|-|-|-|-|-|-|-|-|-|-|-|0|-|-|-|-|-|none|none|none|none|none|rsmod
item|20406|slash|390|-|-|-|-|-|-|-|-|-|-|-|-|-|-|rsmod:br_dragon_scimitar:attack:stance2|-|-|-|-|-|-|-|-|-|-|-|-|-|-|1|-|-|-|-|-|none|none|none|none|none|rsmod
item|20406|slash|390|-|-|-|-|-|-|-|-|-|-|-|-|-|-|rsmod:br_dragon_scimitar:attack:stance4|-|-|-|-|-|-|-|-|-|-|-|-|-|-|3|-|-|-|-|-|none|none|none|none|none|rsmod
item|20406|stab|386|-|-|-|-|-|-|-|-|-|-|-|-|-|-|rsmod:br_dragon_scimitar:attack:stance3|-|-|-|-|-|-|-|-|-|-|-|-|-|-|2|-|-|-|-|-|none|none|none|none|none|rsmod
item|20407|slash|377|-|-|-|-|-|-|-|-|-|-|-|-|-|-|rsmod:br_dragon_dagger:attack:stance3|-|-|-|-|-|-|-|-|-|-|-|-|-|-|2|-|-|-|-|-|none|none|none|none|none|rsmod
item|20407|stab|376|-|-|-|-|-|-|-|-|-|-|-|-|-|-|rsmod:br_dragon_dagger:attack:stance1|-|-|-|-|-|-|-|-|-|-|-|-|-|-|0|-|-|-|-|-|none|none|none|none|none|rsmod
item|20407|stab|376|-|-|-|-|-|-|-|-|-|-|-|-|-|-|rsmod:br_dragon_dagger:attack:stance2|-|-|-|-|-|-|-|-|-|-|-|-|-|-|1|-|-|-|-|-|none|none|none|none|none|rsmod
item|20407|stab|376|-|-|-|-|-|-|-|-|-|-|-|-|-|-|rsmod:br_dragon_dagger:attack:stance4|-|-|-|-|-|-|-|-|-|-|-|-|-|-|3|-|-|-|-|-|none|none|none|none|none|rsmod
item|20408|ranged|426|-|-|-|-|-|3|3|163|146|41|15|5|11|5|rsmod:br_darkbow:attack:stance1|-|-|-|-|-|-|-|-|-|-|-|-|-|-|0|-|-|-|-|-|none|none|none|none|none|rsmod
item|20408|ranged|426|-|-|-|-|-|3|3|163|146|41|15|5|11|5|rsmod:br_darkbow:attack:stance2|-|-|-|-|-|-|-|-|-|-|-|-|-|-|1|-|-|-|-|-|none|none|none|none|none|rsmod
item|20408|ranged|426|-|-|-|-|-|3|3|163|146|41|15|5|11|5|rsmod:br_darkbow:attack:stance4|-|-|-|-|-|-|-|-|-|-|-|-|-|-|3|-|-|-|-|-|none|none|none|none|none|rsmod
item|20431|crush|419|-|-|-|-|-|-|-|-|-|-|-|-|-|-|rsmod:br_ancient_staff:attack:stance1|-|-|-|-|-|-|-|-|-|-|-|-|-|-|0|-|-|-|-|-|none|none|none|none|none|rsmod
item|20431|crush|419|-|-|-|-|-|-|-|-|-|-|-|-|-|-|rsmod:br_ancient_staff:attack:stance2|-|-|-|-|-|-|-|-|-|-|-|-|-|-|1|-|-|-|-|-|none|none|none|none|none|rsmod
item|20431|crush|419|-|-|-|-|-|-|-|-|-|-|-|-|-|-|rsmod:br_ancient_staff:attack:stance4|-|-|-|-|-|-|-|-|-|-|-|-|-|-|3|-|-|-|-|-|none|none|none|none|none|rsmod
item|20557|crush|1665|-|-|-|-|-|-|-|-|-|-|-|-|-|-|rsmod:br_granite_maul:attack:stance1|-|-|-|-|-|-|-|-|-|-|-|-|-|-|0|-|-|-|-|-|none|none|none|none|none|rsmod
item|20557|crush|1665|-|-|-|-|-|-|-|-|-|-|-|-|-|-|rsmod:br_granite_maul:attack:stance2|-|-|-|-|-|-|-|-|-|-|-|-|-|-|1|-|-|-|-|-|none|none|none|none|none|rsmod
item|20557|crush|1665|-|-|-|-|-|-|-|-|-|-|-|-|-|-|rsmod:br_granite_maul:attack:stance4|-|-|-|-|-|-|-|-|-|-|-|-|-|-|3|-|-|-|-|-|none|none|none|none|none|rsmod
item|20590|crush|1833|-|-|-|-|-|-|-|-|-|-|-|-|-|-|rsmod:stale_baguette:attack:stance1|-|-|-|-|-|-|-|-|-|-|-|-|-|-|0|-|-|-|-|-|none|none|none|none|none|rsmod
item|20590|crush|1833|-|-|-|-|-|-|-|-|-|-|-|-|-|-|rsmod:stale_baguette:attack:stance2|-|-|-|-|-|-|-|-|-|-|-|-|-|-|1|-|-|-|-|-|none|none|none|none|none|rsmod
item|20590|crush|1833|-|-|-|-|-|-|-|-|-|-|-|-|-|-|rsmod:stale_baguette:attack:stance4|-|-|-|-|-|-|-|-|-|-|-|-|-|-|3|-|-|-|-|-|none|none|none|none|none|rsmod
item|20593|crush|7054|-|-|-|-|-|-|-|-|-|-|-|-|-|-|rsmod:br_ags:attack:stance3|-|-|-|-|-|-|-|-|-|-|-|-|-|-|2|-|-|-|-|-|none|none|none|none|none|rsmod
item|20593|slash|7045|-|-|-|-|-|-|-|-|-|-|-|-|-|-|rsmod:br_ags:attack:stance1|-|-|-|-|-|-|-|-|-|-|-|-|-|-|0|-|-|-|-|-|none|none|none|none|none|rsmod
item|20593|slash|7045|-|-|-|-|-|-|-|-|-|-|-|-|-|-|rsmod:br_ags:attack:stance2|-|-|-|-|-|-|-|-|-|-|-|-|-|-|1|-|-|-|-|-|none|none|none|none|none|rsmod
item|20593|slash|7055|-|-|-|-|-|-|-|-|-|-|-|-|-|-|rsmod:br_ags:attack:stance4|-|-|-|-|-|-|-|-|-|-|-|-|-|-|3|-|-|-|-|-|none|none|none|none|none|rsmod
item|20720|crush|422|-|-|-|-|-|-|-|-|-|-|-|-|-|-|rsmod:wint_torch:attack:stance1|-|-|-|-|-|-|-|-|-|-|-|-|-|-|0|-|-|-|-|-|none|none|none|none|none|rsmod
item|20720|crush|422|-|-|-|-|-|-|-|-|-|-|-|-|-|-|rsmod:wint_torch:attack:stance4|-|-|-|-|-|-|-|-|-|-|-|-|-|-|3|-|-|-|-|-|none|none|none|none|none|rsmod
item|20720|crush|423|-|-|-|-|-|-|-|-|-|-|-|-|-|-|rsmod:wint_torch:attack:stance2|-|-|-|-|-|-|-|-|-|-|-|-|-|-|1|-|-|-|-|-|none|none|none|none|none|rsmod
item|20727|crush|3852|-|-|-|-|-|-|-|-|-|-|-|-|-|-|rsmod:leafbladed_battleaxe:attack:stance3|-|-|-|-|-|-|-|-|-|-|-|-|-|-|2|-|-|-|-|-|none|none|none|none|none|rsmod
item|20727|slash|7004|-|-|-|-|-|-|-|-|-|-|-|-|-|-|rsmod:leafbladed_battleaxe:attack:stance1|-|-|-|-|-|-|-|-|-|-|-|-|-|-|0|-|-|-|-|-|none|none|none|none|none|rsmod
item|20727|slash|7004|-|-|-|-|-|-|-|-|-|-|-|-|-|-|rsmod:leafbladed_battleaxe:attack:stance2|-|-|-|-|-|-|-|-|-|-|-|-|-|-|1|-|-|-|-|-|none|none|none|none|none|rsmod
item|20727|slash|7004|-|-|-|-|-|-|-|-|-|-|-|-|-|-|rsmod:leafbladed_battleaxe:attack:stance4|-|-|-|-|-|-|-|-|-|-|-|-|-|-|3|-|-|-|-|-|none|none|none|none|none|rsmod
item|20730|crush|419|-|-|-|-|-|-|-|-|-|-|-|-|-|-|rsmod:mist_battlestaff:attack:stance1|-|-|-|-|-|-|-|-|-|-|-|-|-|-|0|-|-|-|-|-|none|none|none|none|none|rsmod
item|20730|crush|419|-|-|-|-|-|-|-|-|-|-|-|-|-|-|rsmod:mist_battlestaff:attack:stance2|-|-|-|-|-|-|-|-|-|-|-|-|-|-|1|-|-|-|-|-|none|none|none|none|none|rsmod
item|20730|crush|419|-|-|-|-|-|-|-|-|-|-|-|-|-|-|rsmod:mist_battlestaff:attack:stance4|-|-|-|-|-|-|-|-|-|-|-|-|-|-|3|-|-|-|-|-|none|none|none|none|none|rsmod
item|20733|crush|419|-|-|-|-|-|-|-|-|-|-|-|-|-|-|rsmod:mystic_mist_battlestaff:attack:stance1|-|-|-|-|-|-|-|-|-|-|-|-|-|-|0|-|-|-|-|-|none|none|none|none|none|rsmod
item|20733|crush|419|-|-|-|-|-|-|-|-|-|-|-|-|-|-|rsmod:mystic_mist_battlestaff:attack:stance2|-|-|-|-|-|-|-|-|-|-|-|-|-|-|1|-|-|-|-|-|none|none|none|none|none|rsmod
item|20733|crush|419|-|-|-|-|-|-|-|-|-|-|-|-|-|-|rsmod:mystic_mist_battlestaff:attack:stance4|-|-|-|-|-|-|-|-|-|-|-|-|-|-|3|-|-|-|-|-|none|none|none|none|none|rsmod
item|20736|crush|419|-|-|-|-|-|-|-|-|-|-|-|-|-|-|rsmod:dust_battlestaff:attack:stance1|-|-|-|-|-|-|-|-|-|-|-|-|-|-|0|-|-|-|-|-|none|none|none|none|none|rsmod
item|20736|crush|419|-|-|-|-|-|-|-|-|-|-|-|-|-|-|rsmod:dust_battlestaff:attack:stance2|-|-|-|-|-|-|-|-|-|-|-|-|-|-|1|-|-|-|-|-|none|none|none|none|none|rsmod
item|20736|crush|419|-|-|-|-|-|-|-|-|-|-|-|-|-|-|rsmod:dust_battlestaff:attack:stance4|-|-|-|-|-|-|-|-|-|-|-|-|-|-|3|-|-|-|-|-|none|none|none|none|none|rsmod
item|20739|crush|419|-|-|-|-|-|-|-|-|-|-|-|-|-|-|rsmod:mystic_dust_battlestaff:attack:stance1|-|-|-|-|-|-|-|-|-|-|-|-|-|-|0|-|-|-|-|-|none|none|none|none|none|rsmod
item|20739|crush|419|-|-|-|-|-|-|-|-|-|-|-|-|-|-|rsmod:mystic_dust_battlestaff:attack:stance2|-|-|-|-|-|-|-|-|-|-|-|-|-|-|1|-|-|-|-|-|none|none|none|none|none|rsmod
item|20739|crush|419|-|-|-|-|-|-|-|-|-|-|-|-|-|-|rsmod:mystic_dust_battlestaff:attack:stance4|-|-|-|-|-|-|-|-|-|-|-|-|-|-|3|-|-|-|-|-|none|none|none|none|none|rsmod
item|20756|crush|2661|-|-|-|-|-|-|-|-|-|-|-|-|-|-|rsmod:hillgiant_boss_club:attack:stance1|-|-|-|-|-|-|-|-|-|-|-|-|-|-|0|-|-|-|-|-|none|none|none|none|none|rsmod
item|20756|crush|2661|-|-|-|-|-|-|-|-|-|-|-|-|-|-|rsmod:hillgiant_boss_club:attack:stance2|-|-|-|-|-|-|-|-|-|-|-|-|-|-|1|-|-|-|-|-|none|none|none|none|none|rsmod
item|20756|crush|2661|-|-|-|-|-|-|-|-|-|-|-|-|-|-|rsmod:hillgiant_boss_club:attack:stance4|-|-|-|-|-|-|-|-|-|-|-|-|-|-|3|-|-|-|-|-|none|none|none|none|none|rsmod
item|20779|crush|7328|-|-|-|-|-|-|-|-|-|-|-|-|-|-|rsmod:hw16_reward_knife:attack:stance1|-|-|-|-|-|-|-|-|-|-|-|-|-|-|0|-|-|-|-|-|none|none|none|none|none|rsmod
item|20779|crush|7328|-|-|-|-|-|-|-|-|-|-|-|-|-|-|rsmod:hw16_reward_knife:attack:stance2|-|-|-|-|-|-|-|-|-|-|-|-|-|-|1|-|-|-|-|-|none|none|none|none|none|rsmod
item|20779|crush|7328|-|-|-|-|-|-|-|-|-|-|-|-|-|-|rsmod:hw16_reward_knife:attack:stance4|-|-|-|-|-|-|-|-|-|-|-|-|-|-|3|-|-|-|-|-|none|none|none|none|none|rsmod
item|20784|slash|393|-|-|-|-|-|-|-|-|-|-|-|-|-|-|rsmod:br_dragon_claws:attack:stance1|-|-|-|-|-|-|-|-|-|-|-|-|-|-|0|-|-|-|-|-|none|none|none|none|none|rsmod
item|20784|slash|393|-|-|-|-|-|-|-|-|-|-|-|-|-|-|rsmod:br_dragon_claws:attack:stance2|-|-|-|-|-|-|-|-|-|-|-|-|-|-|1|-|-|-|-|-|none|none|none|none|none|rsmod
item|20784|slash|393|-|-|-|-|-|-|-|-|-|-|-|-|-|-|rsmod:br_dragon_claws:attack:stance4|-|-|-|-|-|-|-|-|-|-|-|-|-|-|3|-|-|-|-|-|none|none|none|none|none|rsmod
item|20784|stab|1067|-|-|-|-|-|-|-|-|-|-|-|-|-|-|rsmod:br_dragon_claws:attack:stance3|-|-|-|-|-|-|-|-|-|-|-|-|-|-|2|-|-|-|-|-|none|none|none|none|none|rsmod
item|20836|crush|7275|-|-|-|-|-|-|-|-|-|-|-|-|-|-|rsmod:xmas16_chest:attack:stance1|-|-|-|-|-|-|-|-|-|-|-|-|-|-|0|-|-|-|-|-|none|none|none|none|none|rsmod
item|20836|crush|7275|-|-|-|-|-|-|-|-|-|-|-|-|-|-|rsmod:xmas16_chest:attack:stance2|-|-|-|-|-|-|-|-|-|-|-|-|-|-|1|-|-|-|-|-|none|none|none|none|none|rsmod
item|20836|crush|7275|-|-|-|-|-|-|-|-|-|-|-|-|-|-|rsmod:xmas16_chest:attack:stance4|-|-|-|-|-|-|-|-|-|-|-|-|-|-|3|-|-|-|-|-|none|none|none|none|none|rsmod
item|20849|ranged|-|1320|1319|-|32776|372|2|2|163|146|32|15|0|11|5|rsmod:dragon_thrownaxe:projectile|-|-|-|-|-|-|-|-|-|-|-|-|-|-|-|-|-|-|-|-|travel_projectile|source_actor|target_actor|source_actor|target_actor|rsmod
item|20849|ranged|7617|-|-|-|-|-|2|2|163|146|32|15|0|11|5|rsmod:dragon_thrownaxe:attack:stance1|-|-|-|-|-|-|-|-|-|-|-|-|-|-|0|-|-|-|-|-|none|none|none|none|none|rsmod
item|20849|ranged|7617|-|-|-|-|-|2|2|163|146|32|15|0|11|5|rsmod:dragon_thrownaxe:attack:stance2|-|-|-|-|-|-|-|-|-|-|-|-|-|-|1|-|-|-|-|-|none|none|none|none|none|rsmod
item|20849|ranged|7617|-|-|-|-|-|2|2|163|146|32|15|0|11|5|rsmod:dragon_thrownaxe:attack:stance4|-|-|-|-|-|-|-|-|-|-|-|-|-|-|3|-|-|-|-|-|none|none|none|none|none|rsmod
item|20997|ranged|426|-|-|-|-|-|3|3|163|146|41|15|5|11|5|rsmod:twisted_bow:attack:stance1|-|-|-|-|-|-|-|-|-|-|-|-|-|-|0|-|-|-|-|-|none|none|none|none|none|rsmod
item|20997|ranged|426|-|-|-|-|-|3|3|163|146|41|15|5|11|5|rsmod:twisted_bow:attack:stance2|-|-|-|-|-|-|-|-|-|-|-|-|-|-|1|-|-|-|-|-|none|none|none|none|none|rsmod
item|20997|ranged|426|-|-|-|-|-|3|3|163|146|41|15|5|11|5|rsmod:twisted_bow:attack:stance4|-|-|-|-|-|-|-|-|-|-|-|-|-|-|3|-|-|-|-|-|none|none|none|none|none|rsmod
item|21003|crush|7516|-|-|-|-|-|-|-|-|-|-|-|-|-|-|rsmod:elder_maul:attack:stance1|-|-|-|-|-|-|-|-|-|-|-|-|-|-|0|-|-|-|-|-|none|none|none|none|none|rsmod
item|21003|crush|7516|-|-|-|-|-|-|-|-|-|-|-|-|-|-|rsmod:elder_maul:attack:stance2|-|-|-|-|-|-|-|-|-|-|-|-|-|-|1|-|-|-|-|-|none|none|none|none|none|rsmod
item|21003|crush|7516|-|-|-|-|-|-|-|-|-|-|-|-|-|-|rsmod:elder_maul:attack:stance4|-|-|-|-|-|-|-|-|-|-|-|-|-|-|3|-|-|-|-|-|none|none|none|none|none|rsmod
item|21006|crush|414|-|-|-|-|-|-|-|-|-|-|-|-|-|-|rsmod:kodai_wand:attack:stance1|-|-|-|-|-|-|-|-|-|-|-|-|-|-|0|-|-|-|-|-|none|none|none|none|none|rsmod
item|21006|crush|414|-|-|-|-|-|-|-|-|-|-|-|-|-|-|rsmod:kodai_wand:attack:stance2|-|-|-|-|-|-|-|-|-|-|-|-|-|-|1|-|-|-|-|-|none|none|none|none|none|rsmod
item|21006|crush|414|-|-|-|-|-|-|-|-|-|-|-|-|-|-|rsmod:kodai_wand:attack:stance4|-|-|-|-|-|-|-|-|-|-|-|-|-|-|3|-|-|-|-|-|none|none|none|none|none|rsmod
item|21009|slash|390|-|-|-|-|-|-|-|-|-|-|-|-|-|-|rsmod:dragon_shortsword:attack:stance3|-|-|-|-|-|-|-|-|-|-|-|-|-|-|2|-|-|-|-|-|none|none|none|none|none|rsmod
item|21009|stab|386|-|-|-|-|-|-|-|-|-|-|-|-|-|-|rsmod:dragon_shortsword:attack:stance1|-|-|-|-|-|-|-|-|-|-|-|-|-|-|0|-|-|-|-|-|none|none|none|none|none|rsmod
item|21009|stab|386|-|-|-|-|-|-|-|-|-|-|-|-|-|-|rsmod:dragon_shortsword:attack:stance2|-|-|-|-|-|-|-|-|-|-|-|-|-|-|1|-|-|-|-|-|none|none|none|none|none|rsmod
item|21009|stab|386|-|-|-|-|-|-|-|-|-|-|-|-|-|-|rsmod:dragon_shortsword:attack:stance4|-|-|-|-|-|-|-|-|-|-|-|-|-|-|3|-|-|-|-|-|none|none|none|none|none|rsmod
item|21012|ranged|7552|-|-|-|-|-|3|3|155|146|41|5|5|11|5|rsmod:dragonhunter_xbow:attack:stance1|-|-|-|-|-|-|-|-|-|-|-|-|-|-|0|-|-|-|-|-|none|none|none|none|none|rsmod
item|21012|ranged|7552|-|-|-|-|-|3|3|155|146|41|5|5|11|5|rsmod:dragonhunter_xbow:attack:stance2|-|-|-|-|-|-|-|-|-|-|-|-|-|-|1|-|-|-|-|-|none|none|none|none|none|rsmod
item|21012|ranged|7552|-|-|-|-|-|3|3|155|146|41|5|5|11|5|rsmod:dragonhunter_xbow:attack:stance4|-|-|-|-|-|-|-|-|-|-|-|-|-|-|3|-|-|-|-|-|none|none|none|none|none|rsmod
item|21015|crush|7511|-|-|-|-|-|-|-|-|-|-|-|-|-|-|rsmod:dinhs_bulwark:attack:stance1|-|-|-|-|-|-|-|-|-|-|-|-|-|-|0|-|-|-|-|-|none|none|none|none|none|rsmod
item|21028|slash|390|-|-|-|-|-|-|-|-|-|-|-|-|-|-|rsmod:dragon_harpoon:attack:stance3|-|-|-|-|-|-|-|-|-|-|-|-|-|-|2|-|-|-|-|-|none|none|none|none|none|rsmod
item|21028|stab|386|-|-|-|-|-|-|-|-|-|-|-|-|-|-|rsmod:dragon_harpoon:attack:stance1|-|-|-|-|-|-|-|-|-|-|-|-|-|-|0|-|-|-|-|-|none|none|none|none|none|rsmod
item|21028|stab|386|-|-|-|-|-|-|-|-|-|-|-|-|-|-|rsmod:dragon_harpoon:attack:stance2|-|-|-|-|-|-|-|-|-|-|-|-|-|-|1|-|-|-|-|-|none|none|none|none|none|rsmod
item|21028|stab|386|-|-|-|-|-|-|-|-|-|-|-|-|-|-|rsmod:dragon_harpoon:attack:stance4|-|-|-|-|-|-|-|-|-|-|-|-|-|-|3|-|-|-|-|-|none|none|none|none|none|rsmod
item|21031|slash|390|-|-|-|-|-|-|-|-|-|-|-|-|-|-|rsmod:infernal_harpoon:attack:stance3|-|-|-|-|-|-|-|-|-|-|-|-|-|-|2|-|-|-|-|-|none|none|none|none|none|rsmod
item|21031|stab|386|-|-|-|-|-|-|-|-|-|-|-|-|-|-|rsmod:infernal_harpoon:attack:stance1|-|-|-|-|-|-|-|-|-|-|-|-|-|-|0|-|-|-|-|-|none|none|none|none|none|rsmod
item|21031|stab|386|-|-|-|-|-|-|-|-|-|-|-|-|-|-|rsmod:infernal_harpoon:attack:stance2|-|-|-|-|-|-|-|-|-|-|-|-|-|-|1|-|-|-|-|-|none|none|none|none|none|rsmod
item|21031|stab|386|-|-|-|-|-|-|-|-|-|-|-|-|-|-|rsmod:infernal_harpoon:attack:stance4|-|-|-|-|-|-|-|-|-|-|-|-|-|-|3|-|-|-|-|-|none|none|none|none|none|rsmod
item|21033|slash|390|-|-|-|-|-|-|-|-|-|-|-|-|-|-|rsmod:infernal_harpoon_empty:attack:stance3|-|-|-|-|-|-|-|-|-|-|-|-|-|-|2|-|-|-|-|-|none|none|none|none|none|rsmod
item|21033|stab|386|-|-|-|-|-|-|-|-|-|-|-|-|-|-|rsmod:infernal_harpoon_empty:attack:stance1|-|-|-|-|-|-|-|-|-|-|-|-|-|-|0|-|-|-|-|-|none|none|none|none|none|rsmod
item|21033|stab|386|-|-|-|-|-|-|-|-|-|-|-|-|-|-|rsmod:infernal_harpoon_empty:attack:stance2|-|-|-|-|-|-|-|-|-|-|-|-|-|-|1|-|-|-|-|-|none|none|none|none|none|rsmod
item|21033|stab|386|-|-|-|-|-|-|-|-|-|-|-|-|-|-|rsmod:infernal_harpoon_empty:attack:stance4|-|-|-|-|-|-|-|-|-|-|-|-|-|-|3|-|-|-|-|-|none|none|none|none|none|rsmod
item|21198|crush|419|-|-|-|-|-|-|-|-|-|-|-|-|-|-|rsmod:lava_battlestaff_pretty:attack:stance1|-|-|-|-|-|-|-|-|-|-|-|-|-|-|0|-|-|-|-|-|none|none|none|none|none|rsmod
item|21198|crush|419|-|-|-|-|-|-|-|-|-|-|-|-|-|-|rsmod:lava_battlestaff_pretty:attack:stance2|-|-|-|-|-|-|-|-|-|-|-|-|-|-|1|-|-|-|-|-|none|none|none|none|none|rsmod
item|21198|crush|419|-|-|-|-|-|-|-|-|-|-|-|-|-|-|rsmod:lava_battlestaff_pretty:attack:stance4|-|-|-|-|-|-|-|-|-|-|-|-|-|-|3|-|-|-|-|-|none|none|none|none|none|rsmod
item|21200|crush|419|-|-|-|-|-|-|-|-|-|-|-|-|-|-|rsmod:mystic_lava_staff_pretty:attack:stance1|-|-|-|-|-|-|-|-|-|-|-|-|-|-|0|-|-|-|-|-|none|none|none|none|none|rsmod
item|21200|crush|419|-|-|-|-|-|-|-|-|-|-|-|-|-|-|rsmod:mystic_lava_staff_pretty:attack:stance2|-|-|-|-|-|-|-|-|-|-|-|-|-|-|1|-|-|-|-|-|none|none|none|none|none|rsmod
item|21200|crush|419|-|-|-|-|-|-|-|-|-|-|-|-|-|-|rsmod:mystic_lava_staff_pretty:attack:stance4|-|-|-|-|-|-|-|-|-|-|-|-|-|-|3|-|-|-|-|-|none|none|none|none|none|rsmod
item|21205|crush|7516|-|-|-|-|-|-|-|-|-|-|-|-|-|-|rsmod:br_elder_maul:attack:stance1|-|-|-|-|-|-|-|-|-|-|-|-|-|-|0|-|-|-|-|-|none|none|none|none|none|rsmod
item|21205|crush|7516|-|-|-|-|-|-|-|-|-|-|-|-|-|-|rsmod:br_elder_maul:attack:stance2|-|-|-|-|-|-|-|-|-|-|-|-|-|-|1|-|-|-|-|-|none|none|none|none|none|rsmod
item|21205|crush|7516|-|-|-|-|-|-|-|-|-|-|-|-|-|-|rsmod:br_elder_maul:attack:stance4|-|-|-|-|-|-|-|-|-|-|-|-|-|-|3|-|-|-|-|-|none|none|none|none|none|rsmod
item|21209|crush|7541|-|-|-|-|-|-|-|-|-|-|-|-|-|-|rsmod:birthday_balloons:attack:stance1|-|-|-|-|-|-|-|-|-|-|-|-|-|-|0|-|-|-|-|-|none|none|none|none|none|rsmod
item|21209|crush|7541|-|-|-|-|-|-|-|-|-|-|-|-|-|-|rsmod:birthday_balloons:attack:stance2|-|-|-|-|-|-|-|-|-|-|-|-|-|-|1|-|-|-|-|-|none|none|none|none|none|rsmod
item|21209|crush|7541|-|-|-|-|-|-|-|-|-|-|-|-|-|-|rsmod:birthday_balloons:attack:stance4|-|-|-|-|-|-|-|-|-|-|-|-|-|-|3|-|-|-|-|-|none|none|none|none|none|rsmod
item|21255|crush|414|-|-|-|-|-|-|-|-|-|-|-|-|-|-|rsmod:slayer_staff_enchanted:attack:stance1|-|-|-|-|-|-|-|-|-|-|-|-|-|-|0|-|-|-|-|-|none|none|none|none|none|rsmod
item|21255|crush|414|-|-|-|-|-|-|-|-|-|-|-|-|-|-|rsmod:slayer_staff_enchanted:attack:stance2|-|-|-|-|-|-|-|-|-|-|-|-|-|-|1|-|-|-|-|-|none|none|none|none|none|rsmod
item|21255|crush|414|-|-|-|-|-|-|-|-|-|-|-|-|-|-|rsmod:slayer_staff_enchanted:attack:stance4|-|-|-|-|-|-|-|-|-|-|-|-|-|-|3|-|-|-|-|-|none|none|none|none|none|rsmod
item|21276|crush|414|-|-|-|-|-|-|-|-|-|-|-|-|-|-|rsmod:sos_skull_sceptre_imbued:attack:stance1|-|-|-|-|-|-|-|-|-|-|-|-|-|-|0|-|-|-|-|-|none|none|none|none|none|rsmod
item|21276|crush|414|-|-|-|-|-|-|-|-|-|-|-|-|-|-|rsmod:sos_skull_sceptre_imbued:attack:stance2|-|-|-|-|-|-|-|-|-|-|-|-|-|-|1|-|-|-|-|-|none|none|none|none|none|rsmod
item|21276|crush|414|-|-|-|-|-|-|-|-|-|-|-|-|-|-|rsmod:sos_skull_sceptre_imbued:attack:stance4|-|-|-|-|-|-|-|-|-|-|-|-|-|-|3|-|-|-|-|-|none|none|none|none|none|rsmod
item|21326|ranged|-|1385|1384|-|3136|-|2|2|-|-|-|-|-|-|-|rsmod:amethyst_arrow:projectile|-|-|-|-|-|-|-|-|-|-|-|-|-|1383|-|-|-|-|-|-|travel_projectile|source_actor|target_actor|source_actor|target_actor|rsmod
item|21332|ranged|-|1385|1384|-|3136|-|2|2|-|-|-|-|-|-|-|rsmod:amethyst_arrow_p:projectile|-|-|-|-|-|-|-|-|-|-|-|-|-|1383|-|-|-|-|-|-|travel_projectile|source_actor|target_actor|source_actor|target_actor|rsmod
item|21334|ranged|-|1385|1384|-|3136|-|2|2|-|-|-|-|-|-|-|rsmod:amethyst_arrow_p+:projectile|-|-|-|-|-|-|-|-|-|-|-|-|-|1383|-|-|-|-|-|-|travel_projectile|source_actor|target_actor|source_actor|target_actor|rsmod
item|21336|ranged|-|1385|1384|-|3136|-|2|2|-|-|-|-|-|-|-|rsmod:amethyst_arrow_p++:projectile|-|-|-|-|-|-|-|-|-|-|-|-|-|1383|-|-|-|-|-|-|travel_projectile|source_actor|target_actor|source_actor|target_actor|rsmod
item|21646|slash|390|-|-|-|-|-|-|-|-|-|-|-|-|-|-|rsmod:granite_longsword:attack:stance1|-|-|-|-|-|-|-|-|-|-|-|-|-|-|0|-|-|-|-|-|none|none|none|none|none|rsmod
item|21646|slash|390|-|-|-|-|-|-|-|-|-|-|-|-|-|-|rsmod:granite_longsword:attack:stance2|-|-|-|-|-|-|-|-|-|-|-|-|-|-|1|-|-|-|-|-|none|none|none|none|none|rsmod
item|21646|slash|390|-|-|-|-|-|-|-|-|-|-|-|-|-|-|rsmod:granite_longsword:attack:stance4|-|-|-|-|-|-|-|-|-|-|-|-|-|-|3|-|-|-|-|-|none|none|none|none|none|rsmod
item|21646|stab|386|-|-|-|-|-|-|-|-|-|-|-|-|-|-|rsmod:granite_longsword:attack:stance3|-|-|-|-|-|-|-|-|-|-|-|-|-|-|2|-|-|-|-|-|none|none|none|none|none|rsmod
item|21742|crush|401|-|-|-|-|-|-|-|-|-|-|-|-|-|-|rsmod:granite_hammer:attack:stance1|-|-|-|-|-|-|-|-|-|-|-|-|-|-|0|-|-|-|-|-|none|none|none|none|none|rsmod
item|21742|crush|401|-|-|-|-|-|-|-|-|-|-|-|-|-|-|rsmod:granite_hammer:attack:stance2|-|-|-|-|-|-|-|-|-|-|-|-|-|-|1|-|-|-|-|-|none|none|none|none|none|rsmod
item|21742|crush|401|-|-|-|-|-|-|-|-|-|-|-|-|-|-|rsmod:granite_hammer:attack:stance4|-|-|-|-|-|-|-|-|-|-|-|-|-|-|3|-|-|-|-|-|none|none|none|none|none|rsmod
item|21902|ranged|7552|-|-|-|-|-|3|3|155|146|41|5|5|11|5|rsmod:xbows_crossbow_dragon:attack:stance1|-|-|-|-|-|-|-|-|-|-|-|-|-|-|0|-|-|-|-|-|none|none|none|none|none|rsmod
item|21902|ranged|7552|-|-|-|-|-|3|3|155|146|41|5|5|11|5|rsmod:xbows_crossbow_dragon:attack:stance2|-|-|-|-|-|-|-|-|-|-|-|-|-|-|1|-|-|-|-|-|none|none|none|none|none|rsmod
item|21902|ranged|7552|-|-|-|-|-|3|3|155|146|41|5|5|11|5|rsmod:xbows_crossbow_dragon:attack:stance4|-|-|-|-|-|-|-|-|-|-|-|-|-|-|3|-|-|-|-|-|none|none|none|none|none|rsmod
item|21905|ranged|-|-|1468|-|3135|-|2|2|-|-|-|-|-|-|-|rsmod:dragon_bolts:projectile|-|-|-|-|-|-|-|-|-|-|-|-|-|-|-|-|-|-|-|-|travel_projectile|source_actor|target_actor|none|target_actor|rsmod
item|21924|ranged|-|-|1468|-|3135|-|2|2|-|-|-|-|-|-|-|rsmod:dragon_bolts_p:projectile|-|-|-|-|-|-|-|-|-|-|-|-|-|-|-|-|-|-|-|-|travel_projectile|source_actor|target_actor|none|target_actor|rsmod
item|21926|ranged|-|-|1468|-|3135|-|2|2|-|-|-|-|-|-|-|rsmod:dragon_bolts_p+:projectile|-|-|-|-|-|-|-|-|-|-|-|-|-|-|-|-|-|-|-|-|travel_projectile|source_actor|target_actor|none|target_actor|rsmod
item|21928|ranged|-|-|1468|-|3135|-|2|2|-|-|-|-|-|-|-|rsmod:dragon_bolts_p++:projectile|-|-|-|-|-|-|-|-|-|-|-|-|-|-|-|-|-|-|-|-|travel_projectile|source_actor|target_actor|none|target_actor|rsmod
item|21932|ranged|-|-|1468|-|3135|-|2|2|-|-|-|-|-|-|-|rsmod:dragon_bolts_enchanted_opal:projectile|-|-|-|-|-|-|-|-|-|-|-|-|-|-|-|-|-|-|-|-|travel_projectile|source_actor|target_actor|none|target_actor|rsmod
item|21934|ranged|-|-|1468|-|3135|-|2|2|-|-|-|-|-|-|-|rsmod:dragon_bolts_enchanted_jade:projectile|-|-|-|-|-|-|-|-|-|-|-|-|-|-|-|-|-|-|-|-|travel_projectile|source_actor|target_actor|none|target_actor|rsmod
item|21936|ranged|-|-|1468|-|3135|-|2|2|-|-|-|-|-|-|-|rsmod:dragon_bolts_enchanted_pearl:projectile|-|-|-|-|-|-|-|-|-|-|-|-|-|-|-|-|-|-|-|-|travel_projectile|source_actor|target_actor|none|target_actor|rsmod
item|21938|ranged|-|-|1468|-|3135|-|2|2|-|-|-|-|-|-|-|rsmod:dragon_bolts_enchanted_topaz:projectile|-|-|-|-|-|-|-|-|-|-|-|-|-|-|-|-|-|-|-|-|travel_projectile|source_actor|target_actor|none|target_actor|rsmod
item|21940|ranged|-|-|1468|-|3135|-|2|2|-|-|-|-|-|-|-|rsmod:dragon_bolts_enchanted_sapphire:projectile|-|-|-|-|-|-|-|-|-|-|-|-|-|-|-|-|-|-|-|-|travel_projectile|source_actor|target_actor|none|target_actor|rsmod
item|21942|ranged|-|-|1468|-|3135|-|2|2|-|-|-|-|-|-|-|rsmod:dragon_bolts_enchanted_emerald:projectile|-|-|-|-|-|-|-|-|-|-|-|-|-|-|-|-|-|-|-|-|travel_projectile|source_actor|target_actor|none|target_actor|rsmod
item|21944|ranged|-|-|1468|-|3135|-|2|2|-|-|-|-|-|-|-|rsmod:dragon_bolts_enchanted_ruby:projectile|-|-|-|-|-|-|-|-|-|-|-|-|-|-|-|-|-|-|-|-|travel_projectile|source_actor|target_actor|none|target_actor|rsmod
item|21946|ranged|-|-|1468|-|3135|-|2|2|-|-|-|-|-|-|-|rsmod:dragon_bolts_enchanted_diamond:projectile|-|-|-|-|-|-|-|-|-|-|-|-|-|-|-|-|-|-|-|-|travel_projectile|source_actor|target_actor|none|target_actor|rsmod
item|21948|ranged|-|-|1468|-|3135|-|2|2|-|-|-|-|-|-|-|rsmod:dragon_bolts_enchanted_dragonstone:projectile|-|-|-|-|-|-|-|-|-|-|-|-|-|-|-|-|-|-|-|-|travel_projectile|source_actor|target_actor|none|target_actor|rsmod
item|21950|ranged|-|-|1468|-|3135|-|2|2|-|-|-|-|-|-|-|rsmod:dragon_bolts_enchanted_onyx:projectile|-|-|-|-|-|-|-|-|-|-|-|-|-|-|-|-|-|-|-|-|travel_projectile|source_actor|target_actor|none|target_actor|rsmod
item|22288|magic|1167|-|-|-|-|-|-|-|-|-|-|-|-|-|-|rsmod:tots_i_charged:attack:stance1|-|-|-|-|-|-|-|-|-|-|-|-|-|-|0|-|-|-|-|-|none|none|none|none|none|rsmod
item|22288|magic|1167|-|-|-|-|-|-|-|-|-|-|-|-|-|-|rsmod:tots_i_charged:attack:stance2|-|-|-|-|-|-|-|-|-|-|-|-|-|-|1|-|-|-|-|-|none|none|none|none|none|rsmod
item|22288|magic|1167|-|-|-|-|-|-|-|-|-|-|-|-|-|-|rsmod:tots_i_charged:attack:stance4|-|-|-|-|-|-|-|-|-|-|-|-|-|-|3|-|-|-|-|-|none|none|none|none|none|rsmod
item|22290|magic|1167|-|-|-|-|-|-|-|-|-|-|-|-|-|-|rsmod:tots_i_uncharged:attack:stance1|-|-|-|-|-|-|-|-|-|-|-|-|-|-|0|-|-|-|-|-|none|none|none|none|none|rsmod
item|22290|magic|1167|-|-|-|-|-|-|-|-|-|-|-|-|-|-|rsmod:tots_i_uncharged:attack:stance2|-|-|-|-|-|-|-|-|-|-|-|-|-|-|1|-|-|-|-|-|none|none|none|none|none|rsmod
item|22290|magic|1167|-|-|-|-|-|-|-|-|-|-|-|-|-|-|rsmod:tots_i_uncharged:attack:stance4|-|-|-|-|-|-|-|-|-|-|-|-|-|-|3|-|-|-|-|-|none|none|none|none|none|rsmod
item|22292|magic|1167|-|-|-|-|-|-|-|-|-|-|-|-|-|-|rsmod:toxic_tots_i_charged:attack:stance1|-|-|-|-|-|-|-|-|-|-|-|-|-|-|0|-|-|-|-|-|none|none|none|none|none|rsmod
item|22292|magic|1167|-|-|-|-|-|-|-|-|-|-|-|-|-|-|rsmod:toxic_tots_i_charged:attack:stance2|-|-|-|-|-|-|-|-|-|-|-|-|-|-|1|-|-|-|-|-|none|none|none|none|none|rsmod
item|22292|magic|1167|-|-|-|-|-|-|-|-|-|-|-|-|-|-|rsmod:toxic_tots_i_charged:attack:stance4|-|-|-|-|-|-|-|-|-|-|-|-|-|-|3|-|-|-|-|-|none|none|none|none|none|rsmod
item|22294|magic|1167|-|-|-|-|-|-|-|-|-|-|-|-|-|-|rsmod:toxic_tots_i_uncharged:attack:stance1|-|-|-|-|-|-|-|-|-|-|-|-|-|-|0|-|-|-|-|-|none|none|none|none|none|rsmod
item|22294|magic|1167|-|-|-|-|-|-|-|-|-|-|-|-|-|-|rsmod:toxic_tots_i_uncharged:attack:stance2|-|-|-|-|-|-|-|-|-|-|-|-|-|-|1|-|-|-|-|-|none|none|none|none|none|rsmod
item|22294|magic|1167|-|-|-|-|-|-|-|-|-|-|-|-|-|-|rsmod:toxic_tots_i_uncharged:attack:stance4|-|-|-|-|-|-|-|-|-|-|-|-|-|-|3|-|-|-|-|-|none|none|none|none|none|rsmod
item|22296|crush|419|-|-|-|-|-|-|-|-|-|-|-|-|-|-|rsmod:staff_of_light:attack:stance4|-|-|-|-|-|-|-|-|-|-|-|-|-|-|3|-|-|-|-|-|none|none|none|none|none|rsmod
item|22296|slash|440|-|-|-|-|-|-|-|-|-|-|-|-|-|-|rsmod:staff_of_light:attack:stance2|-|-|-|-|-|-|-|-|-|-|-|-|-|-|1|-|-|-|-|-|none|none|none|none|none|rsmod
item|22296|stab|428|-|-|-|-|-|-|-|-|-|-|-|-|-|-|rsmod:staff_of_light:attack:stance1|-|-|-|-|-|-|-|-|-|-|-|-|-|-|0|-|-|-|-|-|none|none|none|none|none|rsmod
item|22316|crush|7328|-|-|-|-|-|-|-|-|-|-|-|-|-|-|rsmod:osb5_sword:attack:stance1|-|-|-|-|-|-|-|-|-|-|-|-|-|-|0|-|-|-|-|-|none|none|none|none|none|rsmod
item|22316|crush|7328|-|-|-|-|-|-|-|-|-|-|-|-|-|-|rsmod:osb5_sword:attack:stance2|-|-|-|-|-|-|-|-|-|-|-|-|-|-|1|-|-|-|-|-|none|none|none|none|none|rsmod
item|22316|crush|7328|-|-|-|-|-|-|-|-|-|-|-|-|-|-|rsmod:osb5_sword:attack:stance4|-|-|-|-|-|-|-|-|-|-|-|-|-|-|3|-|-|-|-|-|none|none|none|none|none|rsmod
item|22323|magic|1167|-|-|-|-|-|-|-|-|-|-|-|-|-|-|rsmod:sanguinesti_staff:attack:stance1|-|-|-|-|-|-|-|-|-|-|-|-|-|-|0|-|-|-|-|-|none|none|none|none|none|rsmod
item|22323|magic|1167|-|-|-|-|-|-|-|-|-|-|-|-|-|-|rsmod:sanguinesti_staff:attack:stance2|-|-|-|-|-|-|-|-|-|-|-|-|-|-|1|-|-|-|-|-|none|none|none|none|none|rsmod
item|22323|magic|1167|-|-|-|-|-|-|-|-|-|-|-|-|-|-|rsmod:sanguinesti_staff:attack:stance4|-|-|-|-|-|-|-|-|-|-|-|-|-|-|3|-|-|-|-|-|none|none|none|none|none|rsmod
item|22324|slash|390|-|-|-|-|-|-|-|-|-|-|-|-|-|-|rsmod:ghrazi_rapier:attack:stance3|-|-|-|-|-|-|-|-|-|-|-|-|-|-|2|-|-|-|-|-|none|none|none|none|none|rsmod
item|22324|stab|8145|-|-|-|-|-|-|-|-|-|-|-|-|-|-|rsmod:ghrazi_rapier:attack:stance1|-|-|-|-|-|-|-|-|-|-|-|-|-|-|0|-|-|-|-|-|none|none|none|none|none|rsmod
item|22324|stab|8145|-|-|-|-|-|-|-|-|-|-|-|-|-|-|rsmod:ghrazi_rapier:attack:stance2|-|-|-|-|-|-|-|-|-|-|-|-|-|-|1|-|-|-|-|-|none|none|none|none|none|rsmod
item|22324|stab|8145|-|-|-|-|-|-|-|-|-|-|-|-|-|-|rsmod:ghrazi_rapier:attack:stance4|-|-|-|-|-|-|-|-|-|-|-|-|-|-|3|-|-|-|-|-|none|none|none|none|none|rsmod
item|22325|crush|8056|-|-|-|-|-|-|-|-|-|-|-|-|-|-|rsmod:scythe_of_vitur:attack:stance3|-|-|-|-|-|-|-|-|-|-|-|-|-|-|2|-|-|-|-|-|none|none|none|none|none|rsmod
item|22325|slash|8056|-|-|-|-|-|-|-|-|-|-|-|-|-|-|rsmod:scythe_of_vitur:attack:stance1|-|-|-|-|-|-|-|-|-|-|-|-|-|-|0|-|-|-|-|-|none|none|none|none|none|rsmod
item|22325|slash|8056|-|-|-|-|-|-|-|-|-|-|-|-|-|-|rsmod:scythe_of_vitur:attack:stance2|-|-|-|-|-|-|-|-|-|-|-|-|-|-|1|-|-|-|-|-|none|none|none|none|none|rsmod
item|22325|slash|8056|-|-|-|-|-|-|-|-|-|-|-|-|-|-|rsmod:scythe_of_vitur:attack:stance4|-|-|-|-|-|-|-|-|-|-|-|-|-|-|3|-|-|-|-|-|none|none|none|none|none|rsmod
item|22333|ranged|426|-|-|-|-|-|3|3|163|146|41|15|5|11|5|rsmod:deadman_starter_bow:attack:stance1|-|-|-|-|-|-|-|-|-|-|-|-|-|-|0|-|-|-|-|-|none|none|none|none|none|rsmod
item|22333|ranged|426|-|-|-|-|-|3|3|163|146|41|15|5|11|5|rsmod:deadman_starter_bow:attack:stance2|-|-|-|-|-|-|-|-|-|-|-|-|-|-|1|-|-|-|-|-|none|none|none|none|none|rsmod
item|22333|ranged|426|-|-|-|-|-|3|3|163|146|41|15|5|11|5|rsmod:deadman_starter_bow:attack:stance4|-|-|-|-|-|-|-|-|-|-|-|-|-|-|3|-|-|-|-|-|none|none|none|none|none|rsmod
item|22335|magic|1167|-|-|-|-|-|-|-|-|-|-|-|-|-|-|rsmod:deadman_starter_staff:attack:stance1|-|-|-|-|-|-|-|-|-|-|-|-|-|-|0|-|-|-|-|-|none|none|none|none|none|rsmod
item|22335|magic|1167|-|-|-|-|-|-|-|-|-|-|-|-|-|-|rsmod:deadman_starter_staff:attack:stance2|-|-|-|-|-|-|-|-|-|-|-|-|-|-|1|-|-|-|-|-|none|none|none|none|none|rsmod
item|22335|magic|1167|-|-|-|-|-|-|-|-|-|-|-|-|-|-|rsmod:deadman_starter_staff:attack:stance4|-|-|-|-|-|-|-|-|-|-|-|-|-|-|3|-|-|-|-|-|none|none|none|none|none|rsmod
item|22368|crush|419|-|-|-|-|-|-|-|-|-|-|-|-|-|-|rsmod:nature_staff_uncharged:attack:stance1|-|-|-|-|-|-|-|-|-|-|-|-|-|-|0|-|-|-|-|-|none|none|none|none|none|rsmod
item|22368|crush|419|-|-|-|-|-|-|-|-|-|-|-|-|-|-|rsmod:nature_staff_uncharged:attack:stance2|-|-|-|-|-|-|-|-|-|-|-|-|-|-|1|-|-|-|-|-|none|none|none|none|none|rsmod
item|22368|crush|419|-|-|-|-|-|-|-|-|-|-|-|-|-|-|rsmod:nature_staff_uncharged:attack:stance4|-|-|-|-|-|-|-|-|-|-|-|-|-|-|3|-|-|-|-|-|none|none|none|none|none|rsmod
item|22370|crush|419|-|-|-|-|-|-|-|-|-|-|-|-|-|-|rsmod:nature_staff_charged:attack:stance1|-|-|-|-|-|-|-|-|-|-|-|-|-|-|0|-|-|-|-|-|none|none|none|none|none|rsmod
item|22370|crush|419|-|-|-|-|-|-|-|-|-|-|-|-|-|-|rsmod:nature_staff_charged:attack:stance2|-|-|-|-|-|-|-|-|-|-|-|-|-|-|1|-|-|-|-|-|none|none|none|none|none|rsmod
item|22370|crush|419|-|-|-|-|-|-|-|-|-|-|-|-|-|-|rsmod:nature_staff_charged:attack:stance4|-|-|-|-|-|-|-|-|-|-|-|-|-|-|3|-|-|-|-|-|none|none|none|none|none|rsmod
item|22398|crush|8010|-|-|-|-|-|-|-|-|-|-|-|-|-|-|rsmod:ivandis_flail:attack:stance1|-|-|-|-|-|-|-|-|-|-|-|-|-|-|0|-|-|-|-|-|none|none|none|none|none|rsmod
item|22398|crush|8010|-|-|-|-|-|-|-|-|-|-|-|-|-|-|rsmod:ivandis_flail:attack:stance2|-|-|-|-|-|-|-|-|-|-|-|-|-|-|1|-|-|-|-|-|none|none|none|none|none|rsmod
item|22398|crush|8010|-|-|-|-|-|-|-|-|-|-|-|-|-|-|rsmod:ivandis_flail:attack:stance4|-|-|-|-|-|-|-|-|-|-|-|-|-|-|3|-|-|-|-|-|none|none|none|none|none|rsmod
item|22433|slash|390|-|-|-|-|-|-|-|-|-|-|-|-|-|-|rsmod:silver_sickle_emerald:attack:stance1|-|-|-|-|-|-|-|-|-|-|-|-|-|-|0|-|-|-|-|-|none|none|none|none|none|rsmod
item|22433|slash|390|-|-|-|-|-|-|-|-|-|-|-|-|-|-|rsmod:silver_sickle_emerald:attack:stance2|-|-|-|-|-|-|-|-|-|-|-|-|-|-|1|-|-|-|-|-|none|none|none|none|none|rsmod
item|22433|slash|390|-|-|-|-|-|-|-|-|-|-|-|-|-|-|rsmod:silver_sickle_emerald:attack:stance4|-|-|-|-|-|-|-|-|-|-|-|-|-|-|3|-|-|-|-|-|none|none|none|none|none|rsmod
item|22433|stab|386|-|-|-|-|-|-|-|-|-|-|-|-|-|-|rsmod:silver_sickle_emerald:attack:stance3|-|-|-|-|-|-|-|-|-|-|-|-|-|-|2|-|-|-|-|-|none|none|none|none|none|rsmod
item|22435|slash|390|-|-|-|-|-|-|-|-|-|-|-|-|-|-|rsmod:silver_sickle_enchanted:attack:stance1|-|-|-|-|-|-|-|-|-|-|-|-|-|-|0|-|-|-|-|-|none|none|none|none|none|rsmod
item|22435|slash|390|-|-|-|-|-|-|-|-|-|-|-|-|-|-|rsmod:silver_sickle_enchanted:attack:stance2|-|-|-|-|-|-|-|-|-|-|-|-|-|-|1|-|-|-|-|-|none|none|none|none|none|rsmod
item|22435|slash|390|-|-|-|-|-|-|-|-|-|-|-|-|-|-|rsmod:silver_sickle_enchanted:attack:stance4|-|-|-|-|-|-|-|-|-|-|-|-|-|-|3|-|-|-|-|-|none|none|none|none|none|rsmod
item|22435|stab|386|-|-|-|-|-|-|-|-|-|-|-|-|-|-|rsmod:silver_sickle_enchanted:attack:stance3|-|-|-|-|-|-|-|-|-|-|-|-|-|-|2|-|-|-|-|-|none|none|none|none|none|rsmod
item|22481|magic|1167|-|-|-|-|-|-|-|-|-|-|-|-|-|-|rsmod:sanguinesti_staff_uncharged:attack:stance1|-|-|-|-|-|-|-|-|-|-|-|-|-|-|0|-|-|-|-|-|none|none|none|none|none|rsmod
item|22481|magic|1167|-|-|-|-|-|-|-|-|-|-|-|-|-|-|rsmod:sanguinesti_staff_uncharged:attack:stance2|-|-|-|-|-|-|-|-|-|-|-|-|-|-|1|-|-|-|-|-|none|none|none|none|none|rsmod
item|22481|magic|1167|-|-|-|-|-|-|-|-|-|-|-|-|-|-|rsmod:sanguinesti_staff_uncharged:attack:stance4|-|-|-|-|-|-|-|-|-|-|-|-|-|-|3|-|-|-|-|-|none|none|none|none|none|rsmod
item|22486|crush|8056|-|-|-|-|-|-|-|-|-|-|-|-|-|-|rsmod:scythe_of_vitur_uncharged:attack:stance3|-|-|-|-|-|-|-|-|-|-|-|-|-|-|2|-|-|-|-|-|none|none|none|none|none|rsmod
item|22486|slash|8056|-|-|-|-|-|-|-|-|-|-|-|-|-|-|rsmod:scythe_of_vitur_uncharged:attack:stance1|-|-|-|-|-|-|-|-|-|-|-|-|-|-|0|-|-|-|-|-|none|none|none|none|none|rsmod
item|22486|slash|8056|-|-|-|-|-|-|-|-|-|-|-|-|-|-|rsmod:scythe_of_vitur_uncharged:attack:stance2|-|-|-|-|-|-|-|-|-|-|-|-|-|-|1|-|-|-|-|-|none|none|none|none|none|rsmod
item|22486|slash|8056|-|-|-|-|-|-|-|-|-|-|-|-|-|-|rsmod:scythe_of_vitur_uncharged:attack:stance4|-|-|-|-|-|-|-|-|-|-|-|-|-|-|3|-|-|-|-|-|none|none|none|none|none|rsmod
item|22516|magic|1167|-|-|-|-|-|-|-|-|-|-|-|-|-|-|rsmod:verzik_special_weapon:attack:stance1|-|-|-|-|-|-|-|-|-|-|-|-|-|-|0|-|-|-|-|-|none|none|none|none|none|rsmod
item|22516|magic|1167|-|-|-|-|-|-|-|-|-|-|-|-|-|-|rsmod:verzik_special_weapon:attack:stance2|-|-|-|-|-|-|-|-|-|-|-|-|-|-|1|-|-|-|-|-|none|none|none|none|none|rsmod
item|22516|magic|1167|-|-|-|-|-|-|-|-|-|-|-|-|-|-|rsmod:verzik_special_weapon:attack:stance4|-|-|-|-|-|-|-|-|-|-|-|-|-|-|3|-|-|-|-|-|none|none|none|none|none|rsmod
item|22542|crush|245|-|-|-|-|-|-|-|-|-|-|-|-|-|-|rsmod:wild_cave_chainmace_uncharged:attack:stance1|-|-|-|-|-|-|-|-|-|-|-|-|-|-|0|-|-|-|-|-|none|none|none|none|none|rsmod
item|22542|crush|245|-|-|-|-|-|-|-|-|-|-|-|-|-|-|rsmod:wild_cave_chainmace_uncharged:attack:stance2|-|-|-|-|-|-|-|-|-|-|-|-|-|-|1|-|-|-|-|-|none|none|none|none|none|rsmod
item|22542|crush|245|-|-|-|-|-|-|-|-|-|-|-|-|-|-|rsmod:wild_cave_chainmace_uncharged:attack:stance4|-|-|-|-|-|-|-|-|-|-|-|-|-|-|3|-|-|-|-|-|none|none|none|none|none|rsmod
item|22542|stab|245|-|-|-|-|-|-|-|-|-|-|-|-|-|-|rsmod:wild_cave_chainmace_uncharged:attack:stance3|-|-|-|-|-|-|-|-|-|-|-|-|-|-|2|-|-|-|-|-|none|none|none|none|none|rsmod
item|22545|crush|245|-|-|-|-|-|-|-|-|-|-|-|-|-|-|rsmod:wild_cave_chainmace_charged:attack:stance1|-|-|-|-|-|-|-|-|-|-|-|-|-|-|0|-|-|-|-|-|none|none|none|none|none|rsmod
item|22545|crush|245|-|-|-|-|-|-|-|-|-|-|-|-|-|-|rsmod:wild_cave_chainmace_charged:attack:stance2|-|-|-|-|-|-|-|-|-|-|-|-|-|-|1|-|-|-|-|-|none|none|none|none|none|rsmod
item|22545|crush|245|-|-|-|-|-|-|-|-|-|-|-|-|-|-|rsmod:wild_cave_chainmace_charged:attack:stance4|-|-|-|-|-|-|-|-|-|-|-|-|-|-|3|-|-|-|-|-|none|none|none|none|none|rsmod
item|22545|stab|245|-|-|-|-|-|-|-|-|-|-|-|-|-|-|rsmod:wild_cave_chainmace_charged:attack:stance3|-|-|-|-|-|-|-|-|-|-|-|-|-|-|2|-|-|-|-|-|none|none|none|none|none|rsmod
item|22547|ranged|426|-|-|-|-|-|3|3|163|146|41|15|5|11|5|rsmod:wild_cave_bow_uncharged:attack:stance1|-|-|-|-|-|-|-|-|-|-|-|-|-|-|0|-|-|-|-|-|none|none|none|none|none|rsmod
item|22547|ranged|426|-|-|-|-|-|3|3|163|146|41|15|5|11|5|rsmod:wild_cave_bow_uncharged:attack:stance2|-|-|-|-|-|-|-|-|-|-|-|-|-|-|1|-|-|-|-|-|none|none|none|none|none|rsmod
item|22547|ranged|426|-|-|-|-|-|3|3|163|146|41|15|5|11|5|rsmod:wild_cave_bow_uncharged:attack:stance4|-|-|-|-|-|-|-|-|-|-|-|-|-|-|3|-|-|-|-|-|none|none|none|none|none|rsmod
item|22550|ranged|426|-|-|-|-|-|3|3|163|146|41|15|5|11|5|rsmod:wild_cave_bow_charged:attack:stance1|-|-|-|-|-|-|-|-|-|-|-|-|-|-|0|-|-|-|-|-|none|none|none|none|none|rsmod
item|22550|ranged|426|-|-|-|-|-|3|3|163|146|41|15|5|11|5|rsmod:wild_cave_bow_charged:attack:stance2|-|-|-|-|-|-|-|-|-|-|-|-|-|-|1|-|-|-|-|-|none|none|none|none|none|rsmod
item|22550|ranged|426|-|-|-|-|-|3|3|163|146|41|15|5|11|5|rsmod:wild_cave_bow_charged:attack:stance4|-|-|-|-|-|-|-|-|-|-|-|-|-|-|3|-|-|-|-|-|none|none|none|none|none|rsmod
item|22552|magic|1058|-|-|-|-|-|-|-|-|-|-|-|-|-|-|rsmod:wild_cave_sceptre_uncharged:attack:stance1|-|-|-|-|-|-|-|-|-|-|-|-|-|-|0|-|-|-|-|-|none|none|none|none|none|rsmod
item|22552|magic|1058|-|-|-|-|-|-|-|-|-|-|-|-|-|-|rsmod:wild_cave_sceptre_uncharged:attack:stance2|-|-|-|-|-|-|-|-|-|-|-|-|-|-|1|-|-|-|-|-|none|none|none|none|none|rsmod
item|22552|magic|1058|-|-|-|-|-|-|-|-|-|-|-|-|-|-|rsmod:wild_cave_sceptre_uncharged:attack:stance4|-|-|-|-|-|-|-|-|-|-|-|-|-|-|3|-|-|-|-|-|none|none|none|none|none|rsmod
item|22555|magic|1058|-|-|-|-|-|-|-|-|-|-|-|-|-|-|rsmod:wild_cave_sceptre_charged:attack:stance1|-|-|-|-|-|-|-|-|-|-|-|-|-|-|0|-|-|-|-|-|none|none|none|none|none|rsmod
item|22555|magic|1058|-|-|-|-|-|-|-|-|-|-|-|-|-|-|rsmod:wild_cave_sceptre_charged:attack:stance2|-|-|-|-|-|-|-|-|-|-|-|-|-|-|1|-|-|-|-|-|none|none|none|none|none|rsmod
item|22555|magic|1058|-|-|-|-|-|-|-|-|-|-|-|-|-|-|rsmod:wild_cave_sceptre_charged:attack:stance4|-|-|-|-|-|-|-|-|-|-|-|-|-|-|3|-|-|-|-|-|none|none|none|none|none|rsmod
item|22610|crush|429|-|-|-|-|-|-|-|-|-|-|-|-|-|-|rsmod:vestas_spear:attack:stance3|-|-|-|-|-|-|-|-|-|-|-|-|-|-|2|-|-|-|-|-|none|none|none|none|none|rsmod
item|22610|slash|440|-|-|-|-|-|-|-|-|-|-|-|-|-|-|rsmod:vestas_spear:attack:stance2|-|-|-|-|-|-|-|-|-|-|-|-|-|-|1|-|-|-|-|-|none|none|none|none|none|rsmod
item|22610|stab|428|-|-|-|-|-|-|-|-|-|-|-|-|-|-|rsmod:vestas_spear:attack:stance1|-|-|-|-|-|-|-|-|-|-|-|-|-|-|0|-|-|-|-|-|none|none|none|none|none|rsmod
item|22610|stab|428|-|-|-|-|-|-|-|-|-|-|-|-|-|-|rsmod:vestas_spear:attack:stance4|-|-|-|-|-|-|-|-|-|-|-|-|-|-|3|-|-|-|-|-|none|none|none|none|none|rsmod
item|22613|slash|390|-|-|-|-|-|-|-|-|-|-|-|-|-|-|rsmod:vestas_longsword:attack:stance1|-|-|-|-|-|-|-|-|-|-|-|-|-|-|0|-|-|-|-|-|none|none|none|none|none|rsmod
item|22613|slash|390|-|-|-|-|-|-|-|-|-|-|-|-|-|-|rsmod:vestas_longsword:attack:stance2|-|-|-|-|-|-|-|-|-|-|-|-|-|-|1|-|-|-|-|-|none|none|none|none|none|rsmod
item|22613|slash|390|-|-|-|-|-|-|-|-|-|-|-|-|-|-|rsmod:vestas_longsword:attack:stance4|-|-|-|-|-|-|-|-|-|-|-|-|-|-|3|-|-|-|-|-|none|none|none|none|none|rsmod
item|22613|stab|8145|-|-|-|-|-|-|-|-|-|-|-|-|-|-|rsmod:vestas_longsword:attack:stance3|-|-|-|-|-|-|-|-|-|-|-|-|-|-|2|-|-|-|-|-|none|none|none|none|none|rsmod
item|22622|crush|401|-|-|-|-|-|-|-|-|-|-|-|-|-|-|rsmod:statius_warhammer:attack:stance1|-|-|-|-|-|-|-|-|-|-|-|-|-|-|0|-|-|-|-|-|none|none|none|none|none|rsmod
item|22622|crush|401|-|-|-|-|-|-|-|-|-|-|-|-|-|-|rsmod:statius_warhammer:attack:stance2|-|-|-|-|-|-|-|-|-|-|-|-|-|-|1|-|-|-|-|-|none|none|none|none|none|rsmod
item|22622|crush|401|-|-|-|-|-|-|-|-|-|-|-|-|-|-|rsmod:statius_warhammer:attack:stance4|-|-|-|-|-|-|-|-|-|-|-|-|-|-|3|-|-|-|-|-|none|none|none|none|none|rsmod
item|22634|ranged|-|1624|1623|-|35977|372|2|2|163|146|32|15|0|11|5|rsmod:morrigans_thrownaxe:projectile|-|-|-|-|-|-|-|-|-|-|-|-|-|-|-|-|-|-|-|-|travel_projectile|source_actor|target_actor|source_actor|target_actor|rsmod
item|22634|ranged|929|-|-|-|-|-|2|2|163|146|32|15|0|11|5|rsmod:morrigans_thrownaxe:attack:stance1|-|-|-|-|-|-|-|-|-|-|-|-|-|-|0|-|-|-|-|-|none|none|none|none|none|rsmod
item|22634|ranged|929|-|-|-|-|-|2|2|163|146|32|15|0|11|5|rsmod:morrigans_thrownaxe:attack:stance2|-|-|-|-|-|-|-|-|-|-|-|-|-|-|1|-|-|-|-|-|none|none|none|none|none|rsmod
item|22634|ranged|929|-|-|-|-|-|2|2|163|146|32|15|0|11|5|rsmod:morrigans_thrownaxe:attack:stance4|-|-|-|-|-|-|-|-|-|-|-|-|-|-|3|-|-|-|-|-|none|none|none|none|none|rsmod
item|22636|ranged|-|1619|1620|-|35982|-|2|2|163|146|32|15|0|11|5|rsmod:morrigans_javelin:projectile|-|-|-|-|-|-|-|-|-|-|-|-|-|-|-|-|-|-|-|-|travel_projectile|source_actor|target_actor|source_actor|target_actor|rsmod
item|22636|ranged|929|-|-|-|-|-|2|2|163|146|32|15|0|11|5|rsmod:morrigans_javelin:attack:stance1|-|-|-|-|-|-|-|-|-|-|-|-|-|-|0|-|-|-|-|-|none|none|none|none|none|rsmod
item|22636|ranged|929|-|-|-|-|-|2|2|163|146|32|15|0|11|5|rsmod:morrigans_javelin:attack:stance2|-|-|-|-|-|-|-|-|-|-|-|-|-|-|1|-|-|-|-|-|none|none|none|none|none|rsmod
item|22636|ranged|929|-|-|-|-|-|2|2|163|146|32|15|0|11|5|rsmod:morrigans_javelin:attack:stance4|-|-|-|-|-|-|-|-|-|-|-|-|-|-|3|-|-|-|-|-|none|none|none|none|none|rsmod
item|22647|crush|414|-|-|-|-|-|-|-|-|-|-|-|-|-|-|rsmod:zuriels_staff:attack:stance1|-|-|-|-|-|-|-|-|-|-|-|-|-|-|0|-|-|-|-|-|none|none|none|none|none|rsmod
item|22647|crush|414|-|-|-|-|-|-|-|-|-|-|-|-|-|-|rsmod:zuriels_staff:attack:stance2|-|-|-|-|-|-|-|-|-|-|-|-|-|-|1|-|-|-|-|-|none|none|none|none|none|rsmod
item|22647|crush|414|-|-|-|-|-|-|-|-|-|-|-|-|-|-|rsmod:zuriels_staff:attack:stance4|-|-|-|-|-|-|-|-|-|-|-|-|-|-|3|-|-|-|-|-|none|none|none|none|none|rsmod
item|22719|crush|7328|-|-|-|-|-|-|-|-|-|-|-|-|-|-|rsmod:xmas18_candycane:attack:stance1|-|-|-|-|-|-|-|-|-|-|-|-|-|-|0|-|-|-|-|-|none|none|none|none|none|rsmod
item|22719|crush|7328|-|-|-|-|-|-|-|-|-|-|-|-|-|-|rsmod:xmas18_candycane:attack:stance2|-|-|-|-|-|-|-|-|-|-|-|-|-|-|1|-|-|-|-|-|none|none|none|none|none|rsmod
item|22719|crush|7328|-|-|-|-|-|-|-|-|-|-|-|-|-|-|rsmod:xmas18_candycane:attack:stance4|-|-|-|-|-|-|-|-|-|-|-|-|-|-|3|-|-|-|-|-|none|none|none|none|none|rsmod
item|22731|crush|429|-|-|-|-|-|-|-|-|-|-|-|-|-|-|rsmod:brut_dragon_spear:attack:stance3|-|-|-|-|-|-|-|-|-|-|-|-|-|-|2|-|-|-|-|-|none|none|none|none|none|rsmod
item|22731|slash|440|-|-|-|-|-|-|-|-|-|-|-|-|-|-|rsmod:brut_dragon_spear:attack:stance2|-|-|-|-|-|-|-|-|-|-|-|-|-|-|1|-|-|-|-|-|none|none|none|none|none|rsmod
item|22731|stab|428|-|-|-|-|-|-|-|-|-|-|-|-|-|-|rsmod:brut_dragon_spear:attack:stance1|-|-|-|-|-|-|-|-|-|-|-|-|-|-|0|-|-|-|-|-|none|none|none|none|none|rsmod
item|22731|stab|428|-|-|-|-|-|-|-|-|-|-|-|-|-|-|rsmod:brut_dragon_spear:attack:stance4|-|-|-|-|-|-|-|-|-|-|-|-|-|-|3|-|-|-|-|-|none|none|none|none|none|rsmod
item|22734|crush|429|-|-|-|-|-|-|-|-|-|-|-|-|-|-|rsmod:brut_dragon_spear_p:attack:stance3|-|-|-|-|-|-|-|-|-|-|-|-|-|-|2|-|-|-|-|-|none|none|none|none|none|rsmod
item|22734|slash|440|-|-|-|-|-|-|-|-|-|-|-|-|-|-|rsmod:brut_dragon_spear_p:attack:stance2|-|-|-|-|-|-|-|-|-|-|-|-|-|-|1|-|-|-|-|-|none|none|none|none|none|rsmod
item|22734|stab|428|-|-|-|-|-|-|-|-|-|-|-|-|-|-|rsmod:brut_dragon_spear_p:attack:stance1|-|-|-|-|-|-|-|-|-|-|-|-|-|-|0|-|-|-|-|-|none|none|none|none|none|rsmod
item|22734|stab|428|-|-|-|-|-|-|-|-|-|-|-|-|-|-|rsmod:brut_dragon_spear_p:attack:stance4|-|-|-|-|-|-|-|-|-|-|-|-|-|-|3|-|-|-|-|-|none|none|none|none|none|rsmod
item|22737|crush|429|-|-|-|-|-|-|-|-|-|-|-|-|-|-|rsmod:brut_dragon_spear_p+:attack:stance3|-|-|-|-|-|-|-|-|-|-|-|-|-|-|2|-|-|-|-|-|none|none|none|none|none|rsmod
item|22737|slash|440|-|-|-|-|-|-|-|-|-|-|-|-|-|-|rsmod:brut_dragon_spear_p+:attack:stance2|-|-|-|-|-|-|-|-|-|-|-|-|-|-|1|-|-|-|-|-|none|none|none|none|none|rsmod
item|22737|stab|428|-|-|-|-|-|-|-|-|-|-|-|-|-|-|rsmod:brut_dragon_spear_p+:attack:stance1|-|-|-|-|-|-|-|-|-|-|-|-|-|-|0|-|-|-|-|-|none|none|none|none|none|rsmod
item|22737|stab|428|-|-|-|-|-|-|-|-|-|-|-|-|-|-|rsmod:brut_dragon_spear_p+:attack:stance4|-|-|-|-|-|-|-|-|-|-|-|-|-|-|3|-|-|-|-|-|none|none|none|none|none|rsmod
item|22740|crush|429|-|-|-|-|-|-|-|-|-|-|-|-|-|-|rsmod:brut_dragon_spear_p++:attack:stance3|-|-|-|-|-|-|-|-|-|-|-|-|-|-|2|-|-|-|-|-|none|none|none|none|none|rsmod
item|22740|slash|440|-|-|-|-|-|-|-|-|-|-|-|-|-|-|rsmod:brut_dragon_spear_p++:attack:stance2|-|-|-|-|-|-|-|-|-|-|-|-|-|-|1|-|-|-|-|-|none|none|none|none|none|rsmod
item|22740|stab|428|-|-|-|-|-|-|-|-|-|-|-|-|-|-|rsmod:brut_dragon_spear_p++:attack:stance1|-|-|-|-|-|-|-|-|-|-|-|-|-|-|0|-|-|-|-|-|none|none|none|none|none|rsmod
item|22740|stab|428|-|-|-|-|-|-|-|-|-|-|-|-|-|-|rsmod:brut_dragon_spear_p++:attack:stance4|-|-|-|-|-|-|-|-|-|-|-|-|-|-|3|-|-|-|-|-|none|none|none|none|none|rsmod
item|22743|crush|429|-|-|-|-|-|-|-|-|-|-|-|-|-|-|rsmod:brut_dragon_spear_kp:attack:stance3|-|-|-|-|-|-|-|-|-|-|-|-|-|-|2|-|-|-|-|-|none|none|none|none|none|rsmod
item|22743|slash|440|-|-|-|-|-|-|-|-|-|-|-|-|-|-|rsmod:brut_dragon_spear_kp:attack:stance2|-|-|-|-|-|-|-|-|-|-|-|-|-|-|1|-|-|-|-|-|none|none|none|none|none|rsmod
item|22743|stab|428|-|-|-|-|-|-|-|-|-|-|-|-|-|-|rsmod:brut_dragon_spear_kp:attack:stance1|-|-|-|-|-|-|-|-|-|-|-|-|-|-|0|-|-|-|-|-|none|none|none|none|none|rsmod
item|22743|stab|428|-|-|-|-|-|-|-|-|-|-|-|-|-|-|rsmod:brut_dragon_spear_kp:attack:stance4|-|-|-|-|-|-|-|-|-|-|-|-|-|-|3|-|-|-|-|-|none|none|none|none|none|rsmod
item|22804|ranged|-|-|28|-|36301|375|2|2|163|146|32|15|0|11|5|rsmod:dragon_knife:projectile|-|-|-|-|-|-|-|-|-|-|-|-|-|-|-|-|-|-|-|-|travel_projectile|source_actor|target_actor|none|target_actor|rsmod
item|22804|ranged|8194|-|-|-|-|-|2|2|163|146|32|15|0|11|5|rsmod:dragon_knife:attack:stance1|-|-|-|-|-|-|-|-|-|-|-|-|-|-|0|-|-|-|-|-|none|none|none|none|none|rsmod
item|22804|ranged|8194|-|-|-|-|-|2|2|163|146|32|15|0|11|5|rsmod:dragon_knife:attack:stance2|-|-|-|-|-|-|-|-|-|-|-|-|-|-|1|-|-|-|-|-|none|none|none|none|none|rsmod
item|22804|ranged|8194|-|-|-|-|-|2|2|163|146|32|15|0|11|5|rsmod:dragon_knife:attack:stance4|-|-|-|-|-|-|-|-|-|-|-|-|-|-|3|-|-|-|-|-|none|none|none|none|none|rsmod
item|22806|ranged|-|-|697|-|36301|375|2|2|163|146|32|15|0|11|5|rsmod:dragon_knife_p:projectile|-|-|-|-|-|-|-|-|-|-|-|-|-|-|-|-|-|-|-|-|travel_projectile|source_actor|target_actor|none|target_actor|rsmod
item|22806|ranged|8194|-|-|-|-|-|2|2|163|146|32|15|0|11|5|rsmod:dragon_knife_p:attack:stance1|-|-|-|-|-|-|-|-|-|-|-|-|-|-|0|-|-|-|-|-|none|none|none|none|none|rsmod
item|22806|ranged|8194|-|-|-|-|-|2|2|163|146|32|15|0|11|5|rsmod:dragon_knife_p:attack:stance2|-|-|-|-|-|-|-|-|-|-|-|-|-|-|1|-|-|-|-|-|none|none|none|none|none|rsmod
item|22806|ranged|8194|-|-|-|-|-|2|2|163|146|32|15|0|11|5|rsmod:dragon_knife_p:attack:stance4|-|-|-|-|-|-|-|-|-|-|-|-|-|-|3|-|-|-|-|-|none|none|none|none|none|rsmod
item|22808|ranged|-|-|697|-|36301|375|2|2|163|146|32|15|0|11|5|rsmod:dragon_knife_p+:projectile|-|-|-|-|-|-|-|-|-|-|-|-|-|-|-|-|-|-|-|-|travel_projectile|source_actor|target_actor|none|target_actor|rsmod
item|22808|ranged|8194|-|-|-|-|-|2|2|163|146|32|15|0|11|5|rsmod:dragon_knife_p+:attack:stance1|-|-|-|-|-|-|-|-|-|-|-|-|-|-|0|-|-|-|-|-|none|none|none|none|none|rsmod
item|22808|ranged|8194|-|-|-|-|-|2|2|163|146|32|15|0|11|5|rsmod:dragon_knife_p+:attack:stance2|-|-|-|-|-|-|-|-|-|-|-|-|-|-|1|-|-|-|-|-|none|none|none|none|none|rsmod
item|22808|ranged|8194|-|-|-|-|-|2|2|163|146|32|15|0|11|5|rsmod:dragon_knife_p+:attack:stance4|-|-|-|-|-|-|-|-|-|-|-|-|-|-|3|-|-|-|-|-|none|none|none|none|none|rsmod
item|22810|ranged|-|-|697|-|36301|375|2|2|163|146|32|15|0|11|5|rsmod:dragon_knife_p++:projectile|-|-|-|-|-|-|-|-|-|-|-|-|-|-|-|-|-|-|-|-|travel_projectile|source_actor|target_actor|none|target_actor|rsmod
item|22810|ranged|8195|-|-|-|-|-|2|2|163|146|32|15|0|11|5|rsmod:dragon_knife_p++:attack:stance1|-|-|-|-|-|-|-|-|-|-|-|-|-|-|0|-|-|-|-|-|none|none|none|none|none|rsmod
item|22810|ranged|8195|-|-|-|-|-|2|2|163|146|32|15|0|11|5|rsmod:dragon_knife_p++:attack:stance2|-|-|-|-|-|-|-|-|-|-|-|-|-|-|1|-|-|-|-|-|none|none|none|none|none|rsmod
item|22810|ranged|8195|-|-|-|-|-|2|2|163|146|32|15|0|11|5|rsmod:dragon_knife_p++:attack:stance4|-|-|-|-|-|-|-|-|-|-|-|-|-|-|3|-|-|-|-|-|none|none|none|none|none|rsmod
item|22816|crush|422|-|-|-|-|-|-|-|-|-|-|-|-|-|-|rsmod:aerial_fishing_gloves_no_bird:attack:stance1|-|-|-|-|-|-|-|-|-|-|-|-|-|-|0|-|-|-|-|-|none|none|none|none|none|rsmod
item|22816|crush|422|-|-|-|-|-|-|-|-|-|-|-|-|-|-|rsmod:aerial_fishing_gloves_no_bird:attack:stance2|-|-|-|-|-|-|-|-|-|-|-|-|-|-|1|-|-|-|-|-|none|none|none|none|none|rsmod
item|22816|crush|422|-|-|-|-|-|-|-|-|-|-|-|-|-|-|rsmod:aerial_fishing_gloves_no_bird:attack:stance4|-|-|-|-|-|-|-|-|-|-|-|-|-|-|3|-|-|-|-|-|none|none|none|none|none|rsmod
item|22817|crush|422|-|-|-|-|-|-|-|-|-|-|-|-|-|-|rsmod:aerial_fishing_gloves_bird:attack:stance1|-|-|-|-|-|-|-|-|-|-|-|-|-|-|0|-|-|-|-|-|none|none|none|none|none|rsmod
item|22817|crush|422|-|-|-|-|-|-|-|-|-|-|-|-|-|-|rsmod:aerial_fishing_gloves_bird:attack:stance2|-|-|-|-|-|-|-|-|-|-|-|-|-|-|1|-|-|-|-|-|none|none|none|none|none|rsmod
item|22817|crush|422|-|-|-|-|-|-|-|-|-|-|-|-|-|-|rsmod:aerial_fishing_gloves_bird:attack:stance4|-|-|-|-|-|-|-|-|-|-|-|-|-|-|3|-|-|-|-|-|none|none|none|none|none|rsmod
item|22978|crush|8290|-|-|-|-|-|-|-|-|-|-|-|-|-|-|rsmod:dragonhunter_lance:attack:stance3|-|-|-|-|-|-|-|-|-|-|-|-|-|-|2|-|-|-|-|-|none|none|none|none|none|rsmod
item|22978|slash|8289|-|-|-|-|-|-|-|-|-|-|-|-|-|-|rsmod:dragonhunter_lance:attack:stance2|-|-|-|-|-|-|-|-|-|-|-|-|-|-|1|-|-|-|-|-|none|none|none|none|none|rsmod
item|22978|stab|8288|-|-|-|-|-|-|-|-|-|-|-|-|-|-|rsmod:dragonhunter_lance:attack:stance1|-|-|-|-|-|-|-|-|-|-|-|-|-|-|0|-|-|-|-|-|none|none|none|none|none|rsmod
item|22978|stab|8288|-|-|-|-|-|-|-|-|-|-|-|-|-|-|rsmod:dragonhunter_lance:attack:stance4|-|-|-|-|-|-|-|-|-|-|-|-|-|-|3|-|-|-|-|-|none|none|none|none|none|rsmod
item|23206|slash|390|-|-|-|-|-|-|-|-|-|-|-|-|-|-|rsmod:dual_sai:attack:stance3|-|-|-|-|-|-|-|-|-|-|-|-|-|-|2|-|-|-|-|-|none|none|none|none|none|rsmod
item|23206|stab|386|-|-|-|-|-|-|-|-|-|-|-|-|-|-|rsmod:dual_sai:attack:stance1|-|-|-|-|-|-|-|-|-|-|-|-|-|-|0|-|-|-|-|-|none|none|none|none|none|rsmod
item|23206|stab|386|-|-|-|-|-|-|-|-|-|-|-|-|-|-|rsmod:dual_sai:attack:stance2|-|-|-|-|-|-|-|-|-|-|-|-|-|-|1|-|-|-|-|-|none|none|none|none|none|rsmod
item|23206|stab|386|-|-|-|-|-|-|-|-|-|-|-|-|-|-|rsmod:dual_sai:attack:stance4|-|-|-|-|-|-|-|-|-|-|-|-|-|-|3|-|-|-|-|-|none|none|none|none|none|rsmod
item|23235|crush|2661|-|-|-|-|-|-|-|-|-|-|-|-|-|-|rsmod:tzhaar_maul_t:attack:stance1|-|-|-|-|-|-|-|-|-|-|-|-|-|-|0|-|-|-|-|-|none|none|none|none|none|rsmod
item|23235|crush|2661|-|-|-|-|-|-|-|-|-|-|-|-|-|-|rsmod:tzhaar_maul_t:attack:stance2|-|-|-|-|-|-|-|-|-|-|-|-|-|-|1|-|-|-|-|-|none|none|none|none|none|rsmod
item|23235|crush|2661|-|-|-|-|-|-|-|-|-|-|-|-|-|-|rsmod:tzhaar_maul_t:attack:stance4|-|-|-|-|-|-|-|-|-|-|-|-|-|-|3|-|-|-|-|-|none|none|none|none|none|rsmod
item|23276|crush|400|-|-|-|-|-|-|-|-|-|-|-|-|-|-|rsmod:trail_gilded_pickaxe:attack:stance3|-|-|-|-|-|-|-|-|-|-|-|-|-|-|2|-|-|-|-|-|none|none|none|none|none|rsmod
item|23276|stab|401|-|-|-|-|-|-|-|-|-|-|-|-|-|-|rsmod:trail_gilded_pickaxe:attack:stance1|-|-|-|-|-|-|-|-|-|-|-|-|-|-|0|-|-|-|-|-|none|none|none|none|none|rsmod
item|23276|stab|401|-|-|-|-|-|-|-|-|-|-|-|-|-|-|rsmod:trail_gilded_pickaxe:attack:stance2|-|-|-|-|-|-|-|-|-|-|-|-|-|-|1|-|-|-|-|-|none|none|none|none|none|rsmod
item|23276|stab|401|-|-|-|-|-|-|-|-|-|-|-|-|-|-|rsmod:trail_gilded_pickaxe:attack:stance4|-|-|-|-|-|-|-|-|-|-|-|-|-|-|3|-|-|-|-|-|none|none|none|none|none|rsmod
item|23279|crush|401|-|-|-|-|-|-|-|-|-|-|-|-|-|-|rsmod:trail_gilded_axe:attack:stance3|-|-|-|-|-|-|-|-|-|-|-|-|-|-|2|-|-|-|-|-|none|none|none|none|none|rsmod
item|23279|slash|395|-|-|-|-|-|-|-|-|-|-|-|-|-|-|rsmod:trail_gilded_axe:attack:stance1|-|-|-|-|-|-|-|-|-|-|-|-|-|-|0|-|-|-|-|-|none|none|none|none|none|rsmod
item|23279|slash|395|-|-|-|-|-|-|-|-|-|-|-|-|-|-|rsmod:trail_gilded_axe:attack:stance2|-|-|-|-|-|-|-|-|-|-|-|-|-|-|1|-|-|-|-|-|none|none|none|none|none|rsmod
item|23279|slash|395|-|-|-|-|-|-|-|-|-|-|-|-|-|-|rsmod:trail_gilded_axe:attack:stance4|-|-|-|-|-|-|-|-|-|-|-|-|-|-|3|-|-|-|-|-|none|none|none|none|none|rsmod
item|23282|crush|406|-|-|-|-|-|-|-|-|-|-|-|-|-|-|rsmod:trail_gilded_spade:attack:stance1|-|-|-|-|-|-|-|-|-|-|-|-|-|-|0|-|-|-|-|-|none|none|none|none|none|rsmod
item|23282|crush|406|-|-|-|-|-|-|-|-|-|-|-|-|-|-|rsmod:trail_gilded_spade:attack:stance2|-|-|-|-|-|-|-|-|-|-|-|-|-|-|1|-|-|-|-|-|none|none|none|none|none|rsmod
item|23282|crush|406|-|-|-|-|-|-|-|-|-|-|-|-|-|-|rsmod:trail_gilded_spade:attack:stance4|-|-|-|-|-|-|-|-|-|-|-|-|-|-|3|-|-|-|-|-|none|none|none|none|none|rsmod
item|23330|slash|390|-|-|-|-|-|-|-|-|-|-|-|-|-|-|rsmod:rune_scimitar_guthix:attack:stance1|-|-|-|-|-|-|-|-|-|-|-|-|-|-|0|-|-|-|-|-|none|none|none|none|none|rsmod
item|23330|slash|390|-|-|-|-|-|-|-|-|-|-|-|-|-|-|rsmod:rune_scimitar_guthix:attack:stance2|-|-|-|-|-|-|-|-|-|-|-|-|-|-|1|-|-|-|-|-|none|none|none|none|none|rsmod
item|23330|slash|390|-|-|-|-|-|-|-|-|-|-|-|-|-|-|rsmod:rune_scimitar_guthix:attack:stance4|-|-|-|-|-|-|-|-|-|-|-|-|-|-|3|-|-|-|-|-|none|none|none|none|none|rsmod
item|23330|stab|386|-|-|-|-|-|-|-|-|-|-|-|-|-|-|rsmod:rune_scimitar_guthix:attack:stance3|-|-|-|-|-|-|-|-|-|-|-|-|-|-|2|-|-|-|-|-|none|none|none|none|none|rsmod
item|23332|slash|390|-|-|-|-|-|-|-|-|-|-|-|-|-|-|rsmod:rune_scimitar_saradomin:attack:stance1|-|-|-|-|-|-|-|-|-|-|-|-|-|-|0|-|-|-|-|-|none|none|none|none|none|rsmod
item|23332|slash|390|-|-|-|-|-|-|-|-|-|-|-|-|-|-|rsmod:rune_scimitar_saradomin:attack:stance2|-|-|-|-|-|-|-|-|-|-|-|-|-|-|1|-|-|-|-|-|none|none|none|none|none|rsmod
item|23332|slash|390|-|-|-|-|-|-|-|-|-|-|-|-|-|-|rsmod:rune_scimitar_saradomin:attack:stance4|-|-|-|-|-|-|-|-|-|-|-|-|-|-|3|-|-|-|-|-|none|none|none|none|none|rsmod
item|23332|stab|386|-|-|-|-|-|-|-|-|-|-|-|-|-|-|rsmod:rune_scimitar_saradomin:attack:stance3|-|-|-|-|-|-|-|-|-|-|-|-|-|-|2|-|-|-|-|-|none|none|none|none|none|rsmod
item|23334|slash|390|-|-|-|-|-|-|-|-|-|-|-|-|-|-|rsmod:rune_scimitar_zamorak:attack:stance1|-|-|-|-|-|-|-|-|-|-|-|-|-|-|0|-|-|-|-|-|none|none|none|none|none|rsmod
item|23334|slash|390|-|-|-|-|-|-|-|-|-|-|-|-|-|-|rsmod:rune_scimitar_zamorak:attack:stance2|-|-|-|-|-|-|-|-|-|-|-|-|-|-|1|-|-|-|-|-|none|none|none|none|none|rsmod
item|23334|slash|390|-|-|-|-|-|-|-|-|-|-|-|-|-|-|rsmod:rune_scimitar_zamorak:attack:stance4|-|-|-|-|-|-|-|-|-|-|-|-|-|-|3|-|-|-|-|-|none|none|none|none|none|rsmod
item|23334|stab|386|-|-|-|-|-|-|-|-|-|-|-|-|-|-|rsmod:rune_scimitar_zamorak:attack:stance3|-|-|-|-|-|-|-|-|-|-|-|-|-|-|2|-|-|-|-|-|none|none|none|none|none|rsmod
item|23342|crush|414|-|-|-|-|-|-|-|-|-|-|-|-|-|-|rsmod:3a_druidic_staff:attack:stance1|-|-|-|-|-|-|-|-|-|-|-|-|-|-|0|-|-|-|-|-|none|none|none|none|none|rsmod
item|23342|crush|414|-|-|-|-|-|-|-|-|-|-|-|-|-|-|rsmod:3a_druidic_staff:attack:stance2|-|-|-|-|-|-|-|-|-|-|-|-|-|-|1|-|-|-|-|-|none|none|none|none|none|rsmod
item|23342|crush|414|-|-|-|-|-|-|-|-|-|-|-|-|-|-|rsmod:3a_druidic_staff:attack:stance4|-|-|-|-|-|-|-|-|-|-|-|-|-|-|3|-|-|-|-|-|none|none|none|none|none|rsmod
item|23357|ranged|426|-|-|-|-|-|3|3|163|146|41|15|5|11|5|rsmod:rain_bow:attack:stance1|-|-|-|-|-|-|-|-|-|-|-|-|-|-|0|-|-|-|-|-|none|none|none|none|none|rsmod
item|23357|ranged|426|-|-|-|-|-|3|3|163|146|41|15|5|11|5|rsmod:rain_bow:attack:stance2|-|-|-|-|-|-|-|-|-|-|-|-|-|-|1|-|-|-|-|-|none|none|none|none|none|rsmod
item|23357|ranged|426|-|-|-|-|-|3|3|163|146|41|15|5|11|5|rsmod:rain_bow:attack:stance4|-|-|-|-|-|-|-|-|-|-|-|-|-|-|3|-|-|-|-|-|none|none|none|none|none|rsmod
item|23360|crush|401|-|-|-|-|-|-|-|-|-|-|-|-|-|-|rsmod:joint_of_ham:attack:stance1|-|-|-|-|-|-|-|-|-|-|-|-|-|-|0|-|-|-|-|-|none|none|none|none|none|rsmod
item|23360|crush|401|-|-|-|-|-|-|-|-|-|-|-|-|-|-|rsmod:joint_of_ham:attack:stance2|-|-|-|-|-|-|-|-|-|-|-|-|-|-|1|-|-|-|-|-|none|none|none|none|none|rsmod
item|23360|crush|401|-|-|-|-|-|-|-|-|-|-|-|-|-|-|rsmod:joint_of_ham:attack:stance4|-|-|-|-|-|-|-|-|-|-|-|-|-|-|3|-|-|-|-|-|none|none|none|none|none|rsmod
item|23446|crush|7275|-|-|-|-|-|-|-|-|-|-|-|-|-|-|rsmod:easter19_giant_egg:attack:stance1|-|-|-|-|-|-|-|-|-|-|-|-|-|-|0|-|-|-|-|-|none|none|none|none|none|rsmod
item|23446|crush|7275|-|-|-|-|-|-|-|-|-|-|-|-|-|-|rsmod:easter19_giant_egg:attack:stance2|-|-|-|-|-|-|-|-|-|-|-|-|-|-|1|-|-|-|-|-|none|none|none|none|none|rsmod
item|23446|crush|7275|-|-|-|-|-|-|-|-|-|-|-|-|-|-|rsmod:easter19_giant_egg:attack:stance4|-|-|-|-|-|-|-|-|-|-|-|-|-|-|3|-|-|-|-|-|none|none|none|none|none|rsmod
item|23458|crush|422|-|-|-|-|-|-|-|-|-|-|-|-|-|-|rsmod:magic_strung_lyre_infinite:attack:stance1|-|-|-|-|-|-|-|-|-|-|-|-|-|-|0|-|-|-|-|-|none|none|none|none|none|rsmod
item|23458|crush|422|-|-|-|-|-|-|-|-|-|-|-|-|-|-|rsmod:magic_strung_lyre_infinite:attack:stance4|-|-|-|-|-|-|-|-|-|-|-|-|-|-|3|-|-|-|-|-|none|none|none|none|none|rsmod
item|23458|crush|423|-|-|-|-|-|-|-|-|-|-|-|-|-|-|rsmod:magic_strung_lyre_infinite:attack:stance2|-|-|-|-|-|-|-|-|-|-|-|-|-|-|1|-|-|-|-|-|none|none|none|none|none|rsmod
item|23528|crush|401|-|-|-|-|-|-|-|-|-|-|-|-|-|-|rsmod:sarachnis_cudgel:attack:stance1|-|-|-|-|-|-|-|-|-|-|-|-|-|-|0|-|-|-|-|-|none|none|none|none|none|rsmod
item|23528|crush|401|-|-|-|-|-|-|-|-|-|-|-|-|-|-|rsmod:sarachnis_cudgel:attack:stance2|-|-|-|-|-|-|-|-|-|-|-|-|-|-|1|-|-|-|-|-|none|none|none|none|none|rsmod
item|23528|crush|401|-|-|-|-|-|-|-|-|-|-|-|-|-|-|rsmod:sarachnis_cudgel:attack:stance4|-|-|-|-|-|-|-|-|-|-|-|-|-|-|3|-|-|-|-|-|none|none|none|none|none|rsmod
item|23528|stab|400|-|-|-|-|-|-|-|-|-|-|-|-|-|-|rsmod:sarachnis_cudgel:attack:stance3|-|-|-|-|-|-|-|-|-|-|-|-|-|-|2|-|-|-|-|-|none|none|none|none|none|rsmod
item|23601|ranged|7552|-|-|-|-|-|3|3|155|146|41|5|5|11|5|rsmod:br_xbows_crossbow_runite:attack:stance1|-|-|-|-|-|-|-|-|-|-|-|-|-|-|0|-|-|-|-|-|none|none|none|none|none|rsmod
item|23601|ranged|7552|-|-|-|-|-|3|3|155|146|41|5|5|11|5|rsmod:br_xbows_crossbow_runite:attack:stance2|-|-|-|-|-|-|-|-|-|-|-|-|-|-|1|-|-|-|-|-|none|none|none|none|none|rsmod
item|23601|ranged|7552|-|-|-|-|-|3|3|155|146|41|5|5|11|5|rsmod:br_xbows_crossbow_runite:attack:stance4|-|-|-|-|-|-|-|-|-|-|-|-|-|-|3|-|-|-|-|-|none|none|none|none|none|rsmod
item|23611|ranged|7552|-|-|-|-|-|3|3|155|146|41|5|5|11|5|rsmod:br_acb:attack:stance1|-|-|-|-|-|-|-|-|-|-|-|-|-|-|0|-|-|-|-|-|none|none|none|none|none|rsmod
item|23611|ranged|7552|-|-|-|-|-|3|3|155|146|41|5|5|11|5|rsmod:br_acb:attack:stance2|-|-|-|-|-|-|-|-|-|-|-|-|-|-|1|-|-|-|-|-|none|none|none|none|none|rsmod
item|23611|ranged|7552|-|-|-|-|-|3|3|155|146|41|5|5|11|5|rsmod:br_acb:attack:stance4|-|-|-|-|-|-|-|-|-|-|-|-|-|-|3|-|-|-|-|-|none|none|none|none|none|rsmod
item|23613|crush|419|-|-|-|-|-|-|-|-|-|-|-|-|-|-|rsmod:br_sotd:attack:stance4|-|-|-|-|-|-|-|-|-|-|-|-|-|-|3|-|-|-|-|-|none|none|none|none|none|rsmod
item|23613|slash|440|-|-|-|-|-|-|-|-|-|-|-|-|-|-|rsmod:br_sotd:attack:stance2|-|-|-|-|-|-|-|-|-|-|-|-|-|-|1|-|-|-|-|-|none|none|none|none|none|rsmod
item|23613|stab|428|-|-|-|-|-|-|-|-|-|-|-|-|-|-|rsmod:br_sotd:attack:stance1|-|-|-|-|-|-|-|-|-|-|-|-|-|-|0|-|-|-|-|-|none|none|none|none|none|rsmod
item|23615|slash|390|-|-|-|-|-|-|-|-|-|-|-|-|-|-|rsmod:br_vestas_longsword:attack:stance1|-|-|-|-|-|-|-|-|-|-|-|-|-|-|0|-|-|-|-|-|none|none|none|none|none|rsmod
item|23615|slash|390|-|-|-|-|-|-|-|-|-|-|-|-|-|-|rsmod:br_vestas_longsword:attack:stance2|-|-|-|-|-|-|-|-|-|-|-|-|-|-|1|-|-|-|-|-|none|none|none|none|none|rsmod
item|23615|slash|390|-|-|-|-|-|-|-|-|-|-|-|-|-|-|rsmod:br_vestas_longsword:attack:stance4|-|-|-|-|-|-|-|-|-|-|-|-|-|-|3|-|-|-|-|-|none|none|none|none|none|rsmod
item|23615|stab|8145|-|-|-|-|-|-|-|-|-|-|-|-|-|-|rsmod:br_vestas_longsword:attack:stance3|-|-|-|-|-|-|-|-|-|-|-|-|-|-|2|-|-|-|-|-|none|none|none|none|none|rsmod
item|23617|crush|414|-|-|-|-|-|-|-|-|-|-|-|-|-|-|rsmod:br_zuriels_staff:attack:stance1|-|-|-|-|-|-|-|-|-|-|-|-|-|-|0|-|-|-|-|-|none|none|none|none|none|rsmod
item|23617|crush|414|-|-|-|-|-|-|-|-|-|-|-|-|-|-|rsmod:br_zuriels_staff:attack:stance2|-|-|-|-|-|-|-|-|-|-|-|-|-|-|1|-|-|-|-|-|none|none|none|none|none|rsmod
item|23617|crush|414|-|-|-|-|-|-|-|-|-|-|-|-|-|-|rsmod:br_zuriels_staff:attack:stance4|-|-|-|-|-|-|-|-|-|-|-|-|-|-|3|-|-|-|-|-|none|none|none|none|none|rsmod
item|23619|ranged|929|-|-|-|-|-|2|2|163|146|32|15|0|11|5|rsmod:br_morrigans_javelin:attack:stance1|-|-|-|-|-|-|-|-|-|-|-|-|-|-|0|-|-|-|-|-|none|none|none|none|none|rsmod
item|23619|ranged|929|-|-|-|-|-|2|2|163|146|32|15|0|11|5|rsmod:br_morrigans_javelin:attack:stance2|-|-|-|-|-|-|-|-|-|-|-|-|-|-|1|-|-|-|-|-|none|none|none|none|none|rsmod
item|23619|ranged|929|-|-|-|-|-|2|2|163|146|32|15|0|11|5|rsmod:br_morrigans_javelin:attack:stance4|-|-|-|-|-|-|-|-|-|-|-|-|-|-|3|-|-|-|-|-|none|none|none|none|none|rsmod
item|23620|crush|401|-|-|-|-|-|-|-|-|-|-|-|-|-|-|rsmod:br_statius_warhammer:attack:stance1|-|-|-|-|-|-|-|-|-|-|-|-|-|-|0|-|-|-|-|-|none|none|none|none|none|rsmod
item|23620|crush|401|-|-|-|-|-|-|-|-|-|-|-|-|-|-|rsmod:br_statius_warhammer:attack:stance2|-|-|-|-|-|-|-|-|-|-|-|-|-|-|1|-|-|-|-|-|none|none|none|none|none|rsmod
item|23620|crush|401|-|-|-|-|-|-|-|-|-|-|-|-|-|-|rsmod:br_statius_warhammer:attack:stance4|-|-|-|-|-|-|-|-|-|-|-|-|-|-|3|-|-|-|-|-|none|none|none|none|none|rsmod
item|23626|crush|414|-|-|-|-|-|-|-|-|-|-|-|-|-|-|rsmod:br_kodai_wand:attack:stance1|-|-|-|-|-|-|-|-|-|-|-|-|-|-|0|-|-|-|-|-|none|none|none|none|none|rsmod
item|23626|crush|414|-|-|-|-|-|-|-|-|-|-|-|-|-|-|rsmod:br_kodai_wand:attack:stance2|-|-|-|-|-|-|-|-|-|-|-|-|-|-|1|-|-|-|-|-|none|none|none|none|none|rsmod
item|23626|crush|414|-|-|-|-|-|-|-|-|-|-|-|-|-|-|rsmod:br_kodai_wand:attack:stance4|-|-|-|-|-|-|-|-|-|-|-|-|-|-|3|-|-|-|-|-|none|none|none|none|none|rsmod
item|23628|slash|390|-|-|-|-|-|-|-|-|-|-|-|-|-|-|rsmod:br_ghrazi_rapier:attack:stance3|-|-|-|-|-|-|-|-|-|-|-|-|-|-|2|-|-|-|-|-|none|none|none|none|none|rsmod
item|23628|stab|8145|-|-|-|-|-|-|-|-|-|-|-|-|-|-|rsmod:br_ghrazi_rapier:attack:stance1|-|-|-|-|-|-|-|-|-|-|-|-|-|-|0|-|-|-|-|-|none|none|none|none|none|rsmod
item|23628|stab|8145|-|-|-|-|-|-|-|-|-|-|-|-|-|-|rsmod:br_ghrazi_rapier:attack:stance2|-|-|-|-|-|-|-|-|-|-|-|-|-|-|1|-|-|-|-|-|none|none|none|none|none|rsmod
item|23628|stab|8145|-|-|-|-|-|-|-|-|-|-|-|-|-|-|rsmod:br_ghrazi_rapier:attack:stance4|-|-|-|-|-|-|-|-|-|-|-|-|-|-|3|-|-|-|-|-|none|none|none|none|none|rsmod
item|23630|ranged|7555|-|-|-|-|-|3|3|155|146|41|5|5|11|5|rsmod:br_heavy_ballista:attack:stance1|-|-|-|-|-|-|-|-|-|-|-|-|-|-|0|-|-|-|-|-|none|none|none|none|none|rsmod
item|23630|ranged|7555|-|-|-|-|-|3|3|155|146|41|5|5|11|5|rsmod:br_heavy_ballista:attack:stance2|-|-|-|-|-|-|-|-|-|-|-|-|-|-|1|-|-|-|-|-|none|none|none|none|none|rsmod
item|23630|ranged|7555|-|-|-|-|-|3|3|155|146|41|5|5|11|5|rsmod:br_heavy_ballista:attack:stance4|-|-|-|-|-|-|-|-|-|-|-|-|-|-|3|-|-|-|-|-|none|none|none|none|none|rsmod
item|23653|crush|2078|-|-|-|-|-|-|-|-|-|-|-|-|-|-|rsmod:br_barrows_ahrim_weapon:attack:stance1|-|-|-|-|-|-|-|-|-|-|-|-|-|-|0|-|-|-|-|-|none|none|none|none|none|rsmod
item|23653|crush|2078|-|-|-|-|-|-|-|-|-|-|-|-|-|-|rsmod:br_barrows_ahrim_weapon:attack:stance2|-|-|-|-|-|-|-|-|-|-|-|-|-|-|1|-|-|-|-|-|none|none|none|none|none|rsmod
item|23653|crush|2078|-|-|-|-|-|-|-|-|-|-|-|-|-|-|rsmod:br_barrows_ahrim_weapon:attack:stance4|-|-|-|-|-|-|-|-|-|-|-|-|-|-|3|-|-|-|-|-|none|none|none|none|none|rsmod
item|23673|crush|401|-|-|-|-|-|-|-|-|-|-|-|-|-|-|rsmod:crystal_axe:attack:stance3|-|-|-|-|-|-|-|-|-|-|-|-|-|-|2|-|-|-|-|-|none|none|none|none|none|rsmod
item|23673|slash|395|-|-|-|-|-|-|-|-|-|-|-|-|-|-|rsmod:crystal_axe:attack:stance1|-|-|-|-|-|-|-|-|-|-|-|-|-|-|0|-|-|-|-|-|none|none|none|none|none|rsmod
item|23673|slash|395|-|-|-|-|-|-|-|-|-|-|-|-|-|-|rsmod:crystal_axe:attack:stance2|-|-|-|-|-|-|-|-|-|-|-|-|-|-|1|-|-|-|-|-|none|none|none|none|none|rsmod
item|23673|slash|395|-|-|-|-|-|-|-|-|-|-|-|-|-|-|rsmod:crystal_axe:attack:stance4|-|-|-|-|-|-|-|-|-|-|-|-|-|-|3|-|-|-|-|-|none|none|none|none|none|rsmod
item|23675|crush|401|-|-|-|-|-|-|-|-|-|-|-|-|-|-|rsmod:crystal_axe_inactive:attack:stance3|-|-|-|-|-|-|-|-|-|-|-|-|-|-|2|-|-|-|-|-|none|none|none|none|none|rsmod
item|23675|slash|395|-|-|-|-|-|-|-|-|-|-|-|-|-|-|rsmod:crystal_axe_inactive:attack:stance1|-|-|-|-|-|-|-|-|-|-|-|-|-|-|0|-|-|-|-|-|none|none|none|none|none|rsmod
item|23675|slash|395|-|-|-|-|-|-|-|-|-|-|-|-|-|-|rsmod:crystal_axe_inactive:attack:stance2|-|-|-|-|-|-|-|-|-|-|-|-|-|-|1|-|-|-|-|-|none|none|none|none|none|rsmod
item|23675|slash|395|-|-|-|-|-|-|-|-|-|-|-|-|-|-|rsmod:crystal_axe_inactive:attack:stance4|-|-|-|-|-|-|-|-|-|-|-|-|-|-|3|-|-|-|-|-|none|none|none|none|none|rsmod
item|23677|crush|400|-|-|-|-|-|-|-|-|-|-|-|-|-|-|rsmod:zalcano_pickaxe:attack:stance3|-|-|-|-|-|-|-|-|-|-|-|-|-|-|2|-|-|-|-|-|none|none|none|none|none|rsmod
item|23677|stab|401|-|-|-|-|-|-|-|-|-|-|-|-|-|-|rsmod:zalcano_pickaxe:attack:stance1|-|-|-|-|-|-|-|-|-|-|-|-|-|-|0|-|-|-|-|-|none|none|none|none|none|rsmod
item|23677|stab|401|-|-|-|-|-|-|-|-|-|-|-|-|-|-|rsmod:zalcano_pickaxe:attack:stance2|-|-|-|-|-|-|-|-|-|-|-|-|-|-|1|-|-|-|-|-|none|none|none|none|none|rsmod
item|23677|stab|401|-|-|-|-|-|-|-|-|-|-|-|-|-|-|rsmod:zalcano_pickaxe:attack:stance4|-|-|-|-|-|-|-|-|-|-|-|-|-|-|3|-|-|-|-|-|none|none|none|none|none|rsmod
item|23680|crush|400|-|-|-|-|-|-|-|-|-|-|-|-|-|-|rsmod:crystal_pickaxe:attack:stance3|-|-|-|-|-|-|-|-|-|-|-|-|-|-|2|-|-|-|-|-|none|none|none|none|none|rsmod
item|23680|stab|401|-|-|-|-|-|-|-|-|-|-|-|-|-|-|rsmod:crystal_pickaxe:attack:stance1|-|-|-|-|-|-|-|-|-|-|-|-|-|-|0|-|-|-|-|-|none|none|none|none|none|rsmod
item|23680|stab|401|-|-|-|-|-|-|-|-|-|-|-|-|-|-|rsmod:crystal_pickaxe:attack:stance2|-|-|-|-|-|-|-|-|-|-|-|-|-|-|1|-|-|-|-|-|none|none|none|none|none|rsmod
item|23680|stab|401|-|-|-|-|-|-|-|-|-|-|-|-|-|-|rsmod:crystal_pickaxe:attack:stance4|-|-|-|-|-|-|-|-|-|-|-|-|-|-|3|-|-|-|-|-|none|none|none|none|none|rsmod
item|23682|crush|400|-|-|-|-|-|-|-|-|-|-|-|-|-|-|rsmod:crystal_pickaxe_inactive:attack:stance3|-|-|-|-|-|-|-|-|-|-|-|-|-|-|2|-|-|-|-|-|none|none|none|none|none|rsmod
item|23682|stab|401|-|-|-|-|-|-|-|-|-|-|-|-|-|-|rsmod:crystal_pickaxe_inactive:attack:stance1|-|-|-|-|-|-|-|-|-|-|-|-|-|-|0|-|-|-|-|-|none|none|none|none|none|rsmod
item|23682|stab|401|-|-|-|-|-|-|-|-|-|-|-|-|-|-|rsmod:crystal_pickaxe_inactive:attack:stance2|-|-|-|-|-|-|-|-|-|-|-|-|-|-|1|-|-|-|-|-|none|none|none|none|none|rsmod
item|23682|stab|401|-|-|-|-|-|-|-|-|-|-|-|-|-|-|rsmod:crystal_pickaxe_inactive:attack:stance4|-|-|-|-|-|-|-|-|-|-|-|-|-|-|3|-|-|-|-|-|none|none|none|none|none|rsmod
item|23762|slash|390|-|-|-|-|-|-|-|-|-|-|-|-|-|-|rsmod:crystal_harpoon:attack:stance3|-|-|-|-|-|-|-|-|-|-|-|-|-|-|2|-|-|-|-|-|none|none|none|none|none|rsmod
item|23762|stab|386|-|-|-|-|-|-|-|-|-|-|-|-|-|-|rsmod:crystal_harpoon:attack:stance1|-|-|-|-|-|-|-|-|-|-|-|-|-|-|0|-|-|-|-|-|none|none|none|none|none|rsmod
item|23762|stab|386|-|-|-|-|-|-|-|-|-|-|-|-|-|-|rsmod:crystal_harpoon:attack:stance2|-|-|-|-|-|-|-|-|-|-|-|-|-|-|1|-|-|-|-|-|none|none|none|none|none|rsmod
item|23762|stab|386|-|-|-|-|-|-|-|-|-|-|-|-|-|-|rsmod:crystal_harpoon:attack:stance4|-|-|-|-|-|-|-|-|-|-|-|-|-|-|3|-|-|-|-|-|none|none|none|none|none|rsmod
item|23764|slash|390|-|-|-|-|-|-|-|-|-|-|-|-|-|-|rsmod:crystal_harpoon_inactive:attack:stance3|-|-|-|-|-|-|-|-|-|-|-|-|-|-|2|-|-|-|-|-|none|none|none|none|none|rsmod
item|23764|stab|386|-|-|-|-|-|-|-|-|-|-|-|-|-|-|rsmod:crystal_harpoon_inactive:attack:stance1|-|-|-|-|-|-|-|-|-|-|-|-|-|-|0|-|-|-|-|-|none|none|none|none|none|rsmod
item|23764|stab|386|-|-|-|-|-|-|-|-|-|-|-|-|-|-|rsmod:crystal_harpoon_inactive:attack:stance2|-|-|-|-|-|-|-|-|-|-|-|-|-|-|1|-|-|-|-|-|none|none|none|none|none|rsmod
item|23764|stab|386|-|-|-|-|-|-|-|-|-|-|-|-|-|-|rsmod:crystal_harpoon_inactive:attack:stance4|-|-|-|-|-|-|-|-|-|-|-|-|-|-|3|-|-|-|-|-|none|none|none|none|none|rsmod
item|23821|crush|401|-|-|-|-|-|-|-|-|-|-|-|-|-|-|rsmod:gauntlet_axe_hm:attack:stance3|-|-|-|-|-|-|-|-|-|-|-|-|-|-|2|-|-|-|-|-|none|none|none|none|none|rsmod
item|23821|slash|395|-|-|-|-|-|-|-|-|-|-|-|-|-|-|rsmod:gauntlet_axe_hm:attack:stance1|-|-|-|-|-|-|-|-|-|-|-|-|-|-|0|-|-|-|-|-|none|none|none|none|none|rsmod
item|23821|slash|395|-|-|-|-|-|-|-|-|-|-|-|-|-|-|rsmod:gauntlet_axe_hm:attack:stance2|-|-|-|-|-|-|-|-|-|-|-|-|-|-|1|-|-|-|-|-|none|none|none|none|none|rsmod
item|23821|slash|395|-|-|-|-|-|-|-|-|-|-|-|-|-|-|rsmod:gauntlet_axe_hm:attack:stance4|-|-|-|-|-|-|-|-|-|-|-|-|-|-|3|-|-|-|-|-|none|none|none|none|none|rsmod
item|23822|crush|400|-|-|-|-|-|-|-|-|-|-|-|-|-|-|rsmod:gauntlet_pickaxe_hm:attack:stance3|-|-|-|-|-|-|-|-|-|-|-|-|-|-|2|-|-|-|-|-|none|none|none|none|none|rsmod
item|23822|stab|401|-|-|-|-|-|-|-|-|-|-|-|-|-|-|rsmod:gauntlet_pickaxe_hm:attack:stance1|-|-|-|-|-|-|-|-|-|-|-|-|-|-|0|-|-|-|-|-|none|none|none|none|none|rsmod
item|23822|stab|401|-|-|-|-|-|-|-|-|-|-|-|-|-|-|rsmod:gauntlet_pickaxe_hm:attack:stance2|-|-|-|-|-|-|-|-|-|-|-|-|-|-|1|-|-|-|-|-|none|none|none|none|none|rsmod
item|23822|stab|401|-|-|-|-|-|-|-|-|-|-|-|-|-|-|rsmod:gauntlet_pickaxe_hm:attack:stance4|-|-|-|-|-|-|-|-|-|-|-|-|-|-|3|-|-|-|-|-|none|none|none|none|none|rsmod
item|23823|slash|390|-|-|-|-|-|-|-|-|-|-|-|-|-|-|rsmod:gauntlet_harpoon_hm:attack:stance3|-|-|-|-|-|-|-|-|-|-|-|-|-|-|2|-|-|-|-|-|none|none|none|none|none|rsmod
item|23823|stab|386|-|-|-|-|-|-|-|-|-|-|-|-|-|-|rsmod:gauntlet_harpoon_hm:attack:stance1|-|-|-|-|-|-|-|-|-|-|-|-|-|-|0|-|-|-|-|-|none|none|none|none|none|rsmod
item|23823|stab|386|-|-|-|-|-|-|-|-|-|-|-|-|-|-|rsmod:gauntlet_harpoon_hm:attack:stance2|-|-|-|-|-|-|-|-|-|-|-|-|-|-|1|-|-|-|-|-|none|none|none|none|none|rsmod
item|23823|stab|386|-|-|-|-|-|-|-|-|-|-|-|-|-|-|rsmod:gauntlet_harpoon_hm:attack:stance4|-|-|-|-|-|-|-|-|-|-|-|-|-|-|3|-|-|-|-|-|none|none|none|none|none|rsmod
item|23849|slash|440|-|-|-|-|-|-|-|-|-|-|-|-|-|-|rsmod:gauntlet_melee_t1_hm:attack:stance2|-|-|-|-|-|-|-|-|-|-|-|-|-|-|1|-|-|-|-|-|none|none|none|none|none|rsmod
item|23849|stab|428|-|-|-|-|-|-|-|-|-|-|-|-|-|-|rsmod:gauntlet_melee_t1_hm:attack:stance1|-|-|-|-|-|-|-|-|-|-|-|-|-|-|0|-|-|-|-|-|none|none|none|none|none|rsmod
item|23849|stab|428|-|-|-|-|-|-|-|-|-|-|-|-|-|-|rsmod:gauntlet_melee_t1_hm:attack:stance4|-|-|-|-|-|-|-|-|-|-|-|-|-|-|3|-|-|-|-|-|none|none|none|none|none|rsmod
item|23850|slash|440|-|-|-|-|-|-|-|-|-|-|-|-|-|-|rsmod:gauntlet_melee_t2_hm:attack:stance2|-|-|-|-|-|-|-|-|-|-|-|-|-|-|1|-|-|-|-|-|none|none|none|none|none|rsmod
item|23850|stab|428|-|-|-|-|-|-|-|-|-|-|-|-|-|-|rsmod:gauntlet_melee_t2_hm:attack:stance1|-|-|-|-|-|-|-|-|-|-|-|-|-|-|0|-|-|-|-|-|none|none|none|none|none|rsmod
item|23850|stab|428|-|-|-|-|-|-|-|-|-|-|-|-|-|-|rsmod:gauntlet_melee_t2_hm:attack:stance4|-|-|-|-|-|-|-|-|-|-|-|-|-|-|3|-|-|-|-|-|none|none|none|none|none|rsmod
item|23851|slash|440|-|-|-|-|-|-|-|-|-|-|-|-|-|-|rsmod:gauntlet_melee_t3_hm:attack:stance2|-|-|-|-|-|-|-|-|-|-|-|-|-|-|1|-|-|-|-|-|none|none|none|none|none|rsmod
item|23851|stab|428|-|-|-|-|-|-|-|-|-|-|-|-|-|-|rsmod:gauntlet_melee_t3_hm:attack:stance1|-|-|-|-|-|-|-|-|-|-|-|-|-|-|0|-|-|-|-|-|none|none|none|none|none|rsmod
item|23851|stab|428|-|-|-|-|-|-|-|-|-|-|-|-|-|-|rsmod:gauntlet_melee_t3_hm:attack:stance4|-|-|-|-|-|-|-|-|-|-|-|-|-|-|3|-|-|-|-|-|none|none|none|none|none|rsmod
item|23852|magic|1167|-|-|-|-|-|-|-|-|-|-|-|-|-|-|rsmod:gauntlet_magic_t1_hm:attack:stance1|-|-|-|-|-|-|-|-|-|-|-|-|-|-|0|-|-|-|-|-|none|none|none|none|none|rsmod
item|23852|magic|1167|-|-|-|-|-|-|-|-|-|-|-|-|-|-|rsmod:gauntlet_magic_t1_hm:attack:stance2|-|-|-|-|-|-|-|-|-|-|-|-|-|-|1|-|-|-|-|-|none|none|none|none|none|rsmod
item|23852|magic|1167|-|-|-|-|-|-|-|-|-|-|-|-|-|-|rsmod:gauntlet_magic_t1_hm:attack:stance4|-|-|-|-|-|-|-|-|-|-|-|-|-|-|3|-|-|-|-|-|none|none|none|none|none|rsmod
item|23853|magic|1167|-|-|-|-|-|-|-|-|-|-|-|-|-|-|rsmod:gauntlet_magic_t2_hm:attack:stance1|-|-|-|-|-|-|-|-|-|-|-|-|-|-|0|-|-|-|-|-|none|none|none|none|none|rsmod
item|23853|magic|1167|-|-|-|-|-|-|-|-|-|-|-|-|-|-|rsmod:gauntlet_magic_t2_hm:attack:stance2|-|-|-|-|-|-|-|-|-|-|-|-|-|-|1|-|-|-|-|-|none|none|none|none|none|rsmod
item|23853|magic|1167|-|-|-|-|-|-|-|-|-|-|-|-|-|-|rsmod:gauntlet_magic_t2_hm:attack:stance4|-|-|-|-|-|-|-|-|-|-|-|-|-|-|3|-|-|-|-|-|none|none|none|none|none|rsmod
item|23854|magic|1167|-|-|-|-|-|-|-|-|-|-|-|-|-|-|rsmod:gauntlet_magic_t3_hm:attack:stance1|-|-|-|-|-|-|-|-|-|-|-|-|-|-|0|-|-|-|-|-|none|none|none|none|none|rsmod
item|23854|magic|1167|-|-|-|-|-|-|-|-|-|-|-|-|-|-|rsmod:gauntlet_magic_t3_hm:attack:stance2|-|-|-|-|-|-|-|-|-|-|-|-|-|-|1|-|-|-|-|-|none|none|none|none|none|rsmod
item|23854|magic|1167|-|-|-|-|-|-|-|-|-|-|-|-|-|-|rsmod:gauntlet_magic_t3_hm:attack:stance4|-|-|-|-|-|-|-|-|-|-|-|-|-|-|3|-|-|-|-|-|none|none|none|none|none|rsmod
item|23855|ranged|426|-|-|-|-|-|3|3|163|146|41|15|5|11|5|rsmod:gauntlet_ranged_t1_hm:attack:stance1|-|-|-|-|-|-|-|-|-|-|-|-|-|-|0|-|-|-|-|-|none|none|none|none|none|rsmod
item|23855|ranged|426|-|-|-|-|-|3|3|163|146|41|15|5|11|5|rsmod:gauntlet_ranged_t1_hm:attack:stance2|-|-|-|-|-|-|-|-|-|-|-|-|-|-|1|-|-|-|-|-|none|none|none|none|none|rsmod
item|23855|ranged|426|-|-|-|-|-|3|3|163|146|41|15|5|11|5|rsmod:gauntlet_ranged_t1_hm:attack:stance4|-|-|-|-|-|-|-|-|-|-|-|-|-|-|3|-|-|-|-|-|none|none|none|none|none|rsmod
item|23856|ranged|426|-|-|-|-|-|3|3|163|146|41|15|5|11|5|rsmod:gauntlet_ranged_t2_hm:attack:stance1|-|-|-|-|-|-|-|-|-|-|-|-|-|-|0|-|-|-|-|-|none|none|none|none|none|rsmod
item|23856|ranged|426|-|-|-|-|-|3|3|163|146|41|15|5|11|5|rsmod:gauntlet_ranged_t2_hm:attack:stance2|-|-|-|-|-|-|-|-|-|-|-|-|-|-|1|-|-|-|-|-|none|none|none|none|none|rsmod
item|23856|ranged|426|-|-|-|-|-|3|3|163|146|41|15|5|11|5|rsmod:gauntlet_ranged_t2_hm:attack:stance4|-|-|-|-|-|-|-|-|-|-|-|-|-|-|3|-|-|-|-|-|none|none|none|none|none|rsmod
item|23857|ranged|426|-|-|-|-|-|3|3|163|146|41|15|5|11|5|rsmod:gauntlet_ranged_t3_hm:attack:stance1|-|-|-|-|-|-|-|-|-|-|-|-|-|-|0|-|-|-|-|-|none|none|none|none|none|rsmod
item|23857|ranged|426|-|-|-|-|-|3|3|163|146|41|15|5|11|5|rsmod:gauntlet_ranged_t3_hm:attack:stance2|-|-|-|-|-|-|-|-|-|-|-|-|-|-|1|-|-|-|-|-|none|none|none|none|none|rsmod
item|23857|ranged|426|-|-|-|-|-|3|3|163|146|41|15|5|11|5|rsmod:gauntlet_ranged_t3_hm:attack:stance4|-|-|-|-|-|-|-|-|-|-|-|-|-|-|3|-|-|-|-|-|none|none|none|none|none|rsmod
item|23862|crush|401|-|-|-|-|-|-|-|-|-|-|-|-|-|-|rsmod:gauntlet_axe:attack:stance3|-|-|-|-|-|-|-|-|-|-|-|-|-|-|2|-|-|-|-|-|none|none|none|none|none|rsmod
item|23862|slash|395|-|-|-|-|-|-|-|-|-|-|-|-|-|-|rsmod:gauntlet_axe:attack:stance1|-|-|-|-|-|-|-|-|-|-|-|-|-|-|0|-|-|-|-|-|none|none|none|none|none|rsmod
item|23862|slash|395|-|-|-|-|-|-|-|-|-|-|-|-|-|-|rsmod:gauntlet_axe:attack:stance2|-|-|-|-|-|-|-|-|-|-|-|-|-|-|1|-|-|-|-|-|none|none|none|none|none|rsmod
item|23862|slash|395|-|-|-|-|-|-|-|-|-|-|-|-|-|-|rsmod:gauntlet_axe:attack:stance4|-|-|-|-|-|-|-|-|-|-|-|-|-|-|3|-|-|-|-|-|none|none|none|none|none|rsmod
item|23863|crush|400|-|-|-|-|-|-|-|-|-|-|-|-|-|-|rsmod:gauntlet_pickaxe:attack:stance3|-|-|-|-|-|-|-|-|-|-|-|-|-|-|2|-|-|-|-|-|none|none|none|none|none|rsmod
item|23863|stab|401|-|-|-|-|-|-|-|-|-|-|-|-|-|-|rsmod:gauntlet_pickaxe:attack:stance1|-|-|-|-|-|-|-|-|-|-|-|-|-|-|0|-|-|-|-|-|none|none|none|none|none|rsmod
item|23863|stab|401|-|-|-|-|-|-|-|-|-|-|-|-|-|-|rsmod:gauntlet_pickaxe:attack:stance2|-|-|-|-|-|-|-|-|-|-|-|-|-|-|1|-|-|-|-|-|none|none|none|none|none|rsmod
item|23863|stab|401|-|-|-|-|-|-|-|-|-|-|-|-|-|-|rsmod:gauntlet_pickaxe:attack:stance4|-|-|-|-|-|-|-|-|-|-|-|-|-|-|3|-|-|-|-|-|none|none|none|none|none|rsmod
item|23864|slash|390|-|-|-|-|-|-|-|-|-|-|-|-|-|-|rsmod:gauntlet_harpoon:attack:stance3|-|-|-|-|-|-|-|-|-|-|-|-|-|-|2|-|-|-|-|-|none|none|none|none|none|rsmod
item|23864|stab|386|-|-|-|-|-|-|-|-|-|-|-|-|-|-|rsmod:gauntlet_harpoon:attack:stance1|-|-|-|-|-|-|-|-|-|-|-|-|-|-|0|-|-|-|-|-|none|none|none|none|none|rsmod
item|23864|stab|386|-|-|-|-|-|-|-|-|-|-|-|-|-|-|rsmod:gauntlet_harpoon:attack:stance2|-|-|-|-|-|-|-|-|-|-|-|-|-|-|1|-|-|-|-|-|none|none|none|none|none|rsmod
item|23864|stab|386|-|-|-|-|-|-|-|-|-|-|-|-|-|-|rsmod:gauntlet_harpoon:attack:stance4|-|-|-|-|-|-|-|-|-|-|-|-|-|-|3|-|-|-|-|-|none|none|none|none|none|rsmod
item|23895|slash|440|-|-|-|-|-|-|-|-|-|-|-|-|-|-|rsmod:gauntlet_melee_t1:attack:stance2|-|-|-|-|-|-|-|-|-|-|-|-|-|-|1|-|-|-|-|-|none|none|none|none|none|rsmod
item|23895|stab|428|-|-|-|-|-|-|-|-|-|-|-|-|-|-|rsmod:gauntlet_melee_t1:attack:stance1|-|-|-|-|-|-|-|-|-|-|-|-|-|-|0|-|-|-|-|-|none|none|none|none|none|rsmod
item|23895|stab|428|-|-|-|-|-|-|-|-|-|-|-|-|-|-|rsmod:gauntlet_melee_t1:attack:stance4|-|-|-|-|-|-|-|-|-|-|-|-|-|-|3|-|-|-|-|-|none|none|none|none|none|rsmod
item|23896|slash|440|-|-|-|-|-|-|-|-|-|-|-|-|-|-|rsmod:gauntlet_melee_t2:attack:stance2|-|-|-|-|-|-|-|-|-|-|-|-|-|-|1|-|-|-|-|-|none|none|none|none|none|rsmod
item|23896|stab|428|-|-|-|-|-|-|-|-|-|-|-|-|-|-|rsmod:gauntlet_melee_t2:attack:stance1|-|-|-|-|-|-|-|-|-|-|-|-|-|-|0|-|-|-|-|-|none|none|none|none|none|rsmod
item|23896|stab|428|-|-|-|-|-|-|-|-|-|-|-|-|-|-|rsmod:gauntlet_melee_t2:attack:stance4|-|-|-|-|-|-|-|-|-|-|-|-|-|-|3|-|-|-|-|-|none|none|none|none|none|rsmod
item|23897|slash|440|-|-|-|-|-|-|-|-|-|-|-|-|-|-|rsmod:gauntlet_melee_t3:attack:stance2|-|-|-|-|-|-|-|-|-|-|-|-|-|-|1|-|-|-|-|-|none|none|none|none|none|rsmod
item|23897|stab|428|-|-|-|-|-|-|-|-|-|-|-|-|-|-|rsmod:gauntlet_melee_t3:attack:stance1|-|-|-|-|-|-|-|-|-|-|-|-|-|-|0|-|-|-|-|-|none|none|none|none|none|rsmod
item|23897|stab|428|-|-|-|-|-|-|-|-|-|-|-|-|-|-|rsmod:gauntlet_melee_t3:attack:stance4|-|-|-|-|-|-|-|-|-|-|-|-|-|-|3|-|-|-|-|-|none|none|none|none|none|rsmod
item|23898|magic|1167|-|-|-|-|-|-|-|-|-|-|-|-|-|-|rsmod:gauntlet_magic_t1:attack:stance1|-|-|-|-|-|-|-|-|-|-|-|-|-|-|0|-|-|-|-|-|none|none|none|none|none|rsmod
item|23898|magic|1167|-|-|-|-|-|-|-|-|-|-|-|-|-|-|rsmod:gauntlet_magic_t1:attack:stance2|-|-|-|-|-|-|-|-|-|-|-|-|-|-|1|-|-|-|-|-|none|none|none|none|none|rsmod
item|23898|magic|1167|-|-|-|-|-|-|-|-|-|-|-|-|-|-|rsmod:gauntlet_magic_t1:attack:stance4|-|-|-|-|-|-|-|-|-|-|-|-|-|-|3|-|-|-|-|-|none|none|none|none|none|rsmod
item|23899|magic|1167|-|-|-|-|-|-|-|-|-|-|-|-|-|-|rsmod:gauntlet_magic_t2:attack:stance1|-|-|-|-|-|-|-|-|-|-|-|-|-|-|0|-|-|-|-|-|none|none|none|none|none|rsmod
item|23899|magic|1167|-|-|-|-|-|-|-|-|-|-|-|-|-|-|rsmod:gauntlet_magic_t2:attack:stance2|-|-|-|-|-|-|-|-|-|-|-|-|-|-|1|-|-|-|-|-|none|none|none|none|none|rsmod
item|23899|magic|1167|-|-|-|-|-|-|-|-|-|-|-|-|-|-|rsmod:gauntlet_magic_t2:attack:stance4|-|-|-|-|-|-|-|-|-|-|-|-|-|-|3|-|-|-|-|-|none|none|none|none|none|rsmod
item|23900|magic|1167|-|-|-|-|-|-|-|-|-|-|-|-|-|-|rsmod:gauntlet_magic_t3:attack:stance1|-|-|-|-|-|-|-|-|-|-|-|-|-|-|0|-|-|-|-|-|none|none|none|none|none|rsmod
item|23900|magic|1167|-|-|-|-|-|-|-|-|-|-|-|-|-|-|rsmod:gauntlet_magic_t3:attack:stance2|-|-|-|-|-|-|-|-|-|-|-|-|-|-|1|-|-|-|-|-|none|none|none|none|none|rsmod
item|23900|magic|1167|-|-|-|-|-|-|-|-|-|-|-|-|-|-|rsmod:gauntlet_magic_t3:attack:stance4|-|-|-|-|-|-|-|-|-|-|-|-|-|-|3|-|-|-|-|-|none|none|none|none|none|rsmod
item|23901|ranged|426|-|-|-|-|-|3|3|163|146|41|15|5|11|5|rsmod:gauntlet_ranged_t1:attack:stance1|-|-|-|-|-|-|-|-|-|-|-|-|-|-|0|-|-|-|-|-|none|none|none|none|none|rsmod
item|23901|ranged|426|-|-|-|-|-|3|3|163|146|41|15|5|11|5|rsmod:gauntlet_ranged_t1:attack:stance2|-|-|-|-|-|-|-|-|-|-|-|-|-|-|1|-|-|-|-|-|none|none|none|none|none|rsmod
item|23901|ranged|426|-|-|-|-|-|3|3|163|146|41|15|5|11|5|rsmod:gauntlet_ranged_t1:attack:stance4|-|-|-|-|-|-|-|-|-|-|-|-|-|-|3|-|-|-|-|-|none|none|none|none|none|rsmod
item|23902|ranged|426|-|-|-|-|-|3|3|163|146|41|15|5|11|5|rsmod:gauntlet_ranged_t2:attack:stance1|-|-|-|-|-|-|-|-|-|-|-|-|-|-|0|-|-|-|-|-|none|none|none|none|none|rsmod
item|23902|ranged|426|-|-|-|-|-|3|3|163|146|41|15|5|11|5|rsmod:gauntlet_ranged_t2:attack:stance2|-|-|-|-|-|-|-|-|-|-|-|-|-|-|1|-|-|-|-|-|none|none|none|none|none|rsmod
item|23902|ranged|426|-|-|-|-|-|3|3|163|146|41|15|5|11|5|rsmod:gauntlet_ranged_t2:attack:stance4|-|-|-|-|-|-|-|-|-|-|-|-|-|-|3|-|-|-|-|-|none|none|none|none|none|rsmod
item|23903|ranged|426|-|-|-|-|-|3|3|163|146|41|15|5|11|5|rsmod:gauntlet_ranged_t3:attack:stance1|-|-|-|-|-|-|-|-|-|-|-|-|-|-|0|-|-|-|-|-|none|none|none|none|none|rsmod
item|23903|ranged|426|-|-|-|-|-|3|3|163|146|41|15|5|11|5|rsmod:gauntlet_ranged_t3:attack:stance2|-|-|-|-|-|-|-|-|-|-|-|-|-|-|1|-|-|-|-|-|none|none|none|none|none|rsmod
item|23903|ranged|426|-|-|-|-|-|3|3|163|146|41|15|5|11|5|rsmod:gauntlet_ranged_t3:attack:stance4|-|-|-|-|-|-|-|-|-|-|-|-|-|-|3|-|-|-|-|-|none|none|none|none|none|rsmod
item|23983|ranged|426|-|-|-|-|-|3|3|163|146|41|15|5|11|5|rsmod:crystal_bow:attack:stance1|-|-|-|-|-|-|-|-|-|-|-|-|-|-|0|-|-|-|-|-|none|none|none|none|none|rsmod
item|23983|ranged|426|-|-|-|-|-|3|3|163|146|41|15|5|11|5|rsmod:crystal_bow:attack:stance2|-|-|-|-|-|-|-|-|-|-|-|-|-|-|1|-|-|-|-|-|none|none|none|none|none|rsmod
item|23983|ranged|426|-|-|-|-|-|3|3|163|146|41|15|5|11|5|rsmod:crystal_bow:attack:stance4|-|-|-|-|-|-|-|-|-|-|-|-|-|-|3|-|-|-|-|-|none|none|none|none|none|rsmod
item|23985|ranged|426|-|-|-|-|-|3|3|163|146|41|15|5|11|5|rsmod:crystal_bow_inactive:attack:stance1|-|-|-|-|-|-|-|-|-|-|-|-|-|-|0|-|-|-|-|-|none|none|none|none|none|rsmod
item|23985|ranged|426|-|-|-|-|-|3|3|163|146|41|15|5|11|5|rsmod:crystal_bow_inactive:attack:stance2|-|-|-|-|-|-|-|-|-|-|-|-|-|-|1|-|-|-|-|-|none|none|none|none|none|rsmod
item|23985|ranged|426|-|-|-|-|-|3|3|163|146|41|15|5|11|5|rsmod:crystal_bow_inactive:attack:stance4|-|-|-|-|-|-|-|-|-|-|-|-|-|-|3|-|-|-|-|-|none|none|none|none|none|rsmod
item|23987|slash|440|-|-|-|-|-|-|-|-|-|-|-|-|-|-|rsmod:crystal_halberd:attack:stance2|-|-|-|-|-|-|-|-|-|-|-|-|-|-|1|-|-|-|-|-|none|none|none|none|none|rsmod
item|23987|stab|428|-|-|-|-|-|-|-|-|-|-|-|-|-|-|rsmod:crystal_halberd:attack:stance1|-|-|-|-|-|-|-|-|-|-|-|-|-|-|0|-|-|-|-|-|none|none|none|none|none|rsmod
item|23987|stab|428|-|-|-|-|-|-|-|-|-|-|-|-|-|-|rsmod:crystal_halberd:attack:stance4|-|-|-|-|-|-|-|-|-|-|-|-|-|-|3|-|-|-|-|-|none|none|none|none|none|rsmod
item|23989|slash|440|-|-|-|-|-|-|-|-|-|-|-|-|-|-|rsmod:crystal_halberd_inactive:attack:stance2|-|-|-|-|-|-|-|-|-|-|-|-|-|-|1|-|-|-|-|-|none|none|none|none|none|rsmod
item|23989|stab|428|-|-|-|-|-|-|-|-|-|-|-|-|-|-|rsmod:crystal_halberd_inactive:attack:stance1|-|-|-|-|-|-|-|-|-|-|-|-|-|-|0|-|-|-|-|-|none|none|none|none|none|rsmod
item|23989|stab|428|-|-|-|-|-|-|-|-|-|-|-|-|-|-|rsmod:crystal_halberd_inactive:attack:stance4|-|-|-|-|-|-|-|-|-|-|-|-|-|-|3|-|-|-|-|-|none|none|none|none|none|rsmod
item|23995|slash|390|-|-|-|-|-|-|-|-|-|-|-|-|-|-|rsmod:blade_of_saeldor:attack:stance1|-|-|-|-|-|-|-|-|-|-|-|-|-|-|0|-|-|-|-|-|none|none|none|none|none|rsmod
item|23995|slash|390|-|-|-|-|-|-|-|-|-|-|-|-|-|-|rsmod:blade_of_saeldor:attack:stance2|-|-|-|-|-|-|-|-|-|-|-|-|-|-|1|-|-|-|-|-|none|none|none|none|none|rsmod
item|23995|slash|390|-|-|-|-|-|-|-|-|-|-|-|-|-|-|rsmod:blade_of_saeldor:attack:stance4|-|-|-|-|-|-|-|-|-|-|-|-|-|-|3|-|-|-|-|-|none|none|none|none|none|rsmod
item|23995|stab|386|-|-|-|-|-|-|-|-|-|-|-|-|-|-|rsmod:blade_of_saeldor:attack:stance3|-|-|-|-|-|-|-|-|-|-|-|-|-|-|2|-|-|-|-|-|none|none|none|none|none|rsmod
item|23997|slash|390|-|-|-|-|-|-|-|-|-|-|-|-|-|-|rsmod:blade_of_saeldor_inactive:attack:stance1|-|-|-|-|-|-|-|-|-|-|-|-|-|-|0|-|-|-|-|-|none|none|none|none|none|rsmod
item|23997|slash|390|-|-|-|-|-|-|-|-|-|-|-|-|-|-|rsmod:blade_of_saeldor_inactive:attack:stance2|-|-|-|-|-|-|-|-|-|-|-|-|-|-|1|-|-|-|-|-|none|none|none|none|none|rsmod
item|23997|slash|390|-|-|-|-|-|-|-|-|-|-|-|-|-|-|rsmod:blade_of_saeldor_inactive:attack:stance4|-|-|-|-|-|-|-|-|-|-|-|-|-|-|3|-|-|-|-|-|none|none|none|none|none|rsmod
item|23997|stab|386|-|-|-|-|-|-|-|-|-|-|-|-|-|-|rsmod:blade_of_saeldor_inactive:attack:stance3|-|-|-|-|-|-|-|-|-|-|-|-|-|-|2|-|-|-|-|-|none|none|none|none|none|rsmod
item|24000|crush|422|-|-|-|-|-|-|-|-|-|-|-|-|-|-|rsmod:prif_crystal_grail:attack:stance1|-|-|-|-|-|-|-|-|-|-|-|-|-|-|0|-|-|-|-|-|none|none|none|none|none|rsmod
item|24000|crush|422|-|-|-|-|-|-|-|-|-|-|-|-|-|-|rsmod:prif_crystal_grail:attack:stance4|-|-|-|-|-|-|-|-|-|-|-|-|-|-|3|-|-|-|-|-|none|none|none|none|none|rsmod
item|24000|crush|423|-|-|-|-|-|-|-|-|-|-|-|-|-|-|rsmod:prif_crystal_grail:attack:stance2|-|-|-|-|-|-|-|-|-|-|-|-|-|-|1|-|-|-|-|-|none|none|none|none|none|rsmod
item|24123|ranged|426|-|-|-|-|-|3|3|163|146|41|15|5|11|5|rsmod:crystal_bow_2500:attack:stance1|-|-|-|-|-|-|-|-|-|-|-|-|-|-|0|-|-|-|-|-|none|none|none|none|none|rsmod
item|24123|ranged|426|-|-|-|-|-|3|3|163|146|41|15|5|11|5|rsmod:crystal_bow_2500:attack:stance2|-|-|-|-|-|-|-|-|-|-|-|-|-|-|1|-|-|-|-|-|none|none|none|none|none|rsmod
item|24123|ranged|426|-|-|-|-|-|3|3|163|146|41|15|5|11|5|rsmod:crystal_bow_2500:attack:stance4|-|-|-|-|-|-|-|-|-|-|-|-|-|-|3|-|-|-|-|-|none|none|none|none|none|rsmod
item|24125|slash|440|-|-|-|-|-|-|-|-|-|-|-|-|-|-|rsmod:crystal_halberd_2500:attack:stance2|-|-|-|-|-|-|-|-|-|-|-|-|-|-|1|-|-|-|-|-|none|none|none|none|none|rsmod
item|24125|stab|428|-|-|-|-|-|-|-|-|-|-|-|-|-|-|rsmod:crystal_halberd_2500:attack:stance1|-|-|-|-|-|-|-|-|-|-|-|-|-|-|0|-|-|-|-|-|none|none|none|none|none|rsmod
item|24125|stab|428|-|-|-|-|-|-|-|-|-|-|-|-|-|-|rsmod:crystal_halberd_2500:attack:stance4|-|-|-|-|-|-|-|-|-|-|-|-|-|-|3|-|-|-|-|-|none|none|none|none|none|rsmod
item|24144|crush|419|-|-|-|-|-|-|-|-|-|-|-|-|-|-|rsmod:staff_of_balance:attack:stance4|-|-|-|-|-|-|-|-|-|-|-|-|-|-|3|-|-|-|-|-|none|none|none|none|none|rsmod
item|24144|slash|440|-|-|-|-|-|-|-|-|-|-|-|-|-|-|rsmod:staff_of_balance:attack:stance2|-|-|-|-|-|-|-|-|-|-|-|-|-|-|1|-|-|-|-|-|none|none|none|none|none|rsmod
item|24144|stab|428|-|-|-|-|-|-|-|-|-|-|-|-|-|-|rsmod:staff_of_balance:attack:stance1|-|-|-|-|-|-|-|-|-|-|-|-|-|-|0|-|-|-|-|-|none|none|none|none|none|rsmod
item|24219|slash|390|-|-|-|-|-|-|-|-|-|-|-|-|-|-|rsmod:swift_blade:attack:stance3|-|-|-|-|-|-|-|-|-|-|-|-|-|-|2|-|-|-|-|-|none|none|none|none|none|rsmod
item|24219|stab|8288|-|-|-|-|-|-|-|-|-|-|-|-|-|-|rsmod:swift_blade:attack:stance1|-|-|-|-|-|-|-|-|-|-|-|-|-|-|0|-|-|-|-|-|none|none|none|none|none|rsmod
item|24219|stab|8288|-|-|-|-|-|-|-|-|-|-|-|-|-|-|rsmod:swift_blade:attack:stance2|-|-|-|-|-|-|-|-|-|-|-|-|-|-|1|-|-|-|-|-|none|none|none|none|none|rsmod
item|24219|stab|8288|-|-|-|-|-|-|-|-|-|-|-|-|-|-|rsmod:swift_blade:attack:stance4|-|-|-|-|-|-|-|-|-|-|-|-|-|-|3|-|-|-|-|-|none|none|none|none|none|rsmod
item|24225|crush|1665|-|-|-|-|-|-|-|-|-|-|-|-|-|-|rsmod:granite_maul_plus:attack:stance1|-|-|-|-|-|-|-|-|-|-|-|-|-|-|0|-|-|-|-|-|none|none|none|none|none|rsmod
item|24225|crush|1665|-|-|-|-|-|-|-|-|-|-|-|-|-|-|rsmod:granite_maul_plus:attack:stance2|-|-|-|-|-|-|-|-|-|-|-|-|-|-|1|-|-|-|-|-|none|none|none|none|none|rsmod
item|24225|crush|1665|-|-|-|-|-|-|-|-|-|-|-|-|-|-|rsmod:granite_maul_plus:attack:stance4|-|-|-|-|-|-|-|-|-|-|-|-|-|-|3|-|-|-|-|-|none|none|none|none|none|rsmod
item|24227|crush|1665|-|-|-|-|-|-|-|-|-|-|-|-|-|-|rsmod:granite_maul_pretty_plus:attack:stance1|-|-|-|-|-|-|-|-|-|-|-|-|-|-|0|-|-|-|-|-|none|none|none|none|none|rsmod
item|24227|crush|1665|-|-|-|-|-|-|-|-|-|-|-|-|-|-|rsmod:granite_maul_pretty_plus:attack:stance2|-|-|-|-|-|-|-|-|-|-|-|-|-|-|1|-|-|-|-|-|none|none|none|none|none|rsmod
item|24227|crush|1665|-|-|-|-|-|-|-|-|-|-|-|-|-|-|rsmod:granite_maul_pretty_plus:attack:stance4|-|-|-|-|-|-|-|-|-|-|-|-|-|-|3|-|-|-|-|-|none|none|none|none|none|rsmod
item|24327|crush|422|-|-|-|-|-|-|-|-|-|-|-|-|-|-|rsmod:hw19_skeleton_lantern:attack:stance1|-|-|-|-|-|-|-|-|-|-|-|-|-|-|0|-|-|-|-|-|none|none|none|none|none|rsmod
item|24327|crush|422|-|-|-|-|-|-|-|-|-|-|-|-|-|-|rsmod:hw19_skeleton_lantern:attack:stance2|-|-|-|-|-|-|-|-|-|-|-|-|-|-|1|-|-|-|-|-|none|none|none|none|none|rsmod
item|24327|crush|422|-|-|-|-|-|-|-|-|-|-|-|-|-|-|rsmod:hw19_skeleton_lantern:attack:stance4|-|-|-|-|-|-|-|-|-|-|-|-|-|-|3|-|-|-|-|-|none|none|none|none|none|rsmod
item|24372|crush|401|-|-|-|-|-|-|-|-|-|-|-|-|-|-|rsmod:twisted_dragon_trophy:attack:stance1|-|-|-|-|-|-|-|-|-|-|-|-|-|-|0|-|-|-|-|-|none|none|none|none|none|rsmod
item|24372|crush|401|-|-|-|-|-|-|-|-|-|-|-|-|-|-|rsmod:twisted_dragon_trophy:attack:stance2|-|-|-|-|-|-|-|-|-|-|-|-|-|-|1|-|-|-|-|-|none|none|none|none|none|rsmod
item|24372|crush|401|-|-|-|-|-|-|-|-|-|-|-|-|-|-|rsmod:twisted_dragon_trophy:attack:stance4|-|-|-|-|-|-|-|-|-|-|-|-|-|-|3|-|-|-|-|-|none|none|none|none|none|rsmod
item|24374|crush|401|-|-|-|-|-|-|-|-|-|-|-|-|-|-|rsmod:twisted_rune_trophy:attack:stance1|-|-|-|-|-|-|-|-|-|-|-|-|-|-|0|-|-|-|-|-|none|none|none|none|none|rsmod
item|24374|crush|401|-|-|-|-|-|-|-|-|-|-|-|-|-|-|rsmod:twisted_rune_trophy:attack:stance2|-|-|-|-|-|-|-|-|-|-|-|-|-|-|1|-|-|-|-|-|none|none|none|none|none|rsmod
item|24374|crush|401|-|-|-|-|-|-|-|-|-|-|-|-|-|-|rsmod:twisted_rune_trophy:attack:stance4|-|-|-|-|-|-|-|-|-|-|-|-|-|-|3|-|-|-|-|-|none|none|none|none|none|rsmod
item|24376|crush|401|-|-|-|-|-|-|-|-|-|-|-|-|-|-|rsmod:twisted_adamant_trophy:attack:stance1|-|-|-|-|-|-|-|-|-|-|-|-|-|-|0|-|-|-|-|-|none|none|none|none|none|rsmod
item|24376|crush|401|-|-|-|-|-|-|-|-|-|-|-|-|-|-|rsmod:twisted_adamant_trophy:attack:stance2|-|-|-|-|-|-|-|-|-|-|-|-|-|-|1|-|-|-|-|-|none|none|none|none|none|rsmod
item|24376|crush|401|-|-|-|-|-|-|-|-|-|-|-|-|-|-|rsmod:twisted_adamant_trophy:attack:stance4|-|-|-|-|-|-|-|-|-|-|-|-|-|-|3|-|-|-|-|-|none|none|none|none|none|rsmod
item|24395|crush|401|-|-|-|-|-|-|-|-|-|-|-|-|-|-|rsmod:twisted_cane:attack:stance1|-|-|-|-|-|-|-|-|-|-|-|-|-|-|0|-|-|-|-|-|none|none|none|none|none|rsmod
item|24395|crush|401|-|-|-|-|-|-|-|-|-|-|-|-|-|-|rsmod:twisted_cane:attack:stance2|-|-|-|-|-|-|-|-|-|-|-|-|-|-|1|-|-|-|-|-|none|none|none|none|none|rsmod
item|24395|crush|401|-|-|-|-|-|-|-|-|-|-|-|-|-|-|rsmod:twisted_cane:attack:stance4|-|-|-|-|-|-|-|-|-|-|-|-|-|-|3|-|-|-|-|-|none|none|none|none|none|rsmod
item|24395|stab|400|-|-|-|-|-|-|-|-|-|-|-|-|-|-|rsmod:twisted_cane:attack:stance3|-|-|-|-|-|-|-|-|-|-|-|-|-|-|2|-|-|-|-|-|none|none|none|none|none|rsmod
item|24413|crush|1428|-|-|-|-|-|-|-|-|-|-|-|-|-|-|rsmod:twisted_banner:attack:stance3|-|-|-|-|-|-|-|-|-|-|-|-|-|-|2|-|-|-|-|-|none|none|none|none|none|rsmod
item|24413|slash|1428|-|-|-|-|-|-|-|-|-|-|-|-|-|-|rsmod:twisted_banner:attack:stance1|-|-|-|-|-|-|-|-|-|-|-|-|-|-|0|-|-|-|-|-|none|none|none|none|none|rsmod
item|24413|slash|1428|-|-|-|-|-|-|-|-|-|-|-|-|-|-|rsmod:twisted_banner:attack:stance2|-|-|-|-|-|-|-|-|-|-|-|-|-|-|1|-|-|-|-|-|none|none|none|none|none|rsmod
item|24413|slash|1428|-|-|-|-|-|-|-|-|-|-|-|-|-|-|rsmod:twisted_banner:attack:stance4|-|-|-|-|-|-|-|-|-|-|-|-|-|-|3|-|-|-|-|-|none|none|none|none|none|rsmod
item|24417|crush|4503|-|-|-|-|-|-|-|-|-|-|-|-|-|-|rsmod:inquisitors_mace:attack:stance1|-|-|-|-|-|-|-|-|-|-|-|-|-|-|0|-|-|-|-|-|none|none|none|none|none|rsmod
item|24417|crush|4503|-|-|-|-|-|-|-|-|-|-|-|-|-|-|rsmod:inquisitors_mace:attack:stance2|-|-|-|-|-|-|-|-|-|-|-|-|-|-|1|-|-|-|-|-|none|none|none|none|none|rsmod
item|24417|crush|4503|-|-|-|-|-|-|-|-|-|-|-|-|-|-|rsmod:inquisitors_mace:attack:stance4|-|-|-|-|-|-|-|-|-|-|-|-|-|-|3|-|-|-|-|-|none|none|none|none|none|rsmod
item|24417|stab|400|-|-|-|-|-|-|-|-|-|-|-|-|-|-|rsmod:inquisitors_mace:attack:stance3|-|-|-|-|-|-|-|-|-|-|-|-|-|-|2|-|-|-|-|-|none|none|none|none|none|rsmod
item|24422|crush|4505|-|-|-|-|-|-|-|-|-|-|-|-|-|-|rsmod:nightmare_staff:attack:stance1|-|-|-|-|-|-|-|-|-|-|-|-|-|-|0|-|-|-|-|-|none|none|none|none|none|rsmod
item|24422|crush|4505|-|-|-|-|-|-|-|-|-|-|-|-|-|-|rsmod:nightmare_staff:attack:stance2|-|-|-|-|-|-|-|-|-|-|-|-|-|-|1|-|-|-|-|-|none|none|none|none|none|rsmod
item|24422|crush|4505|-|-|-|-|-|-|-|-|-|-|-|-|-|-|rsmod:nightmare_staff:attack:stance4|-|-|-|-|-|-|-|-|-|-|-|-|-|-|3|-|-|-|-|-|none|none|none|none|none|rsmod
item|24423|crush|4505|-|-|-|-|-|-|-|-|-|-|-|-|-|-|rsmod:nightmare_staff_harmonised:attack:stance1|-|-|-|-|-|-|-|-|-|-|-|-|-|-|0|-|-|-|-|-|none|none|none|none|none|rsmod
item|24423|crush|4505|-|-|-|-|-|-|-|-|-|-|-|-|-|-|rsmod:nightmare_staff_harmonised:attack:stance2|-|-|-|-|-|-|-|-|-|-|-|-|-|-|1|-|-|-|-|-|none|none|none|none|none|rsmod
item|24423|crush|4505|-|-|-|-|-|-|-|-|-|-|-|-|-|-|rsmod:nightmare_staff_harmonised:attack:stance4|-|-|-|-|-|-|-|-|-|-|-|-|-|-|3|-|-|-|-|-|none|none|none|none|none|rsmod
item|24424|crush|4505|-|-|-|-|-|-|-|-|-|-|-|-|-|-|rsmod:nightmare_staff_volatile:attack:stance1|-|-|-|-|-|-|-|-|-|-|-|-|-|-|0|-|-|-|-|-|none|none|none|none|none|rsmod
item|24424|crush|4505|-|-|-|-|-|-|-|-|-|-|-|-|-|-|rsmod:nightmare_staff_volatile:attack:stance2|-|-|-|-|-|-|-|-|-|-|-|-|-|-|1|-|-|-|-|-|none|none|none|none|none|rsmod
item|24424|crush|4505|-|-|-|-|-|-|-|-|-|-|-|-|-|-|rsmod:nightmare_staff_volatile:attack:stance4|-|-|-|-|-|-|-|-|-|-|-|-|-|-|3|-|-|-|-|-|none|none|none|none|none|rsmod
item|24425|crush|4505|-|-|-|-|-|-|-|-|-|-|-|-|-|-|rsmod:nightmare_staff_eldritch:attack:stance1|-|-|-|-|-|-|-|-|-|-|-|-|-|-|0|-|-|-|-|-|none|none|none|none|none|rsmod
item|24425|crush|4505|-|-|-|-|-|-|-|-|-|-|-|-|-|-|rsmod:nightmare_staff_eldritch:attack:stance2|-|-|-|-|-|-|-|-|-|-|-|-|-|-|1|-|-|-|-|-|none|none|none|none|none|rsmod
item|24425|crush|4505|-|-|-|-|-|-|-|-|-|-|-|-|-|-|rsmod:nightmare_staff_eldritch:attack:stance4|-|-|-|-|-|-|-|-|-|-|-|-|-|-|3|-|-|-|-|-|none|none|none|none|none|rsmod
item|24537|crush|8640|-|-|-|-|-|-|-|-|-|-|-|-|-|-|rsmod:easter20_carrot_sword:attack:stance1|-|-|-|-|-|-|-|-|-|-|-|-|-|-|0|-|-|-|-|-|none|none|none|none|none|rsmod
item|24537|crush|8640|-|-|-|-|-|-|-|-|-|-|-|-|-|-|rsmod:easter20_carrot_sword:attack:stance2|-|-|-|-|-|-|-|-|-|-|-|-|-|-|1|-|-|-|-|-|none|none|none|none|none|rsmod
item|24537|crush|8640|-|-|-|-|-|-|-|-|-|-|-|-|-|-|rsmod:easter20_carrot_sword:attack:stance4|-|-|-|-|-|-|-|-|-|-|-|-|-|-|3|-|-|-|-|-|none|none|none|none|none|rsmod
item|24539|crush|8640|-|-|-|-|-|-|-|-|-|-|-|-|-|-|rsmod:easter20_carrot_sword_gold:attack:stance1|-|-|-|-|-|-|-|-|-|-|-|-|-|-|0|-|-|-|-|-|none|none|none|none|none|rsmod
item|24539|crush|8640|-|-|-|-|-|-|-|-|-|-|-|-|-|-|rsmod:easter20_carrot_sword_gold:attack:stance2|-|-|-|-|-|-|-|-|-|-|-|-|-|-|1|-|-|-|-|-|none|none|none|none|none|rsmod
item|24539|crush|8640|-|-|-|-|-|-|-|-|-|-|-|-|-|-|rsmod:easter20_carrot_sword_gold:attack:stance4|-|-|-|-|-|-|-|-|-|-|-|-|-|-|3|-|-|-|-|-|none|none|none|none|none|rsmod
item|24551|slash|390|-|-|-|-|-|-|-|-|-|-|-|-|-|-|rsmod:blade_of_saeldor_infinite:attack:stance1|-|-|-|-|-|-|-|-|-|-|-|-|-|-|0|-|-|-|-|-|none|none|none|none|none|rsmod
item|24551|slash|390|-|-|-|-|-|-|-|-|-|-|-|-|-|-|rsmod:blade_of_saeldor_infinite:attack:stance2|-|-|-|-|-|-|-|-|-|-|-|-|-|-|1|-|-|-|-|-|none|none|none|none|none|rsmod
item|24551|slash|390|-|-|-|-|-|-|-|-|-|-|-|-|-|-|rsmod:blade_of_saeldor_infinite:attack:stance4|-|-|-|-|-|-|-|-|-|-|-|-|-|-|3|-|-|-|-|-|none|none|none|none|none|rsmod
item|24551|stab|386|-|-|-|-|-|-|-|-|-|-|-|-|-|-|rsmod:blade_of_saeldor_infinite:attack:stance3|-|-|-|-|-|-|-|-|-|-|-|-|-|-|2|-|-|-|-|-|none|none|none|none|none|rsmod
item|24617|slash|390|-|-|-|-|-|-|-|-|-|-|-|-|-|-|rsmod:bh_vestas_longsword:attack:stance1|-|-|-|-|-|-|-|-|-|-|-|-|-|-|0|-|-|-|-|-|none|none|none|none|none|rsmod
item|24617|slash|390|-|-|-|-|-|-|-|-|-|-|-|-|-|-|rsmod:bh_vestas_longsword:attack:stance2|-|-|-|-|-|-|-|-|-|-|-|-|-|-|1|-|-|-|-|-|none|none|none|none|none|rsmod
item|24617|slash|390|-|-|-|-|-|-|-|-|-|-|-|-|-|-|rsmod:bh_vestas_longsword:attack:stance4|-|-|-|-|-|-|-|-|-|-|-|-|-|-|3|-|-|-|-|-|none|none|none|none|none|rsmod
item|24617|stab|8145|-|-|-|-|-|-|-|-|-|-|-|-|-|-|rsmod:bh_vestas_longsword:attack:stance3|-|-|-|-|-|-|-|-|-|-|-|-|-|-|2|-|-|-|-|-|none|none|none|none|none|rsmod
item|24693|slash|390|-|-|-|-|-|-|-|-|-|-|-|-|-|-|rsmod:silver_sickle_ruby:attack:stance1|-|-|-|-|-|-|-|-|-|-|-|-|-|-|0|-|-|-|-|-|none|none|none|none|none|rsmod
item|24693|slash|390|-|-|-|-|-|-|-|-|-|-|-|-|-|-|rsmod:silver_sickle_ruby:attack:stance2|-|-|-|-|-|-|-|-|-|-|-|-|-|-|1|-|-|-|-|-|none|none|none|none|none|rsmod
item|24693|slash|390|-|-|-|-|-|-|-|-|-|-|-|-|-|-|rsmod:silver_sickle_ruby:attack:stance4|-|-|-|-|-|-|-|-|-|-|-|-|-|-|3|-|-|-|-|-|none|none|none|none|none|rsmod
item|24693|stab|386|-|-|-|-|-|-|-|-|-|-|-|-|-|-|rsmod:silver_sickle_ruby:attack:stance3|-|-|-|-|-|-|-|-|-|-|-|-|-|-|2|-|-|-|-|-|none|none|none|none|none|rsmod
item|24695|slash|390|-|-|-|-|-|-|-|-|-|-|-|-|-|-|rsmod:silver_sickle_ruby_enchanted:attack:stance1|-|-|-|-|-|-|-|-|-|-|-|-|-|-|0|-|-|-|-|-|none|none|none|none|none|rsmod
item|24695|slash|390|-|-|-|-|-|-|-|-|-|-|-|-|-|-|rsmod:silver_sickle_ruby_enchanted:attack:stance2|-|-|-|-|-|-|-|-|-|-|-|-|-|-|1|-|-|-|-|-|none|none|none|none|none|rsmod
item|24695|slash|390|-|-|-|-|-|-|-|-|-|-|-|-|-|-|rsmod:silver_sickle_ruby_enchanted:attack:stance4|-|-|-|-|-|-|-|-|-|-|-|-|-|-|3|-|-|-|-|-|none|none|none|none|none|rsmod
item|24695|stab|386|-|-|-|-|-|-|-|-|-|-|-|-|-|-|rsmod:silver_sickle_ruby_enchanted:attack:stance3|-|-|-|-|-|-|-|-|-|-|-|-|-|-|2|-|-|-|-|-|none|none|none|none|none|rsmod
item|24697|slash|390|-|-|-|-|-|-|-|-|-|-|-|-|-|-|rsmod:blisterwood_sickle:attack:stance1|-|-|-|-|-|-|-|-|-|-|-|-|-|-|0|-|-|-|-|-|none|none|none|none|none|rsmod
item|24697|slash|390|-|-|-|-|-|-|-|-|-|-|-|-|-|-|rsmod:blisterwood_sickle:attack:stance2|-|-|-|-|-|-|-|-|-|-|-|-|-|-|1|-|-|-|-|-|none|none|none|none|none|rsmod
item|24697|slash|390|-|-|-|-|-|-|-|-|-|-|-|-|-|-|rsmod:blisterwood_sickle:attack:stance4|-|-|-|-|-|-|-|-|-|-|-|-|-|-|3|-|-|-|-|-|none|none|none|none|none|rsmod
item|24697|stab|386|-|-|-|-|-|-|-|-|-|-|-|-|-|-|rsmod:blisterwood_sickle:attack:stance3|-|-|-|-|-|-|-|-|-|-|-|-|-|-|2|-|-|-|-|-|none|none|none|none|none|rsmod
item|24699|crush|8010|-|-|-|-|-|-|-|-|-|-|-|-|-|-|rsmod:blisterwood_flail:attack:stance1|-|-|-|-|-|-|-|-|-|-|-|-|-|-|0|-|-|-|-|-|none|none|none|none|none|rsmod
item|24699|crush|8010|-|-|-|-|-|-|-|-|-|-|-|-|-|-|rsmod:blisterwood_flail:attack:stance2|-|-|-|-|-|-|-|-|-|-|-|-|-|-|1|-|-|-|-|-|none|none|none|none|none|rsmod
item|24699|crush|8010|-|-|-|-|-|-|-|-|-|-|-|-|-|-|rsmod:blisterwood_flail:attack:stance4|-|-|-|-|-|-|-|-|-|-|-|-|-|-|3|-|-|-|-|-|none|none|none|none|none|rsmod
item|25013|crush|401|-|-|-|-|-|-|-|-|-|-|-|-|-|-|rsmod:trailblazer_cane:attack:stance1|-|-|-|-|-|-|-|-|-|-|-|-|-|-|0|-|-|-|-|-|none|none|none|none|none|rsmod
item|25013|crush|401|-|-|-|-|-|-|-|-|-|-|-|-|-|-|rsmod:trailblazer_cane:attack:stance2|-|-|-|-|-|-|-|-|-|-|-|-|-|-|1|-|-|-|-|-|none|none|none|none|none|rsmod
item|25013|crush|401|-|-|-|-|-|-|-|-|-|-|-|-|-|-|rsmod:trailblazer_cane:attack:stance4|-|-|-|-|-|-|-|-|-|-|-|-|-|-|3|-|-|-|-|-|none|none|none|none|none|rsmod
item|25013|stab|400|-|-|-|-|-|-|-|-|-|-|-|-|-|-|rsmod:trailblazer_cane:attack:stance3|-|-|-|-|-|-|-|-|-|-|-|-|-|-|2|-|-|-|-|-|none|none|none|none|none|rsmod
item|25042|crush|401|-|-|-|-|-|-|-|-|-|-|-|-|-|-|rsmod:trailblazer_dragon_trophy:attack:stance1|-|-|-|-|-|-|-|-|-|-|-|-|-|-|0|-|-|-|-|-|none|none|none|none|none|rsmod
item|25042|crush|401|-|-|-|-|-|-|-|-|-|-|-|-|-|-|rsmod:trailblazer_dragon_trophy:attack:stance2|-|-|-|-|-|-|-|-|-|-|-|-|-|-|1|-|-|-|-|-|none|none|none|none|none|rsmod
item|25042|crush|401|-|-|-|-|-|-|-|-|-|-|-|-|-|-|rsmod:trailblazer_dragon_trophy:attack:stance4|-|-|-|-|-|-|-|-|-|-|-|-|-|-|3|-|-|-|-|-|none|none|none|none|none|rsmod
item|25044|crush|401|-|-|-|-|-|-|-|-|-|-|-|-|-|-|rsmod:trailblazer_rune_trophy:attack:stance1|-|-|-|-|-|-|-|-|-|-|-|-|-|-|0|-|-|-|-|-|none|none|none|none|none|rsmod
item|25044|crush|401|-|-|-|-|-|-|-|-|-|-|-|-|-|-|rsmod:trailblazer_rune_trophy:attack:stance2|-|-|-|-|-|-|-|-|-|-|-|-|-|-|1|-|-|-|-|-|none|none|none|none|none|rsmod
item|25044|crush|401|-|-|-|-|-|-|-|-|-|-|-|-|-|-|rsmod:trailblazer_rune_trophy:attack:stance4|-|-|-|-|-|-|-|-|-|-|-|-|-|-|3|-|-|-|-|-|none|none|none|none|none|rsmod
item|25046|crush|401|-|-|-|-|-|-|-|-|-|-|-|-|-|-|rsmod:trailblazer_adamant_trophy:attack:stance1|-|-|-|-|-|-|-|-|-|-|-|-|-|-|0|-|-|-|-|-|none|none|none|none|none|rsmod
item|25046|crush|401|-|-|-|-|-|-|-|-|-|-|-|-|-|-|rsmod:trailblazer_adamant_trophy:attack:stance2|-|-|-|-|-|-|-|-|-|-|-|-|-|-|1|-|-|-|-|-|none|none|none|none|none|rsmod
item|25046|crush|401|-|-|-|-|-|-|-|-|-|-|-|-|-|-|rsmod:trailblazer_adamant_trophy:attack:stance4|-|-|-|-|-|-|-|-|-|-|-|-|-|-|3|-|-|-|-|-|none|none|none|none|none|rsmod
item|25059|slash|390|-|-|-|-|-|-|-|-|-|-|-|-|-|-|rsmod:trailblazer_harpoon:attack:stance3|-|-|-|-|-|-|-|-|-|-|-|-|-|-|2|-|-|-|-|-|none|none|none|none|none|rsmod
item|25059|stab|386|-|-|-|-|-|-|-|-|-|-|-|-|-|-|rsmod:trailblazer_harpoon:attack:stance1|-|-|-|-|-|-|-|-|-|-|-|-|-|-|0|-|-|-|-|-|none|none|none|none|none|rsmod
item|25059|stab|386|-|-|-|-|-|-|-|-|-|-|-|-|-|-|rsmod:trailblazer_harpoon:attack:stance2|-|-|-|-|-|-|-|-|-|-|-|-|-|-|1|-|-|-|-|-|none|none|none|none|none|rsmod
item|25059|stab|386|-|-|-|-|-|-|-|-|-|-|-|-|-|-|rsmod:trailblazer_harpoon:attack:stance4|-|-|-|-|-|-|-|-|-|-|-|-|-|-|3|-|-|-|-|-|none|none|none|none|none|rsmod
item|25063|crush|400|-|-|-|-|-|-|-|-|-|-|-|-|-|-|rsmod:trailblazer_pickaxe:attack:stance3|-|-|-|-|-|-|-|-|-|-|-|-|-|-|2|-|-|-|-|-|none|none|none|none|none|rsmod
item|25063|stab|401|-|-|-|-|-|-|-|-|-|-|-|-|-|-|rsmod:trailblazer_pickaxe:attack:stance1|-|-|-|-|-|-|-|-|-|-|-|-|-|-|0|-|-|-|-|-|none|none|none|none|none|rsmod
item|25063|stab|401|-|-|-|-|-|-|-|-|-|-|-|-|-|-|rsmod:trailblazer_pickaxe:attack:stance2|-|-|-|-|-|-|-|-|-|-|-|-|-|-|1|-|-|-|-|-|none|none|none|none|none|rsmod
item|25063|stab|401|-|-|-|-|-|-|-|-|-|-|-|-|-|-|rsmod:trailblazer_pickaxe:attack:stance4|-|-|-|-|-|-|-|-|-|-|-|-|-|-|3|-|-|-|-|-|none|none|none|none|none|rsmod
item|25066|crush|401|-|-|-|-|-|-|-|-|-|-|-|-|-|-|rsmod:trailblazer_axe:attack:stance3|-|-|-|-|-|-|-|-|-|-|-|-|-|-|2|-|-|-|-|-|none|none|none|none|none|rsmod
item|25066|slash|395|-|-|-|-|-|-|-|-|-|-|-|-|-|-|rsmod:trailblazer_axe:attack:stance1|-|-|-|-|-|-|-|-|-|-|-|-|-|-|0|-|-|-|-|-|none|none|none|none|none|rsmod
item|25066|slash|395|-|-|-|-|-|-|-|-|-|-|-|-|-|-|rsmod:trailblazer_axe:attack:stance2|-|-|-|-|-|-|-|-|-|-|-|-|-|-|1|-|-|-|-|-|none|none|none|none|none|rsmod
item|25066|slash|395|-|-|-|-|-|-|-|-|-|-|-|-|-|-|rsmod:trailblazer_axe:attack:stance4|-|-|-|-|-|-|-|-|-|-|-|-|-|-|3|-|-|-|-|-|none|none|none|none|none|rsmod
item|25110|crush|401|-|-|-|-|-|-|-|-|-|-|-|-|-|-|rsmod:league_trailblazer_axe:attack:stance3|-|-|-|-|-|-|-|-|-|-|-|-|-|-|2|-|-|-|-|-|none|none|none|none|none|rsmod
item|25110|slash|395|-|-|-|-|-|-|-|-|-|-|-|-|-|-|rsmod:league_trailblazer_axe:attack:stance1|-|-|-|-|-|-|-|-|-|-|-|-|-|-|0|-|-|-|-|-|none|none|none|none|none|rsmod
item|25110|slash|395|-|-|-|-|-|-|-|-|-|-|-|-|-|-|rsmod:league_trailblazer_axe:attack:stance2|-|-|-|-|-|-|-|-|-|-|-|-|-|-|1|-|-|-|-|-|none|none|none|none|none|rsmod
item|25110|slash|395|-|-|-|-|-|-|-|-|-|-|-|-|-|-|rsmod:league_trailblazer_axe:attack:stance4|-|-|-|-|-|-|-|-|-|-|-|-|-|-|3|-|-|-|-|-|none|none|none|none|none|rsmod
item|25112|crush|400|-|-|-|-|-|-|-|-|-|-|-|-|-|-|rsmod:league_trailblazer_pickaxe:attack:stance3|-|-|-|-|-|-|-|-|-|-|-|-|-|-|2|-|-|-|-|-|none|none|none|none|none|rsmod
item|25112|stab|401|-|-|-|-|-|-|-|-|-|-|-|-|-|-|rsmod:league_trailblazer_pickaxe:attack:stance1|-|-|-|-|-|-|-|-|-|-|-|-|-|-|0|-|-|-|-|-|none|none|none|none|none|rsmod
item|25112|stab|401|-|-|-|-|-|-|-|-|-|-|-|-|-|-|rsmod:league_trailblazer_pickaxe:attack:stance2|-|-|-|-|-|-|-|-|-|-|-|-|-|-|1|-|-|-|-|-|none|none|none|none|none|rsmod
item|25112|stab|401|-|-|-|-|-|-|-|-|-|-|-|-|-|-|rsmod:league_trailblazer_pickaxe:attack:stance4|-|-|-|-|-|-|-|-|-|-|-|-|-|-|3|-|-|-|-|-|none|none|none|none|none|rsmod
item|25114|slash|390|-|-|-|-|-|-|-|-|-|-|-|-|-|-|rsmod:league_trailblazer_harpoon:attack:stance3|-|-|-|-|-|-|-|-|-|-|-|-|-|-|2|-|-|-|-|-|none|none|none|none|none|rsmod
item|25114|stab|386|-|-|-|-|-|-|-|-|-|-|-|-|-|-|rsmod:league_trailblazer_harpoon:attack:stance1|-|-|-|-|-|-|-|-|-|-|-|-|-|-|0|-|-|-|-|-|none|none|none|none|none|rsmod
item|25114|stab|386|-|-|-|-|-|-|-|-|-|-|-|-|-|-|rsmod:league_trailblazer_harpoon:attack:stance2|-|-|-|-|-|-|-|-|-|-|-|-|-|-|1|-|-|-|-|-|none|none|none|none|none|rsmod
item|25114|stab|386|-|-|-|-|-|-|-|-|-|-|-|-|-|-|rsmod:league_trailblazer_harpoon:attack:stance4|-|-|-|-|-|-|-|-|-|-|-|-|-|-|3|-|-|-|-|-|none|none|none|none|none|rsmod
item|25314|crush|7275|-|-|-|-|-|-|-|-|-|-|-|-|-|-|rsmod:xmas20_boulder:attack:stance1|-|-|-|-|-|-|-|-|-|-|-|-|-|-|0|-|-|-|-|-|none|none|none|none|none|rsmod
item|25314|crush|7275|-|-|-|-|-|-|-|-|-|-|-|-|-|-|rsmod:xmas20_boulder:attack:stance2|-|-|-|-|-|-|-|-|-|-|-|-|-|-|1|-|-|-|-|-|none|none|none|none|none|rsmod
item|25314|crush|7275|-|-|-|-|-|-|-|-|-|-|-|-|-|-|rsmod:xmas20_boulder:attack:stance4|-|-|-|-|-|-|-|-|-|-|-|-|-|-|3|-|-|-|-|-|none|none|none|none|none|rsmod
item|25367|slash|390|-|-|-|-|-|-|-|-|-|-|-|-|-|-|rsmod:trailblazer_harpoon_empty:attack:stance3|-|-|-|-|-|-|-|-|-|-|-|-|-|-|2|-|-|-|-|-|none|none|none|none|none|rsmod
item|25367|stab|386|-|-|-|-|-|-|-|-|-|-|-|-|-|-|rsmod:trailblazer_harpoon_empty:attack:stance1|-|-|-|-|-|-|-|-|-|-|-|-|-|-|0|-|-|-|-|-|none|none|none|none|none|rsmod
item|25367|stab|386|-|-|-|-|-|-|-|-|-|-|-|-|-|-|rsmod:trailblazer_harpoon_empty:attack:stance2|-|-|-|-|-|-|-|-|-|-|-|-|-|-|1|-|-|-|-|-|none|none|none|none|none|rsmod
item|25367|stab|386|-|-|-|-|-|-|-|-|-|-|-|-|-|-|rsmod:trailblazer_harpoon_empty:attack:stance4|-|-|-|-|-|-|-|-|-|-|-|-|-|-|3|-|-|-|-|-|none|none|none|none|none|rsmod
item|25369|crush|400|-|-|-|-|-|-|-|-|-|-|-|-|-|-|rsmod:trailblazer_pickaxe_empty:attack:stance3|-|-|-|-|-|-|-|-|-|-|-|-|-|-|2|-|-|-|-|-|none|none|none|none|none|rsmod
item|25369|stab|401|-|-|-|-|-|-|-|-|-|-|-|-|-|-|rsmod:trailblazer_pickaxe_empty:attack:stance1|-|-|-|-|-|-|-|-|-|-|-|-|-|-|0|-|-|-|-|-|none|none|none|none|none|rsmod
item|25369|stab|401|-|-|-|-|-|-|-|-|-|-|-|-|-|-|rsmod:trailblazer_pickaxe_empty:attack:stance2|-|-|-|-|-|-|-|-|-|-|-|-|-|-|1|-|-|-|-|-|none|none|none|none|none|rsmod
item|25369|stab|401|-|-|-|-|-|-|-|-|-|-|-|-|-|-|rsmod:trailblazer_pickaxe_empty:attack:stance4|-|-|-|-|-|-|-|-|-|-|-|-|-|-|3|-|-|-|-|-|none|none|none|none|none|rsmod
item|25371|crush|401|-|-|-|-|-|-|-|-|-|-|-|-|-|-|rsmod:trailblazer_axe_empty:attack:stance3|-|-|-|-|-|-|-|-|-|-|-|-|-|-|2|-|-|-|-|-|none|none|none|none|none|rsmod
item|25371|slash|395|-|-|-|-|-|-|-|-|-|-|-|-|-|-|rsmod:trailblazer_axe_empty:attack:stance1|-|-|-|-|-|-|-|-|-|-|-|-|-|-|0|-|-|-|-|-|none|none|none|none|none|rsmod
item|25371|slash|395|-|-|-|-|-|-|-|-|-|-|-|-|-|-|rsmod:trailblazer_axe_empty:attack:stance2|-|-|-|-|-|-|-|-|-|-|-|-|-|-|1|-|-|-|-|-|none|none|none|none|none|rsmod
item|25371|slash|395|-|-|-|-|-|-|-|-|-|-|-|-|-|-|rsmod:trailblazer_axe_empty:attack:stance4|-|-|-|-|-|-|-|-|-|-|-|-|-|-|3|-|-|-|-|-|none|none|none|none|none|rsmod
item|25373|slash|390|-|-|-|-|-|-|-|-|-|-|-|-|-|-|rsmod:trailblazer_harpoon_no_infernal:attack:stance3|-|-|-|-|-|-|-|-|-|-|-|-|-|-|2|-|-|-|-|-|none|none|none|none|none|rsmod
item|25373|stab|386|-|-|-|-|-|-|-|-|-|-|-|-|-|-|rsmod:trailblazer_harpoon_no_infernal:attack:stance1|-|-|-|-|-|-|-|-|-|-|-|-|-|-|0|-|-|-|-|-|none|none|none|none|none|rsmod
item|25373|stab|386|-|-|-|-|-|-|-|-|-|-|-|-|-|-|rsmod:trailblazer_harpoon_no_infernal:attack:stance2|-|-|-|-|-|-|-|-|-|-|-|-|-|-|1|-|-|-|-|-|none|none|none|none|none|rsmod
item|25373|stab|386|-|-|-|-|-|-|-|-|-|-|-|-|-|-|rsmod:trailblazer_harpoon_no_infernal:attack:stance4|-|-|-|-|-|-|-|-|-|-|-|-|-|-|3|-|-|-|-|-|none|none|none|none|none|rsmod
item|25376|crush|400|-|-|-|-|-|-|-|-|-|-|-|-|-|-|rsmod:trailblazer_pickaxe_no_infernal:attack:stance3|-|-|-|-|-|-|-|-|-|-|-|-|-|-|2|-|-|-|-|-|none|none|none|none|none|rsmod
item|25376|stab|401|-|-|-|-|-|-|-|-|-|-|-|-|-|-|rsmod:trailblazer_pickaxe_no_infernal:attack:stance1|-|-|-|-|-|-|-|-|-|-|-|-|-|-|0|-|-|-|-|-|none|none|none|none|none|rsmod
item|25376|stab|401|-|-|-|-|-|-|-|-|-|-|-|-|-|-|rsmod:trailblazer_pickaxe_no_infernal:attack:stance2|-|-|-|-|-|-|-|-|-|-|-|-|-|-|1|-|-|-|-|-|none|none|none|none|none|rsmod
item|25376|stab|401|-|-|-|-|-|-|-|-|-|-|-|-|-|-|rsmod:trailblazer_pickaxe_no_infernal:attack:stance4|-|-|-|-|-|-|-|-|-|-|-|-|-|-|3|-|-|-|-|-|none|none|none|none|none|rsmod
item|25378|crush|401|-|-|-|-|-|-|-|-|-|-|-|-|-|-|rsmod:trailblazer_axe_no_infernal:attack:stance3|-|-|-|-|-|-|-|-|-|-|-|-|-|-|2|-|-|-|-|-|none|none|none|none|none|rsmod
item|25378|slash|395|-|-|-|-|-|-|-|-|-|-|-|-|-|-|rsmod:trailblazer_axe_no_infernal:attack:stance1|-|-|-|-|-|-|-|-|-|-|-|-|-|-|0|-|-|-|-|-|none|none|none|none|none|rsmod
item|25378|slash|395|-|-|-|-|-|-|-|-|-|-|-|-|-|-|rsmod:trailblazer_axe_no_infernal:attack:stance2|-|-|-|-|-|-|-|-|-|-|-|-|-|-|1|-|-|-|-|-|none|none|none|none|none|rsmod
item|25378|slash|395|-|-|-|-|-|-|-|-|-|-|-|-|-|-|rsmod:trailblazer_axe_no_infernal:attack:stance4|-|-|-|-|-|-|-|-|-|-|-|-|-|-|3|-|-|-|-|-|none|none|none|none|none|rsmod
item|25516|crush|2066|-|-|-|-|-|-|-|-|-|-|-|-|-|-|rsmod:br_barrows_dharok_weapon:attack:stance3|-|-|-|-|-|-|-|-|-|-|-|-|-|-|2|-|-|-|-|-|none|none|none|none|none|rsmod
item|25516|slash|2067|-|-|-|-|-|-|-|-|-|-|-|-|-|-|rsmod:br_barrows_dharok_weapon:attack:stance1|-|-|-|-|-|-|-|-|-|-|-|-|-|-|0|-|-|-|-|-|none|none|none|none|none|rsmod
item|25516|slash|2067|-|-|-|-|-|-|-|-|-|-|-|-|-|-|rsmod:br_barrows_dharok_weapon:attack:stance2|-|-|-|-|-|-|-|-|-|-|-|-|-|-|1|-|-|-|-|-|none|none|none|none|none|rsmod
item|25516|slash|2067|-|-|-|-|-|-|-|-|-|-|-|-|-|-|rsmod:br_barrows_dharok_weapon:attack:stance4|-|-|-|-|-|-|-|-|-|-|-|-|-|-|3|-|-|-|-|-|none|none|none|none|none|rsmod
item|25517|crush|4505|-|-|-|-|-|-|-|-|-|-|-|-|-|-|rsmod:br_nightmare_staff_volatile:attack:stance1|-|-|-|-|-|-|-|-|-|-|-|-|-|-|0|-|-|-|-|-|none|none|none|none|none|rsmod
item|25517|crush|4505|-|-|-|-|-|-|-|-|-|-|-|-|-|-|rsmod:br_nightmare_staff_volatile:attack:stance2|-|-|-|-|-|-|-|-|-|-|-|-|-|-|1|-|-|-|-|-|none|none|none|none|none|rsmod
item|25517|crush|4505|-|-|-|-|-|-|-|-|-|-|-|-|-|-|rsmod:br_nightmare_staff_volatile:attack:stance4|-|-|-|-|-|-|-|-|-|-|-|-|-|-|3|-|-|-|-|-|none|none|none|none|none|rsmod
item|25644|crush|401|-|-|-|-|-|-|-|-|-|-|-|-|-|-|rsmod:imcando_hammer:attack:stance1|-|-|-|-|-|-|-|-|-|-|-|-|-|-|0|-|-|-|-|-|none|none|none|none|none|rsmod
item|25644|crush|401|-|-|-|-|-|-|-|-|-|-|-|-|-|-|rsmod:imcando_hammer:attack:stance2|-|-|-|-|-|-|-|-|-|-|-|-|-|-|1|-|-|-|-|-|none|none|none|none|none|rsmod
item|25644|crush|401|-|-|-|-|-|-|-|-|-|-|-|-|-|-|rsmod:imcando_hammer:attack:stance4|-|-|-|-|-|-|-|-|-|-|-|-|-|-|3|-|-|-|-|-|none|none|none|none|none|rsmod
item|25721|crush|7054|-|-|-|-|-|-|-|-|-|-|-|-|-|-|rsmod:clan_vexillum_black:attack:stance3|-|-|-|-|-|-|-|-|-|-|-|-|-|-|2|-|-|-|-|-|none|none|none|none|none|rsmod
item|25721|slash|7045|-|-|-|-|-|-|-|-|-|-|-|-|-|-|rsmod:clan_vexillum_black:attack:stance2|-|-|-|-|-|-|-|-|-|-|-|-|-|-|1|-|-|-|-|-|none|none|none|none|none|rsmod
item|25721|slash|7046|-|-|-|-|-|-|-|-|-|-|-|-|-|-|rsmod:clan_vexillum_black:attack:stance1|-|-|-|-|-|-|-|-|-|-|-|-|-|-|0|-|-|-|-|-|none|none|none|none|none|rsmod
item|25721|slash|7046|-|-|-|-|-|-|-|-|-|-|-|-|-|-|rsmod:clan_vexillum_black:attack:stance4|-|-|-|-|-|-|-|-|-|-|-|-|-|-|3|-|-|-|-|-|none|none|none|none|none|rsmod
item|25723|crush|7054|-|-|-|-|-|-|-|-|-|-|-|-|-|-|rsmod:clan_vexillum_orange:attack:stance3|-|-|-|-|-|-|-|-|-|-|-|-|-|-|2|-|-|-|-|-|none|none|none|none|none|rsmod
item|25723|slash|7045|-|-|-|-|-|-|-|-|-|-|-|-|-|-|rsmod:clan_vexillum_orange:attack:stance2|-|-|-|-|-|-|-|-|-|-|-|-|-|-|1|-|-|-|-|-|none|none|none|none|none|rsmod
item|25723|slash|7046|-|-|-|-|-|-|-|-|-|-|-|-|-|-|rsmod:clan_vexillum_orange:attack:stance1|-|-|-|-|-|-|-|-|-|-|-|-|-|-|0|-|-|-|-|-|none|none|none|none|none|rsmod
item|25723|slash|7046|-|-|-|-|-|-|-|-|-|-|-|-|-|-|rsmod:clan_vexillum_orange:attack:stance4|-|-|-|-|-|-|-|-|-|-|-|-|-|-|3|-|-|-|-|-|none|none|none|none|none|rsmod
item|25724|crush|7054|-|-|-|-|-|-|-|-|-|-|-|-|-|-|rsmod:clan_vexillum_blue:attack:stance3|-|-|-|-|-|-|-|-|-|-|-|-|-|-|2|-|-|-|-|-|none|none|none|none|none|rsmod
item|25724|slash|7045|-|-|-|-|-|-|-|-|-|-|-|-|-|-|rsmod:clan_vexillum_blue:attack:stance2|-|-|-|-|-|-|-|-|-|-|-|-|-|-|1|-|-|-|-|-|none|none|none|none|none|rsmod
item|25724|slash|7046|-|-|-|-|-|-|-|-|-|-|-|-|-|-|rsmod:clan_vexillum_blue:attack:stance1|-|-|-|-|-|-|-|-|-|-|-|-|-|-|0|-|-|-|-|-|none|none|none|none|none|rsmod
item|25724|slash|7046|-|-|-|-|-|-|-|-|-|-|-|-|-|-|rsmod:clan_vexillum_blue:attack:stance4|-|-|-|-|-|-|-|-|-|-|-|-|-|-|3|-|-|-|-|-|none|none|none|none|none|rsmod
item|25725|crush|7054|-|-|-|-|-|-|-|-|-|-|-|-|-|-|rsmod:clan_vexillum_red:attack:stance3|-|-|-|-|-|-|-|-|-|-|-|-|-|-|2|-|-|-|-|-|none|none|none|none|none|rsmod
item|25725|slash|7045|-|-|-|-|-|-|-|-|-|-|-|-|-|-|rsmod:clan_vexillum_red:attack:stance2|-|-|-|-|-|-|-|-|-|-|-|-|-|-|1|-|-|-|-|-|none|none|none|none|none|rsmod
item|25725|slash|7046|-|-|-|-|-|-|-|-|-|-|-|-|-|-|rsmod:clan_vexillum_red:attack:stance1|-|-|-|-|-|-|-|-|-|-|-|-|-|-|0|-|-|-|-|-|none|none|none|none|none|rsmod
item|25725|slash|7046|-|-|-|-|-|-|-|-|-|-|-|-|-|-|rsmod:clan_vexillum_red:attack:stance4|-|-|-|-|-|-|-|-|-|-|-|-|-|-|3|-|-|-|-|-|none|none|none|none|none|rsmod
item|25726|crush|7054|-|-|-|-|-|-|-|-|-|-|-|-|-|-|rsmod:clan_vexillum_green:attack:stance3|-|-|-|-|-|-|-|-|-|-|-|-|-|-|2|-|-|-|-|-|none|none|none|none|none|rsmod
item|25726|slash|7045|-|-|-|-|-|-|-|-|-|-|-|-|-|-|rsmod:clan_vexillum_green:attack:stance2|-|-|-|-|-|-|-|-|-|-|-|-|-|-|1|-|-|-|-|-|none|none|none|none|none|rsmod
item|25726|slash|7046|-|-|-|-|-|-|-|-|-|-|-|-|-|-|rsmod:clan_vexillum_green:attack:stance1|-|-|-|-|-|-|-|-|-|-|-|-|-|-|0|-|-|-|-|-|none|none|none|none|none|rsmod
item|25726|slash|7046|-|-|-|-|-|-|-|-|-|-|-|-|-|-|rsmod:clan_vexillum_green:attack:stance4|-|-|-|-|-|-|-|-|-|-|-|-|-|-|3|-|-|-|-|-|none|none|none|none|none|rsmod
item|25727|crush|7054|-|-|-|-|-|-|-|-|-|-|-|-|-|-|rsmod:clan_vexillum_yellow:attack:stance3|-|-|-|-|-|-|-|-|-|-|-|-|-|-|2|-|-|-|-|-|none|none|none|none|none|rsmod
item|25727|slash|7045|-|-|-|-|-|-|-|-|-|-|-|-|-|-|rsmod:clan_vexillum_yellow:attack:stance2|-|-|-|-|-|-|-|-|-|-|-|-|-|-|1|-|-|-|-|-|none|none|none|none|none|rsmod
item|25727|slash|7046|-|-|-|-|-|-|-|-|-|-|-|-|-|-|rsmod:clan_vexillum_yellow:attack:stance1|-|-|-|-|-|-|-|-|-|-|-|-|-|-|0|-|-|-|-|-|none|none|none|none|none|rsmod
item|25727|slash|7046|-|-|-|-|-|-|-|-|-|-|-|-|-|-|rsmod:clan_vexillum_yellow:attack:stance4|-|-|-|-|-|-|-|-|-|-|-|-|-|-|3|-|-|-|-|-|none|none|none|none|none|rsmod
item|25728|crush|7054|-|-|-|-|-|-|-|-|-|-|-|-|-|-|rsmod:clan_vexillum_lightblue:attack:stance3|-|-|-|-|-|-|-|-|-|-|-|-|-|-|2|-|-|-|-|-|none|none|none|none|none|rsmod
item|25728|slash|7045|-|-|-|-|-|-|-|-|-|-|-|-|-|-|rsmod:clan_vexillum_lightblue:attack:stance2|-|-|-|-|-|-|-|-|-|-|-|-|-|-|1|-|-|-|-|-|none|none|none|none|none|rsmod
item|25728|slash|7046|-|-|-|-|-|-|-|-|-|-|-|-|-|-|rsmod:clan_vexillum_lightblue:attack:stance1|-|-|-|-|-|-|-|-|-|-|-|-|-|-|0|-|-|-|-|-|none|none|none|none|none|rsmod
item|25728|slash|7046|-|-|-|-|-|-|-|-|-|-|-|-|-|-|rsmod:clan_vexillum_lightblue:attack:stance4|-|-|-|-|-|-|-|-|-|-|-|-|-|-|3|-|-|-|-|-|none|none|none|none|none|rsmod
item|25729|crush|7054|-|-|-|-|-|-|-|-|-|-|-|-|-|-|rsmod:clan_vexillum_pink:attack:stance3|-|-|-|-|-|-|-|-|-|-|-|-|-|-|2|-|-|-|-|-|none|none|none|none|none|rsmod
item|25729|slash|7045|-|-|-|-|-|-|-|-|-|-|-|-|-|-|rsmod:clan_vexillum_pink:attack:stance2|-|-|-|-|-|-|-|-|-|-|-|-|-|-|1|-|-|-|-|-|none|none|none|none|none|rsmod
item|25729|slash|7046|-|-|-|-|-|-|-|-|-|-|-|-|-|-|rsmod:clan_vexillum_pink:attack:stance1|-|-|-|-|-|-|-|-|-|-|-|-|-|-|0|-|-|-|-|-|none|none|none|none|none|rsmod
item|25729|slash|7046|-|-|-|-|-|-|-|-|-|-|-|-|-|-|rsmod:clan_vexillum_pink:attack:stance4|-|-|-|-|-|-|-|-|-|-|-|-|-|-|3|-|-|-|-|-|none|none|none|none|none|rsmod
item|25731|magic|1167|-|-|-|-|-|-|-|-|-|-|-|-|-|-|rsmod:sanguinesti_staff_or:attack:stance1|-|-|-|-|-|-|-|-|-|-|-|-|-|-|0|-|-|-|-|-|none|none|none|none|none|rsmod
item|25731|magic|1167|-|-|-|-|-|-|-|-|-|-|-|-|-|-|rsmod:sanguinesti_staff_or:attack:stance2|-|-|-|-|-|-|-|-|-|-|-|-|-|-|1|-|-|-|-|-|none|none|none|none|none|rsmod
item|25731|magic|1167|-|-|-|-|-|-|-|-|-|-|-|-|-|-|rsmod:sanguinesti_staff_or:attack:stance4|-|-|-|-|-|-|-|-|-|-|-|-|-|-|3|-|-|-|-|-|none|none|none|none|none|rsmod
item|25733|magic|1167|-|-|-|-|-|-|-|-|-|-|-|-|-|-|rsmod:sanguinesti_staff_uncharged_or:attack:stance1|-|-|-|-|-|-|-|-|-|-|-|-|-|-|0|-|-|-|-|-|none|none|none|none|none|rsmod
item|25733|magic|1167|-|-|-|-|-|-|-|-|-|-|-|-|-|-|rsmod:sanguinesti_staff_uncharged_or:attack:stance2|-|-|-|-|-|-|-|-|-|-|-|-|-|-|1|-|-|-|-|-|none|none|none|none|none|rsmod
item|25733|magic|1167|-|-|-|-|-|-|-|-|-|-|-|-|-|-|rsmod:sanguinesti_staff_uncharged_or:attack:stance4|-|-|-|-|-|-|-|-|-|-|-|-|-|-|3|-|-|-|-|-|none|none|none|none|none|rsmod
item|25734|slash|390|-|-|-|-|-|-|-|-|-|-|-|-|-|-|rsmod:ghrazi_rapier_or:attack:stance3|-|-|-|-|-|-|-|-|-|-|-|-|-|-|2|-|-|-|-|-|none|none|none|none|none|rsmod
item|25734|stab|8145|-|-|-|-|-|-|-|-|-|-|-|-|-|-|rsmod:ghrazi_rapier_or:attack:stance1|-|-|-|-|-|-|-|-|-|-|-|-|-|-|0|-|-|-|-|-|none|none|none|none|none|rsmod
item|25734|stab|8145|-|-|-|-|-|-|-|-|-|-|-|-|-|-|rsmod:ghrazi_rapier_or:attack:stance2|-|-|-|-|-|-|-|-|-|-|-|-|-|-|1|-|-|-|-|-|none|none|none|none|none|rsmod
item|25734|stab|8145|-|-|-|-|-|-|-|-|-|-|-|-|-|-|rsmod:ghrazi_rapier_or:attack:stance4|-|-|-|-|-|-|-|-|-|-|-|-|-|-|3|-|-|-|-|-|none|none|none|none|none|rsmod
item|25736|crush|8056|-|-|-|-|-|-|-|-|-|-|-|-|-|-|rsmod:scythe_of_vitur_or:attack:stance3|-|-|-|-|-|-|-|-|-|-|-|-|-|-|2|-|-|-|-|-|none|none|none|none|none|rsmod
item|25736|slash|8056|-|-|-|-|-|-|-|-|-|-|-|-|-|-|rsmod:scythe_of_vitur_or:attack:stance1|-|-|-|-|-|-|-|-|-|-|-|-|-|-|0|-|-|-|-|-|none|none|none|none|none|rsmod
item|25736|slash|8056|-|-|-|-|-|-|-|-|-|-|-|-|-|-|rsmod:scythe_of_vitur_or:attack:stance2|-|-|-|-|-|-|-|-|-|-|-|-|-|-|1|-|-|-|-|-|none|none|none|none|none|rsmod
item|25736|slash|8056|-|-|-|-|-|-|-|-|-|-|-|-|-|-|rsmod:scythe_of_vitur_or:attack:stance4|-|-|-|-|-|-|-|-|-|-|-|-|-|-|3|-|-|-|-|-|none|none|none|none|none|rsmod
item|25738|crush|8056|-|-|-|-|-|-|-|-|-|-|-|-|-|-|rsmod:scythe_of_vitur_uncharged_or:attack:stance3|-|-|-|-|-|-|-|-|-|-|-|-|-|-|2|-|-|-|-|-|none|none|none|none|none|rsmod
item|25738|slash|8056|-|-|-|-|-|-|-|-|-|-|-|-|-|-|rsmod:scythe_of_vitur_uncharged_or:attack:stance1|-|-|-|-|-|-|-|-|-|-|-|-|-|-|0|-|-|-|-|-|none|none|none|none|none|rsmod
item|25738|slash|8056|-|-|-|-|-|-|-|-|-|-|-|-|-|-|rsmod:scythe_of_vitur_uncharged_or:attack:stance2|-|-|-|-|-|-|-|-|-|-|-|-|-|-|1|-|-|-|-|-|none|none|none|none|none|rsmod
item|25738|slash|8056|-|-|-|-|-|-|-|-|-|-|-|-|-|-|rsmod:scythe_of_vitur_uncharged_or:attack:stance4|-|-|-|-|-|-|-|-|-|-|-|-|-|-|3|-|-|-|-|-|none|none|none|none|none|rsmod
item|25739|crush|8056|-|-|-|-|-|-|-|-|-|-|-|-|-|-|rsmod:scythe_of_vitur_bl:attack:stance3|-|-|-|-|-|-|-|-|-|-|-|-|-|-|2|-|-|-|-|-|none|none|none|none|none|rsmod
item|25739|slash|8056|-|-|-|-|-|-|-|-|-|-|-|-|-|-|rsmod:scythe_of_vitur_bl:attack:stance1|-|-|-|-|-|-|-|-|-|-|-|-|-|-|0|-|-|-|-|-|none|none|none|none|none|rsmod
item|25739|slash|8056|-|-|-|-|-|-|-|-|-|-|-|-|-|-|rsmod:scythe_of_vitur_bl:attack:stance2|-|-|-|-|-|-|-|-|-|-|-|-|-|-|1|-|-|-|-|-|none|none|none|none|none|rsmod
item|25739|slash|8056|-|-|-|-|-|-|-|-|-|-|-|-|-|-|rsmod:scythe_of_vitur_bl:attack:stance4|-|-|-|-|-|-|-|-|-|-|-|-|-|-|3|-|-|-|-|-|none|none|none|none|none|rsmod
item|25741|crush|8056|-|-|-|-|-|-|-|-|-|-|-|-|-|-|rsmod:scythe_of_vitur_uncharged_bl:attack:stance3|-|-|-|-|-|-|-|-|-|-|-|-|-|-|2|-|-|-|-|-|none|none|none|none|none|rsmod
item|25741|slash|8056|-|-|-|-|-|-|-|-|-|-|-|-|-|-|rsmod:scythe_of_vitur_uncharged_bl:attack:stance1|-|-|-|-|-|-|-|-|-|-|-|-|-|-|0|-|-|-|-|-|none|none|none|none|none|rsmod
item|25741|slash|8056|-|-|-|-|-|-|-|-|-|-|-|-|-|-|rsmod:scythe_of_vitur_uncharged_bl:attack:stance2|-|-|-|-|-|-|-|-|-|-|-|-|-|-|1|-|-|-|-|-|none|none|none|none|none|rsmod
item|25741|slash|8056|-|-|-|-|-|-|-|-|-|-|-|-|-|-|rsmod:scythe_of_vitur_uncharged_bl:attack:stance4|-|-|-|-|-|-|-|-|-|-|-|-|-|-|3|-|-|-|-|-|none|none|none|none|none|rsmod
item|25865|ranged|426|-|-|-|-|-|3|3|163|146|41|15|5|11|5|rsmod:bow_of_faerdhinen:attack:stance1|-|-|-|-|-|-|-|-|-|-|-|-|-|-|0|-|-|-|-|-|none|none|none|none|none|rsmod
item|25865|ranged|426|-|-|-|-|-|3|3|163|146|41|15|5|11|5|rsmod:bow_of_faerdhinen:attack:stance2|-|-|-|-|-|-|-|-|-|-|-|-|-|-|1|-|-|-|-|-|none|none|none|none|none|rsmod
item|25865|ranged|426|-|-|-|-|-|3|3|163|146|41|15|5|11|5|rsmod:bow_of_faerdhinen:attack:stance4|-|-|-|-|-|-|-|-|-|-|-|-|-|-|3|-|-|-|-|-|none|none|none|none|none|rsmod
item|25867|ranged|426|-|-|-|-|-|3|3|163|146|41|15|5|11|5|rsmod:bow_of_faerdhinen_infinite:attack:stance1|-|-|-|-|-|-|-|-|-|-|-|-|-|-|0|-|-|-|-|-|none|none|none|none|none|rsmod
item|25867|ranged|426|-|-|-|-|-|3|3|163|146|41|15|5|11|5|rsmod:bow_of_faerdhinen_infinite:attack:stance2|-|-|-|-|-|-|-|-|-|-|-|-|-|-|1|-|-|-|-|-|none|none|none|none|none|rsmod
item|25867|ranged|426|-|-|-|-|-|3|3|163|146|41|15|5|11|5|rsmod:bow_of_faerdhinen_infinite:attack:stance4|-|-|-|-|-|-|-|-|-|-|-|-|-|-|3|-|-|-|-|-|none|none|none|none|none|rsmod
item|25870|slash|390|-|-|-|-|-|-|-|-|-|-|-|-|-|-|rsmod:blade_of_saeldor_infinite_ithell:attack:stance1|-|-|-|-|-|-|-|-|-|-|-|-|-|-|0|-|-|-|-|-|none|none|none|none|none|rsmod
item|25870|slash|390|-|-|-|-|-|-|-|-|-|-|-|-|-|-|rsmod:blade_of_saeldor_infinite_ithell:attack:stance2|-|-|-|-|-|-|-|-|-|-|-|-|-|-|1|-|-|-|-|-|none|none|none|none|none|rsmod
item|25870|slash|390|-|-|-|-|-|-|-|-|-|-|-|-|-|-|rsmod:blade_of_saeldor_infinite_ithell:attack:stance4|-|-|-|-|-|-|-|-|-|-|-|-|-|-|3|-|-|-|-|-|none|none|none|none|none|rsmod
item|25870|stab|386|-|-|-|-|-|-|-|-|-|-|-|-|-|-|rsmod:blade_of_saeldor_infinite_ithell:attack:stance3|-|-|-|-|-|-|-|-|-|-|-|-|-|-|2|-|-|-|-|-|none|none|none|none|none|rsmod
item|25872|slash|390|-|-|-|-|-|-|-|-|-|-|-|-|-|-|rsmod:blade_of_saeldor_infinite_iorwerth:attack:stance1|-|-|-|-|-|-|-|-|-|-|-|-|-|-|0|-|-|-|-|-|none|none|none|none|none|rsmod
item|25872|slash|390|-|-|-|-|-|-|-|-|-|-|-|-|-|-|rsmod:blade_of_saeldor_infinite_iorwerth:attack:stance2|-|-|-|-|-|-|-|-|-|-|-|-|-|-|1|-|-|-|-|-|none|none|none|none|none|rsmod
item|25872|slash|390|-|-|-|-|-|-|-|-|-|-|-|-|-|-|rsmod:blade_of_saeldor_infinite_iorwerth:attack:stance4|-|-|-|-|-|-|-|-|-|-|-|-|-|-|3|-|-|-|-|-|none|none|none|none|none|rsmod
item|25872|stab|386|-|-|-|-|-|-|-|-|-|-|-|-|-|-|rsmod:blade_of_saeldor_infinite_iorwerth:attack:stance3|-|-|-|-|-|-|-|-|-|-|-|-|-|-|2|-|-|-|-|-|none|none|none|none|none|rsmod
item|25874|slash|390|-|-|-|-|-|-|-|-|-|-|-|-|-|-|rsmod:blade_of_saeldor_infinite_trahaearn:attack:stance1|-|-|-|-|-|-|-|-|-|-|-|-|-|-|0|-|-|-|-|-|none|none|none|none|none|rsmod
item|25874|slash|390|-|-|-|-|-|-|-|-|-|-|-|-|-|-|rsmod:blade_of_saeldor_infinite_trahaearn:attack:stance2|-|-|-|-|-|-|-|-|-|-|-|-|-|-|1|-|-|-|-|-|none|none|none|none|none|rsmod
item|25874|slash|390|-|-|-|-|-|-|-|-|-|-|-|-|-|-|rsmod:blade_of_saeldor_infinite_trahaearn:attack:stance4|-|-|-|-|-|-|-|-|-|-|-|-|-|-|3|-|-|-|-|-|none|none|none|none|none|rsmod
item|25874|stab|386|-|-|-|-|-|-|-|-|-|-|-|-|-|-|rsmod:blade_of_saeldor_infinite_trahaearn:attack:stance3|-|-|-|-|-|-|-|-|-|-|-|-|-|-|2|-|-|-|-|-|none|none|none|none|none|rsmod
item|25876|slash|390|-|-|-|-|-|-|-|-|-|-|-|-|-|-|rsmod:blade_of_saeldor_infinite_cadarn:attack:stance1|-|-|-|-|-|-|-|-|-|-|-|-|-|-|0|-|-|-|-|-|none|none|none|none|none|rsmod
item|25876|slash|390|-|-|-|-|-|-|-|-|-|-|-|-|-|-|rsmod:blade_of_saeldor_infinite_cadarn:attack:stance2|-|-|-|-|-|-|-|-|-|-|-|-|-|-|1|-|-|-|-|-|none|none|none|none|none|rsmod
item|25876|slash|390|-|-|-|-|-|-|-|-|-|-|-|-|-|-|rsmod:blade_of_saeldor_infinite_cadarn:attack:stance4|-|-|-|-|-|-|-|-|-|-|-|-|-|-|3|-|-|-|-|-|none|none|none|none|none|rsmod
item|25876|stab|386|-|-|-|-|-|-|-|-|-|-|-|-|-|-|rsmod:blade_of_saeldor_infinite_cadarn:attack:stance3|-|-|-|-|-|-|-|-|-|-|-|-|-|-|2|-|-|-|-|-|none|none|none|none|none|rsmod
item|25878|slash|390|-|-|-|-|-|-|-|-|-|-|-|-|-|-|rsmod:blade_of_saeldor_infinite_crwys:attack:stance1|-|-|-|-|-|-|-|-|-|-|-|-|-|-|0|-|-|-|-|-|none|none|none|none|none|rsmod
item|25878|slash|390|-|-|-|-|-|-|-|-|-|-|-|-|-|-|rsmod:blade_of_saeldor_infinite_crwys:attack:stance2|-|-|-|-|-|-|-|-|-|-|-|-|-|-|1|-|-|-|-|-|none|none|none|none|none|rsmod
item|25878|slash|390|-|-|-|-|-|-|-|-|-|-|-|-|-|-|rsmod:blade_of_saeldor_infinite_crwys:attack:stance4|-|-|-|-|-|-|-|-|-|-|-|-|-|-|3|-|-|-|-|-|none|none|none|none|none|rsmod
item|25878|stab|386|-|-|-|-|-|-|-|-|-|-|-|-|-|-|rsmod:blade_of_saeldor_infinite_crwys:attack:stance3|-|-|-|-|-|-|-|-|-|-|-|-|-|-|2|-|-|-|-|-|none|none|none|none|none|rsmod
item|25880|slash|390|-|-|-|-|-|-|-|-|-|-|-|-|-|-|rsmod:blade_of_saeldor_infinite_meilyr:attack:stance1|-|-|-|-|-|-|-|-|-|-|-|-|-|-|0|-|-|-|-|-|none|none|none|none|none|rsmod
item|25880|slash|390|-|-|-|-|-|-|-|-|-|-|-|-|-|-|rsmod:blade_of_saeldor_infinite_meilyr:attack:stance2|-|-|-|-|-|-|-|-|-|-|-|-|-|-|1|-|-|-|-|-|none|none|none|none|none|rsmod
item|25880|slash|390|-|-|-|-|-|-|-|-|-|-|-|-|-|-|rsmod:blade_of_saeldor_infinite_meilyr:attack:stance4|-|-|-|-|-|-|-|-|-|-|-|-|-|-|3|-|-|-|-|-|none|none|none|none|none|rsmod
item|25880|stab|386|-|-|-|-|-|-|-|-|-|-|-|-|-|-|rsmod:blade_of_saeldor_infinite_meilyr:attack:stance3|-|-|-|-|-|-|-|-|-|-|-|-|-|-|2|-|-|-|-|-|none|none|none|none|none|rsmod
item|25882|slash|390|-|-|-|-|-|-|-|-|-|-|-|-|-|-|rsmod:blade_of_saeldor_infinite_amlodd:attack:stance1|-|-|-|-|-|-|-|-|-|-|-|-|-|-|0|-|-|-|-|-|none|none|none|none|none|rsmod
item|25882|slash|390|-|-|-|-|-|-|-|-|-|-|-|-|-|-|rsmod:blade_of_saeldor_infinite_amlodd:attack:stance2|-|-|-|-|-|-|-|-|-|-|-|-|-|-|1|-|-|-|-|-|none|none|none|none|none|rsmod
item|25882|slash|390|-|-|-|-|-|-|-|-|-|-|-|-|-|-|rsmod:blade_of_saeldor_infinite_amlodd:attack:stance4|-|-|-|-|-|-|-|-|-|-|-|-|-|-|3|-|-|-|-|-|none|none|none|none|none|rsmod
item|25882|stab|386|-|-|-|-|-|-|-|-|-|-|-|-|-|-|rsmod:blade_of_saeldor_infinite_amlodd:attack:stance3|-|-|-|-|-|-|-|-|-|-|-|-|-|-|2|-|-|-|-|-|none|none|none|none|none|rsmod
item|25884|ranged|426|-|-|-|-|-|3|3|163|146|41|15|5|11|5|rsmod:bow_of_faerdhinen_infinite_ithell:attack:stance1|-|-|-|-|-|-|-|-|-|-|-|-|-|-|0|-|-|-|-|-|none|none|none|none|none|rsmod
item|25884|ranged|426|-|-|-|-|-|3|3|163|146|41|15|5|11|5|rsmod:bow_of_faerdhinen_infinite_ithell:attack:stance2|-|-|-|-|-|-|-|-|-|-|-|-|-|-|1|-|-|-|-|-|none|none|none|none|none|rsmod
item|25884|ranged|426|-|-|-|-|-|3|3|163|146|41|15|5|11|5|rsmod:bow_of_faerdhinen_infinite_ithell:attack:stance4|-|-|-|-|-|-|-|-|-|-|-|-|-|-|3|-|-|-|-|-|none|none|none|none|none|rsmod
item|25886|ranged|426|-|-|-|-|-|3|3|163|146|41|15|5|11|5|rsmod:bow_of_faerdhinen_infinite_iorwerth:attack:stance1|-|-|-|-|-|-|-|-|-|-|-|-|-|-|0|-|-|-|-|-|none|none|none|none|none|rsmod
item|25886|ranged|426|-|-|-|-|-|3|3|163|146|41|15|5|11|5|rsmod:bow_of_faerdhinen_infinite_iorwerth:attack:stance2|-|-|-|-|-|-|-|-|-|-|-|-|-|-|1|-|-|-|-|-|none|none|none|none|none|rsmod
item|25886|ranged|426|-|-|-|-|-|3|3|163|146|41|15|5|11|5|rsmod:bow_of_faerdhinen_infinite_iorwerth:attack:stance4|-|-|-|-|-|-|-|-|-|-|-|-|-|-|3|-|-|-|-|-|none|none|none|none|none|rsmod
item|25888|ranged|426|-|-|-|-|-|3|3|163|146|41|15|5|11|5|rsmod:bow_of_faerdhinen_infinite_trahaearn:attack:stance1|-|-|-|-|-|-|-|-|-|-|-|-|-|-|0|-|-|-|-|-|none|none|none|none|none|rsmod
item|25888|ranged|426|-|-|-|-|-|3|3|163|146|41|15|5|11|5|rsmod:bow_of_faerdhinen_infinite_trahaearn:attack:stance2|-|-|-|-|-|-|-|-|-|-|-|-|-|-|1|-|-|-|-|-|none|none|none|none|none|rsmod
item|25888|ranged|426|-|-|-|-|-|3|3|163|146|41|15|5|11|5|rsmod:bow_of_faerdhinen_infinite_trahaearn:attack:stance4|-|-|-|-|-|-|-|-|-|-|-|-|-|-|3|-|-|-|-|-|none|none|none|none|none|rsmod
item|25890|ranged|426|-|-|-|-|-|3|3|163|146|41|15|5|11|5|rsmod:bow_of_faerdhinen_infinite_cadarn:attack:stance1|-|-|-|-|-|-|-|-|-|-|-|-|-|-|0|-|-|-|-|-|none|none|none|none|none|rsmod
item|25890|ranged|426|-|-|-|-|-|3|3|163|146|41|15|5|11|5|rsmod:bow_of_faerdhinen_infinite_cadarn:attack:stance2|-|-|-|-|-|-|-|-|-|-|-|-|-|-|1|-|-|-|-|-|none|none|none|none|none|rsmod
item|25890|ranged|426|-|-|-|-|-|3|3|163|146|41|15|5|11|5|rsmod:bow_of_faerdhinen_infinite_cadarn:attack:stance4|-|-|-|-|-|-|-|-|-|-|-|-|-|-|3|-|-|-|-|-|none|none|none|none|none|rsmod
item|25892|ranged|426|-|-|-|-|-|3|3|163|146|41|15|5|11|5|rsmod:bow_of_faerdhinen_infinite_crwys:attack:stance1|-|-|-|-|-|-|-|-|-|-|-|-|-|-|0|-|-|-|-|-|none|none|none|none|none|rsmod
item|25892|ranged|426|-|-|-|-|-|3|3|163|146|41|15|5|11|5|rsmod:bow_of_faerdhinen_infinite_crwys:attack:stance2|-|-|-|-|-|-|-|-|-|-|-|-|-|-|1|-|-|-|-|-|none|none|none|none|none|rsmod
item|25892|ranged|426|-|-|-|-|-|3|3|163|146|41|15|5|11|5|rsmod:bow_of_faerdhinen_infinite_crwys:attack:stance4|-|-|-|-|-|-|-|-|-|-|-|-|-|-|3|-|-|-|-|-|none|none|none|none|none|rsmod
item|25894|ranged|426|-|-|-|-|-|3|3|163|146|41|15|5|11|5|rsmod:bow_of_faerdhinen_infinite_meilyr:attack:stance1|-|-|-|-|-|-|-|-|-|-|-|-|-|-|0|-|-|-|-|-|none|none|none|none|none|rsmod
item|25894|ranged|426|-|-|-|-|-|3|3|163|146|41|15|5|11|5|rsmod:bow_of_faerdhinen_infinite_meilyr:attack:stance2|-|-|-|-|-|-|-|-|-|-|-|-|-|-|1|-|-|-|-|-|none|none|none|none|none|rsmod
item|25894|ranged|426|-|-|-|-|-|3|3|163|146|41|15|5|11|5|rsmod:bow_of_faerdhinen_infinite_meilyr:attack:stance4|-|-|-|-|-|-|-|-|-|-|-|-|-|-|3|-|-|-|-|-|none|none|none|none|none|rsmod
item|25896|ranged|426|-|-|-|-|-|3|3|163|146|41|15|5|11|5|rsmod:bow_of_faerdhinen_infinite_amlodd:attack:stance1|-|-|-|-|-|-|-|-|-|-|-|-|-|-|0|-|-|-|-|-|none|none|none|none|none|rsmod
item|25896|ranged|426|-|-|-|-|-|3|3|163|146|41|15|5|11|5|rsmod:bow_of_faerdhinen_infinite_amlodd:attack:stance2|-|-|-|-|-|-|-|-|-|-|-|-|-|-|1|-|-|-|-|-|none|none|none|none|none|rsmod
item|25896|ranged|426|-|-|-|-|-|3|3|163|146|41|15|5|11|5|rsmod:bow_of_faerdhinen_infinite_amlodd:attack:stance4|-|-|-|-|-|-|-|-|-|-|-|-|-|-|3|-|-|-|-|-|none|none|none|none|none|rsmod
item|25916|ranged|7552|-|-|-|-|-|3|3|155|146|41|5|5|11|5|rsmod:dragonhunter_xbow_vorkath:attack:stance1|-|-|-|-|-|-|-|-|-|-|-|-|-|-|0|-|-|-|-|-|none|none|none|none|none|rsmod
item|25916|ranged|7552|-|-|-|-|-|3|3|155|146|41|5|5|11|5|rsmod:dragonhunter_xbow_vorkath:attack:stance2|-|-|-|-|-|-|-|-|-|-|-|-|-|-|1|-|-|-|-|-|none|none|none|none|none|rsmod
item|25916|ranged|7552|-|-|-|-|-|3|3|155|146|41|5|5|11|5|rsmod:dragonhunter_xbow_vorkath:attack:stance4|-|-|-|-|-|-|-|-|-|-|-|-|-|-|3|-|-|-|-|-|none|none|none|none|none|rsmod
item|25918|ranged|7552|-|-|-|-|-|3|3|155|146|41|5|5|11|5|rsmod:dragonhunter_xbow_kbd:attack:stance1|-|-|-|-|-|-|-|-|-|-|-|-|-|-|0|-|-|-|-|-|none|none|none|none|none|rsmod
item|25918|ranged|7552|-|-|-|-|-|3|3|155|146|41|5|5|11|5|rsmod:dragonhunter_xbow_kbd:attack:stance2|-|-|-|-|-|-|-|-|-|-|-|-|-|-|1|-|-|-|-|-|none|none|none|none|none|rsmod
item|25918|ranged|7552|-|-|-|-|-|3|3|155|146|41|5|5|11|5|rsmod:dragonhunter_xbow_kbd:attack:stance4|-|-|-|-|-|-|-|-|-|-|-|-|-|-|3|-|-|-|-|-|none|none|none|none|none|rsmod
item|26219|slash|390|-|-|-|-|-|-|-|-|-|-|-|-|-|-|rsmod:osmumtens_fang:attack:stance3|-|-|-|-|-|-|-|-|-|-|-|-|-|-|2|-|-|-|-|-|none|none|none|none|none|rsmod
item|26219|stab|9471|-|-|-|-|-|-|-|-|-|-|-|-|-|-|rsmod:osmumtens_fang:attack:stance1|-|-|-|-|-|-|-|-|-|-|-|-|-|-|0|-|-|-|-|-|none|none|none|none|none|rsmod
item|26219|stab|9471|-|-|-|-|-|-|-|-|-|-|-|-|-|-|rsmod:osmumtens_fang:attack:stance2|-|-|-|-|-|-|-|-|-|-|-|-|-|-|1|-|-|-|-|-|none|none|none|none|none|rsmod
item|26219|stab|9471|-|-|-|-|-|-|-|-|-|-|-|-|-|-|rsmod:osmumtens_fang:attack:stance4|-|-|-|-|-|-|-|-|-|-|-|-|-|-|3|-|-|-|-|-|none|none|none|none|none|rsmod
item|26233|crush|7054|-|-|-|-|-|-|-|-|-|-|-|-|-|-|rsmod:ancient_godsword:attack:stance3|-|-|-|-|-|-|-|-|-|-|-|-|-|-|2|-|-|-|-|-|none|none|none|none|none|rsmod
item|26233|slash|7045|-|-|-|-|-|-|-|-|-|-|-|-|-|-|rsmod:ancient_godsword:attack:stance1|-|-|-|-|-|-|-|-|-|-|-|-|-|-|0|-|-|-|-|-|none|none|none|none|none|rsmod
item|26233|slash|7045|-|-|-|-|-|-|-|-|-|-|-|-|-|-|rsmod:ancient_godsword:attack:stance2|-|-|-|-|-|-|-|-|-|-|-|-|-|-|1|-|-|-|-|-|none|none|none|none|none|rsmod
item|26233|slash|7055|-|-|-|-|-|-|-|-|-|-|-|-|-|-|rsmod:ancient_godsword:attack:stance4|-|-|-|-|-|-|-|-|-|-|-|-|-|-|3|-|-|-|-|-|none|none|none|none|none|rsmod
item|26260|crush|422|-|-|-|-|-|-|-|-|-|-|-|-|-|-|rsmod:hw21_haunted_bottle:attack:stance1|-|-|-|-|-|-|-|-|-|-|-|-|-|-|0|-|-|-|-|-|none|none|none|none|none|rsmod
item|26260|crush|422|-|-|-|-|-|-|-|-|-|-|-|-|-|-|rsmod:hw21_haunted_bottle:attack:stance2|-|-|-|-|-|-|-|-|-|-|-|-|-|-|1|-|-|-|-|-|none|none|none|none|none|rsmod
item|26260|crush|422|-|-|-|-|-|-|-|-|-|-|-|-|-|-|rsmod:hw21_haunted_bottle:attack:stance4|-|-|-|-|-|-|-|-|-|-|-|-|-|-|3|-|-|-|-|-|none|none|none|none|none|rsmod
item|26374|ranged|9168|-|-|-|-|-|3|3|155|146|41|5|5|11|5|rsmod:zaryte_xbow:attack:stance1|-|-|-|-|-|-|-|-|-|-|-|-|-|-|0|-|-|-|-|-|none|none|none|none|none|rsmod
item|26374|ranged|9168|-|-|-|-|-|3|3|155|146|41|5|5|11|5|rsmod:zaryte_xbow:attack:stance2|-|-|-|-|-|-|-|-|-|-|-|-|-|-|1|-|-|-|-|-|none|none|none|none|none|rsmod
item|26374|ranged|9168|-|-|-|-|-|3|3|155|146|41|5|5|11|5|rsmod:zaryte_xbow:attack:stance4|-|-|-|-|-|-|-|-|-|-|-|-|-|-|3|-|-|-|-|-|none|none|none|none|none|rsmod
item|26424|crush|9270|-|-|-|-|-|-|-|-|-|-|-|-|-|-|rsmod:league_3_banner:attack:stance3|-|-|-|-|-|-|-|-|-|-|-|-|-|-|2|-|-|-|-|-|none|none|none|none|none|rsmod
item|26424|slash|9270|-|-|-|-|-|-|-|-|-|-|-|-|-|-|rsmod:league_3_banner:attack:stance1|-|-|-|-|-|-|-|-|-|-|-|-|-|-|0|-|-|-|-|-|none|none|none|none|none|rsmod
item|26424|slash|9270|-|-|-|-|-|-|-|-|-|-|-|-|-|-|rsmod:league_3_banner:attack:stance2|-|-|-|-|-|-|-|-|-|-|-|-|-|-|1|-|-|-|-|-|none|none|none|none|none|rsmod
item|26424|slash|9270|-|-|-|-|-|-|-|-|-|-|-|-|-|-|rsmod:league_3_banner:attack:stance4|-|-|-|-|-|-|-|-|-|-|-|-|-|-|3|-|-|-|-|-|none|none|none|none|none|rsmod
item|26482|slash|1658|-|-|-|-|-|-|-|-|-|-|-|-|-|-|rsmod:league_3_whip:attack:stance1|-|-|-|-|-|-|-|-|-|-|-|-|-|-|0|-|-|-|-|-|none|none|none|none|none|rsmod
item|26482|slash|1658|-|-|-|-|-|-|-|-|-|-|-|-|-|-|rsmod:league_3_whip:attack:stance2|-|-|-|-|-|-|-|-|-|-|-|-|-|-|1|-|-|-|-|-|none|none|none|none|none|rsmod
item|26482|slash|1658|-|-|-|-|-|-|-|-|-|-|-|-|-|-|rsmod:league_3_whip:attack:stance4|-|-|-|-|-|-|-|-|-|-|-|-|-|-|3|-|-|-|-|-|none|none|none|none|none|rsmod
item|26484|slash|1658|-|-|-|-|-|-|-|-|-|-|-|-|-|-|rsmod:league_3_whip_tentacle:attack:stance1|-|-|-|-|-|-|-|-|-|-|-|-|-|-|0|-|-|-|-|-|none|none|none|none|none|rsmod
item|26484|slash|1658|-|-|-|-|-|-|-|-|-|-|-|-|-|-|rsmod:league_3_whip_tentacle:attack:stance2|-|-|-|-|-|-|-|-|-|-|-|-|-|-|1|-|-|-|-|-|none|none|none|none|none|rsmod
item|26484|slash|1658|-|-|-|-|-|-|-|-|-|-|-|-|-|-|rsmod:league_3_whip_tentacle:attack:stance4|-|-|-|-|-|-|-|-|-|-|-|-|-|-|3|-|-|-|-|-|none|none|none|none|none|rsmod
item|26486|ranged|7552|-|-|-|-|-|3|3|155|146|41|5|5|11|5|rsmod:league_3_rune_xbow:attack:stance1|-|-|-|-|-|-|-|-|-|-|-|-|-|-|0|-|-|-|-|-|none|none|none|none|none|rsmod
item|26486|ranged|7552|-|-|-|-|-|3|3|155|146|41|5|5|11|5|rsmod:league_3_rune_xbow:attack:stance2|-|-|-|-|-|-|-|-|-|-|-|-|-|-|1|-|-|-|-|-|none|none|none|none|none|rsmod
item|26486|ranged|7552|-|-|-|-|-|3|3|155|146|41|5|5|11|5|rsmod:league_3_rune_xbow:attack:stance4|-|-|-|-|-|-|-|-|-|-|-|-|-|-|3|-|-|-|-|-|none|none|none|none|none|rsmod
item|26511|crush|401|-|-|-|-|-|-|-|-|-|-|-|-|-|-|rsmod:league_3_adamant_trophy:attack:stance1|-|-|-|-|-|-|-|-|-|-|-|-|-|-|0|-|-|-|-|-|none|none|none|none|none|rsmod
item|26511|crush|401|-|-|-|-|-|-|-|-|-|-|-|-|-|-|rsmod:league_3_adamant_trophy:attack:stance2|-|-|-|-|-|-|-|-|-|-|-|-|-|-|1|-|-|-|-|-|none|none|none|none|none|rsmod
item|26511|crush|401|-|-|-|-|-|-|-|-|-|-|-|-|-|-|rsmod:league_3_adamant_trophy:attack:stance4|-|-|-|-|-|-|-|-|-|-|-|-|-|-|3|-|-|-|-|-|none|none|none|none|none|rsmod
item|26513|crush|401|-|-|-|-|-|-|-|-|-|-|-|-|-|-|rsmod:league_3_rune_trophy:attack:stance1|-|-|-|-|-|-|-|-|-|-|-|-|-|-|0|-|-|-|-|-|none|none|none|none|none|rsmod
item|26513|crush|401|-|-|-|-|-|-|-|-|-|-|-|-|-|-|rsmod:league_3_rune_trophy:attack:stance2|-|-|-|-|-|-|-|-|-|-|-|-|-|-|1|-|-|-|-|-|none|none|none|none|none|rsmod
item|26513|crush|401|-|-|-|-|-|-|-|-|-|-|-|-|-|-|rsmod:league_3_rune_trophy:attack:stance4|-|-|-|-|-|-|-|-|-|-|-|-|-|-|3|-|-|-|-|-|none|none|none|none|none|rsmod
item|26517|crush|4505|-|-|-|-|-|-|-|-|-|-|-|-|-|-|rsmod:league_3_cane:attack:stance1|-|-|-|-|-|-|-|-|-|-|-|-|-|-|0|-|-|-|-|-|none|none|none|none|none|rsmod
item|26517|crush|4505|-|-|-|-|-|-|-|-|-|-|-|-|-|-|rsmod:league_3_cane:attack:stance2|-|-|-|-|-|-|-|-|-|-|-|-|-|-|1|-|-|-|-|-|none|none|none|none|none|rsmod
item|26517|crush|4505|-|-|-|-|-|-|-|-|-|-|-|-|-|-|rsmod:league_3_cane:attack:stance4|-|-|-|-|-|-|-|-|-|-|-|-|-|-|3|-|-|-|-|-|none|none|none|none|none|rsmod
item|26517|stab|3299|-|-|-|-|-|-|-|-|-|-|-|-|-|-|rsmod:league_3_cane:attack:stance3|-|-|-|-|-|-|-|-|-|-|-|-|-|-|2|-|-|-|-|-|none|none|none|none|none|rsmod
item|26649|crush|9347|-|-|-|-|-|-|-|-|-|-|-|-|-|-|rsmod:osb9_reward_skis:attack:stance1|-|-|-|-|-|-|-|-|-|-|-|-|-|-|0|-|-|-|-|-|none|none|none|none|none|rsmod
item|26649|crush|9347|-|-|-|-|-|-|-|-|-|-|-|-|-|-|rsmod:osb9_reward_skis:attack:stance2|-|-|-|-|-|-|-|-|-|-|-|-|-|-|1|-|-|-|-|-|none|none|none|none|none|rsmod
item|26649|crush|9347|-|-|-|-|-|-|-|-|-|-|-|-|-|-|rsmod:osb9_reward_skis:attack:stance4|-|-|-|-|-|-|-|-|-|-|-|-|-|-|3|-|-|-|-|-|none|none|none|none|none|rsmod
item|26708|slash|393|-|-|-|-|-|-|-|-|-|-|-|-|-|-|rsmod:dragon_claws_ornament:attack:stance1|-|-|-|-|-|-|-|-|-|-|-|-|-|-|0|-|-|-|-|-|none|none|none|none|none|rsmod
item|26708|slash|393|-|-|-|-|-|-|-|-|-|-|-|-|-|-|rsmod:dragon_claws_ornament:attack:stance2|-|-|-|-|-|-|-|-|-|-|-|-|-|-|1|-|-|-|-|-|none|none|none|none|none|rsmod
item|26708|slash|393|-|-|-|-|-|-|-|-|-|-|-|-|-|-|rsmod:dragon_claws_ornament:attack:stance4|-|-|-|-|-|-|-|-|-|-|-|-|-|-|3|-|-|-|-|-|none|none|none|none|none|rsmod
item|26708|stab|1067|-|-|-|-|-|-|-|-|-|-|-|-|-|-|rsmod:dragon_claws_ornament:attack:stance3|-|-|-|-|-|-|-|-|-|-|-|-|-|-|2|-|-|-|-|-|none|none|none|none|none|rsmod
item|26710|crush|401|-|-|-|-|-|-|-|-|-|-|-|-|-|-|rsmod:dragon_warhammer_ornament:attack:stance1|-|-|-|-|-|-|-|-|-|-|-|-|-|-|0|-|-|-|-|-|none|none|none|none|none|rsmod
item|26710|crush|401|-|-|-|-|-|-|-|-|-|-|-|-|-|-|rsmod:dragon_warhammer_ornament:attack:stance2|-|-|-|-|-|-|-|-|-|-|-|-|-|-|1|-|-|-|-|-|none|none|none|none|none|rsmod
item|26710|crush|401|-|-|-|-|-|-|-|-|-|-|-|-|-|-|rsmod:dragon_warhammer_ornament:attack:stance4|-|-|-|-|-|-|-|-|-|-|-|-|-|-|3|-|-|-|-|-|none|none|none|none|none|rsmod
item|26712|ranged|7555|-|-|-|-|-|3|3|155|146|41|5|5|11|5|rsmod:heavy_ballista_ornament:attack:stance1|-|-|-|-|-|-|-|-|-|-|-|-|-|-|0|-|-|-|-|-|none|none|none|none|none|rsmod
item|26712|ranged|7555|-|-|-|-|-|3|3|155|146|41|5|5|11|5|rsmod:heavy_ballista_ornament:attack:stance2|-|-|-|-|-|-|-|-|-|-|-|-|-|-|1|-|-|-|-|-|none|none|none|none|none|rsmod
item|26712|ranged|7555|-|-|-|-|-|3|3|155|146|41|5|5|11|5|rsmod:heavy_ballista_ornament:attack:stance4|-|-|-|-|-|-|-|-|-|-|-|-|-|-|3|-|-|-|-|-|none|none|none|none|none|rsmod
item|26945|crush|414|-|-|-|-|-|-|-|-|-|-|-|-|-|-|rsmod:pharaohs_sceptre:attack:stance1|-|-|-|-|-|-|-|-|-|-|-|-|-|-|0|-|-|-|-|-|none|none|none|none|none|rsmod
item|26945|crush|414|-|-|-|-|-|-|-|-|-|-|-|-|-|-|rsmod:pharaohs_sceptre:attack:stance2|-|-|-|-|-|-|-|-|-|-|-|-|-|-|1|-|-|-|-|-|none|none|none|none|none|rsmod
item|26945|crush|414|-|-|-|-|-|-|-|-|-|-|-|-|-|-|rsmod:pharaohs_sceptre:attack:stance4|-|-|-|-|-|-|-|-|-|-|-|-|-|-|3|-|-|-|-|-|none|none|none|none|none|rsmod
item|26948|crush|414|-|-|-|-|-|-|-|-|-|-|-|-|-|-|rsmod:pharaohs_sceptre_charged:attack:stance1|-|-|-|-|-|-|-|-|-|-|-|-|-|-|0|-|-|-|-|-|none|none|none|none|none|rsmod
item|26948|crush|414|-|-|-|-|-|-|-|-|-|-|-|-|-|-|rsmod:pharaohs_sceptre_charged:attack:stance2|-|-|-|-|-|-|-|-|-|-|-|-|-|-|1|-|-|-|-|-|none|none|none|none|none|rsmod
item|26948|crush|414|-|-|-|-|-|-|-|-|-|-|-|-|-|-|rsmod:pharaohs_sceptre_charged:attack:stance4|-|-|-|-|-|-|-|-|-|-|-|-|-|-|3|-|-|-|-|-|none|none|none|none|none|rsmod
item|26950|crush|414|-|-|-|-|-|-|-|-|-|-|-|-|-|-|rsmod:pharaohs_sceptre_charged_initial:attack:stance1|-|-|-|-|-|-|-|-|-|-|-|-|-|-|0|-|-|-|-|-|none|none|none|none|none|rsmod
item|26950|crush|414|-|-|-|-|-|-|-|-|-|-|-|-|-|-|rsmod:pharaohs_sceptre_charged_initial:attack:stance2|-|-|-|-|-|-|-|-|-|-|-|-|-|-|1|-|-|-|-|-|none|none|none|none|none|rsmod
item|26950|crush|414|-|-|-|-|-|-|-|-|-|-|-|-|-|-|rsmod:pharaohs_sceptre_charged_initial:attack:stance4|-|-|-|-|-|-|-|-|-|-|-|-|-|-|3|-|-|-|-|-|none|none|none|none|none|rsmod
item|27100|crush|7516|-|-|-|-|-|-|-|-|-|-|-|-|-|-|rsmod:elder_maul_ornament:attack:stance1|-|-|-|-|-|-|-|-|-|-|-|-|-|-|0|-|-|-|-|-|none|none|none|none|none|rsmod
item|27100|crush|7516|-|-|-|-|-|-|-|-|-|-|-|-|-|-|rsmod:elder_maul_ornament:attack:stance2|-|-|-|-|-|-|-|-|-|-|-|-|-|-|1|-|-|-|-|-|none|none|none|none|none|rsmod
item|27100|crush|7516|-|-|-|-|-|-|-|-|-|-|-|-|-|-|rsmod:elder_maul_ornament:attack:stance4|-|-|-|-|-|-|-|-|-|-|-|-|-|-|3|-|-|-|-|-|none|none|none|none|none|rsmod
item|27157|ranged|8194|-|-|-|-|-|2|2|163|146|32|15|0|11|5|rsmod:br_dragon_knife:attack:stance1|-|-|-|-|-|-|-|-|-|-|-|-|-|-|0|-|-|-|-|-|none|none|none|none|none|rsmod
item|27157|ranged|8194|-|-|-|-|-|2|2|163|146|32|15|0|11|5|rsmod:br_dragon_knife:attack:stance2|-|-|-|-|-|-|-|-|-|-|-|-|-|-|1|-|-|-|-|-|none|none|none|none|none|rsmod
item|27157|ranged|8194|-|-|-|-|-|2|2|163|146|32|15|0|11|5|rsmod:br_dragon_knife:attack:stance4|-|-|-|-|-|-|-|-|-|-|-|-|-|-|3|-|-|-|-|-|none|none|none|none|none|rsmod
item|27184|crush|7054|-|-|-|-|-|-|-|-|-|-|-|-|-|-|rsmod:br_ancient_godsword:attack:stance3|-|-|-|-|-|-|-|-|-|-|-|-|-|-|2|-|-|-|-|-|none|none|none|none|none|rsmod
item|27184|slash|7045|-|-|-|-|-|-|-|-|-|-|-|-|-|-|rsmod:br_ancient_godsword:attack:stance1|-|-|-|-|-|-|-|-|-|-|-|-|-|-|0|-|-|-|-|-|none|none|none|none|none|rsmod
item|27184|slash|7045|-|-|-|-|-|-|-|-|-|-|-|-|-|-|rsmod:br_ancient_godsword:attack:stance2|-|-|-|-|-|-|-|-|-|-|-|-|-|-|1|-|-|-|-|-|none|none|none|none|none|rsmod
item|27184|slash|7055|-|-|-|-|-|-|-|-|-|-|-|-|-|-|rsmod:br_ancient_godsword:attack:stance4|-|-|-|-|-|-|-|-|-|-|-|-|-|-|3|-|-|-|-|-|none|none|none|none|none|rsmod
item|27186|ranged|9168|-|-|-|-|-|3|3|155|146|41|5|5|11|5|rsmod:br_zaryte_xbow:attack:stance1|-|-|-|-|-|-|-|-|-|-|-|-|-|-|0|-|-|-|-|-|none|none|none|none|none|rsmod
item|27186|ranged|9168|-|-|-|-|-|3|3|155|146|41|5|5|11|5|rsmod:br_zaryte_xbow:attack:stance2|-|-|-|-|-|-|-|-|-|-|-|-|-|-|1|-|-|-|-|-|none|none|none|none|none|rsmod
item|27186|ranged|9168|-|-|-|-|-|3|3|155|146|41|5|5|11|5|rsmod:br_zaryte_xbow:attack:stance4|-|-|-|-|-|-|-|-|-|-|-|-|-|-|3|-|-|-|-|-|none|none|none|none|none|rsmod
item|27188|ranged|7555|-|-|-|-|-|3|3|155|146|41|5|5|11|5|rsmod:br_light_ballista:attack:stance1|-|-|-|-|-|-|-|-|-|-|-|-|-|-|0|-|-|-|-|-|none|none|none|none|none|rsmod
item|27188|ranged|7555|-|-|-|-|-|3|3|155|146|41|5|5|11|5|rsmod:br_light_ballista:attack:stance2|-|-|-|-|-|-|-|-|-|-|-|-|-|-|1|-|-|-|-|-|none|none|none|none|none|rsmod
item|27188|ranged|7555|-|-|-|-|-|3|3|155|146|41|5|5|11|5|rsmod:br_light_ballista:attack:stance4|-|-|-|-|-|-|-|-|-|-|-|-|-|-|3|-|-|-|-|-|none|none|none|none|none|rsmod
item|27246|slash|390|-|-|-|-|-|-|-|-|-|-|-|-|-|-|rsmod:osmumtens_fang_ornament:attack:stance3|-|-|-|-|-|-|-|-|-|-|-|-|-|-|2|-|-|-|-|-|none|none|none|none|none|rsmod
item|27246|stab|9471|-|-|-|-|-|-|-|-|-|-|-|-|-|-|rsmod:osmumtens_fang_ornament:attack:stance1|-|-|-|-|-|-|-|-|-|-|-|-|-|-|0|-|-|-|-|-|none|none|none|none|none|rsmod
item|27246|stab|9471|-|-|-|-|-|-|-|-|-|-|-|-|-|-|rsmod:osmumtens_fang_ornament:attack:stance2|-|-|-|-|-|-|-|-|-|-|-|-|-|-|1|-|-|-|-|-|none|none|none|none|none|rsmod
item|27246|stab|9471|-|-|-|-|-|-|-|-|-|-|-|-|-|-|rsmod:osmumtens_fang_ornament:attack:stance4|-|-|-|-|-|-|-|-|-|-|-|-|-|-|3|-|-|-|-|-|none|none|none|none|none|rsmod
item|27275|magic|9493|-|-|-|-|-|-|-|-|-|-|-|-|-|-|rsmod:tumekens_shadow:attack:stance1|-|-|-|-|-|-|-|-|-|-|-|-|-|-|0|-|-|-|-|-|none|none|none|none|none|rsmod
item|27275|magic|9493|-|-|-|-|-|-|-|-|-|-|-|-|-|-|rsmod:tumekens_shadow:attack:stance2|-|-|-|-|-|-|-|-|-|-|-|-|-|-|1|-|-|-|-|-|none|none|none|none|none|rsmod
item|27275|magic|9493|-|-|-|-|-|-|-|-|-|-|-|-|-|-|rsmod:tumekens_shadow:attack:stance4|-|-|-|-|-|-|-|-|-|-|-|-|-|-|3|-|-|-|-|-|none|none|none|none|none|rsmod
item|27277|magic|9493|-|-|-|-|-|-|-|-|-|-|-|-|-|-|rsmod:tumekens_shadow_uncharged:attack:stance1|-|-|-|-|-|-|-|-|-|-|-|-|-|-|0|-|-|-|-|-|none|none|none|none|none|rsmod
item|27277|magic|9493|-|-|-|-|-|-|-|-|-|-|-|-|-|-|rsmod:tumekens_shadow_uncharged:attack:stance2|-|-|-|-|-|-|-|-|-|-|-|-|-|-|1|-|-|-|-|-|none|none|none|none|none|rsmod
item|27277|magic|9493|-|-|-|-|-|-|-|-|-|-|-|-|-|-|rsmod:tumekens_shadow_uncharged:attack:stance4|-|-|-|-|-|-|-|-|-|-|-|-|-|-|3|-|-|-|-|-|none|none|none|none|none|rsmod
item|27610|ranged|9858|-|-|-|-|-|3|3|163|146|41|15|5|11|5|rsmod:venator_bow:attack:stance1|-|-|-|-|-|-|-|-|-|-|-|-|-|-|0|-|-|-|-|-|none|none|none|none|none|rsmod
item|27610|ranged|9858|-|-|-|-|-|3|3|163|146|41|15|5|11|5|rsmod:venator_bow:attack:stance2|-|-|-|-|-|-|-|-|-|-|-|-|-|-|1|-|-|-|-|-|none|none|none|none|none|rsmod
item|27610|ranged|9858|-|-|-|-|-|3|3|163|146|41|15|5|11|5|rsmod:venator_bow:attack:stance4|-|-|-|-|-|-|-|-|-|-|-|-|-|-|3|-|-|-|-|-|none|none|none|none|none|rsmod
item|27612|ranged|9858|-|-|-|-|-|3|3|163|146|41|15|5|11|5|rsmod:venator_bow_uncharged:attack:stance1|-|-|-|-|-|-|-|-|-|-|-|-|-|-|0|-|-|-|-|-|none|none|none|none|none|rsmod
item|27612|ranged|9858|-|-|-|-|-|3|3|163|146|41|15|5|11|5|rsmod:venator_bow_uncharged:attack:stance2|-|-|-|-|-|-|-|-|-|-|-|-|-|-|1|-|-|-|-|-|none|none|none|none|none|rsmod
item|27612|ranged|9858|-|-|-|-|-|3|3|163|146|41|15|5|11|5|rsmod:venator_bow_uncharged:attack:stance4|-|-|-|-|-|-|-|-|-|-|-|-|-|-|3|-|-|-|-|-|none|none|none|none|none|rsmod
item|27652|ranged|426|-|-|-|-|-|3|3|163|146|41|15|5|11|5|rsmod:wild_cave_webweaver_uncharged:attack:stance1|-|-|-|-|-|-|-|-|-|-|-|-|-|-|0|-|-|-|-|-|none|none|none|none|none|rsmod
item|27652|ranged|426|-|-|-|-|-|3|3|163|146|41|15|5|11|5|rsmod:wild_cave_webweaver_uncharged:attack:stance2|-|-|-|-|-|-|-|-|-|-|-|-|-|-|1|-|-|-|-|-|none|none|none|none|none|rsmod
item|27652|ranged|426|-|-|-|-|-|3|3|163|146|41|15|5|11|5|rsmod:wild_cave_webweaver_uncharged:attack:stance4|-|-|-|-|-|-|-|-|-|-|-|-|-|-|3|-|-|-|-|-|none|none|none|none|none|rsmod
item|27655|ranged|426|-|-|-|-|-|3|3|163|146|41|15|5|11|5|rsmod:wild_cave_webweaver_charged:attack:stance1|-|-|-|-|-|-|-|-|-|-|-|-|-|-|0|-|-|-|-|-|none|none|none|none|none|rsmod
item|27655|ranged|426|-|-|-|-|-|3|3|163|146|41|15|5|11|5|rsmod:wild_cave_webweaver_charged:attack:stance2|-|-|-|-|-|-|-|-|-|-|-|-|-|-|1|-|-|-|-|-|none|none|none|none|none|rsmod
item|27655|ranged|426|-|-|-|-|-|3|3|163|146|41|15|5|11|5|rsmod:wild_cave_webweaver_charged:attack:stance4|-|-|-|-|-|-|-|-|-|-|-|-|-|-|3|-|-|-|-|-|none|none|none|none|none|rsmod
item|27657|crush|245|-|-|-|-|-|-|-|-|-|-|-|-|-|-|rsmod:wild_cave_ursine_uncharged:attack:stance1|-|-|-|-|-|-|-|-|-|-|-|-|-|-|0|-|-|-|-|-|none|none|none|none|none|rsmod
item|27657|crush|245|-|-|-|-|-|-|-|-|-|-|-|-|-|-|rsmod:wild_cave_ursine_uncharged:attack:stance2|-|-|-|-|-|-|-|-|-|-|-|-|-|-|1|-|-|-|-|-|none|none|none|none|none|rsmod
item|27657|crush|245|-|-|-|-|-|-|-|-|-|-|-|-|-|-|rsmod:wild_cave_ursine_uncharged:attack:stance4|-|-|-|-|-|-|-|-|-|-|-|-|-|-|3|-|-|-|-|-|none|none|none|none|none|rsmod
item|27657|stab|245|-|-|-|-|-|-|-|-|-|-|-|-|-|-|rsmod:wild_cave_ursine_uncharged:attack:stance3|-|-|-|-|-|-|-|-|-|-|-|-|-|-|2|-|-|-|-|-|none|none|none|none|none|rsmod
item|27660|crush|245|-|-|-|-|-|-|-|-|-|-|-|-|-|-|rsmod:wild_cave_ursine_charged:attack:stance1|-|-|-|-|-|-|-|-|-|-|-|-|-|-|0|-|-|-|-|-|none|none|none|none|none|rsmod
item|27660|crush|245|-|-|-|-|-|-|-|-|-|-|-|-|-|-|rsmod:wild_cave_ursine_charged:attack:stance2|-|-|-|-|-|-|-|-|-|-|-|-|-|-|1|-|-|-|-|-|none|none|none|none|none|rsmod
item|27660|crush|245|-|-|-|-|-|-|-|-|-|-|-|-|-|-|rsmod:wild_cave_ursine_charged:attack:stance4|-|-|-|-|-|-|-|-|-|-|-|-|-|-|3|-|-|-|-|-|none|none|none|none|none|rsmod
item|27660|stab|245|-|-|-|-|-|-|-|-|-|-|-|-|-|-|rsmod:wild_cave_ursine_charged:attack:stance3|-|-|-|-|-|-|-|-|-|-|-|-|-|-|2|-|-|-|-|-|none|none|none|none|none|rsmod
item|27662|magic|1058|-|-|-|-|-|-|-|-|-|-|-|-|-|-|rsmod:wild_cave_accursed_uncharged:attack:stance1|-|-|-|-|-|-|-|-|-|-|-|-|-|-|0|-|-|-|-|-|none|none|none|none|none|rsmod
item|27662|magic|1058|-|-|-|-|-|-|-|-|-|-|-|-|-|-|rsmod:wild_cave_accursed_uncharged:attack:stance2|-|-|-|-|-|-|-|-|-|-|-|-|-|-|1|-|-|-|-|-|none|none|none|none|none|rsmod
item|27662|magic|1058|-|-|-|-|-|-|-|-|-|-|-|-|-|-|rsmod:wild_cave_accursed_uncharged:attack:stance4|-|-|-|-|-|-|-|-|-|-|-|-|-|-|3|-|-|-|-|-|none|none|none|none|none|rsmod
item|27665|magic|1058|-|-|-|-|-|-|-|-|-|-|-|-|-|-|rsmod:wild_cave_accursed_charged:attack:stance1|-|-|-|-|-|-|-|-|-|-|-|-|-|-|0|-|-|-|-|-|none|none|none|none|none|rsmod
item|27665|magic|1058|-|-|-|-|-|-|-|-|-|-|-|-|-|-|rsmod:wild_cave_accursed_charged:attack:stance2|-|-|-|-|-|-|-|-|-|-|-|-|-|-|1|-|-|-|-|-|none|none|none|none|none|rsmod
item|27665|magic|1058|-|-|-|-|-|-|-|-|-|-|-|-|-|-|rsmod:wild_cave_accursed_charged:attack:stance4|-|-|-|-|-|-|-|-|-|-|-|-|-|-|3|-|-|-|-|-|none|none|none|none|none|rsmod
item|27679|crush|1058|-|-|-|-|-|-|-|-|-|-|-|-|-|-|rsmod:wild_cave_accursed_charged_recol:attack:stance1|-|-|-|-|-|-|-|-|-|-|-|-|-|-|0|-|-|-|-|-|none|none|none|none|none|rsmod
item|27679|crush|1058|-|-|-|-|-|-|-|-|-|-|-|-|-|-|rsmod:wild_cave_accursed_charged_recol:attack:stance2|-|-|-|-|-|-|-|-|-|-|-|-|-|-|1|-|-|-|-|-|none|none|none|none|none|rsmod
item|27679|crush|1058|-|-|-|-|-|-|-|-|-|-|-|-|-|-|rsmod:wild_cave_accursed_charged_recol:attack:stance4|-|-|-|-|-|-|-|-|-|-|-|-|-|-|3|-|-|-|-|-|none|none|none|none|none|rsmod
item|27690|slash|390|-|-|-|-|-|-|-|-|-|-|-|-|-|-|rsmod:voidwaker:attack:stance1|-|-|-|-|-|-|-|-|-|-|-|-|-|-|0|-|-|-|-|-|none|none|none|none|none|rsmod
item|27690|slash|390|-|-|-|-|-|-|-|-|-|-|-|-|-|-|rsmod:voidwaker:attack:stance2|-|-|-|-|-|-|-|-|-|-|-|-|-|-|1|-|-|-|-|-|none|none|none|none|none|rsmod
item|27690|slash|390|-|-|-|-|-|-|-|-|-|-|-|-|-|-|rsmod:voidwaker:attack:stance4|-|-|-|-|-|-|-|-|-|-|-|-|-|-|3|-|-|-|-|-|none|none|none|none|none|rsmod
item|27690|stab|386|-|-|-|-|-|-|-|-|-|-|-|-|-|-|rsmod:voidwaker:attack:stance3|-|-|-|-|-|-|-|-|-|-|-|-|-|-|2|-|-|-|-|-|none|none|none|none|none|rsmod
item|27788|crush|1058|-|-|-|-|-|-|-|-|-|-|-|-|-|-|rsmod:wild_cave_sceptre_charged_recol:attack:stance1|-|-|-|-|-|-|-|-|-|-|-|-|-|-|0|-|-|-|-|-|none|none|none|none|none|rsmod
item|27788|crush|1058|-|-|-|-|-|-|-|-|-|-|-|-|-|-|rsmod:wild_cave_sceptre_charged_recol:attack:stance2|-|-|-|-|-|-|-|-|-|-|-|-|-|-|1|-|-|-|-|-|none|none|none|none|none|rsmod
item|27788|crush|1058|-|-|-|-|-|-|-|-|-|-|-|-|-|-|rsmod:wild_cave_sceptre_charged_recol:attack:stance4|-|-|-|-|-|-|-|-|-|-|-|-|-|-|3|-|-|-|-|-|none|none|none|none|none|rsmod
item|27853|ranged|426|-|-|-|-|-|3|3|163|146|41|15|5|11|5|rsmod:bh_darkbow_imbue:attack:stance1|-|-|-|-|-|-|-|-|-|-|-|-|-|-|0|-|-|-|-|-|none|none|none|none|none|rsmod
item|27853|ranged|426|-|-|-|-|-|3|3|163|146|41|15|5|11|5|rsmod:bh_darkbow_imbue:attack:stance2|-|-|-|-|-|-|-|-|-|-|-|-|-|-|1|-|-|-|-|-|none|none|none|none|none|rsmod
item|27853|ranged|426|-|-|-|-|-|3|3|163|146|41|15|5|11|5|rsmod:bh_darkbow_imbue:attack:stance4|-|-|-|-|-|-|-|-|-|-|-|-|-|-|3|-|-|-|-|-|none|none|none|none|none|rsmod
item|27855|crush|5865|-|-|-|-|-|-|-|-|-|-|-|-|-|-|rsmod:bh_brain_anchor_imbue:attack:stance1|-|-|-|-|-|-|-|-|-|-|-|-|-|-|0|-|-|-|-|-|none|none|none|none|none|rsmod
item|27855|crush|5865|-|-|-|-|-|-|-|-|-|-|-|-|-|-|rsmod:bh_brain_anchor_imbue:attack:stance2|-|-|-|-|-|-|-|-|-|-|-|-|-|-|1|-|-|-|-|-|none|none|none|none|none|rsmod
item|27855|crush|5865|-|-|-|-|-|-|-|-|-|-|-|-|-|-|rsmod:bh_brain_anchor_imbue:attack:stance4|-|-|-|-|-|-|-|-|-|-|-|-|-|-|3|-|-|-|-|-|none|none|none|none|none|rsmod
item|27855|stab|5865|-|-|-|-|-|-|-|-|-|-|-|-|-|-|rsmod:bh_brain_anchor_imbue:attack:stance3|-|-|-|-|-|-|-|-|-|-|-|-|-|-|2|-|-|-|-|-|none|none|none|none|none|rsmod
item|27857|crush|401|-|-|-|-|-|-|-|-|-|-|-|-|-|-|rsmod:bh_dragon_mace_imbue:attack:stance1|-|-|-|-|-|-|-|-|-|-|-|-|-|-|0|-|-|-|-|-|none|none|none|none|none|rsmod
item|27857|crush|401|-|-|-|-|-|-|-|-|-|-|-|-|-|-|rsmod:bh_dragon_mace_imbue:attack:stance2|-|-|-|-|-|-|-|-|-|-|-|-|-|-|1|-|-|-|-|-|none|none|none|none|none|rsmod
item|27857|crush|401|-|-|-|-|-|-|-|-|-|-|-|-|-|-|rsmod:bh_dragon_mace_imbue:attack:stance4|-|-|-|-|-|-|-|-|-|-|-|-|-|-|3|-|-|-|-|-|none|none|none|none|none|rsmod
item|27857|stab|400|-|-|-|-|-|-|-|-|-|-|-|-|-|-|rsmod:bh_dragon_mace_imbue:attack:stance3|-|-|-|-|-|-|-|-|-|-|-|-|-|-|2|-|-|-|-|-|none|none|none|none|none|rsmod
item|27859|slash|390|-|-|-|-|-|-|-|-|-|-|-|-|-|-|rsmod:bh_dragon_longsword_imbue:attack:stance1|-|-|-|-|-|-|-|-|-|-|-|-|-|-|0|-|-|-|-|-|none|none|none|none|none|rsmod
item|27859|slash|390|-|-|-|-|-|-|-|-|-|-|-|-|-|-|rsmod:bh_dragon_longsword_imbue:attack:stance2|-|-|-|-|-|-|-|-|-|-|-|-|-|-|1|-|-|-|-|-|none|none|none|none|none|rsmod
item|27859|slash|390|-|-|-|-|-|-|-|-|-|-|-|-|-|-|rsmod:bh_dragon_longsword_imbue:attack:stance4|-|-|-|-|-|-|-|-|-|-|-|-|-|-|3|-|-|-|-|-|none|none|none|none|none|rsmod
item|27859|stab|386|-|-|-|-|-|-|-|-|-|-|-|-|-|-|rsmod:bh_dragon_longsword_imbue:attack:stance3|-|-|-|-|-|-|-|-|-|-|-|-|-|-|2|-|-|-|-|-|none|none|none|none|none|rsmod
item|27861|slash|3294|-|-|-|-|-|-|-|-|-|-|-|-|-|-|rsmod:bh_abyssal_dagger_imbue:attack:stance3|-|-|-|-|-|-|-|-|-|-|-|-|-|-|2|-|-|-|-|-|none|none|none|none|none|rsmod
item|27861|stab|3297|-|-|-|-|-|-|-|-|-|-|-|-|-|-|rsmod:bh_abyssal_dagger_imbue:attack:stance1|-|-|-|-|-|-|-|-|-|-|-|-|-|-|0|-|-|-|-|-|none|none|none|none|none|rsmod
item|27861|stab|3297|-|-|-|-|-|-|-|-|-|-|-|-|-|-|rsmod:bh_abyssal_dagger_imbue:attack:stance2|-|-|-|-|-|-|-|-|-|-|-|-|-|-|1|-|-|-|-|-|none|none|none|none|none|rsmod
item|27861|stab|3297|-|-|-|-|-|-|-|-|-|-|-|-|-|-|rsmod:bh_abyssal_dagger_imbue:attack:stance4|-|-|-|-|-|-|-|-|-|-|-|-|-|-|3|-|-|-|-|-|none|none|none|none|none|rsmod
item|27863|slash|3294|-|-|-|-|-|-|-|-|-|-|-|-|-|-|rsmod:bh_abyssal_dagger_p_imbue:attack:stance3|-|-|-|-|-|-|-|-|-|-|-|-|-|-|2|-|-|-|-|-|none|none|none|none|none|rsmod
item|27863|stab|3297|-|-|-|-|-|-|-|-|-|-|-|-|-|-|rsmod:bh_abyssal_dagger_p_imbue:attack:stance1|-|-|-|-|-|-|-|-|-|-|-|-|-|-|0|-|-|-|-|-|none|none|none|none|none|rsmod
item|27863|stab|3297|-|-|-|-|-|-|-|-|-|-|-|-|-|-|rsmod:bh_abyssal_dagger_p_imbue:attack:stance2|-|-|-|-|-|-|-|-|-|-|-|-|-|-|1|-|-|-|-|-|none|none|none|none|none|rsmod
item|27863|stab|3297|-|-|-|-|-|-|-|-|-|-|-|-|-|-|rsmod:bh_abyssal_dagger_p_imbue:attack:stance4|-|-|-|-|-|-|-|-|-|-|-|-|-|-|3|-|-|-|-|-|none|none|none|none|none|rsmod
item|27865|slash|3294|-|-|-|-|-|-|-|-|-|-|-|-|-|-|rsmod:bh_abyssal_dagger_p+_imbue:attack:stance3|-|-|-|-|-|-|-|-|-|-|-|-|-|-|2|-|-|-|-|-|none|none|none|none|none|rsmod
item|27865|stab|3297|-|-|-|-|-|-|-|-|-|-|-|-|-|-|rsmod:bh_abyssal_dagger_p+_imbue:attack:stance1|-|-|-|-|-|-|-|-|-|-|-|-|-|-|0|-|-|-|-|-|none|none|none|none|none|rsmod
item|27865|stab|3297|-|-|-|-|-|-|-|-|-|-|-|-|-|-|rsmod:bh_abyssal_dagger_p+_imbue:attack:stance2|-|-|-|-|-|-|-|-|-|-|-|-|-|-|1|-|-|-|-|-|none|none|none|none|none|rsmod
item|27865|stab|3297|-|-|-|-|-|-|-|-|-|-|-|-|-|-|rsmod:bh_abyssal_dagger_p+_imbue:attack:stance4|-|-|-|-|-|-|-|-|-|-|-|-|-|-|3|-|-|-|-|-|none|none|none|none|none|rsmod
item|27867|slash|3294|-|-|-|-|-|-|-|-|-|-|-|-|-|-|rsmod:bh_abyssal_dagger_p++_imbue:attack:stance3|-|-|-|-|-|-|-|-|-|-|-|-|-|-|2|-|-|-|-|-|none|none|none|none|none|rsmod
item|27867|stab|3297|-|-|-|-|-|-|-|-|-|-|-|-|-|-|rsmod:bh_abyssal_dagger_p++_imbue:attack:stance1|-|-|-|-|-|-|-|-|-|-|-|-|-|-|0|-|-|-|-|-|none|none|none|none|none|rsmod
item|27867|stab|3297|-|-|-|-|-|-|-|-|-|-|-|-|-|-|rsmod:bh_abyssal_dagger_p++_imbue:attack:stance2|-|-|-|-|-|-|-|-|-|-|-|-|-|-|1|-|-|-|-|-|none|none|none|none|none|rsmod
item|27867|stab|3297|-|-|-|-|-|-|-|-|-|-|-|-|-|-|rsmod:bh_abyssal_dagger_p++_imbue:attack:stance4|-|-|-|-|-|-|-|-|-|-|-|-|-|-|3|-|-|-|-|-|none|none|none|none|none|rsmod
item|27869|slash|390|-|-|-|-|-|-|-|-|-|-|-|-|-|-|rsmod:br_voidwaker:attack:stance1|-|-|-|-|-|-|-|-|-|-|-|-|-|-|0|-|-|-|-|-|none|none|none|none|none|rsmod
item|27869|slash|390|-|-|-|-|-|-|-|-|-|-|-|-|-|-|rsmod:br_voidwaker:attack:stance2|-|-|-|-|-|-|-|-|-|-|-|-|-|-|1|-|-|-|-|-|none|none|none|none|none|rsmod
item|27869|slash|390|-|-|-|-|-|-|-|-|-|-|-|-|-|-|rsmod:br_voidwaker:attack:stance4|-|-|-|-|-|-|-|-|-|-|-|-|-|-|3|-|-|-|-|-|none|none|none|none|none|rsmod
item|27869|stab|386|-|-|-|-|-|-|-|-|-|-|-|-|-|-|rsmod:br_voidwaker:attack:stance3|-|-|-|-|-|-|-|-|-|-|-|-|-|-|2|-|-|-|-|-|none|none|none|none|none|rsmod
item|27900|crush|429|-|-|-|-|-|-|-|-|-|-|-|-|-|-|rsmod:vestas_spear_bh:attack:stance3|-|-|-|-|-|-|-|-|-|-|-|-|-|-|2|-|-|-|-|-|none|none|none|none|none|rsmod
item|27900|slash|440|-|-|-|-|-|-|-|-|-|-|-|-|-|-|rsmod:vestas_spear_bh:attack:stance2|-|-|-|-|-|-|-|-|-|-|-|-|-|-|1|-|-|-|-|-|none|none|none|none|none|rsmod
item|27900|stab|428|-|-|-|-|-|-|-|-|-|-|-|-|-|-|rsmod:vestas_spear_bh:attack:stance1|-|-|-|-|-|-|-|-|-|-|-|-|-|-|0|-|-|-|-|-|none|none|none|none|none|rsmod
item|27900|stab|428|-|-|-|-|-|-|-|-|-|-|-|-|-|-|rsmod:vestas_spear_bh:attack:stance4|-|-|-|-|-|-|-|-|-|-|-|-|-|-|3|-|-|-|-|-|none|none|none|none|none|rsmod
item|27904|slash|390|-|-|-|-|-|-|-|-|-|-|-|-|-|-|rsmod:vestas_longsword_bh:attack:stance1|-|-|-|-|-|-|-|-|-|-|-|-|-|-|0|-|-|-|-|-|none|none|none|none|none|rsmod
item|27904|slash|390|-|-|-|-|-|-|-|-|-|-|-|-|-|-|rsmod:vestas_longsword_bh:attack:stance2|-|-|-|-|-|-|-|-|-|-|-|-|-|-|1|-|-|-|-|-|none|none|none|none|none|rsmod
item|27904|slash|390|-|-|-|-|-|-|-|-|-|-|-|-|-|-|rsmod:vestas_longsword_bh:attack:stance4|-|-|-|-|-|-|-|-|-|-|-|-|-|-|3|-|-|-|-|-|none|none|none|none|none|rsmod
item|27904|stab|8145|-|-|-|-|-|-|-|-|-|-|-|-|-|-|rsmod:vestas_longsword_bh:attack:stance3|-|-|-|-|-|-|-|-|-|-|-|-|-|-|2|-|-|-|-|-|none|none|none|none|none|rsmod
item|27908|crush|401|-|-|-|-|-|-|-|-|-|-|-|-|-|-|rsmod:statius_warhammer_bh:attack:stance1|-|-|-|-|-|-|-|-|-|-|-|-|-|-|0|-|-|-|-|-|none|none|none|none|none|rsmod
item|27908|crush|401|-|-|-|-|-|-|-|-|-|-|-|-|-|-|rsmod:statius_warhammer_bh:attack:stance2|-|-|-|-|-|-|-|-|-|-|-|-|-|-|1|-|-|-|-|-|none|none|none|none|none|rsmod
item|27908|crush|401|-|-|-|-|-|-|-|-|-|-|-|-|-|-|rsmod:statius_warhammer_bh:attack:stance4|-|-|-|-|-|-|-|-|-|-|-|-|-|-|3|-|-|-|-|-|none|none|none|none|none|rsmod
item|27912|ranged|929|-|-|-|-|-|2|2|163|146|32|15|0|11|5|rsmod:morrigans_thrownaxe_bh:attack:stance1|-|-|-|-|-|-|-|-|-|-|-|-|-|-|0|-|-|-|-|-|none|none|none|none|none|rsmod
item|27912|ranged|929|-|-|-|-|-|2|2|163|146|32|15|0|11|5|rsmod:morrigans_thrownaxe_bh:attack:stance2|-|-|-|-|-|-|-|-|-|-|-|-|-|-|1|-|-|-|-|-|none|none|none|none|none|rsmod
item|27912|ranged|929|-|-|-|-|-|2|2|163|146|32|15|0|11|5|rsmod:morrigans_thrownaxe_bh:attack:stance4|-|-|-|-|-|-|-|-|-|-|-|-|-|-|3|-|-|-|-|-|none|none|none|none|none|rsmod
item|27916|ranged|929|-|-|-|-|-|2|2|163|146|32|15|0|11|5|rsmod:morrigans_javelin_bh:attack:stance1|-|-|-|-|-|-|-|-|-|-|-|-|-|-|0|-|-|-|-|-|none|none|none|none|none|rsmod
item|27916|ranged|929|-|-|-|-|-|2|2|163|146|32|15|0|11|5|rsmod:morrigans_javelin_bh:attack:stance2|-|-|-|-|-|-|-|-|-|-|-|-|-|-|1|-|-|-|-|-|none|none|none|none|none|rsmod
item|27916|ranged|929|-|-|-|-|-|2|2|163|146|32|15|0|11|5|rsmod:morrigans_javelin_bh:attack:stance4|-|-|-|-|-|-|-|-|-|-|-|-|-|-|3|-|-|-|-|-|none|none|none|none|none|rsmod
item|27920|crush|414|-|-|-|-|-|-|-|-|-|-|-|-|-|-|rsmod:zuriels_staff_bh:attack:stance1|-|-|-|-|-|-|-|-|-|-|-|-|-|-|0|-|-|-|-|-|none|none|none|none|none|rsmod
item|27920|crush|414|-|-|-|-|-|-|-|-|-|-|-|-|-|-|rsmod:zuriels_staff_bh:attack:stance2|-|-|-|-|-|-|-|-|-|-|-|-|-|-|1|-|-|-|-|-|none|none|none|none|none|rsmod
item|27920|crush|414|-|-|-|-|-|-|-|-|-|-|-|-|-|-|rsmod:zuriels_staff_bh:attack:stance4|-|-|-|-|-|-|-|-|-|-|-|-|-|-|3|-|-|-|-|-|none|none|none|none|none|rsmod
item|28338|crush|10171|-|-|-|-|-|-|-|-|-|-|-|-|-|-|rsmod:soulreaper:attack:stance3|-|-|-|-|-|-|-|-|-|-|-|-|-|-|2|-|-|-|-|-|none|none|none|none|none|rsmod
item|28338|slash|10172|-|-|-|-|-|-|-|-|-|-|-|-|-|-|rsmod:soulreaper:attack:stance1|-|-|-|-|-|-|-|-|-|-|-|-|-|-|0|-|-|-|-|-|none|none|none|none|none|rsmod
item|28338|slash|10172|-|-|-|-|-|-|-|-|-|-|-|-|-|-|rsmod:soulreaper:attack:stance2|-|-|-|-|-|-|-|-|-|-|-|-|-|-|1|-|-|-|-|-|none|none|none|none|none|rsmod
item|28338|slash|10172|-|-|-|-|-|-|-|-|-|-|-|-|-|-|rsmod:soulreaper:attack:stance4|-|-|-|-|-|-|-|-|-|-|-|-|-|-|3|-|-|-|-|-|none|none|none|none|none|rsmod
item|28688|ranged|10656|-|-|-|-|-|2|2|163|146|32|15|0|11|5|rsmod:toxic_blowpipe_loaded_ornament:attack:stance1|-|-|-|-|-|-|-|-|-|-|-|-|-|-|0|-|-|-|-|-|none|none|none|none|none|rsmod
item|28688|ranged|10656|-|-|-|-|-|2|2|163|146|32|15|0|11|5|rsmod:toxic_blowpipe_loaded_ornament:attack:stance2|-|-|-|-|-|-|-|-|-|-|-|-|-|-|1|-|-|-|-|-|none|none|none|none|none|rsmod
item|28688|ranged|10656|-|-|-|-|-|2|2|163|146|32|15|0|11|5|rsmod:toxic_blowpipe_loaded_ornament:attack:stance4|-|-|-|-|-|-|-|-|-|-|-|-|-|-|3|-|-|-|-|-|none|none|none|none|none|rsmod
item|28834|slash|5247|-|-|-|-|-|-|-|-|-|-|-|-|-|-|rsmod:mountain_salamander:attack:stance1|-|-|-|-|-|-|-|-|-|-|-|-|-|-|0|-|-|-|-|-|none|none|none|none|none|rsmod
item|28919|ranged|10922|-|-|-|-|-|2|2|163|146|32|15|0|11|5|rsmod:tonalztics_of_ralos_uncharged:attack:stance1|-|-|-|-|-|-|-|-|-|-|-|-|-|-|0|-|-|-|-|-|none|none|none|none|none|rsmod
item|28919|ranged|10922|-|-|-|-|-|2|2|163|146|32|15|0|11|5|rsmod:tonalztics_of_ralos_uncharged:attack:stance2|-|-|-|-|-|-|-|-|-|-|-|-|-|-|1|-|-|-|-|-|none|none|none|none|none|rsmod
item|28919|ranged|10922|-|-|-|-|-|2|2|163|146|32|15|0|11|5|rsmod:tonalztics_of_ralos_uncharged:attack:stance4|-|-|-|-|-|-|-|-|-|-|-|-|-|-|3|-|-|-|-|-|none|none|none|none|none|rsmod
item|28922|ranged|10922|-|-|-|-|-|2|2|163|146|32|15|0|11|5|rsmod:tonalztics_of_ralos_charged:attack:stance1|-|-|-|-|-|-|-|-|-|-|-|-|-|-|0|-|-|-|-|-|none|none|none|none|none|rsmod
item|28922|ranged|10922|-|-|-|-|-|2|2|163|146|32|15|0|11|5|rsmod:tonalztics_of_ralos_charged:attack:stance2|-|-|-|-|-|-|-|-|-|-|-|-|-|-|1|-|-|-|-|-|none|none|none|none|none|rsmod
item|28922|ranged|10922|-|-|-|-|-|2|2|163|146|32|15|0|11|5|rsmod:tonalztics_of_ralos_charged:attack:stance4|-|-|-|-|-|-|-|-|-|-|-|-|-|-|3|-|-|-|-|-|none|none|none|none|none|rsmod
item|28988|crush|1711|-|-|-|-|-|-|-|-|-|-|-|-|-|-|rsmod:frostmoon_spear:attack:stance4|-|-|-|-|-|-|-|-|-|-|-|-|-|-|3|-|-|-|-|-|none|none|none|none|none|rsmod
item|28988|slash|1712|-|-|-|-|-|-|-|-|-|-|-|-|-|-|rsmod:frostmoon_spear:attack:stance2|-|-|-|-|-|-|-|-|-|-|-|-|-|-|1|-|-|-|-|-|none|none|none|none|none|rsmod
item|28988|stab|1711|-|-|-|-|-|-|-|-|-|-|-|-|-|-|rsmod:frostmoon_spear:attack:stance1|-|-|-|-|-|-|-|-|-|-|-|-|-|-|0|-|-|-|-|-|none|none|none|none|none|rsmod
item|28997|crush|10989|-|-|-|-|-|-|-|-|-|-|-|-|-|-|rsmod:dual_macuahuitl:attack:stance1|-|-|-|-|-|-|-|-|-|-|-|-|-|-|0|-|-|-|-|-|none|none|none|none|none|rsmod
item|28997|crush|10989|-|-|-|-|-|-|-|-|-|-|-|-|-|-|rsmod:dual_macuahuitl:attack:stance2|-|-|-|-|-|-|-|-|-|-|-|-|-|-|1|-|-|-|-|-|none|none|none|none|none|rsmod
item|28997|crush|10989|-|-|-|-|-|-|-|-|-|-|-|-|-|-|rsmod:dual_macuahuitl:attack:stance4|-|-|-|-|-|-|-|-|-|-|-|-|-|-|3|-|-|-|-|-|none|none|none|none|none|rsmod
item|28997|stab|10989|-|-|-|-|-|-|-|-|-|-|-|-|-|-|rsmod:dual_macuahuitl:attack:stance3|-|-|-|-|-|-|-|-|-|-|-|-|-|-|2|-|-|-|-|-|none|none|none|none|none|rsmod
item|29000|ranged|11057|-|-|-|-|-|3|3|163|146|41|15|5|11|5|rsmod:eclipse_atlatl:attack:stance1|-|-|-|-|-|-|-|-|-|-|-|-|-|-|0|-|-|-|-|-|none|none|none|none|none|rsmod
item|29000|ranged|11057|-|-|-|-|-|3|3|163|146|41|15|5|11|5|rsmod:eclipse_atlatl:attack:stance2|-|-|-|-|-|-|-|-|-|-|-|-|-|-|1|-|-|-|-|-|none|none|none|none|none|rsmod
item|29000|ranged|11057|-|-|-|-|-|3|3|163|146|41|15|5|11|5|rsmod:eclipse_atlatl:attack:stance4|-|-|-|-|-|-|-|-|-|-|-|-|-|-|3|-|-|-|-|-|none|none|none|none|none|rsmod
item|29084|slash|2068|-|-|-|-|-|-|-|-|-|-|-|-|-|-|rsmod:sulphur_blades:attack:stance1|-|-|-|-|-|-|-|-|-|-|-|-|-|-|0|-|-|-|-|-|none|none|none|none|none|rsmod
item|29084|slash|2068|-|-|-|-|-|-|-|-|-|-|-|-|-|-|rsmod:sulphur_blades:attack:stance2|-|-|-|-|-|-|-|-|-|-|-|-|-|-|1|-|-|-|-|-|none|none|none|none|none|rsmod
item|29084|slash|2068|-|-|-|-|-|-|-|-|-|-|-|-|-|-|rsmod:sulphur_blades:attack:stance4|-|-|-|-|-|-|-|-|-|-|-|-|-|-|3|-|-|-|-|-|none|none|none|none|none|rsmod
item|29084|stab|2068|-|-|-|-|-|-|-|-|-|-|-|-|-|-|rsmod:sulphur_blades:attack:stance3|-|-|-|-|-|-|-|-|-|-|-|-|-|-|2|-|-|-|-|-|none|none|none|none|none|rsmod
item|29796|slash|440|-|-|-|-|-|-|-|-|-|-|-|-|-|-|rsmod:noxious_halberd:attack:stance2|-|-|-|-|-|-|-|-|-|-|-|-|-|-|1|-|-|-|-|-|none|none|none|none|none|rsmod
item|29796|stab|428|-|-|-|-|-|-|-|-|-|-|-|-|-|-|rsmod:noxious_halberd:attack:stance1|-|-|-|-|-|-|-|-|-|-|-|-|-|-|0|-|-|-|-|-|none|none|none|none|none|rsmod
item|29796|stab|428|-|-|-|-|-|-|-|-|-|-|-|-|-|-|rsmod:noxious_halberd:attack:stance4|-|-|-|-|-|-|-|-|-|-|-|-|-|-|3|-|-|-|-|-|none|none|none|none|none|rsmod
item|29849|crush|1711|-|-|-|-|-|-|-|-|-|-|-|-|-|-|rsmod:br_frostmoon_spear:attack:stance4|-|-|-|-|-|-|-|-|-|-|-|-|-|-|3|-|-|-|-|-|none|none|none|none|none|rsmod
item|29849|slash|1712|-|-|-|-|-|-|-|-|-|-|-|-|-|-|rsmod:br_frostmoon_spear:attack:stance2|-|-|-|-|-|-|-|-|-|-|-|-|-|-|1|-|-|-|-|-|none|none|none|none|none|rsmod
item|29849|stab|1711|-|-|-|-|-|-|-|-|-|-|-|-|-|-|rsmod:br_frostmoon_spear:attack:stance1|-|-|-|-|-|-|-|-|-|-|-|-|-|-|0|-|-|-|-|-|none|none|none|none|none|rsmod
item|29851|ranged|11057|-|-|-|-|-|3|3|163|146|41|15|5|11|5|rsmod:br_eclipse_atlatl:attack:stance1|-|-|-|-|-|-|-|-|-|-|-|-|-|-|0|-|-|-|-|-|none|none|none|none|none|rsmod
item|29851|ranged|11057|-|-|-|-|-|3|3|163|146|41|15|5|11|5|rsmod:br_eclipse_atlatl:attack:stance2|-|-|-|-|-|-|-|-|-|-|-|-|-|-|1|-|-|-|-|-|none|none|none|none|none|rsmod
item|29851|ranged|11057|-|-|-|-|-|3|3|163|146|41|15|5|11|5|rsmod:br_eclipse_atlatl:attack:stance4|-|-|-|-|-|-|-|-|-|-|-|-|-|-|3|-|-|-|-|-|none|none|none|none|none|rsmod
npc|239|magic|86|1|54|-|3154|373|3|3|172|124|41|16|0|64|5|curated:b237:kbd:fiery_breath|-|-|-|-|-|-|-|-|-|-|-|-|-|-|-|Fiery Breath|-|-|-|-|travel_projectile|source_actor|target_actor|source_actor|target_actor|curated
npc|239|magic|86|1|54|-|3154|373|3|3|172|124|41|16|0|64|5|curated:b237:kbd:toxic_breath|-|-|-|-|-|-|-|-|-|-|-|-|-|-|-|Toxic Breath|-|-|-|-|travel_projectile|source_actor|target_actor|source_actor|target_actor|curated
npc|239|magic|86|1|54|-|3154|373|3|3|172|124|41|16|0|64|5|curated:b237:kbd:shocking_breath|-|-|-|-|-|-|-|-|-|-|-|-|-|-|-|Shocking Breath|-|-|-|-|travel_projectile|source_actor|target_actor|source_actor|target_actor|curated
npc|239|magic|86|1|54|-|3154|373|3|3|172|124|41|16|0|64|5|curated:b237:kbd:icy_breath|-|-|-|-|-|-|-|-|-|-|-|-|-|-|-|Icy Breath|-|-|-|-|travel_projectile|source_actor|target_actor|source_actor|target_actor|curated
npc|239|melee|80|-|-|-|-|-|-|-|-|-|-|-|-|-|-|curated:b237:kbd:melee|-|-|-|-|-|-|-|-|-|-|-|-|-|-|-|Melee Bite|-|-|-|-|none|none|none|none|none|curated
npc|2215|melee|7018|-|-|-|-|-|-|-|-|-|-|-|-|-|-|curated:b237:bandos:graardor_melee|-|-|-|-|-|-|-|-|-|-|-|-|-|-|-|Melee Punch|-|-|-|-|none|none|none|none|none|curated
npc|2215|ranged|7021|1203|1202|1203|28083|7022|3|3|163|146|31|16|29|11|5|curated:b237:bandos:graardor_shockwave|-|-|-|-|-|-|-|-|-|-|-|-|-|-|-|Shockwave Slam|-|-|-|-|travel_projectile|source_actor|target_actor|source_actor|target_actor|curated
npc|2216|melee|6154|-|-|-|-|-|-|-|-|-|-|-|-|-|-|curated:b237:bandos:strongstack_melee|-|-|-|-|-|-|-|-|-|-|-|-|-|-|-|Melee|-|-|-|-|none|none|none|none|none|curated
npc|2217|magic|7071|1216|1217|1218|28104|7069|3|3|144|124|30|16|6|64|10|curated:b237:bandos:steelwill_magic|-|-|-|-|-|-|-|-|-|-|-|-|-|-|-|Magic Bolt|-|-|-|-|travel_projectile|source_actor|target_actor|source_actor|target_actor|curated
npc|2218|ranged|7073|1219|1220|-|28099|7074|2|2|163|146|32|15|0|11|5|curated:b237:bandos:grimspike_ranged|-|-|-|-|-|-|-|-|-|-|-|-|-|-|-|Ranged Spear|-|-|-|-|travel_projectile|source_actor|target_actor|source_actor|target_actor|curated
npc|3127|magic|2656|439|445|446|9335|2648|3|3|172|124|41|16|0|64|5|curated:b237:jad_magic|-|-|-|-|-|-|-|-|-|-|-|-|-|-|-|Magic|92|-|-|-|travel_projectile|source_center|target_actor|source_actor|target_actor|curated
npc|3127|melee|2655|-|-|-|-|-|-|-|-|-|-|-|-|-|-|curated:b237:jad_melee|-|-|-|-|-|-|-|-|-|-|-|-|-|-|-|Melee|-|-|-|-|none|none|none|none|none|curated
npc|3127|ranged|2652|440|-|451|-|-|3|3|768|52|60|0|0|0|0|curated:b237:jad_ranged|-|-|-|-|-|-|-|-|-|-|-|-|-|-|-|Ranged|-|52|-|-|fixed_tile_impact|target_tile|target_tile|none|fixed_tile|curated
npc|8061|magic|7952|-|1479|1480|35033|7884|3|3|172|124|51|16|-5|64|10|curated:b237:vorkath:magic|-|-|-|-|-|-|-|-|-|-|-|-|-|-|-|Magic|-|-|-|-|travel_projectile|source_actor|target_actor|none|target_actor|curated
npc|8061|magic|7952|-|1481|-|35034|7884|3|3|172|124|41|16|0|64|5|curated:b237:vorkath:standard_dragonfire|-|-|-|-|-|-|-|-|-|-|-|-|-|-|-|Standard Dragonfire|-|-|-|-|travel_projectile|source_actor|target_actor|none|target_actor|curated
npc|8061|magic|7952|-|1481|-|35034|7884|3|3|172|124|41|16|0|64|5|curated:b237:vorkath:venomous_dragonfire|-|-|-|-|-|-|-|-|-|-|-|-|-|-|-|Venomous Dragonfire|-|-|-|-|travel_projectile|source_actor|target_actor|none|target_actor|curated
npc|8061|magic|7952|-|1481|-|35034|7884|3|3|172|124|41|16|0|64|5|curated:b237:vorkath:corrupting_dragonfire|-|-|-|-|-|-|-|-|-|-|-|-|-|-|-|Corrupting Dragonfire|-|-|-|-|travel_projectile|source_actor|target_actor|none|target_actor|curated
npc|8061|magic|7952|-|1481|-|35034|7884|3|3|172|124|41|16|0|64|5|curated:b237:vorkath:deadly_dragonfire|-|-|-|-|-|-|-|-|-|-|-|-|-|-|-|Deadly Dragonfire|-|-|-|-|travel_projectile|source_actor|target_actor|none|target_actor|curated
npc|8061|melee|7951|-|-|-|-|-|-|-|-|-|-|-|-|-|-|curated:b237:vorkath:melee|-|-|-|-|-|-|-|-|-|-|-|-|-|-|-|Melee|-|-|-|-|none|none|none|none|none|curated
npc|8061|ranged|7952|-|1477|1478|34658|4500|3|3|155|146|41|5|5|11|5|curated:b237:vorkath:ranged|-|-|-|-|-|-|-|-|-|-|-|-|-|-|-|Ranged|-|-|-|-|travel_projectile|source_actor|target_actor|none|target_actor|curated
special|1215|any|1062|-|-|-|-|-|-|-|-|-|-|-|-|-|-|b237:special:dragon_dagger|-|-|-|-|-|-|-|-|-|-|-|-|-|-|-|-|-|-|-|-|none|none|none|none|none|b237
special|1231|any|1062|-|-|-|-|-|-|-|-|-|-|-|-|-|-|b237:special:dragon_dagger_p|-|-|-|-|-|-|-|-|-|-|-|-|-|-|-|-|-|-|-|-|none|none|none|none|none|b237
special|1305|any|1058|248|-|-|-|-|-|-|-|-|-|-|-|-|-|rsmod:special:dragon_longsword|-|-|-|-|-|-|-|-|-|-|-|-|-|-|-|-|-|-|-|-|launch_effect|source_actor|none|source_actor|none|rsmod
special|4153|any|1667|-|-|-|-|-|-|-|-|-|-|-|-|-|-|b237:special:granite_maul|-|-|-|-|-|-|-|-|-|-|-|-|-|-|-|-|-|-|-|-|none|none|none|none|none|b237
special|5680|any|1062|-|-|-|-|-|-|-|-|-|-|-|-|-|-|b237:special:dragon_dagger_p+|-|-|-|-|-|-|-|-|-|-|-|-|-|-|-|-|-|-|-|-|none|none|none|none|none|b237
special|5698|any|1062|-|-|-|-|-|-|-|-|-|-|-|-|-|-|b237:special:dragon_dagger_p++|-|-|-|-|-|-|-|-|-|-|-|-|-|-|-|-|-|-|-|-|none|none|none|none|none|b237
special|11235|ranged|426|-|-|-|-|-|3|3|163|146|41|5|5|11|5|rsmod:special:darkbow:darkbow|2|163|146|41|25|14|11|10|1101|1103|26393|6590|1|-|-|-|-|-|-|-|multi_projectile|source_actor|target_actor|none|target_actor|rsmod
special|11785|ranged|427|301|-|-|-|-|-|-|-|-|-|-|-|-|-|b237:special:armadyl_crossbow|-|-|-|-|-|-|-|-|-|-|-|-|-|-|-|-|-|-|-|-|launch_effect|source_actor|none|source_actor|none|b237
special|11802|any|7644|1206|-|-|-|-|-|-|-|-|-|-|-|-|-|b237:special:armadyl_godsword|-|-|-|-|-|-|-|-|-|-|-|-|-|-|-|-|-|-|-|-|launch_effect|source_actor|none|source_actor|none|b237
special|11804|any|7642|1208|-|-|-|-|-|-|-|-|-|-|-|-|-|b237:special:bandos_godsword|-|-|-|-|-|-|-|-|-|-|-|-|-|-|-|-|-|-|-|-|launch_effect|source_actor|none|source_actor|none|b237
special|11806|any|7640|1207|-|-|-|-|-|-|-|-|-|-|-|-|-|b237:special:saradomin_godsword|-|-|-|-|-|-|-|-|-|-|-|-|-|-|-|-|-|-|-|-|launch_effect|source_actor|none|source_actor|none|b237
special|11808|any|7638|1205|-|-|-|-|-|-|-|-|-|-|-|-|-|b237:special:zamorak_godsword|-|-|-|-|-|-|-|-|-|-|-|-|-|-|-|-|-|-|-|-|launch_effect|source_actor|none|source_actor|none|b237
special|12765|ranged|426|-|-|-|-|-|3|3|163|146|41|5|5|11|5|rsmod:special:darkbow_green:darkbow|2|163|146|41|25|14|11|10|1101|1103|26393|6590|1|-|-|-|-|-|-|-|multi_projectile|source_actor|target_actor|none|target_actor|rsmod
special|12766|ranged|426|-|-|-|-|-|3|3|163|146|41|5|5|11|5|rsmod:special:darkbow_blue:darkbow|2|163|146|41|25|14|11|10|1101|1103|26393|6590|1|-|-|-|-|-|-|-|multi_projectile|source_actor|target_actor|none|target_actor|rsmod
special|12767|ranged|426|-|-|-|-|-|3|3|163|146|41|5|5|11|5|rsmod:special:darkbow_yellow:darkbow|2|163|146|41|25|14|11|10|1101|1103|26393|6590|1|-|-|-|-|-|-|-|multi_projectile|source_actor|target_actor|none|target_actor|rsmod
special|12768|ranged|426|-|-|-|-|-|3|3|163|146|41|5|5|11|5|rsmod:special:darkbow_white:darkbow|2|163|146|41|25|14|11|10|1101|1103|26393|6590|1|-|-|-|-|-|-|-|multi_projectile|source_actor|target_actor|none|target_actor|rsmod
special|12848|any|1667|-|-|-|-|-|-|-|-|-|-|-|-|-|-|b237:special:granite_maul_pretty|-|-|-|-|-|-|-|-|-|-|-|-|-|-|-|-|-|-|-|-|none|none|none|none|none|b237
special|12926|ranged|5061|1043|-|-|-|-|-|-|-|-|-|-|-|-|-|b237:special:toxic_blowpipe|-|-|-|-|-|-|-|-|-|-|-|-|-|-|-|-|-|-|-|-|launch_effect|source_actor|none|source_actor|none|b237
special|13265|any|3300|1283|-|-|-|-|-|-|-|-|-|-|-|-|-|b237:special:abyssal_dagger|-|-|-|-|-|-|-|-|-|-|-|-|-|-|-|-|-|-|-|-|launch_effect|source_actor|none|source_actor|none|b237
special|13267|any|3300|1283|-|-|-|-|-|-|-|-|-|-|-|-|-|b237:special:abyssal_dagger_p|-|-|-|-|-|-|-|-|-|-|-|-|-|-|-|-|-|-|-|-|launch_effect|source_actor|none|source_actor|none|b237
special|13269|any|3300|1283|-|-|-|-|-|-|-|-|-|-|-|-|-|b237:special:abyssal_dagger_p+|-|-|-|-|-|-|-|-|-|-|-|-|-|-|-|-|-|-|-|-|launch_effect|source_actor|none|source_actor|none|b237
special|13271|any|3300|1283|-|-|-|-|-|-|-|-|-|-|-|-|-|b237:special:abyssal_dagger_p++|-|-|-|-|-|-|-|-|-|-|-|-|-|-|-|-|-|-|-|-|launch_effect|source_actor|none|source_actor|none|b237
special|13576|any|1378|1292|-|-|-|-|-|-|-|-|-|-|-|-|-|b237:special:dragon_warhammer|-|-|-|-|-|-|-|-|-|-|-|-|-|-|-|-|-|-|-|-|launch_effect|source_actor|none|source_actor|none|b237
special|13652|any|7514|1171|-|-|-|-|-|-|-|-|-|-|-|-|-|b237:special:dragon_claws|-|-|-|-|-|-|-|-|-|-|-|-|-|-|-|-|-|-|-|-|launch_effect|source_actor|none|source_actor|none|b237
special|19478|ranged|7222|344|182|183|2240|731|2|2|-|-|-|-|-|-|-|b237:special:light_ballista|-|-|-|-|-|-|-|-|-|-|-|-|-|-|-|-|-|-|-|-|travel_projectile|source_actor|target_actor|source_actor|target_actor|b237
special|19481|ranged|7222|344|182|183|2240|731|2|2|-|-|-|-|-|-|-|b237:special:heavy_ballista|-|-|-|-|-|-|-|-|-|-|-|-|-|-|-|-|-|-|-|-|travel_projectile|source_actor|target_actor|source_actor|target_actor|b237
special|20368|any|7645|1206|-|-|-|-|-|-|-|-|-|-|-|-|-|b237:special:armadyl_godsword_ornate|-|-|-|-|-|-|-|-|-|-|-|-|-|-|-|-|-|-|-|-|launch_effect|source_actor|none|source_actor|none|b237
special|20370|any|7643|1208|-|-|-|-|-|-|-|-|-|-|-|-|-|b237:special:bandos_godsword_ornate|-|-|-|-|-|-|-|-|-|-|-|-|-|-|-|-|-|-|-|-|launch_effect|source_actor|none|source_actor|none|b237
special|20372|any|7641|1207|-|-|-|-|-|-|-|-|-|-|-|-|-|b237:special:saradomin_godsword_ornate|-|-|-|-|-|-|-|-|-|-|-|-|-|-|-|-|-|-|-|-|launch_effect|source_actor|none|source_actor|none|b237
special|20374|any|7639|1205|-|-|-|-|-|-|-|-|-|-|-|-|-|b237:special:zamorak_godsword_ornate|-|-|-|-|-|-|-|-|-|-|-|-|-|-|-|-|-|-|-|-|launch_effect|source_actor|none|source_actor|none|b237
special|20408|ranged|426|-|-|-|-|-|3|3|163|146|41|5|5|11|5|rsmod:special:br_darkbow:darkbow|2|163|146|41|25|14|11|10|1101|1103|26393|6590|1|-|-|-|-|-|-|-|multi_projectile|source_actor|target_actor|none|target_actor|rsmod
special|20784|any|7514|1171|-|-|-|-|-|-|-|-|-|-|-|-|-|b237:special:br_dragon_claws|-|-|-|-|-|-|-|-|-|-|-|-|-|-|-|-|-|-|-|-|launch_effect|source_actor|none|source_actor|none|b237
special|21902|ranged|427|-|-|-|-|-|-|-|-|-|-|-|-|-|-|b237:special:dragon_crossbow|-|-|-|-|-|-|-|-|-|-|-|-|-|-|-|-|-|-|-|-|none|none|none|none|none|b237
special|24225|any|1667|-|-|-|-|-|-|-|-|-|-|-|-|-|-|b237:special:granite_maul_plus|-|-|-|-|-|-|-|-|-|-|-|-|-|-|-|-|-|-|-|-|none|none|none|none|none|b237
special|24227|any|1667|-|-|-|-|-|-|-|-|-|-|-|-|-|-|b237:special:granite_maul_pretty_plus|-|-|-|-|-|-|-|-|-|-|-|-|-|-|-|-|-|-|-|-|none|none|none|none|none|b237
special|26233|any|9171|1996|-|-|-|-|-|-|-|-|-|-|-|-|-|b237:special:ancient_godsword|-|-|-|-|-|-|-|-|-|-|-|-|-|-|-|-|-|-|-|-|launch_effect|source_actor|none|source_actor|none|b237
special|26710|any|1378|1292|-|-|-|-|-|-|-|-|-|-|-|-|-|b237:special:dragon_warhammer_ornament|-|-|-|-|-|-|-|-|-|-|-|-|-|-|-|-|-|-|-|-|launch_effect|source_actor|none|source_actor|none|b237
special|26712|ranged|9467|344|182|183|2240|731|2|2|-|-|-|-|-|-|-|b237:special:heavy_ballista_ornament|-|-|-|-|-|-|-|-|-|-|-|-|-|-|-|-|-|-|-|-|travel_projectile|source_actor|target_actor|source_actor|target_actor|b237
special|27690|any|11240|2834|-|2363|-|-|2|2|-|-|-|-|-|-|-|b237:special:voidwaker|-|-|-|-|-|-|-|-|-|-|-|-|-|-|-|-|-|-|-|-|target_impact|source_actor|target_actor|source_actor|target_actor|b237
special|27853|ranged|426|-|-|-|-|-|3|3|163|146|41|5|5|11|5|rsmod:special:bh_darkbow_imbue:darkbow|2|163|146|41|25|14|11|10|1101|1103|26393|6590|1|-|-|-|-|-|-|-|multi_projectile|source_actor|target_actor|none|target_actor|rsmod
special|27869|any|11240|2834|-|2363|-|-|2|2|-|-|-|-|-|-|-|b237:special:br_voidwaker|-|-|-|-|-|-|-|-|-|-|-|-|-|-|-|-|-|-|-|-|target_impact|source_actor|target_actor|source_actor|target_actor|b237
special|28039|any|7514|1171|-|-|-|-|-|-|-|-|-|-|-|-|-|b237:special:bh_dragon_claws_corrupted|-|-|-|-|-|-|-|-|-|-|-|-|-|-|-|-|-|-|-|-|launch_effect|source_actor|none|source_actor|none|b237
special|28534|any|7514|1171|-|-|-|-|-|-|-|-|-|-|-|-|-|b237:special:deadman_blighted_dragon_claws|-|-|-|-|-|-|-|-|-|-|-|-|-|-|-|-|-|-|-|-|launch_effect|source_actor|none|source_actor|none|b237
special|28688|ranged|5061|1043|-|-|-|-|-|-|-|-|-|-|-|-|-|b237:special:toxic_blowpipe_ornament|-|-|-|-|-|-|-|-|-|-|-|-|-|-|-|-|-|-|-|-|launch_effect|source_actor|none|source_actor|none|b237
spell|Bind|magic|1161|177|178|181|3127|703|3|3|180|0|75|16|-29|64|10|b237:bind|-|-|-|-|-|-|-|-|-|-|-|-|-|-|-|-|-|-|-|-|travel_projectile|source_actor|target_actor|source_actor|target_actor|b237
spell|Blood Barrage|magic|811|-|-|377|-|-|3|3|172|124|51|16|-5|64|10|b237:ancient:blood_barrage|-|-|-|-|-|-|-|-|-|-|-|-|-|-|-|-|-|-|-|-|target_impact|source_actor|target_actor|none|target_actor|b237
spell|Blood Blitz|magic|811|-|374|375|6379|1969|3|3|172|124|51|16|-5|64|10|b237:ancient:blood_blitz|-|-|-|-|-|-|-|-|-|-|-|-|-|-|-|-|-|-|-|-|travel_projectile|source_actor|target_actor|none|target_actor|b237
spell|Blood Burst|magic|811|-|-|376|-|-|3|3|172|124|51|16|-5|64|10|b237:ancient:blood_burst|-|-|-|-|-|-|-|-|-|-|-|-|-|-|-|-|-|-|-|-|target_impact|source_actor|target_actor|none|target_actor|b237
spell|Blood Rush|magic|811|-|372|373|6380|1968|3|3|172|124|51|16|-5|64|10|b237:ancient:blood_rush|-|-|-|-|-|-|-|-|-|-|-|-|-|-|-|-|-|-|-|-|travel_projectile|source_actor|target_actor|none|target_actor|b237
spell|Claws of Guthix|magic|811|-|-|1511|-|-|2|2|-|-|-|-|-|-|-|b237:claws_of_guthix:impact_only|-|-|-|-|-|-|-|-|-|-|-|-|-|-|-|-|-|-|-|-|target_impact|source_actor|target_actor|none|target_actor|b237
spell|Confuse|magic|1163|102|103|104|3093|669|3|3|144|124|61|16|-15|64|10|b237:confuse|-|-|-|-|-|-|-|-|-|-|-|-|-|-|-|-|-|-|-|-|travel_projectile|source_actor|target_actor|source_actor|target_actor|b237
spell|Crumble Undead|magic|1166|145|146|147|3109|685|3|3|124|124|46|16|0|64|5|b237:crumble_undead|-|-|-|-|-|-|-|-|-|-|-|-|-|-|-|-|-|-|-|-|travel_projectile|source_actor|target_actor|source_actor|target_actor|b237
spell|Curse|magic|1165|108|109|110|3100|675|3|3|172|124|51|16|-5|64|10|b237:curse|-|-|-|-|-|-|-|-|-|-|-|-|-|-|-|-|-|-|-|-|travel_projectile|source_actor|target_actor|source_actor|target_actor|b237
spell|Dark Demonbane|magic|8977|1869|-|1870|-|-|2|2|-|-|-|-|-|-|-|b237:arceuus:dark_demonbane:impact_only|-|-|-|-|-|-|-|-|-|-|-|-|-|-|-|-|-|-|-|-|target_impact|source_actor|target_actor|source_actor|target_actor|b237
spell|Earth Blast|magic|1162|138|139|140|3087|663|3|3|172|124|51|16|-5|64|10|rsmod:spell_earth_blast|-|-|-|-|-|-|-|-|-|-|-|-|-|-|-|-|-|-|-|-|travel_projectile|source_actor|target_actor|source_actor|target_actor|rsmod
spell|Earth Bolt|magic|1162|123|124|125|3084|661|3|3|172|124|51|16|-5|64|10|rsmod:spell_earth_bolt|-|-|-|-|-|-|-|-|-|-|-|-|-|-|-|-|-|-|-|-|travel_projectile|source_actor|target_actor|source_actor|target_actor|rsmod
spell|Earth Strike|magic|1162|96|97|98|3081|659|3|3|172|124|51|16|-5|64|10|rsmod:spell_earth_strike|-|-|-|-|-|-|-|-|-|-|-|-|-|-|-|-|-|-|-|-|travel_projectile|source_actor|target_actor|source_actor|target_actor|rsmod
spell|Earth Surge|magic|7855|1461|1462|1463|34618|7856|3|3|172|124|51|16|-5|64|10|rsmod:spell_earth_surge|-|-|-|-|-|-|-|-|-|-|-|-|-|-|-|-|-|-|-|-|travel_projectile|source_actor|target_actor|source_actor|target_actor|rsmod
spell|Earth Wave|magic|1167|164|165|166|3115|692|3|3|172|124|51|16|-5|64|10|rsmod:spell_earth_wave|-|-|-|-|-|-|-|-|-|-|-|-|-|-|-|-|-|-|-|-|travel_projectile|source_actor|target_actor|source_actor|target_actor|rsmod
spell|Enfeeble|magic|1168|170|171|172|3120|697|3|3|144|124|48|16|-2|64|10|b237:enfeeble|-|-|-|-|-|-|-|-|-|-|-|-|-|-|-|-|-|-|-|-|travel_projectile|source_actor|target_actor|source_actor|target_actor|b237
spell|Entangle|magic|1161|177|178|179|3127|703|3|3|180|0|75|16|-29|64|10|b237:entangle|-|-|-|-|-|-|-|-|-|-|-|-|-|-|-|-|-|-|-|-|travel_projectile|source_actor|target_actor|source_actor|target_actor|b237
spell|Fire Blast|magic|1162|129|130|131|3087|663|3|3|172|124|51|16|-5|64|10|rsmod:spell_fire_blast|-|-|-|-|-|-|-|-|-|-|-|-|-|-|-|-|-|-|-|-|travel_projectile|source_actor|target_actor|source_actor|target_actor|rsmod
spell|Fire Bolt|magic|1162|126|127|128|3084|661|3|3|172|124|51|16|-5|64|10|rsmod:spell_fire_bolt|-|-|-|-|-|-|-|-|-|-|-|-|-|-|-|-|-|-|-|-|travel_projectile|source_actor|target_actor|source_actor|target_actor|rsmod
spell|Fire Strike|magic|1162|99|100|101|3081|659|3|3|172|124|51|16|-5|64|10|rsmod:spell_fire_strike|-|-|-|-|-|-|-|-|-|-|-|-|-|-|-|-|-|-|-|-|travel_projectile|source_actor|target_actor|source_actor|target_actor|rsmod
spell|Fire Surge|magic|7855|1464|1465|1466|34618|7856|3|3|172|124|51|16|-5|64|10|rsmod:spell_fire_surge|-|-|-|-|-|-|-|-|-|-|-|-|-|-|-|-|-|-|-|-|travel_projectile|source_actor|target_actor|source_actor|target_actor|rsmod
spell|Fire Wave|magic|1167|155|156|157|3115|692|3|3|172|124|51|16|-5|64|10|rsmod:spell_fire_wave|-|-|-|-|-|-|-|-|-|-|-|-|-|-|-|-|-|-|-|-|travel_projectile|source_actor|target_actor|source_actor|target_actor|rsmod
spell|Flames of Zamorak|magic|811|-|-|78|-|-|2|2|-|-|-|-|-|-|-|b237:flames_of_zamorak:impact_only|-|-|-|-|-|-|-|-|-|-|-|-|-|-|-|-|-|-|-|-|target_impact|source_actor|target_actor|none|target_actor|b237
spell|Ghostly Grasp|magic|8972|1856|-|1857|-|-|2|2|-|-|-|-|-|-|-|b237:arceuus:ghostly_grasp:impact_only|-|-|-|-|-|-|-|-|-|-|-|-|-|-|-|-|-|-|-|-|target_impact|source_actor|target_actor|source_actor|target_actor|b237
spell|Greater Corruption|magic|9158|1878|-|1880|-|-|2|2|-|-|-|-|-|-|-|b237:arceuus:greater_corruption:impact_only|-|-|-|-|-|-|-|-|-|-|-|-|-|-|-|-|-|-|-|-|target_impact|source_actor|target_actor|source_actor|target_actor|b237
spell|Iban Blast|magic|708|87|88|89|3077|656|3|3|144|124|60|16|-14|64|10|b237:iban_blast|-|-|-|-|-|-|-|-|-|-|-|-|-|-|-|-|-|-|-|-|travel_projectile|source_actor|target_actor|source_actor|target_actor|b237
spell|Ice Barrage|magic|811|-|368|369|14215|1964|3|3|172|0|51|16|-5|64|10|b237:ancient:ice_barrage|-|-|-|-|-|-|-|-|-|-|-|-|-|-|-|-|-|-|-|-|travel_projectile|source_actor|target_actor|none|target_actor|b237
spell|Ice Blitz|magic|811|-|362|363|6384|1960|3|3|172|0|51|16|-5|64|10|b237:ancient:ice_blitz|-|-|-|-|-|-|-|-|-|-|-|-|-|-|-|-|-|-|-|-|travel_projectile|source_actor|target_actor|none|target_actor|b237
spell|Ice Burst|magic|811|-|366|367|1204|1962|3|3|172|0|51|16|-5|64|10|b237:ancient:ice_burst|-|-|-|-|-|-|-|-|-|-|-|-|-|-|-|-|-|-|-|-|travel_projectile|source_actor|target_actor|none|target_actor|b237
spell|Ice Rush|magic|811|-|360|361|6388|1958|3|3|172|0|51|16|-5|64|10|b237:ancient:ice_rush|-|-|-|-|-|-|-|-|-|-|-|-|-|-|-|-|-|-|-|-|travel_projectile|source_actor|target_actor|none|target_actor|b237
spell|Inferior Demonbane|magic|8977|1865|-|1866|-|-|2|2|-|-|-|-|-|-|-|b237:arceuus:inferior_demonbane:impact_only|-|-|-|-|-|-|-|-|-|-|-|-|-|-|-|-|-|-|-|-|target_impact|source_actor|target_actor|source_actor|target_actor|b237
spell|Lesser Corruption|magic|9158|1877|-|1879|-|-|2|2|-|-|-|-|-|-|-|b237:arceuus:lesser_corruption:impact_only|-|-|-|-|-|-|-|-|-|-|-|-|-|-|-|-|-|-|-|-|target_impact|source_actor|target_actor|source_actor|target_actor|b237
spell|Magic Dart|magic|1576|-|328|329|5091|1577|3|3|172|124|51|16|-5|64|10|b237:magic_dart|-|-|-|-|-|-|-|-|-|-|-|-|-|-|-|-|-|-|-|-|travel_projectile|source_actor|target_actor|none|target_actor|b237
spell|Saradomin Strike|magic|811|-|-|76|-|-|2|2|-|-|-|-|-|-|-|b237:saradomin_strike:impact_only|-|-|-|-|-|-|-|-|-|-|-|-|-|-|-|-|-|-|-|-|target_impact|source_actor|target_actor|none|target_actor|b237
spell|Shadow Barrage|magic|811|-|-|383|-|-|3|3|172|124|51|16|-5|64|10|b237:ancient:shadow_barrage|-|-|-|-|-|-|-|-|-|-|-|-|-|-|-|-|-|-|-|-|target_impact|source_actor|target_actor|none|target_actor|b237
spell|Shadow Blitz|magic|811|-|380|381|6395|1975|3|3|172|124|51|16|-5|64|10|b237:ancient:shadow_blitz|-|-|-|-|-|-|-|-|-|-|-|-|-|-|-|-|-|-|-|-|travel_projectile|source_actor|target_actor|none|target_actor|b237
spell|Shadow Burst|magic|811|-|-|382|-|-|3|3|172|124|51|16|-5|64|10|b237:ancient:shadow_burst|-|-|-|-|-|-|-|-|-|-|-|-|-|-|-|-|-|-|-|-|target_impact|source_actor|target_actor|none|target_actor|b237
spell|Shadow Rush|magic|811|-|378|379|6394|1974|3|3|172|124|51|16|-5|64|10|b237:ancient:shadow_rush|-|-|-|-|-|-|-|-|-|-|-|-|-|-|-|-|-|-|-|-|travel_projectile|source_actor|target_actor|none|target_actor|b237
spell|Skeletal Grasp|magic|8972|1859|-|1860|-|-|2|2|-|-|-|-|-|-|-|b237:arceuus:skeletal_grasp:impact_only|-|-|-|-|-|-|-|-|-|-|-|-|-|-|-|-|-|-|-|-|target_impact|source_actor|target_actor|source_actor|target_actor|b237
spell|Smoke Barrage|magic|811|-|390|391|6398|1986|3|3|172|124|51|16|-5|64|10|b237:ancient:smoke_barrage|-|-|-|-|-|-|-|-|-|-|-|-|-|-|-|-|-|-|-|-|travel_projectile|source_actor|target_actor|none|target_actor|b237
spell|Smoke Blitz|magic|811|-|386|387|6402|1981|3|3|172|124|51|16|-5|64|10|b237:ancient:smoke_blitz|-|-|-|-|-|-|-|-|-|-|-|-|-|-|-|-|-|-|-|-|travel_projectile|source_actor|target_actor|none|target_actor|b237
spell|Smoke Burst|magic|811|-|388|389|6399|1984|3|3|172|124|51|16|-5|64|10|b237:ancient:smoke_burst|-|-|-|-|-|-|-|-|-|-|-|-|-|-|-|-|-|-|-|-|travel_projectile|source_actor|target_actor|none|target_actor|b237
spell|Smoke Rush|magic|811|-|384|385|6403|1980|3|3|172|124|51|16|-5|64|10|b237:ancient:smoke_rush|-|-|-|-|-|-|-|-|-|-|-|-|-|-|-|-|-|-|-|-|travel_projectile|source_actor|target_actor|none|target_actor|b237
spell|Snare|magic|1161|177|178|180|3127|703|3|3|180|0|75|16|-29|64|10|b237:snare|-|-|-|-|-|-|-|-|-|-|-|-|-|-|-|-|-|-|-|-|travel_projectile|source_actor|target_actor|source_actor|target_actor|b237
spell|Stun|magic|1169|173|174|175|3124|700|3|3|144|124|52|16|-6|64|10|b237:stun|-|-|-|-|-|-|-|-|-|-|-|-|-|-|-|-|-|-|-|-|travel_projectile|source_actor|target_actor|source_actor|target_actor|b237
spell|Superior Demonbane|magic|8977|1867|-|1868|-|-|2|2|-|-|-|-|-|-|-|b237:arceuus:superior_demonbane:impact_only|-|-|-|-|-|-|-|-|-|-|-|-|-|-|-|-|-|-|-|-|target_impact|source_actor|target_actor|source_actor|target_actor|b237
spell|Tele Block|magic|1820|-|1300|345|5800|1821|3|3|172|124|51|16|-5|64|10|b237:tele_block|-|-|-|-|-|-|-|-|-|-|-|-|-|-|-|-|-|-|-|-|travel_projectile|source_actor|target_actor|none|target_actor|b237
spell|Undead Grasp|magic|8972|1862|-|1863|-|-|2|2|-|-|-|-|-|-|-|b237:arceuus:undead_grasp:impact_only|-|-|-|-|-|-|-|-|-|-|-|-|-|-|-|-|-|-|-|-|target_impact|source_actor|target_actor|source_actor|target_actor|b237
spell|Vulnerability|magic|811|167|168|169|3099|675|3|3|144|124|34|16|12|64|10|b237:vulnerability|-|-|-|-|-|-|-|-|-|-|-|-|-|-|-|-|-|-|-|-|travel_projectile|source_actor|target_actor|source_actor|target_actor|b237
spell|Water Blast|magic|1162|135|136|137|3087|663|3|3|172|124|51|16|-5|64|10|rsmod:spell_water_blast|-|-|-|-|-|-|-|-|-|-|-|-|-|-|-|-|-|-|-|-|travel_projectile|source_actor|target_actor|source_actor|target_actor|rsmod
spell|Water Bolt|magic|1162|120|121|122|3084|661|3|3|172|124|51|16|-5|64|10|rsmod:spell_water_bolt|-|-|-|-|-|-|-|-|-|-|-|-|-|-|-|-|-|-|-|-|travel_projectile|source_actor|target_actor|source_actor|target_actor|rsmod
spell|Water Strike|magic|1162|93|94|95|3081|659|3|3|172|124|51|16|-5|64|10|rsmod:spell_water_strike|-|-|-|-|-|-|-|-|-|-|-|-|-|-|-|-|-|-|-|-|travel_projectile|source_actor|target_actor|source_actor|target_actor|rsmod
spell|Water Surge|magic|7855|1458|1459|1460|34618|7856|3|3|172|124|51|16|-5|64|10|rsmod:spell_water_surge|-|-|-|-|-|-|-|-|-|-|-|-|-|-|-|-|-|-|-|-|travel_projectile|source_actor|target_actor|source_actor|target_actor|rsmod
spell|Water Wave|magic|1167|161|162|163|3115|692|3|3|172|124|51|16|-5|64|10|rsmod:spell_water_wave|-|-|-|-|-|-|-|-|-|-|-|-|-|-|-|-|-|-|-|-|travel_projectile|source_actor|target_actor|source_actor|target_actor|rsmod
spell|Weaken|magic|1164|105|106|107|3096|672|3|3|172|124|51|16|-5|64|10|b237:weaken|-|-|-|-|-|-|-|-|-|-|-|-|-|-|-|-|-|-|-|-|travel_projectile|source_actor|target_actor|source_actor|target_actor|b237
spell|Wind Blast|magic|1162|132|133|134|3087|663|3|3|172|124|51|16|-5|64|10|rsmod:spell_wind_blast|-|-|-|-|-|-|-|-|-|-|-|-|-|-|-|-|-|-|-|-|travel_projectile|source_actor|target_actor|source_actor|target_actor|rsmod
spell|Wind Bolt|magic|1162|117|118|119|3084|661|3|3|172|124|51|16|-5|64|10|rsmod:spell_wind_bolt|-|-|-|-|-|-|-|-|-|-|-|-|-|-|-|-|-|-|-|-|travel_projectile|source_actor|target_actor|source_actor|target_actor|rsmod
spell|Wind Strike|magic|1162|90|91|92|3081|659|3|3|172|124|51|16|-5|64|10|rsmod:spell_wind_strike|-|-|-|-|-|-|-|-|-|-|-|-|-|-|-|-|-|-|-|-|travel_projectile|source_actor|target_actor|source_actor|target_actor|rsmod
spell|Wind Surge|magic|7855|1455|1456|1457|34618|7856|3|3|172|124|51|16|-5|64|10|rsmod:spell_wind_surge|-|-|-|-|-|-|-|-|-|-|-|-|-|-|-|-|-|-|-|-|travel_projectile|source_actor|target_actor|source_actor|target_actor|rsmod
spell|Wind Wave|magic|1167|158|159|160|3115|692|3|3|172|124|51|16|-5|64|10|rsmod:spell_wind_wave|-|-|-|-|-|-|-|-|-|-|-|-|-|-|-|-|-|-|-|-|travel_projectile|source_actor|target_actor|source_actor|target_actor|rsmod
