item_id	quantity	x	y	plane	source	note
960	1	1202	3649	0	tyluur_gist_4cb93ba0_2f232f49	raw=Plank;method=exact
960	1	1203	3652	0	tyluur_gist_4cb93ba0_2f232f49	raw=Plank;method=exact
8794	1	1239	3696	0	tyluur_gist_4cb93ba0_2f232f49	raw=Saw;method=exact
1763	1	1240	3688	0	tyluur_gist_4cb93ba0_2f232f49	raw=Red_dye;method=exact
1765	1	1240	3688	0	tyluur_gist_4cb93ba0_2f232f49	raw=Yellow_dye;method=exact
590	1	1241	3703	0	tyluur_gist_4cb93ba0_2f232f49	raw=Tinderbox;method=scored_ambiguity
1931	1	1244	3680	0	tyluur_gist_4cb93ba0_2f232f49	raw=Pot;method=exact
314	1	1250	3687	0	tyluur_gist_4cb93ba0_2f232f49	raw=Feather;method=scored_ambiguity
314	1	1250	3693	0	tyluur_gist_4cb93ba0_2f232f49	raw=Feather;method=scored_ambiguity
952	1	1251	3735	0	tyluur_gist_4cb93ba0_2f232f49	raw=Spade;method=exact
1925	1	1251	3736	0	tyluur_gist_4cb93ba0_2f232f49	raw=Bucket;method=scored_ambiguity
1944	1	1252	3690	0	tyluur_gist_4cb93ba0_2f232f49	raw=Egg;method=scored_ambiguity
1944	1	1252	3691	0	tyluur_gist_4cb93ba0_2f232f49	raw=Egg;method=scored_ambiguity
314	1	1253	3692	0	tyluur_gist_4cb93ba0_2f232f49	raw=Feather;method=scored_ambiguity
314	1	1254	3688	0	tyluur_gist_4cb93ba0_2f232f49	raw=Feather;method=scored_ambiguity
1511	1	1256	3741	0	tyluur_gist_4cb93ba0_2f232f49	raw=Logs;method=scored_ambiguity
2347	1	1259	3686	0	tyluur_gist_4cb93ba0_2f232f49	raw=Hammer;method=exact
1511	1	1261	3740	0	tyluur_gist_4cb93ba0_2f232f49	raw=Logs;method=scored_ambiguity
1511	1	1262	3742	0	tyluur_gist_4cb93ba0_2f232f49	raw=Logs;method=scored_ambiguity
1947	1	1296	3717	0	tyluur_gist_4cb93ba0_2f232f49	raw=Grain;method=scored_ambiguity
1947	1	1296	3719	0	tyluur_gist_4cb93ba0_2f232f49	raw=Grain;method=scored_ambiguity
946	1	1297	3721	0	tyluur_gist_4cb93ba0_2f232f49	raw=Knife;method=scored_ambiguity
1947	1	1300	3718	0	tyluur_gist_4cb93ba0_2f232f49	raw=Grain;method=scored_ambiguity
528	1	1344	3697	0	tyluur_gist_4cb93ba0_2f232f49	raw=Burnt_bones;method=exact
687	1	1346	3706	0	tyluur_gist_4cb93ba0_2f232f49	raw=Broken_arrow;method=exact
526	1	1346	3792	0	tyluur_gist_4cb93ba0_2f232f49	raw=Bones;method=scored_ambiguity
528	1	1347	3703	0	tyluur_gist_4cb93ba0_2f232f49	raw=Burnt_bones;method=exact
526	1	1347	3787	0	tyluur_gist_4cb93ba0_2f232f49	raw=Bones;method=scored_ambiguity
687	1	1349	3694	0	tyluur_gist_4cb93ba0_2f232f49	raw=Broken_arrow;method=exact
528	1	1352	3706	0	tyluur_gist_4cb93ba0_2f232f49	raw=Burnt_bones;method=exact
526	1	1353	3781	0	tyluur_gist_4cb93ba0_2f232f49	raw=Bones;method=scored_ambiguity
526	1	1353	3787	0	tyluur_gist_4cb93ba0_2f232f49	raw=Bones;method=scored_ambiguity
528	1	1355	3693	0	tyluur_gist_4cb93ba0_2f232f49	raw=Burnt_bones;method=exact
687	1	1356	3710	0	tyluur_gist_4cb93ba0_2f232f49	raw=Broken_arrow;method=exact
687	1	1358	3699	0	tyluur_gist_4cb93ba0_2f232f49	raw=Broken_arrow;method=exact
528	1	1360	3702	0	tyluur_gist_4cb93ba0_2f232f49	raw=Burnt_bones;method=exact
687	1	1362	3725	0	tyluur_gist_4cb93ba0_2f232f49	raw=Broken_arrow;method=exact
2162	1	1363	3636	0	tyluur_gist_4cb93ba0_2f232f49	raw=King_worm;method=exact
2162	1	1364	3635	0	tyluur_gist_4cb93ba0_2f232f49	raw=King_worm;method=exact
2142	1	1367	3575	0	tyluur_gist_4cb93ba0_2f232f49	raw=Cooked_meat;method=scored_ambiguity
687	1	1368	3714	0	tyluur_gist_4cb93ba0_2f232f49	raw=Broken_arrow;method=exact
946	1	1369	3635	0	tyluur_gist_4cb93ba0_2f232f49	raw=Knife;method=scored_ambiguity
528	1	1370	3727	0	tyluur_gist_4cb93ba0_2f232f49	raw=Burnt_bones;method=exact
2162	1	1371	3633	0	tyluur_gist_4cb93ba0_2f232f49	raw=King_worm;method=exact
2162	1	1372	3635	0	tyluur_gist_4cb93ba0_2f232f49	raw=King_worm;method=exact
528	1	1372	3717	0	tyluur_gist_4cb93ba0_2f232f49	raw=Burnt_bones;method=exact
528	1	1372	3724	0	tyluur_gist_4cb93ba0_2f232f49	raw=Burnt_bones;method=exact
687	1	1373	3726	0	tyluur_gist_4cb93ba0_2f232f49	raw=Broken_arrow;method=exact
2026	1	1374	3502	0	tyluur_gist_4cb93ba0_2f232f49	raw=Cocktail_glass;method=exact
687	1	1375	3718	0	tyluur_gist_4cb93ba0_2f232f49	raw=Broken_arrow;method=exact
5504	1	1376	3503	0	tyluur_gist_4cb93ba0_2f232f49	raw=Strawberry;method=exact
697	1	1376	3714	0	tyluur_gist_4cb93ba0_2f232f49	raw=Damaged_Armour;method=exact
317	1	1376	3749	0	tyluur_gist_4cb93ba0_2f232f49	raw=Raw_shrimps;method=scored_ambiguity
1965	1	1376	3750	0	tyluur_gist_4cb93ba0_2f232f49	raw=Cabbage;method=scored_ambiguity
697	1	1377	3723	0	tyluur_gist_4cb93ba0_2f232f49	raw=Damaged_Armour;method=exact
528	1	1380	3713	0	tyluur_gist_4cb93ba0_2f232f49	raw=Burnt_bones;method=exact
528	1	1380	3722	0	tyluur_gist_4cb93ba0_2f232f49	raw=Burnt_bones;method=exact
528	1	1383	3719	0	tyluur_gist_4cb93ba0_2f232f49	raw=Burnt_bones;method=exact
2142	1	1384	3764	0	tyluur_gist_4cb93ba0_2f232f49	raw=Cooked_meat;method=scored_ambiguity
687	1	1385	3725	0	tyluur_gist_4cb93ba0_2f232f49	raw=Broken_arrow;method=exact
687	1	1387	3713	0	tyluur_gist_4cb93ba0_2f232f49	raw=Broken_arrow;method=exact
697	1	1392	3717	0	tyluur_gist_4cb93ba0_2f232f49	raw=Damaged_Armour;method=exact
528	1	1394	3715	0	tyluur_gist_4cb93ba0_2f232f49	raw=Burnt_bones;method=exact
528	1	1395	3709	0	tyluur_gist_4cb93ba0_2f232f49	raw=Burnt_bones;method=exact
687	1	1396	3718	0	tyluur_gist_4cb93ba0_2f232f49	raw=Broken_arrow;method=exact
528	1	1396	3724	0	tyluur_gist_4cb93ba0_2f232f49	raw=Burnt_bones;method=exact
687	1	1397	3708	0	tyluur_gist_4cb93ba0_2f232f49	raw=Broken_arrow;method=exact
528	1	1400	3703	0	tyluur_gist_4cb93ba0_2f232f49	raw=Burnt_bones;method=exact
687	1	1402	3699	0	tyluur_gist_4cb93ba0_2f232f49	raw=Broken_arrow;method=exact
528	1	1403	3694	0	tyluur_gist_4cb93ba0_2f232f49	raw=Burnt_bones;method=exact
528	1	1403	3706	0	tyluur_gist_4cb93ba0_2f232f49	raw=Burnt_bones;method=exact
528	1	1403	3717	0	tyluur_gist_4cb93ba0_2f232f49	raw=Burnt_bones;method=exact
528	1	1406	3715	0	tyluur_gist_4cb93ba0_2f232f49	raw=Burnt_bones;method=exact
526	1	1417	3589	0	tyluur_gist_4cb93ba0_2f232f49	raw=Bones;method=scored_ambiguity
526	1	1419	3593	0	tyluur_gist_4cb93ba0_2f232f49	raw=Bones;method=scored_ambiguity
554	1	1419	10062	0	tyluur_gist_4cb93ba0_2f232f49	raw=Fire_rune;method=scored_ambiguity
526	1	1420	3589	0	tyluur_gist_4cb93ba0_2f232f49	raw=Bones;method=scored_ambiguity
528	1	1420	10068	0	tyluur_gist_4cb93ba0_2f232f49	raw=Burnt_bones;method=exact
528	1	1421	10087	0	tyluur_gist_4cb93ba0_2f232f49	raw=Burnt_bones;method=exact
554	1	1421	10096	0	tyluur_gist_4cb93ba0_2f232f49	raw=Fire_rune;method=scored_ambiguity
526	1	1426	3568	0	tyluur_gist_4cb93ba0_2f232f49	raw=Bones;method=scored_ambiguity
526	1	1426	3575	0	tyluur_gist_4cb93ba0_2f232f49	raw=Bones;method=scored_ambiguity
526	1	1427	3569	0	tyluur_gist_4cb93ba0_2f232f49	raw=Bones;method=scored_ambiguity
526	1	1427	3574	0	tyluur_gist_4cb93ba0_2f232f49	raw=Bones;method=scored_ambiguity
528	1	1427	3593	0	tyluur_gist_4cb93ba0_2f232f49	raw=Burnt_bones;method=exact
526	1	1429	3568	0	tyluur_gist_4cb93ba0_2f232f49	raw=Bones;method=scored_ambiguity
526	1	1430	3569	0	tyluur_gist_4cb93ba0_2f232f49	raw=Bones;method=scored_ambiguity
526	1	1432	3576	0	tyluur_gist_4cb93ba0_2f232f49	raw=Bones;method=scored_ambiguity
528	1	1433	10062	0	tyluur_gist_4cb93ba0_2f232f49	raw=Burnt_bones;method=exact
526	1	1434	3575	0	tyluur_gist_4cb93ba0_2f232f49	raw=Bones;method=scored_ambiguity
526	1	1435	3567	0	tyluur_gist_4cb93ba0_2f232f49	raw=Bones;method=scored_ambiguity
526	1	1436	3566	0	tyluur_gist_4cb93ba0_2f232f49	raw=Bones;method=scored_ambiguity
526	1	1436	3576	0	tyluur_gist_4cb93ba0_2f232f49	raw=Bones;method=scored_ambiguity
528	1	1436	10098	0	tyluur_gist_4cb93ba0_2f232f49	raw=Burnt_bones;method=exact
526	1	1439	3578	0	tyluur_gist_4cb93ba0_2f232f49	raw=Bones;method=scored_ambiguity
4820	1	1439	3588	0	tyluur_gist_4cb93ba0_2f232f49	raw=Iron_nails;method=exact
526	1	1439	3615	0	tyluur_gist_4cb93ba0_2f232f49	raw=Bones;method=scored_ambiguity
526	1	1440	3573	0	tyluur_gist_4cb93ba0_2f232f49	raw=Bones;method=scored_ambiguity
526	1	1440	3577	0	tyluur_gist_4cb93ba0_2f232f49	raw=Bones;method=scored_ambiguity
24682	1	1440	3586	0	tyluur_gist_4cb93ba0_2f232f49	raw=Old_note;method=scored_ambiguity
526	1	1440	3604	0	tyluur_gist_4cb93ba0_2f232f49	raw=Bones;method=scored_ambiguity
526	1	1441	3572	0	tyluur_gist_4cb93ba0_2f232f49	raw=Bones;method=scored_ambiguity
532	1	1441	3616	0	tyluur_gist_4cb93ba0_2f232f49	raw=Big_bones;method=exact
526	1	1442	3583	0	tyluur_gist_4cb93ba0_2f232f49	raw=Bones;method=scored_ambiguity
526	1	1442	3601	0	tyluur_gist_4cb93ba0_2f232f49	raw=Bones;method=scored_ambiguity
526	1	1442	3617	0	tyluur_gist_4cb93ba0_2f232f49	raw=Bones;method=scored_ambiguity
528	1	1443	10094	0	tyluur_gist_4cb93ba0_2f232f49	raw=Burnt_bones;method=exact
526	1	1444	3605	0	tyluur_gist_4cb93ba0_2f232f49	raw=Bones;method=scored_ambiguity
532	1	1446	3604	0	tyluur_gist_4cb93ba0_2f232f49	raw=Big_bones;method=exact
526	1	1447	3608	0	tyluur_gist_4cb93ba0_2f232f49	raw=Bones;method=scored_ambiguity
532	1	1448	3602	0	tyluur_gist_4cb93ba0_2f232f49	raw=Big_bones;method=exact
526	1	1449	3606	0	tyluur_gist_4cb93ba0_2f232f49	raw=Bones;method=scored_ambiguity
526	1	1449	3621	0	tyluur_gist_4cb93ba0_2f232f49	raw=Bones;method=scored_ambiguity
554	1	1450	10099	0	tyluur_gist_4cb93ba0_2f232f49	raw=Fire_rune;method=scored_ambiguity
528	1	1451	10061	0	tyluur_gist_4cb93ba0_2f232f49	raw=Burnt_bones;method=exact
554	1	1454	10063	0	tyluur_gist_4cb93ba0_2f232f49	raw=Fire_rune;method=scored_ambiguity
528	1	1456	10094	0	tyluur_gist_4cb93ba0_2f232f49	raw=Burnt_bones;method=exact
528	1	1459	10073	0	tyluur_gist_4cb93ba0_2f232f49	raw=Burnt_bones;method=exact
1323	1	1466	3513	0	tyluur_gist_4cb93ba0_2f232f49	raw=Iron_scimitar;method=exact
964	1	1469	3570	0	tyluur_gist_4cb93ba0_2f232f49	raw=Skull;method=scored_ambiguity
526	1	1478	3533	0	tyluur_gist_4cb93ba0_2f232f49	raw=Bones;method=scored_ambiguity
528	1	1480	3714	0	tyluur_gist_4cb93ba0_2f232f49	raw=Burnt_bones;method=exact
526	1	1481	3530	0	tyluur_gist_4cb93ba0_2f232f49	raw=Bones;method=scored_ambiguity
964	1	1481	3533	0	tyluur_gist_4cb93ba0_2f232f49	raw=Skull;method=scored_ambiguity
528	1	1481	3718	0	tyluur_gist_4cb93ba0_2f232f49	raw=Burnt_bones;method=exact
526	1	1482	3536	0	tyluur_gist_4cb93ba0_2f232f49	raw=Bones;method=scored_ambiguity
526	1	1483	3532	0	tyluur_gist_4cb93ba0_2f232f49	raw=Bones;method=scored_ambiguity
528	1	1484	3702	0	tyluur_gist_4cb93ba0_2f232f49	raw=Burnt_bones;method=exact
528	1	1484	3708	0	tyluur_gist_4cb93ba0_2f232f49	raw=Burnt_bones;method=exact
528	1	1484	3721	0	tyluur_gist_4cb93ba0_2f232f49	raw=Burnt_bones;method=exact
528	1	1485	3717	0	tyluur_gist_4cb93ba0_2f232f49	raw=Burnt_bones;method=exact
528	1	1489	3720	0	tyluur_gist_4cb93ba0_2f232f49	raw=Burnt_bones;method=exact
528	1	1490	3717	0	tyluur_gist_4cb93ba0_2f232f49	raw=Burnt_bones;method=exact
528	1	1491	3707	0	tyluur_gist_4cb93ba0_2f232f49	raw=Burnt_bones;method=exact
528	1	1491	3719	0	tyluur_gist_4cb93ba0_2f232f49	raw=Burnt_bones;method=exact
528	1	1492	3714	0	tyluur_gist_4cb93ba0_2f232f49	raw=Burnt_bones;method=exact
528	1	1493	3695	0	tyluur_gist_4cb93ba0_2f232f49	raw=Burnt_bones;method=exact
528	1	1493	3710	0	tyluur_gist_4cb93ba0_2f232f49	raw=Burnt_bones;method=exact
528	1	1495	3719	0	tyluur_gist_4cb93ba0_2f232f49	raw=Burnt_bones;method=exact
526	1	1497	3425	0	tyluur_gist_4cb93ba0_2f232f49	raw=Bones;method=scored_ambiguity
528	1	1497	3702	0	tyluur_gist_4cb93ba0_2f232f49	raw=Burnt_bones;method=exact
10010	1	1500	3423	0	tyluur_gist_4cb93ba0_2f232f49	raw=Butterfly_Net;method=exact
33	1	1500	3431	0	tyluur_gist_4cb93ba0_2f232f49	raw=Lit_candle;method=exact
36	1	1500	3431	0	tyluur_gist_4cb93ba0_2f232f49	raw=Candle;method=exact
952	1	1500	3655	0	tyluur_gist_4cb93ba0_2f232f49	raw=Spade;method=exact
528	1	1500	3717	0	tyluur_gist_4cb93ba0_2f232f49	raw=Burnt_bones;method=exact
528	1	1504	3714	0	tyluur_gist_4cb93ba0_2f232f49	raw=Burnt_bones;method=exact
10008	1	1505	3436	0	tyluur_gist_4cb93ba0_2f232f49	raw=Box_trap;method=exact
1017	1	1505	3591	0	tyluur_gist_4cb93ba0_2f232f49	raw=Wizard_hat;method=exact
528	1	1505	3718	0	tyluur_gist_4cb93ba0_2f232f49	raw=Burnt_bones;method=exact
528	1	1506	3708	0	tyluur_gist_4cb93ba0_2f232f49	raw=Burnt_bones;method=exact
10006	1	1509	3416	0	tyluur_gist_4cb93ba0_2f232f49	raw=Bird_snare;method=exact
528	1	1510	3713	0	tyluur_gist_4cb93ba0_2f232f49	raw=Burnt_bones;method=exact
528	1	1510	3716	0	tyluur_gist_4cb93ba0_2f232f49	raw=Burnt_bones;method=exact
1734	1	1511	3591	0	tyluur_gist_4cb93ba0_2f232f49	raw=Thread;method=exact
837	1	1512	3423	0	tyluur_gist_4cb93ba0_2f232f49	raw=Crossbow;method=exact
1769	1	1512	3589	0	tyluur_gist_4cb93ba0_2f232f49	raw=Orange_dye;method=exact
528	1	1513	3714	0	tyluur_gist_4cb93ba0_2f232f49	raw=Burnt_bones;method=exact
952	1	1514	3613	0	tyluur_gist_4cb93ba0_2f232f49	raw=Spade;method=exact
1931	1	1517	3587	0	tyluur_gist_4cb93ba0_2f232f49	raw=Pot;method=exact
1925	1	1521	3587	0	tyluur_gist_4cb93ba0_2f232f49	raw=Bucket;method=scored_ambiguity
590	1	1521	3591	0	tyluur_gist_4cb93ba0_2f232f49	raw=Tinderbox;method=scored_ambiguity
8794	1	1522	3638	0	tyluur_gist_4cb93ba0_2f232f49	raw=Saw;method=exact
1733	1	1529	3645	0	tyluur_gist_4cb93ba0_2f232f49	raw=Needle;method=exact
1741	1	1529	3646	0	tyluur_gist_4cb93ba0_2f232f49	raw=Leather;method=exact
1061	1	1531	3578	0	tyluur_gist_4cb93ba0_2f232f49	raw=Leather_boots;method=scored_ambiguity
1059	1	1532	3578	0	tyluur_gist_4cb93ba0_2f232f49	raw=Leather_gloves;method=exact
882	1	1536	3680	0	tyluur_gist_4cb93ba0_2f232f49	raw=Bronze_arrow;method=scored_ambiguity
882	1	1536	3682	0	tyluur_gist_4cb93ba0_2f232f49	raw=Bronze_arrow;method=scored_ambiguity
882	1	1536	3686	0	tyluur_gist_4cb93ba0_2f232f49	raw=Bronze_arrow;method=scored_ambiguity
882	1	1536	3698	0	tyluur_gist_4cb93ba0_2f232f49	raw=Bronze_arrow;method=scored_ambiguity
1203	1	1537	3582	0	tyluur_gist_4cb93ba0_2f232f49	raw=Iron_dagger;method=exact
882	1	1537	3692	0	tyluur_gist_4cb93ba0_2f232f49	raw=Bronze_arrow;method=scored_ambiguity
1137	1	1538	3545	0	tyluur_gist_4cb93ba0_2f232f49	raw=Iron_med_helm;method=exact
1511	1	1538	3676	0	tyluur_gist_4cb93ba0_2f232f49	raw=Logs;method=scored_ambiguity
1511	1	1538	3677	0	tyluur_gist_4cb93ba0_2f232f49	raw=Logs;method=scored_ambiguity
882	1	1539	3685	0	tyluur_gist_4cb93ba0_2f232f49	raw=Bronze_arrow;method=scored_ambiguity
1511	1	1540	3673	0	tyluur_gist_4cb93ba0_2f232f49	raw=Logs;method=scored_ambiguity
882	1	1540	3695	0	tyluur_gist_4cb93ba0_2f232f49	raw=Bronze_arrow;method=scored_ambiguity
1511	1	1541	3678	0	tyluur_gist_4cb93ba0_2f232f49	raw=Logs;method=scored_ambiguity
882	1	1541	3689	0	tyluur_gist_4cb93ba0_2f232f49	raw=Bronze_arrow;method=scored_ambiguity
882	1	1541	3700	0	tyluur_gist_4cb93ba0_2f232f49	raw=Bronze_arrow;method=scored_ambiguity
970	1	1569	3547	0	tyluur_gist_4cb93ba0_2f232f49	raw=Papyrus;method=scored_ambiguity
1279	1	1569	3547	0	tyluur_gist_4cb93ba0_2f232f49	raw=Iron_sword;method=exact
1917	1	1590	3589	0	tyluur_gist_4cb93ba0_2f232f49	raw=Beer;method=scored_ambiguity
6962	1	1620	3501	0	tyluur_gist_4cb93ba0_2f232f49	raw=Triangle_sandwich;method=exact
1978	1	1621	3501	0	tyluur_gist_4cb93ba0_2f232f49	raw=Cup_of_Tea;method=scored_ambiguity
1921	1	1639	3572	0	tyluur_gist_4cb93ba0_2f232f49	raw=Bowl_of_water;method=exact
1980	1	1643	3625	0	tyluur_gist_4cb93ba0_2f232f49	raw=Empty_cup;method=scored_ambiguity
1919	1	1643	3628	0	tyluur_gist_4cb93ba0_2f232f49	raw=Beer_glass;method=scored_ambiguity
1735	1	1653	3571	0	tyluur_gist_4cb93ba0_2f232f49	raw=Shears;method=scored_ambiguity
952	1	1657	3569	0	tyluur_gist_4cb93ba0_2f232f49	raw=Spade;method=exact
401	1	1686	3459	0	tyluur_gist_4cb93ba0_2f232f49	raw=Seaweed;method=exact
401	1	1687	3459	0	tyluur_gist_4cb93ba0_2f232f49	raw=Seaweed;method=exact
401	1	1688	3459	0	tyluur_gist_4cb93ba0_2f232f49	raw=Seaweed;method=exact
401	1	1689	3459	0	tyluur_gist_4cb93ba0_2f232f49	raw=Seaweed;method=exact
401	1	1690	3458	0	tyluur_gist_4cb93ba0_2f232f49	raw=Seaweed;method=exact
20798	1	1691	3939	0	tyluur_gist_4cb93ba0_2f232f49	raw=Smelly_journal;method=exact
1925	1	1705	3530	0	tyluur_gist_4cb93ba0_2f232f49	raw=Bucket;method=scored_ambiguity
401	1	1731	3461	0	tyluur_gist_4cb93ba0_2f232f49	raw=Seaweed;method=exact
401	1	1739	3467	0	tyluur_gist_4cb93ba0_2f232f49	raw=Seaweed;method=exact
590	1	1742	3604	0	tyluur_gist_4cb93ba0_2f232f49	raw=Tinderbox;method=scored_ambiguity
1599	1	1746	3489	0	tyluur_gist_4cb93ba0_2f232f49	raw=Holy_mould;method=exact
401	1	1749	3463	0	tyluur_gist_4cb93ba0_2f232f49	raw=Seaweed;method=exact
305	1	1755	3803	0	tyluur_gist_4cb93ba0_2f232f49	raw=Big_fishing_net;method=exact
1931	1	1766	3589	0	tyluur_gist_4cb93ba0_2f232f49	raw=Pot;method=exact
229	1	1767	3589	0	tyluur_gist_4cb93ba0_2f232f49	raw=Vial;method=scored_ambiguity
1923	1	1768	3589	0	tyluur_gist_4cb93ba0_2f232f49	raw=Bowl;method=exact
401	1	1773	3459	0	tyluur_gist_4cb93ba0_2f232f49	raw=Seaweed;method=exact
1947	1	1773	3602	0	tyluur_gist_4cb93ba0_2f232f49	raw=Grain;method=scored_ambiguity
1947	1	1773	3605	0	tyluur_gist_4cb93ba0_2f232f49	raw=Grain;method=scored_ambiguity
1947	1	1774	3601	0	tyluur_gist_4cb93ba0_2f232f49	raw=Grain;method=scored_ambiguity
1947	1	1775	3604	0	tyluur_gist_4cb93ba0_2f232f49	raw=Grain;method=scored_ambiguity
1735	1	1776	3654	0	tyluur_gist_4cb93ba0_2f232f49	raw=Shears;method=scored_ambiguity
2347	1	1778	3507	0	tyluur_gist_4cb93ba0_2f232f49	raw=Hammer;method=exact
401	1	1779	3459	0	tyluur_gist_4cb93ba0_2f232f49	raw=Seaweed;method=exact
401	1	1784	3457	0	tyluur_gist_4cb93ba0_2f232f49	raw=Seaweed;method=exact
401	1	1788	3695	0	tyluur_gist_4cb93ba0_2f232f49	raw=Seaweed;method=exact
401	1	1789	3460	0	tyluur_gist_4cb93ba0_2f232f49	raw=Seaweed;method=exact
401	1	1789	3687	0	tyluur_gist_4cb93ba0_2f232f49	raw=Seaweed;method=exact
401	1	1789	3692	0	tyluur_gist_4cb93ba0_2f232f49	raw=Seaweed;method=exact
401	1	1790	3703	0	tyluur_gist_4cb93ba0_2f232f49	raw=Seaweed;method=exact
401	1	1791	3678	0	tyluur_gist_4cb93ba0_2f232f49	raw=Seaweed;method=exact
1937	1	1794	3611	0	tyluur_gist_4cb93ba0_2f232f49	raw=Jug_of_water;method=exact
33	1	1794	3613	0	tyluur_gist_4cb93ba0_2f232f49	raw=Lit_candle;method=exact
36	1	1794	3613	0	tyluur_gist_4cb93ba0_2f232f49	raw=Candle;method=exact
401	1	1798	3460	0	tyluur_gist_4cb93ba0_2f232f49	raw=Seaweed;method=exact
401	1	1800	3449	0	tyluur_gist_4cb93ba0_2f232f49	raw=Seaweed;method=exact
401	1	1800	3457	0	tyluur_gist_4cb93ba0_2f232f49	raw=Seaweed;method=exact
401	1	1801	3453	0	tyluur_gist_4cb93ba0_2f232f49	raw=Seaweed;method=exact
1783	1	1804	3628	0	tyluur_gist_4cb93ba0_2f232f49	raw=Bucket_of_sand;method=exact
401	1	1810	3438	0	tyluur_gist_4cb93ba0_2f232f49	raw=Seaweed;method=exact
401	1	1812	3439	0	tyluur_gist_4cb93ba0_2f232f49	raw=Seaweed;method=exact
401	1	1814	3438	0	tyluur_gist_4cb93ba0_2f232f49	raw=Seaweed;method=exact
401	1	1816	3446	0	tyluur_gist_4cb93ba0_2f232f49	raw=Seaweed;method=exact
401	1	1818	3602	0	tyluur_gist_4cb93ba0_2f232f49	raw=Seaweed;method=exact
401	1	1820	3448	0	tyluur_gist_4cb93ba0_2f232f49	raw=Seaweed;method=exact
401	1	1821	3589	0	tyluur_gist_4cb93ba0_2f232f49	raw=Seaweed;method=exact
401	1	1823	3448	0	tyluur_gist_4cb93ba0_2f232f49	raw=Seaweed;method=exact
401	1	1826	3593	0	tyluur_gist_4cb93ba0_2f232f49	raw=Seaweed;method=exact
401	1	1829	3600	0	tyluur_gist_4cb93ba0_2f232f49	raw=Seaweed;method=exact
223	1	1830	9956	0	tyluur_gist_4cb93ba0_2f232f49	raw=Red_spiders'_eggs;method=exact
223	1	1830	9961	0	tyluur_gist_4cb93ba0_2f232f49	raw=Red_spiders'_eggs;method=exact
223	1	1830	9965	0	tyluur_gist_4cb93ba0_2f232f49	raw=Red_spiders'_eggs;method=exact
401	1	1831	3621	0	tyluur_gist_4cb93ba0_2f232f49	raw=Seaweed;method=exact
223	1	1831	9951	0	tyluur_gist_4cb93ba0_2f232f49	raw=Red_spiders'_eggs;method=exact
223	1	1832	9946	0	tyluur_gist_4cb93ba0_2f232f49	raw=Red_spiders'_eggs;method=exact
401	1	1833	3633	0	tyluur_gist_4cb93ba0_2f232f49	raw=Seaweed;method=exact
231	1	1835	3638	0	tyluur_gist_4cb93ba0_2f232f49	raw=Snape_grass;method=exact
231	1	1835	3640	0	tyluur_gist_4cb93ba0_2f232f49	raw=Snape_grass;method=exact
231	1	1836	3638	0	tyluur_gist_4cb93ba0_2f232f49	raw=Snape_grass;method=exact
231	1	1836	3643	0	tyluur_gist_4cb93ba0_2f232f49	raw=Snape_grass;method=exact
231	1	1837	3642	0	tyluur_gist_4cb93ba0_2f232f49	raw=Snape_grass;method=exact
223	1	1837	9958	0	tyluur_gist_4cb93ba0_2f232f49	raw=Red_spiders'_eggs;method=exact
223	1	1837	9960	0	tyluur_gist_4cb93ba0_2f232f49	raw=Red_spiders'_eggs;method=exact
231	1	1838	3644	0	tyluur_gist_4cb93ba0_2f232f49	raw=Snape_grass;method=exact
401	1	1840	3614	0	tyluur_gist_4cb93ba0_2f232f49	raw=Seaweed;method=exact
231	1	1840	3644	0	tyluur_gist_4cb93ba0_2f232f49	raw=Snape_grass;method=exact
231	1	1840	3645	0	tyluur_gist_4cb93ba0_2f232f49	raw=Snape_grass;method=exact
223	1	1840	9955	0	tyluur_gist_4cb93ba0_2f232f49	raw=Red_spiders'_eggs;method=exact
223	1	1840	9960	0	tyluur_gist_4cb93ba0_2f232f49	raw=Red_spiders'_eggs;method=exact
401	1	1841	3599	0	tyluur_gist_4cb93ba0_2f232f49	raw=Seaweed;method=exact
401	1	1841	3620	0	tyluur_gist_4cb93ba0_2f232f49	raw=Seaweed;method=exact
401	1	1842	3452	0	tyluur_gist_4cb93ba0_2f232f49	raw=Seaweed;method=exact
231	1	1842	3644	0	tyluur_gist_4cb93ba0_2f232f49	raw=Snape_grass;method=exact
401	1	1843	3454	0	tyluur_gist_4cb93ba0_2f232f49	raw=Seaweed;method=exact
231	1	1843	3643	0	tyluur_gist_4cb93ba0_2f232f49	raw=Snape_grass;method=exact
401	1	1844	3587	0	tyluur_gist_4cb93ba0_2f232f49	raw=Seaweed;method=exact
401	1	1845	3521	0	tyluur_gist_4cb93ba0_2f232f49	raw=Seaweed;method=exact
401	1	1845	3534	0	tyluur_gist_4cb93ba0_2f232f49	raw=Seaweed;method=exact
223	1	1845	9965	0	tyluur_gist_4cb93ba0_2f232f49	raw=Red_spiders'_eggs;method=exact
401	1	1846	3456	0	tyluur_gist_4cb93ba0_2f232f49	raw=Seaweed;method=exact
401	1	1846	3466	0	tyluur_gist_4cb93ba0_2f232f49	raw=Seaweed;method=exact
401	1	1848	3469	0	tyluur_gist_4cb93ba0_2f232f49	raw=Seaweed;method=exact
401	1	1850	3462	0	tyluur_gist_4cb93ba0_2f232f49	raw=Seaweed;method=exact
223	1	1850	9960	0	tyluur_gist_4cb93ba0_2f232f49	raw=Red_spiders'_eggs;method=exact
401	1	1851	3545	0	tyluur_gist_4cb93ba0_2f232f49	raw=Seaweed;method=exact
401	1	1851	3574	0	tyluur_gist_4cb93ba0_2f232f49	raw=Seaweed;method=exact
401	1	1853	3544	0	tyluur_gist_4cb93ba0_2f232f49	raw=Seaweed;method=exact
401	1	1853	3570	0	tyluur_gist_4cb93ba0_2f232f49	raw=Seaweed;method=exact
401	1	1853	3580	0	tyluur_gist_4cb93ba0_2f232f49	raw=Seaweed;method=exact
401	1	1854	3467	0	tyluur_gist_4cb93ba0_2f232f49	raw=Seaweed;method=exact
401	1	1858	3566	0	tyluur_gist_4cb93ba0_2f232f49	raw=Seaweed;method=exact
401	1	1860	3564	0	tyluur_gist_4cb93ba0_2f232f49	raw=Seaweed;method=exact
401	1	1864	3565	0	tyluur_gist_4cb93ba0_2f232f49	raw=Seaweed;method=exact
401	1	1875	3562	0	tyluur_gist_4cb93ba0_2f232f49	raw=Seaweed;method=exact
401	1	1875	3564	0	tyluur_gist_4cb93ba0_2f232f49	raw=Seaweed;method=exact
401	1	1876	3545	0	tyluur_gist_4cb93ba0_2f232f49	raw=Seaweed;method=exact
401	1	1877	3561	0	tyluur_gist_4cb93ba0_2f232f49	raw=Seaweed;method=exact
401	1	1878	3547	0	tyluur_gist_4cb93ba0_2f232f49	raw=Seaweed;method=exact
401	1	1881	3548	0	tyluur_gist_4cb93ba0_2f232f49	raw=Seaweed;method=exact
243	1	1922	8967	0	tyluur_gist_4cb93ba0_2f232f49	raw=Blue_dragon_scale;method=exact
243	1	1923	8970	0	tyluur_gist_4cb93ba0_2f232f49	raw=Blue_dragon_scale;method=exact
243	1	1925	8984	0	tyluur_gist_4cb93ba0_2f232f49	raw=Blue_dragon_scale;method=exact
243	1	1927	8990	0	tyluur_gist_4cb93ba0_2f232f49	raw=Blue_dragon_scale;method=exact
243	1	1928	8964	0	tyluur_gist_4cb93ba0_2f232f49	raw=Blue_dragon_scale;method=exact
243	1	1932	8965	0	tyluur_gist_4cb93ba0_2f232f49	raw=Blue_dragon_scale;method=exact
526	1	1936	9448	0	tyluur_gist_4cb93ba0_2f232f49	raw=Bones;method=scored_ambiguity
1059	1	1936	9449	0	tyluur_gist_4cb93ba0_2f232f49	raw=Leather_gloves;method=exact
1925	1	1943	4956	0	tyluur_gist_4cb93ba0_2f232f49	raw=Bucket;method=scored_ambiguity
952	1	1951	4964	0	tyluur_gist_4cb93ba0_2f232f49	raw=Spade;method=exact
2347	1	1953	4974	0	tyluur_gist_4cb93ba0_2f232f49	raw=Hammer;method=exact
2309	1	1965	9082	0	tyluur_gist_4cb93ba0_2f232f49	raw=Bread;method=exact
2357	1	1965	9082	0	tyluur_gist_4cb93ba0_2f232f49	raw=Gold_bar;method=exact
2309	1	1967	9084	0	tyluur_gist_4cb93ba0_2f232f49	raw=Bread;method=exact
2357	1	1967	9084	0	tyluur_gist_4cb93ba0_2f232f49	raw=Gold_bar;method=exact
2309	1	1968	9083	0	tyluur_gist_4cb93ba0_2f232f49	raw=Bread;method=exact
2357	1	1968	9083	0	tyluur_gist_4cb93ba0_2f232f49	raw=Gold_bar;method=exact
2309	1	1969	9083	0	tyluur_gist_4cb93ba0_2f232f49	raw=Bread;method=exact
2357	1	1969	9083	0	tyluur_gist_4cb93ba0_2f232f49	raw=Gold_bar;method=exact
2309	1	1973	9081	0	tyluur_gist_4cb93ba0_2f232f49	raw=Bread;method=exact
2357	1	1973	9081	0	tyluur_gist_4cb93ba0_2f232f49	raw=Gold_bar;method=exact
10179	1	2004	4983	0	tyluur_gist_4cb93ba0_2f232f49	raw=Feathered_journal;method=exact
528	1	2011	5600	0	tyluur_gist_4cb93ba0_2f232f49	raw=Burnt_bones;method=exact
528	1	2012	5596	0	tyluur_gist_4cb93ba0_2f232f49	raw=Burnt_bones;method=exact
528	1	2019	5598	0	tyluur_gist_4cb93ba0_2f232f49	raw=Burnt_bones;method=exact
528	1	2023	5609	0	tyluur_gist_4cb93ba0_2f232f49	raw=Burnt_bones;method=exact
2309	1	2023	8994	0	tyluur_gist_4cb93ba0_2f232f49	raw=Bread;method=exact
528	1	2025	5608	0	tyluur_gist_4cb93ba0_2f232f49	raw=Burnt_bones;method=exact
4522	1	2030	9005	0	tyluur_gist_4cb93ba0_2f232f49	raw=Oil_lamp;method=scored_ambiguity
952	1	2031	8984	0	tyluur_gist_4cb93ba0_2f232f49	raw=Spade;method=exact
2309	1	2032	9002	0	tyluur_gist_4cb93ba0_2f232f49	raw=Bread;method=exact
2309	1	2033	8978	0	tyluur_gist_4cb93ba0_2f232f49	raw=Bread;method=exact
317	1	2033	8983	0	tyluur_gist_4cb93ba0_2f232f49	raw=Raw_shrimps;method=scored_ambiguity
7954	1	2034	8984	0	tyluur_gist_4cb93ba0_2f232f49	raw=Burnt_shrimp;method=exact
359	1	2037	8978	0	tyluur_gist_4cb93ba0_2f232f49	raw=Raw_tuna;method=exact
2309	1	2037	8980	0	tyluur_gist_4cb93ba0_2f232f49	raw=Bread;method=exact
303	1	2037	8986	0	tyluur_gist_4cb93ba0_2f232f49	raw=Small_fishing_net;method=scored_ambiguity
1925	1	2041	8985	0	tyluur_gist_4cb93ba0_2f232f49	raw=Bucket;method=scored_ambiguity
1635	1	2056	9004	0	tyluur_gist_4cb93ba0_2f232f49	raw=Gold_Ring;method=exact
1635	1	2056	9004	0	tyluur_gist_4cb93ba0_2f232f49	raw=Gold_ring;method=exact
2357	1	2057	8985	0	tyluur_gist_4cb93ba0_2f232f49	raw=Gold_bar;method=exact
1654	1	2068	8986	0	tyluur_gist_4cb93ba0_2f232f49	raw=Gold_necklace;method=exact
301	1	2087	2896	0	tyluur_gist_4cb93ba0_2f232f49	raw=Lobster_pot;method=exact
243	1	2120	9309	0	tyluur_gist_4cb93ba0_2f232f49	raw=Blue_dragon_scale;method=exact
243	1	2120	9309	0	tyluur_gist_4cb93ba0_2f232f49	raw=Blue_dragon_scale;method=exact
243	1	2121	9301	0	tyluur_gist_4cb93ba0_2f232f49	raw=Blue_dragon_scale;method=exact
243	1	2126	9298	0	tyluur_gist_4cb93ba0_2f232f49	raw=Blue_dragon_scale;method=exact
243	1	2127	9305	0	tyluur_gist_4cb93ba0_2f232f49	raw=Blue_dragon_scale;method=exact
243	1	2129	9308	0	tyluur_gist_4cb93ba0_2f232f49	raw=Blue_dragon_scale;method=exact
243	1	2135	9306	0	tyluur_gist_4cb93ba0_2f232f49	raw=Blue_dragon_scale;method=exact
2347	1	2157	2803	0	tyluur_gist_4cb93ba0_2f232f49	raw=Hammer;method=exact
305	1	2161	2803	0	tyluur_gist_4cb93ba0_2f232f49	raw=Big_fishing_net;method=exact
946	1	2163	2979	0	tyluur_gist_4cb93ba0_2f232f49	raw=Knife;method=scored_ambiguity
10008	1	2164	2983	0	tyluur_gist_4cb93ba0_2f232f49	raw=Box_trap;method=exact
10006	1	2167	2981	0	tyluur_gist_4cb93ba0_2f232f49	raw=Bird_snare;method=exact
303	1	2169	2983	0	tyluur_gist_4cb93ba0_2f232f49	raw=Small_fishing_net;method=scored_ambiguity
863	1	2176	3429	0	tyluur_gist_4cb93ba0_2f232f49	raw=Iron_Knife;method=exact
2351	1	2176	3429	0	tyluur_gist_4cb93ba0_2f232f49	raw=Iron_bar;method=exact
3216	1	2184	3139	0	tyluur_gist_4cb93ba0_2f232f49	raw=Barrel;method=scored_ambiguity
3216	1	2189	3140	0	tyluur_gist_4cb93ba0_2f232f49	raw=Barrel;method=scored_ambiguity
3216	1	2190	3144	0	tyluur_gist_4cb93ba0_2f232f49	raw=Barrel;method=scored_ambiguity
307	1	2198	3001	0	tyluur_gist_4cb93ba0_2f232f49	raw=Fishing_rod;method=exact
1931	1	2199	3257	0	tyluur_gist_4cb93ba0_2f232f49	raw=Pot;method=exact
3216	1	2205	3257	0	tyluur_gist_4cb93ba0_2f232f49	raw=Barrel;method=scored_ambiguity
3216	1	2208	3259	0	tyluur_gist_4cb93ba0_2f232f49	raw=Barrel;method=scored_ambiguity
1911	1	2258	4086	0	tyluur_gist_4cb93ba0_2f232f49	raw=Dragon_bitter;method=scored_ambiguity
239	1	2262	3168	0	tyluur_gist_4cb93ba0_2f232f49	raw=White_berries;method=exact
309	1	2263	2886	0	tyluur_gist_4cb93ba0_2f232f49	raw=Fly_fishing_rod;method=exact
960	1	2265	2888	0	tyluur_gist_4cb93ba0_2f232f49	raw=Plank;method=exact
946	1	2288	2790	0	tyluur_gist_4cb93ba0_2f232f49	raw=Knife;method=scored_ambiguity
8780	1	2289	3357	0	tyluur_gist_4cb93ba0_2f232f49	raw=Teak_plank;method=exact
526	1	2307	9397	0	tyluur_gist_4cb93ba0_2f232f49	raw=Bones;method=scored_ambiguity
526	1	2308	9345	0	tyluur_gist_4cb93ba0_2f232f49	raw=Bones;method=scored_ambiguity
526	1	2308	9347	0	tyluur_gist_4cb93ba0_2f232f49	raw=Bones;method=scored_ambiguity
526	1	2309	9396	0	tyluur_gist_4cb93ba0_2f232f49	raw=Bones;method=scored_ambiguity
526	1	2310	9346	0	tyluur_gist_4cb93ba0_2f232f49	raw=Bones;method=scored_ambiguity
526	1	2311	9345	0	tyluur_gist_4cb93ba0_2f232f49	raw=Bones;method=scored_ambiguity
590	1	2324	9800	0	tyluur_gist_4cb93ba0_2f232f49	raw=Tinderbox;method=scored_ambiguity
526	1	2326	9357	0	tyluur_gist_4cb93ba0_2f232f49	raw=Bones;method=scored_ambiguity
526	1	2326	9359	0	tyluur_gist_4cb93ba0_2f232f49	raw=Bones;method=scored_ambiguity
526	1	2327	9357	0	tyluur_gist_4cb93ba0_2f232f49	raw=Bones;method=scored_ambiguity
526	1	2327	9405	0	tyluur_gist_4cb93ba0_2f232f49	raw=Bones;method=scored_ambiguity
526	1	2329	9399	0	tyluur_gist_4cb93ba0_2f232f49	raw=Bones;method=scored_ambiguity
526	1	2331	9375	0	tyluur_gist_4cb93ba0_2f232f49	raw=Bones;method=scored_ambiguity
223	1	2336	3316	0	tyluur_gist_4cb93ba0_2f232f49	raw=Red_spiders'_eggs;method=exact
526	1	2337	9393	0	tyluur_gist_4cb93ba0_2f232f49	raw=Bones;method=scored_ambiguity
223	1	2338	3313	0	tyluur_gist_4cb93ba0_2f232f49	raw=Red_spiders'_eggs;method=exact
223	1	2339	3309	0	tyluur_gist_4cb93ba0_2f232f49	raw=Red_spiders'_eggs;method=exact
526	1	2339	9396	0	tyluur_gist_4cb93ba0_2f232f49	raw=Bones;method=scored_ambiguity
223	1	2340	3312	0	tyluur_gist_4cb93ba0_2f232f49	raw=Red_spiders'_eggs;method=exact
223	1	2343	3313	0	tyluur_gist_4cb93ba0_2f232f49	raw=Red_spiders'_eggs;method=exact
223	1	2346	3310	0	tyluur_gist_4cb93ba0_2f232f49	raw=Red_spiders'_eggs;method=exact
526	1	2348	9359	0	tyluur_gist_4cb93ba0_2f232f49	raw=Bones;method=scored_ambiguity
526	1	2349	9361	0	tyluur_gist_4cb93ba0_2f232f49	raw=Bones;method=scored_ambiguity
526	1	2350	9360	0	tyluur_gist_4cb93ba0_2f232f49	raw=Bones;method=scored_ambiguity
2347	1	2351	9383	0	tyluur_gist_4cb93ba0_2f232f49	raw=Hammer;method=exact
526	1	2359	9385	0	tyluur_gist_4cb93ba0_2f232f49	raw=Bones;method=scored_ambiguity
526	1	2362	9404	0	tyluur_gist_4cb93ba0_2f232f49	raw=Bones;method=scored_ambiguity
526	1	2363	9355	0	tyluur_gist_4cb93ba0_2f232f49	raw=Bones;method=scored_ambiguity
526	1	2365	9351	0	tyluur_gist_4cb93ba0_2f232f49	raw=Bones;method=scored_ambiguity
526	1	2365	9354	0	tyluur_gist_4cb93ba0_2f232f49	raw=Bones;method=scored_ambiguity
590	1	2368	3135	0	tyluur_gist_4cb93ba0_2f232f49	raw=Tinderbox;method=scored_ambiguity
1925	1	2371	3127	0	tyluur_gist_4cb93ba0_2f232f49	raw=Bucket;method=scored_ambiguity
1925	1	2371	3128	0	tyluur_gist_4cb93ba0_2f232f49	raw=Bucket;method=scored_ambiguity
660	1	2379	4712	0	tyluur_gist_4cb93ba0_2f232f49	raw=Blue_hat;method=scored_ambiguity
2150	1	2381	3414	0	tyluur_gist_4cb93ba0_2f232f49	raw=Swamp_toad;method=exact
2150	1	2382	3412	0	tyluur_gist_4cb93ba0_2f232f49	raw=Swamp_toad;method=exact
1973	1	2384	4440	0	tyluur_gist_4cb93ba0_2f232f49	raw=Chocolate_Bar;method=exact
1481	1	2385	9685	0	tyluur_gist_4cb93ba0_2f232f49	raw=Orb_of_light;method=scored_ambiguity
1481	1	2386	9677	0	tyluur_gist_4cb93ba0_2f232f49	raw=Orb_of_light;method=scored_ambiguity
2150	1	2388	3410	0	tyluur_gist_4cb93ba0_2f232f49	raw=Swamp_toad;method=exact
1925	1	2397	4461	0	tyluur_gist_4cb93ba0_2f232f49	raw=Bucket;method=scored_ambiguity
2150	1	2399	3406	0	tyluur_gist_4cb93ba0_2f232f49	raw=Swamp_toad;method=exact
2150	1	2401	3404	0	tyluur_gist_4cb93ba0_2f232f49	raw=Swamp_toad;method=exact
2150	1	2406	3405	0	tyluur_gist_4cb93ba0_2f232f49	raw=Swamp_toad;method=exact
2150	1	2407	3516	0	tyluur_gist_4cb93ba0_2f232f49	raw=Swamp_toad;method=exact
2150	1	2408	3408	0	tyluur_gist_4cb93ba0_2f232f49	raw=Swamp_toad;method=exact
2162	1	2408	3515	0	tyluur_gist_4cb93ba0_2f232f49	raw=King_worm;method=exact
2162	1	2408	3518	0	tyluur_gist_4cb93ba0_2f232f49	raw=King_worm;method=exact
2150	1	2409	3514	0	tyluur_gist_4cb93ba0_2f232f49	raw=Swamp_toad;method=exact
2150	1	2411	3512	0	tyluur_gist_4cb93ba0_2f232f49	raw=Swamp_toad;method=exact
2030	1	2411	9818	0	tyluur_gist_4cb93ba0_2f232f49	raw=Premade_choc_s'dy;method=exact
2150	1	2412	3519	0	tyluur_gist_4cb93ba0_2f232f49	raw=Swamp_toad;method=exact
2150	1	2413	3511	0	tyluur_gist_4cb93ba0_2f232f49	raw=Swamp_toad;method=exact
2162	1	2414	3510	0	tyluur_gist_4cb93ba0_2f232f49	raw=King_worm;method=exact
2162	1	2414	3518	0	tyluur_gist_4cb93ba0_2f232f49	raw=King_worm;method=exact
2162	1	2415	3511	0	tyluur_gist_4cb93ba0_2f232f49	raw=King_worm;method=exact
2162	1	2415	3517	0	tyluur_gist_4cb93ba0_2f232f49	raw=King_worm;method=exact
2150	1	2415	3518	0	tyluur_gist_4cb93ba0_2f232f49	raw=Swamp_toad;method=exact
2150	1	2416	3512	0	tyluur_gist_4cb93ba0_2f232f49	raw=Swamp_toad;method=exact
1481	1	2416	9698	0	tyluur_gist_4cb93ba0_2f232f49	raw=Orb_of_light;method=scored_ambiguity
2150	1	2417	3508	0	tyluur_gist_4cb93ba0_2f232f49	raw=Swamp_toad;method=exact
2150	1	2417	3512	0	tyluur_gist_4cb93ba0_2f232f49	raw=Swamp_toad;method=exact
2150	1	2417	3515	0	tyluur_gist_4cb93ba0_2f232f49	raw=Swamp_toad;method=exact
2150	1	2417	3516	0	tyluur_gist_4cb93ba0_2f232f49	raw=Swamp_toad;method=exact
1493	1	2417	9673	0	tyluur_gist_4cb93ba0_2f232f49	raw=Old_Journal;method=exact
2150	1	2418	3511	0	tyluur_gist_4cb93ba0_2f232f49	raw=Swamp_toad;method=exact
2150	1	2418	3517	0	tyluur_gist_4cb93ba0_2f232f49	raw=Swamp_toad;method=exact
2162	1	2419	3511	0	tyluur_gist_4cb93ba0_2f232f49	raw=King_worm;method=exact
2150	1	2421	3509	0	tyluur_gist_4cb93ba0_2f232f49	raw=Swamp_toad;method=exact
2150	1	2421	3519	0	tyluur_gist_4cb93ba0_2f232f49	raw=Swamp_toad;method=exact
2150	1	2424	3514	0	tyluur_gist_4cb93ba0_2f232f49	raw=Swamp_toad;method=exact
2150	1	2424	3517	0	tyluur_gist_4cb93ba0_2f232f49	raw=Swamp_toad;method=exact
2162	1	2425	3515	0	tyluur_gist_4cb93ba0_2f232f49	raw=King_worm;method=exact
2162	1	2426	3507	0	tyluur_gist_4cb93ba0_2f232f49	raw=King_worm;method=exact
2162	1	2427	3508	0	tyluur_gist_4cb93ba0_2f232f49	raw=King_worm;method=exact
1925	1	2428	3079	0	tyluur_gist_4cb93ba0_2f232f49	raw=Bucket;method=scored_ambiguity
1925	1	2428	3080	0	tyluur_gist_4cb93ba0_2f232f49	raw=Bucket;method=scored_ambiguity
2150	1	2428	3510	0	tyluur_gist_4cb93ba0_2f232f49	raw=Swamp_toad;method=exact
590	1	2431	3072	0	tyluur_gist_4cb93ba0_2f232f49	raw=Tinderbox;method=scored_ambiguity
960	1	2435	9726	0	tyluur_gist_4cb93ba0_2f232f49	raw=Plank;method=exact
11656	1	2438	3185	0	tyluur_gist_4cb93ba0_2f232f49	raw=Glassblowing_book;method=exact
600	1	2438	3187	0	tyluur_gist_4cb93ba0_2f232f49	raw=Astronomy_book;method=exact
4043	1	2443	9653	0	tyluur_gist_4cb93ba0_2f232f49	raw=Rock;method=scored_ambiguity
4043	1	2448	9639	0	tyluur_gist_4cb93ba0_2f232f49	raw=Rock;method=scored_ambiguity
526	1	2453	3230	0	tyluur_gist_4cb93ba0_2f232f49	raw=Bones;method=scored_ambiguity
1944	1	2453	4476	0	tyluur_gist_4cb93ba0_2f232f49	raw=Egg;method=scored_ambiguity
526	1	2455	3220	0	tyluur_gist_4cb93ba0_2f232f49	raw=Bones;method=scored_ambiguity
526	1	2456	3230	0	tyluur_gist_4cb93ba0_2f232f49	raw=Bones;method=scored_ambiguity
526	1	2456	3234	0	tyluur_gist_4cb93ba0_2f232f49	raw=Bones;method=scored_ambiguity
526	1	2457	3224	0	tyluur_gist_4cb93ba0_2f232f49	raw=Bones;method=scored_ambiguity
526	1	2459	3222	0	tyluur_gist_4cb93ba0_2f232f49	raw=Bones;method=scored_ambiguity
526	1	2461	3230	0	tyluur_gist_4cb93ba0_2f232f49	raw=Bones;method=scored_ambiguity
526	1	2466	3226	0	tyluur_gist_4cb93ba0_2f232f49	raw=Bones;method=scored_ambiguity
185	1	2467	3176	0	tyluur_gist_4cb93ba0_2f232f49	raw=Superantipoison(1);method=exact
526	1	2470	3217	0	tyluur_gist_4cb93ba0_2f232f49	raw=Bones;method=scored_ambiguity
526	1	2470	3223	0	tyluur_gist_4cb93ba0_2f232f49	raw=Bones;method=scored_ambiguity
229	1	2472	4941	0	tyluur_gist_4cb93ba0_2f232f49	raw=Vial;method=scored_ambiguity
5586	1	2473	4941	0	tyluur_gist_4cb93ba0_2f232f49	raw=Metal_spade;method=scored_ambiguity
12841	1	2475	4956	0	tyluur_gist_4cb93ba0_2f232f49	raw=Hourglass;method=scored_ambiguity
526	1	2476	3224	0	tyluur_gist_4cb93ba0_2f232f49	raw=Bones;method=scored_ambiguity
526	1	2480	3219	0	tyluur_gist_4cb93ba0_2f232f49	raw=Bones;method=scored_ambiguity
1277	1	2483	2929	0	tyluur_gist_4cb93ba0_2f232f49	raw=Bronze_sword;method=exact
526	1	2485	2926	0	tyluur_gist_4cb93ba0_2f232f49	raw=Bones;method=scored_ambiguity
964	1	2485	2928	0	tyluur_gist_4cb93ba0_2f232f49	raw=Skull;method=scored_ambiguity
3216	1	2487	3371	0	tyluur_gist_4cb93ba0_2f232f49	raw=Barrel;method=scored_ambiguity
526	1	2489	2922	0	tyluur_gist_4cb93ba0_2f232f49	raw=Bones;method=scored_ambiguity
526	1	2490	2929	0	tyluur_gist_4cb93ba0_2f232f49	raw=Bones;method=scored_ambiguity
526	1	2493	2926	0	tyluur_gist_4cb93ba0_2f232f49	raw=Bones;method=scored_ambiguity
526	1	2496	2954	0	tyluur_gist_4cb93ba0_2f232f49	raw=Bones;method=scored_ambiguity
526	1	2499	2958	0	tyluur_gist_4cb93ba0_2f232f49	raw=Bones;method=scored_ambiguity
560	1	2500	2967	0	tyluur_gist_4cb93ba0_2f232f49	raw=Death_rune;method=scored_ambiguity
231	1	2500	3730	0	tyluur_gist_4cb93ba0_2f232f49	raw=Snape_grass;method=exact
231	1	2500	3731	0	tyluur_gist_4cb93ba0_2f232f49	raw=Snape_grass;method=exact
231	1	2501	3727	0	tyluur_gist_4cb93ba0_2f232f49	raw=Snape_grass;method=exact
231	1	2501	3729	0	tyluur_gist_4cb93ba0_2f232f49	raw=Snape_grass;method=exact
231	1	2501	3732	0	tyluur_gist_4cb93ba0_2f232f49	raw=Snape_grass;method=exact
526	1	2501	9427	0	tyluur_gist_4cb93ba0_2f232f49	raw=Bones;method=scored_ambiguity
231	1	2502	3726	0	tyluur_gist_4cb93ba0_2f232f49	raw=Snape_grass;method=exact
231	1	2502	3753	0	tyluur_gist_4cb93ba0_2f232f49	raw=Snape_grass;method=exact
231	1	2502	3756	0	tyluur_gist_4cb93ba0_2f232f49	raw=Snape_grass;method=exact
231	1	2502	3757	0	tyluur_gist_4cb93ba0_2f232f49	raw=Snape_grass;method=exact
526	1	2503	3118	0	tyluur_gist_4cb93ba0_2f232f49	raw=Bones;method=scored_ambiguity
231	1	2503	3733	0	tyluur_gist_4cb93ba0_2f232f49	raw=Snape_grass;method=exact
231	1	2503	3758	0	tyluur_gist_4cb93ba0_2f232f49	raw=Snape_grass;method=exact
231	1	2503	3759	0	tyluur_gist_4cb93ba0_2f232f49	raw=Snape_grass;method=exact
526	1	2503	9425	0	tyluur_gist_4cb93ba0_2f232f49	raw=Bones;method=scored_ambiguity
231	1	2504	3732	0	tyluur_gist_4cb93ba0_2f232f49	raw=Snape_grass;method=exact
231	1	2504	3753	0	tyluur_gist_4cb93ba0_2f232f49	raw=Snape_grass;method=exact
526	1	2504	9427	0	tyluur_gist_4cb93ba0_2f232f49	raw=Bones;method=scored_ambiguity
7967	1	2504	10287	0	tyluur_gist_4cb93ba0_2f232f49	raw=Engine;method=exact
526	1	2505	3114	0	tyluur_gist_4cb93ba0_2f232f49	raw=Bones;method=scored_ambiguity
2384	1	2505	9441	0	tyluur_gist_4cb93ba0_2f232f49	raw=Fingernails;method=exact
526	1	2505	9447	0	tyluur_gist_4cb93ba0_2f232f49	raw=Bones;method=scored_ambiguity
526	1	2506	2952	0	tyluur_gist_4cb93ba0_2f232f49	raw=Bones;method=scored_ambiguity
231	1	2506	3731	0	tyluur_gist_4cb93ba0_2f232f49	raw=Snape_grass;method=exact
526	1	2506	9448	0	tyluur_gist_4cb93ba0_2f232f49	raw=Bones;method=scored_ambiguity
7972	1	2506	10289	0	tyluur_gist_4cb93ba0_2f232f49	raw=Lift_manual;method=exact
526	1	2507	3116	0	tyluur_gist_4cb93ba0_2f232f49	raw=Bones;method=scored_ambiguity
526	1	2507	9447	0	tyluur_gist_4cb93ba0_2f232f49	raw=Bones;method=scored_ambiguity
526	1	2508	2982	0	tyluur_gist_4cb93ba0_2f232f49	raw=Bones;method=scored_ambiguity
526	1	2508	3086	0	tyluur_gist_4cb93ba0_2f232f49	raw=Bones;method=scored_ambiguity
526	1	2508	9447	0	tyluur_gist_4cb93ba0_2f232f49	raw=Bones;method=scored_ambiguity
526	1	2508	9449	0	tyluur_gist_4cb93ba0_2f232f49	raw=Bones;method=scored_ambiguity
526	1	2509	3084	0	tyluur_gist_4cb93ba0_2f232f49	raw=Bones;method=scored_ambiguity
526	1	2510	3080	0	tyluur_gist_4cb93ba0_2f232f49	raw=Bones;method=scored_ambiguity
526	1	2510	3088	0	tyluur_gist_4cb93ba0_2f232f49	raw=Bones;method=scored_ambiguity
247	1	2510	3090	0	tyluur_gist_4cb93ba0_2f232f49	raw=Jangerberries;method=exact
526	1	2511	3114	0	tyluur_gist_4cb93ba0_2f232f49	raw=Bones;method=scored_ambiguity
526	1	2512	2982	0	tyluur_gist_4cb93ba0_2f232f49	raw=Bones;method=scored_ambiguity
526	1	2512	3021	0	tyluur_gist_4cb93ba0_2f232f49	raw=Bones;method=scored_ambiguity
526	1	2512	3023	0	tyluur_gist_4cb93ba0_2f232f49	raw=Bones;method=scored_ambiguity
247	1	2512	3080	0	tyluur_gist_4cb93ba0_2f232f49	raw=Jangerberries;method=exact
526	1	2512	9448	0	tyluur_gist_4cb93ba0_2f232f49	raw=Bones;method=scored_ambiguity
526	1	2513	3020	0	tyluur_gist_4cb93ba0_2f232f49	raw=Bones;method=scored_ambiguity
526	1	2513	3021	0	tyluur_gist_4cb93ba0_2f232f49	raw=Bones;method=scored_ambiguity
526	1	2513	3085	0	tyluur_gist_4cb93ba0_2f232f49	raw=Bones;method=scored_ambiguity
526	1	2514	3020	0	tyluur_gist_4cb93ba0_2f232f49	raw=Bones;method=scored_ambiguity
526	1	2515	3020	0	tyluur_gist_4cb93ba0_2f232f49	raw=Bones;method=scored_ambiguity
526	1	2516	3084	0	tyluur_gist_4cb93ba0_2f232f49	raw=Bones;method=scored_ambiguity
247	1	2516	3086	0	tyluur_gist_4cb93ba0_2f232f49	raw=Jangerberries;method=exact
247	1	2517	3082	0	tyluur_gist_4cb93ba0_2f232f49	raw=Jangerberries;method=exact
2384	1	2517	9453	0	tyluur_gist_4cb93ba0_2f232f49	raw=Fingernails;method=exact
526	1	2522	2983	0	tyluur_gist_4cb93ba0_2f232f49	raw=Bones;method=scored_ambiguity
231	1	2525	3751	0	tyluur_gist_4cb93ba0_2f232f49	raw=Snape_grass;method=exact
231	1	2527	3746	0	tyluur_gist_4cb93ba0_2f232f49	raw=Snape_grass;method=exact
231	1	2528	3716	0	tyluur_gist_4cb93ba0_2f232f49	raw=Snape_grass;method=exact
2398	1	2528	9415	0	tyluur_gist_4cb93ba0_2f232f49	raw=Cave_nightshade;method=exact
946	1	2529	3030	0	tyluur_gist_4cb93ba0_2f232f49	raw=Knife;method=scored_ambiguity
231	1	2529	3735	0	tyluur_gist_4cb93ba0_2f232f49	raw=Snape_grass;method=exact
2398	1	2530	9462	0	tyluur_gist_4cb93ba0_2f232f49	raw=Cave_nightshade;method=exact
231	1	2531	3735	0	tyluur_gist_4cb93ba0_2f232f49	raw=Snape_grass;method=exact
526	1	2531	9461	0	tyluur_gist_4cb93ba0_2f232f49	raw=Bones;method=scored_ambiguity
231	1	2532	3762	0	tyluur_gist_4cb93ba0_2f232f49	raw=Snape_grass;method=exact
526	1	2532	9464	0	tyluur_gist_4cb93ba0_2f232f49	raw=Bones;method=scored_ambiguity
526	1	2533	9462	0	tyluur_gist_4cb93ba0_2f232f49	raw=Bones;method=scored_ambiguity
1984	1	2535	3333	0	tyluur_gist_4cb93ba0_2f232f49	raw=Rotten_apple;method=exact
526	1	2535	9464	0	tyluur_gist_4cb93ba0_2f232f49	raw=Bones;method=scored_ambiguity
1137	1	2540	3249	0	tyluur_gist_4cb93ba0_2f232f49	raw=Iron_med_helm;method=exact
231	1	2540	3765	0	tyluur_gist_4cb93ba0_2f232f49	raw=Snape_grass;method=exact
526	1	2541	3028	0	tyluur_gist_4cb93ba0_2f232f49	raw=Bones;method=scored_ambiguity
526	1	2542	2983	0	tyluur_gist_4cb93ba0_2f232f49	raw=Bones;method=scored_ambiguity
526	1	2542	3027	0	tyluur_gist_4cb93ba0_2f232f49	raw=Bones;method=scored_ambiguity
231	1	2542	3765	0	tyluur_gist_4cb93ba0_2f232f49	raw=Snape_grass;method=exact
946	1	2543	3288	0	tyluur_gist_4cb93ba0_2f232f49	raw=Knife;method=scored_ambiguity
526	1	2545	3031	0	tyluur_gist_4cb93ba0_2f232f49	raw=Bones;method=scored_ambiguity
231	1	2546	3763	0	tyluur_gist_4cb93ba0_2f232f49	raw=Snape_grass;method=exact
33	1	2547	3114	0	tyluur_gist_4cb93ba0_2f232f49	raw=Lit_candle;method=exact
36	1	2547	3114	0	tyluur_gist_4cb93ba0_2f232f49	raw=Candle;method=exact
526	1	2548	3044	0	tyluur_gist_4cb93ba0_2f232f49	raw=Bones;method=scored_ambiguity
526	1	2549	3043	0	tyluur_gist_4cb93ba0_2f232f49	raw=Bones;method=scored_ambiguity
1984	1	2549	3332	0	tyluur_gist_4cb93ba0_2f232f49	raw=Rotten_apple;method=exact
960	1	2550	3575	0	tyluur_gist_4cb93ba0_2f232f49	raw=Plank;method=exact
526	1	2551	3042	0	tyluur_gist_4cb93ba0_2f232f49	raw=Bones;method=scored_ambiguity
526	1	2552	2984	0	tyluur_gist_4cb93ba0_2f232f49	raw=Bones;method=scored_ambiguity
526	1	2552	2986	0	tyluur_gist_4cb93ba0_2f232f49	raw=Bones;method=scored_ambiguity
231	1	2552	3757	0	tyluur_gist_4cb93ba0_2f232f49	raw=Snape_grass;method=exact
960	1	2553	3576	0	tyluur_gist_4cb93ba0_2f232f49	raw=Plank;method=exact
231	1	2553	3751	0	tyluur_gist_4cb93ba0_2f232f49	raw=Snape_grass;method=exact
231	1	2553	3754	0	tyluur_gist_4cb93ba0_2f232f49	raw=Snape_grass;method=exact
960	1	2554	3575	0	tyluur_gist_4cb93ba0_2f232f49	raw=Plank;method=exact
960	1	2556	3573	0	tyluur_gist_4cb93ba0_2f232f49	raw=Plank;method=exact
1573	1	2560	2971	0	tyluur_gist_4cb93ba0_2f232f49	raw=Doogle_leaves;method=exact
1573	1	2562	2973	0	tyluur_gist_4cb93ba0_2f232f49	raw=Doogle_leaves;method=exact
1573	1	2563	2971	0	tyluur_gist_4cb93ba0_2f232f49	raw=Doogle_leaves;method=exact
1773	1	2563	3261	0	tyluur_gist_4cb93ba0_2f232f49	raw=Purple_dye;method=exact
347	1	2563	9511	0	tyluur_gist_4cb93ba0_2f232f49	raw=Herring;method=exact
1925	1	2564	3332	0	tyluur_gist_4cb93ba0_2f232f49	raw=Bucket;method=scored_ambiguity
24	1	2564	9662	0	tyluur_gist_4cb93ba0_2f232f49	raw=Rat_poison;method=exact
946	1	2564	9669	0	tyluur_gist_4cb93ba0_2f232f49	raw=Knife;method=scored_ambiguity
1573	1	2565	2972	0	tyluur_gist_4cb93ba0_2f232f49	raw=Doogle_leaves;method=exact
952	1	2566	3330	0	tyluur_gist_4cb93ba0_2f232f49	raw=Spade;method=exact
946	1	2567	9526	0	tyluur_gist_4cb93ba0_2f232f49	raw=Knife;method=scored_ambiguity
1937	1	2568	3102	0	tyluur_gist_4cb93ba0_2f232f49	raw=Jug_of_water;method=exact
275	1	2569	9897	0	tyluur_gist_4cb93ba0_2f232f49	raw=Key;method=scored_ambiguity
90	1	2570	9604	0	tyluur_gist_4cb93ba0_2f232f49	raw=Child's_blanket;method=exact
526	1	2571	3030	0	tyluur_gist_4cb93ba0_2f232f49	raw=Bones;method=scored_ambiguity
526	1	2571	3036	0	tyluur_gist_4cb93ba0_2f232f49	raw=Bones;method=scored_ambiguity
687	1	2573	3056	0	tyluur_gist_4cb93ba0_2f232f49	raw=Broken_arrow;method=exact
526	1	2574	3035	0	tyluur_gist_4cb93ba0_2f232f49	raw=Bones;method=scored_ambiguity
22	1	2574	9633	0	tyluur_gist_4cb93ba0_2f232f49	raw=Blue_cog;method=exact
687	1	2576	3051	0	tyluur_gist_4cb93ba0_2f232f49	raw=Broken_arrow;method=exact
1510	1	2576	3334	0	tyluur_gist_4cb93ba0_2f232f49	raw=Picture;method=exact
526	1	2577	3029	0	tyluur_gist_4cb93ba0_2f232f49	raw=Bones;method=scored_ambiguity
20	1	2578	9655	0	tyluur_gist_4cb93ba0_2f232f49	raw=White_Cog;method=exact
2347	1	2579	3463	0	tyluur_gist_4cb93ba0_2f232f49	raw=Hammer;method=exact
526	1	2580	9732	0	tyluur_gist_4cb93ba0_2f232f49	raw=Bones;method=scored_ambiguity
526	1	2580	9741	0	tyluur_gist_4cb93ba0_2f232f49	raw=Bones;method=scored_ambiguity
23	1	2583	9613	0	tyluur_gist_4cb93ba0_2f232f49	raw=Red_cog;method=exact
1982	1	2584	2966	0	tyluur_gist_4cb93ba0_2f232f49	raw=Tomato;method=exact
10562	1	2584	5273	0	tyluur_gist_4cb93ba0_2f232f49	raw=Queen_help_book;method=exact
10562	1	2584	5276	0	tyluur_gist_4cb93ba0_2f232f49	raw=Queen_help_book;method=exact
526	1	2584	9732	0	tyluur_gist_4cb93ba0_2f232f49	raw=Bones;method=scored_ambiguity
526	1	2584	9743	0	tyluur_gist_4cb93ba0_2f232f49	raw=Bones;method=scored_ambiguity
526	1	2586	9732	0	tyluur_gist_4cb93ba0_2f232f49	raw=Bones;method=scored_ambiguity
526	1	2589	9731	0	tyluur_gist_4cb93ba0_2f232f49	raw=Bones;method=scored_ambiguity
275	1	2589	9888	0	tyluur_gist_4cb93ba0_2f232f49	raw=Key;method=scored_ambiguity
526	1	2590	9731	0	tyluur_gist_4cb93ba0_2f232f49	raw=Bones;method=scored_ambiguity
526	1	2590	9736	0	tyluur_gist_4cb93ba0_2f232f49	raw=Bones;method=scored_ambiguity
526	1	2592	9740	0	tyluur_gist_4cb93ba0_2f232f49	raw=Bones;method=scored_ambiguity
33	1	2598	3211	0	tyluur_gist_4cb93ba0_2f232f49	raw=Lit_candle;method=exact
36	1	2598	3211	0	tyluur_gist_4cb93ba0_2f232f49	raw=Candle;method=exact
526	1	2601	2959	0	tyluur_gist_4cb93ba0_2f232f49	raw=Bones;method=scored_ambiguity
526	1	2603	2964	0	tyluur_gist_4cb93ba0_2f232f49	raw=Bones;method=scored_ambiguity
526	1	2603	2968	0	tyluur_gist_4cb93ba0_2f232f49	raw=Bones;method=scored_ambiguity
278	1	2604	3357	0	tyluur_gist_4cb93ba0_2f232f49	raw=Cattleprod;method=exact
305	1	2605	3395	0	tyluur_gist_4cb93ba0_2f232f49	raw=Big_fishing_net;method=exact
311	1	2605	3396	0	tyluur_gist_4cb93ba0_2f232f49	raw=Harpoon;method=exact
526	1	2607	2964	0	tyluur_gist_4cb93ba0_2f232f49	raw=Bones;method=scored_ambiguity
301	1	2608	3397	0	tyluur_gist_4cb93ba0_2f232f49	raw=Lobster_pot;method=exact
303	1	2608	3398	0	tyluur_gist_4cb93ba0_2f232f49	raw=Small_fishing_net;method=scored_ambiguity
526	1	2613	9441	0	tyluur_gist_4cb93ba0_2f232f49	raw=Bones;method=scored_ambiguity
21	1	2613	9639	0	tyluur_gist_4cb93ba0_2f232f49	raw=Black_Cog;method=exact
526	1	2614	9417	0	tyluur_gist_4cb93ba0_2f232f49	raw=Bones;method=scored_ambiguity
526	1	2615	9415	0	tyluur_gist_4cb93ba0_2f232f49	raw=Bones;method=scored_ambiguity
526	1	2615	9438	0	tyluur_gist_4cb93ba0_2f232f49	raw=Bones;method=scored_ambiguity
526	1	2615	9442	0	tyluur_gist_4cb93ba0_2f232f49	raw=Bones;method=scored_ambiguity
1925	1	2616	3255	0	tyluur_gist_4cb93ba0_2f232f49	raw=Bucket;method=scored_ambiguity
526	1	2616	9443	0	tyluur_gist_4cb93ba0_2f232f49	raw=Bones;method=scored_ambiguity
526	1	2617	9440	0	tyluur_gist_4cb93ba0_2f232f49	raw=Bones;method=scored_ambiguity
526	1	2617	9446	0	tyluur_gist_4cb93ba0_2f232f49	raw=Bones;method=scored_ambiguity
424	1	2618	3323	0	tyluur_gist_4cb93ba0_2f232f49	raw=Pigeon_cage;method=scored_ambiguity
424	1	2618	3324	0	tyluur_gist_4cb93ba0_2f232f49	raw=Pigeon_cage;method=scored_ambiguity
424	1	2618	3325	0	tyluur_gist_4cb93ba0_2f232f49	raw=Pigeon_cage;method=scored_ambiguity
16	1	2626	4722	0	tyluur_gist_4cb93ba0_2f232f49	raw=Magic_whistle;method=exact
16	1	2627	4728	0	tyluur_gist_4cb93ba0_2f232f49	raw=Magic_whistle;method=exact
85	1	2628	9859	0	tyluur_gist_4cb93ba0_2f232f49	raw=Shiny_key;method=exact
2353	1	2630	9422	0	tyluur_gist_4cb93ba0_2f232f49	raw=Steel_bar;method=exact
1523	1	2631	9480	0	tyluur_gist_4cb93ba0_2f232f49	raw=Lockpick;method=scored_ambiguity
2126	1	2633	3496	0	tyluur_gist_4cb93ba0_2f232f49	raw=Dwellberries;method=exact
526	1	2634	9454	0	tyluur_gist_4cb93ba0_2f232f49	raw=Bones;method=scored_ambiguity
526	1	2636	9418	0	tyluur_gist_4cb93ba0_2f232f49	raw=Bones;method=scored_ambiguity
2349	1	2636	9463	0	tyluur_gist_4cb93ba0_2f232f49	raw=Bronze_bar;method=exact
16	1	2637	4692	0	tyluur_gist_4cb93ba0_2f232f49	raw=Magic_whistle;method=exact
526	1	2637	9430	0	tyluur_gist_4cb93ba0_2f232f49	raw=Bones;method=scored_ambiguity
83	1	2637	9819	0	tyluur_gist_4cb93ba0_2f232f49	raw=Lever;method=scored_ambiguity
1856	1	2638	3292	0	tyluur_gist_4cb93ba0_2f232f49	raw=Guide_Book;method=exact
2126	1	2638	3479	0	tyluur_gist_4cb93ba0_2f232f49	raw=Dwellberries;method=exact
84	1	2638	9906	0	tyluur_gist_4cb93ba0_2f232f49	raw=Staff_of_armadyl;method=exact
2128	1	2639	2952	0	tyluur_gist_4cb93ba0_2f232f49	raw=Equa_leaves;method=exact
687	1	2643	9853	0	tyluur_gist_4cb93ba0_2f232f49	raw=Broken_arrow;method=exact
526	1	2644	9460	0	tyluur_gist_4cb93ba0_2f232f49	raw=Bones;method=scored_ambiguity
687	1	2644	9851	0	tyluur_gist_4cb93ba0_2f232f49	raw=Broken_arrow;method=exact
1955	1	2645	3363	0	tyluur_gist_4cb93ba0_2f232f49	raw=Cooking_apple;method=exact
2126	1	2645	3498	0	tyluur_gist_4cb93ba0_2f232f49	raw=Dwellberries;method=exact
1550	1	2646	3299	0	tyluur_gist_4cb93ba0_2f232f49	raw=Garlic;method=exact
2128	1	2648	2963	0	tyluur_gist_4cb93ba0_2f232f49	raw=Equa_leaves;method=exact
960	1	2648	3156	0	tyluur_gist_4cb93ba0_2f232f49	raw=Plank;method=exact
2128	1	2649	2956	0	tyluur_gist_4cb93ba0_2f232f49	raw=Equa_leaves;method=exact
687	1	2649	9854	0	tyluur_gist_4cb93ba0_2f232f49	raw=Broken_arrow;method=exact
960	1	2651	3155	0	tyluur_gist_4cb93ba0_2f232f49	raw=Plank;method=exact
1785	1	2652	3454	0	tyluur_gist_4cb93ba0_2f232f49	raw=Glassblowing_pipe;method=exact
526	1	2653	9421	0	tyluur_gist_4cb93ba0_2f232f49	raw=Bones;method=scored_ambiguity
946	1	2653	9767	0	tyluur_gist_4cb93ba0_2f232f49	raw=Knife;method=scored_ambiguity
88	1	2654	9767	0	tyluur_gist_4cb93ba0_2f232f49	raw=Boots_of_lightness;method=scored_ambiguity
22251	1	2656	3424	0	tyluur_gist_4cb93ba0_2f232f49	raw=Oak_shield;method=exact
687	1	2657	3424	0	tyluur_gist_4cb93ba0_2f232f49	raw=Broken_arrow;method=exact
3803	1	2658	3676	0	tyluur_gist_4cb93ba0_2f232f49	raw=Beer_tankard;method=exact
3805	1	2659	3676	0	tyluur_gist_4cb93ba0_2f232f49	raw=Tankard;method=scored_ambiguity
526	1	2659	9456	0	tyluur_gist_4cb93ba0_2f232f49	raw=Bones;method=scored_ambiguity
3801	1	2660	3676	0	tyluur_gist_4cb93ba0_2f232f49	raw=Keg_of_beer;method=scored_ambiguity
2126	1	2664	3476	0	tyluur_gist_4cb93ba0_2f232f49	raw=Dwellberries;method=exact
687	1	2665	3424	0	tyluur_gist_4cb93ba0_2f232f49	raw=Broken_arrow;method=exact
1923	1	2667	3387	0	tyluur_gist_4cb93ba0_2f232f49	raw=Bowl;method=exact
2126	1	2667	3494	0	tyluur_gist_4cb93ba0_2f232f49	raw=Dwellberries;method=exact
687	1	2668	3419	0	tyluur_gist_4cb93ba0_2f232f49	raw=Broken_arrow;method=exact
526	1	2669	9428	0	tyluur_gist_4cb93ba0_2f232f49	raw=Bones;method=scored_ambiguity
687	1	2670	3424	0	tyluur_gist_4cb93ba0_2f232f49	raw=Broken_arrow;method=exact
687	1	2670	3437	0	tyluur_gist_4cb93ba0_2f232f49	raw=Broken_arrow;method=exact
526	1	2670	9419	0	tyluur_gist_4cb93ba0_2f232f49	raw=Bones;method=scored_ambiguity
526	1	2670	9463	0	tyluur_gist_4cb93ba0_2f232f49	raw=Bones;method=scored_ambiguity
526	1	2670	9821	0	tyluur_gist_4cb93ba0_2f232f49	raw=Bones;method=scored_ambiguity
561	2	2671	3737	0	tyluur_gist_4cb93ba0_2f232f49	raw=Nature_rune;method=scored_ambiguity
526	1	2671	9831	0	tyluur_gist_4cb93ba0_2f232f49	raw=Bones;method=scored_ambiguity
687	1	2672	3421	0	tyluur_gist_4cb93ba0_2f232f49	raw=Broken_arrow;method=exact
39	1	2672	3433	0	tyluur_gist_4cb93ba0_2f232f49	raw=Bronze_arrowtips;method=exact
1267	1	2672	3728	0	tyluur_gist_4cb93ba0_2f232f49	raw=Iron_pickaxe;method=exact
561	2	2672	3738	0	tyluur_gist_4cb93ba0_2f232f49	raw=Nature_rune;method=scored_ambiguity
526	1	2672	9823	0	tyluur_gist_4cb93ba0_2f232f49	raw=Bones;method=scored_ambiguity
687	1	2673	3428	0	tyluur_gist_4cb93ba0_2f232f49	raw=Broken_arrow;method=exact
526	1	2673	9822	0	tyluur_gist_4cb93ba0_2f232f49	raw=Bones;method=scored_ambiguity
526	1	2673	9829	0	tyluur_gist_4cb93ba0_2f232f49	raw=Bones;method=scored_ambiguity
1420	1	2675	3299	0	tyluur_gist_4cb93ba0_2f232f49	raw=Iron_mace;method=exact
687	1	2676	3431	0	tyluur_gist_4cb93ba0_2f232f49	raw=Broken_arrow;method=exact
687	1	2677	3422	0	tyluur_gist_4cb93ba0_2f232f49	raw=Broken_arrow;method=exact
687	1	2677	3425	0	tyluur_gist_4cb93ba0_2f232f49	raw=Broken_arrow;method=exact
526	1	2677	9431	0	tyluur_gist_4cb93ba0_2f232f49	raw=Bones;method=scored_ambiguity
526	1	2677	9462	0	tyluur_gist_4cb93ba0_2f232f49	raw=Bones;method=scored_ambiguity
882	1	2678	3426	0	tyluur_gist_4cb93ba0_2f232f49	raw=Bronze_arrow;method=scored_ambiguity
839	1	2678	3427	0	tyluur_gist_4cb93ba0_2f232f49	raw=Longbow;method=exact
1351	1	2678	3731	0	tyluur_gist_4cb93ba0_2f232f49	raw=Bronze_axe;method=exact
697	1	2679	3425	0	tyluur_gist_4cb93ba0_2f232f49	raw=Damaged_Armour;method=exact
1607	1	2679	3740	0	tyluur_gist_4cb93ba0_2f232f49	raw=Sapphire;method=exact
526	1	2679	9442	0	tyluur_gist_4cb93ba0_2f232f49	raw=Bones;method=scored_ambiguity
882	1	2680	3424	0	tyluur_gist_4cb93ba0_2f232f49	raw=Bronze_arrow;method=scored_ambiguity
888	1	2681	3426	0	tyluur_gist_4cb93ba0_2f232f49	raw=Mithril_arrow;method=scored_ambiguity
946	1	2681	3717	0	tyluur_gist_4cb93ba0_2f232f49	raw=Knife;method=scored_ambiguity
526	1	2682	3729	0	tyluur_gist_4cb93ba0_2f232f49	raw=Bones;method=scored_ambiguity
2351	1	2682	9463	0	tyluur_gist_4cb93ba0_2f232f49	raw=Iron_bar;method=exact
2347	1	2684	3318	0	tyluur_gist_4cb93ba0_2f232f49	raw=Hammer;method=exact
1927	1	2685	3683	0	tyluur_gist_4cb93ba0_2f232f49	raw=Bucket_of_milk;method=exact
1895	1	2691	3203	0	tyluur_gist_4cb93ba0_2f232f49	raw=Slice_of_cake;method=exact
1895	1	2691	3218	0	tyluur_gist_4cb93ba0_2f232f49	raw=Slice_of_cake;method=exact
401	1	2693	3727	0	tyluur_gist_4cb93ba0_2f232f49	raw=Seaweed;method=exact
401	1	2699	3729	0	tyluur_gist_4cb93ba0_2f232f49	raw=Seaweed;method=exact
946	1	2700	3407	0	tyluur_gist_4cb93ba0_2f232f49	raw=Knife;method=scored_ambiguity
954	1	2700	10163	0	tyluur_gist_4cb93ba0_2f232f49	raw=Rope;method=scored_ambiguity
960	1	2701	2717	0	tyluur_gist_4cb93ba0_2f232f49	raw=Plank;method=exact
401	1	2701	3731	0	tyluur_gist_4cb93ba0_2f232f49	raw=Seaweed;method=exact
954	1	2703	10155	0	tyluur_gist_4cb93ba0_2f232f49	raw=Rope;method=scored_ambiguity
960	1	2704	2718	0	tyluur_gist_4cb93ba0_2f232f49	raw=Plank;method=exact
946	1	2704	3475	0	tyluur_gist_4cb93ba0_2f232f49	raw=Knife;method=scored_ambiguity
401	1	2708	3728	0	tyluur_gist_4cb93ba0_2f232f49	raw=Seaweed;method=exact
11044	1	2710	10157	0	tyluur_gist_4cb93ba0_2f232f49	raw=Rotten_barrel;method=scored_ambiguity
11044	1	2711	10157	0	tyluur_gist_4cb93ba0_2f232f49	raw=Rotten_barrel;method=scored_ambiguity
401	1	2712	3732	0	tyluur_gist_4cb93ba0_2f232f49	raw=Seaweed;method=exact
4619	1	2713	4913	0	tyluur_gist_4cb93ba0_2f232f49	raw=Strange_implement;method=exact
1550	1	2714	3478	0	tyluur_gist_4cb93ba0_2f232f49	raw=Garlic;method=exact
401	1	2714	3733	0	tyluur_gist_4cb93ba0_2f232f49	raw=Seaweed;method=exact
954	1	2718	10163	0	tyluur_gist_4cb93ba0_2f232f49	raw=Rope;method=scored_ambiguity
401	1	2719	3733	0	tyluur_gist_4cb93ba0_2f232f49	raw=Seaweed;method=exact
401	1	2721	3731	0	tyluur_gist_4cb93ba0_2f232f49	raw=Seaweed;method=exact
401	1	2725	3731	0	tyluur_gist_4cb93ba0_2f232f49	raw=Seaweed;method=exact
444	1	2733	3224	0	tyluur_gist_4cb93ba0_2f232f49	raw=Gold_ore;method=exact
1573	1	2734	3638	0	tyluur_gist_4cb93ba0_2f232f49	raw=Doogle_leaves;method=exact
1573	1	2735	3636	0	tyluur_gist_4cb93ba0_2f232f49	raw=Doogle_leaves;method=exact
1573	1	2736	3640	0	tyluur_gist_4cb93ba0_2f232f49	raw=Doogle_leaves;method=exact
1573	1	2736	3642	0	tyluur_gist_4cb93ba0_2f232f49	raw=Doogle_leaves;method=exact
1573	1	2737	3637	0	tyluur_gist_4cb93ba0_2f232f49	raw=Doogle_leaves;method=exact
1573	1	2738	3642	0	tyluur_gist_4cb93ba0_2f232f49	raw=Doogle_leaves;method=exact
1573	1	2739	3634	0	tyluur_gist_4cb93ba0_2f232f49	raw=Doogle_leaves;method=exact
1573	1	2741	3639	0	tyluur_gist_4cb93ba0_2f232f49	raw=Doogle_leaves;method=exact
1573	1	2742	3636	0	tyluur_gist_4cb93ba0_2f232f49	raw=Doogle_leaves;method=exact
1573	1	2742	3638	0	tyluur_gist_4cb93ba0_2f232f49	raw=Doogle_leaves;method=exact
1573	1	2742	3641	0	tyluur_gist_4cb93ba0_2f232f49	raw=Doogle_leaves;method=exact
1573	1	2742	3643	0	tyluur_gist_4cb93ba0_2f232f49	raw=Doogle_leaves;method=exact
1573	1	2744	3638	0	tyluur_gist_4cb93ba0_2f232f49	raw=Doogle_leaves;method=exact
1813	1	2746	3578	0	tyluur_gist_4cb93ba0_2f232f49	raw=Criminal's_dagger;method=scored_ambiguity
1812	1	2747	3579	0	tyluur_gist_4cb93ba0_2f232f49	raw=Pungent_pot;method=exact
401	1	2753	3119	0	tyluur_gist_4cb93ba0_2f232f49	raw=Seaweed;method=exact
401	1	2755	2952	0	tyluur_gist_4cb93ba0_2f232f49	raw=Seaweed;method=exact
401	1	2755	3017	0	tyluur_gist_4cb93ba0_2f232f49	raw=Seaweed;method=exact
401	1	2755	3049	0	tyluur_gist_4cb93ba0_2f232f49	raw=Seaweed;method=exact
401	1	2755	3071	0	tyluur_gist_4cb93ba0_2f232f49	raw=Seaweed;method=exact
401	1	2756	3008	0	tyluur_gist_4cb93ba0_2f232f49	raw=Seaweed;method=exact
401	1	2756	3075	0	tyluur_gist_4cb93ba0_2f232f49	raw=Seaweed;method=exact
401	1	2756	3125	0	tyluur_gist_4cb93ba0_2f232f49	raw=Seaweed;method=exact
401	1	2757	2947	0	tyluur_gist_4cb93ba0_2f232f49	raw=Seaweed;method=exact
401	1	2757	3109	0	tyluur_gist_4cb93ba0_2f232f49	raw=Seaweed;method=exact
562	1	2761	3845	0	tyluur_gist_4cb93ba0_2f232f49	raw=Chaos_rune;method=scored_ambiguity
401	1	2762	3001	0	tyluur_gist_4cb93ba0_2f232f49	raw=Seaweed;method=exact
690	1	2766	3277	0	tyluur_gist_4cb93ba0_2f232f49	raw=Broken_glass;method=scored_ambiguity
690	1	2766	3289	0	tyluur_gist_4cb93ba0_2f232f49	raw=Broken_glass;method=scored_ambiguity
1925	1	2766	3441	0	tyluur_gist_4cb93ba0_2f232f49	raw=Bucket;method=scored_ambiguity
532	1	2767	3855	0	tyluur_gist_4cb93ba0_2f232f49	raw=Big_bones;method=exact
4034	1	2769	9203	0	tyluur_gist_4cb93ba0_2f232f49	raw=Monkey_skull;method=exact
4496	1	2770	3676	0	tyluur_gist_4cb93ba0_2f232f49	raw=Broken_pole;method=exact
401	1	2771	2995	0	tyluur_gist_4cb93ba0_2f232f49	raw=Seaweed;method=exact
10029	1	2775	2994	0	tyluur_gist_4cb93ba0_2f232f49	raw=Teasing_stick;method=exact
1607	1	2775	3850	0	tyluur_gist_4cb93ba0_2f232f49	raw=Sapphire;method=exact
401	1	2782	2987	0	tyluur_gist_4cb93ba0_2f232f49	raw=Seaweed;method=exact
1467	1	2784	3289	0	tyluur_gist_4cb93ba0_2f232f49	raw=Damp_sticks;method=exact
401	1	2786	2960	0	tyluur_gist_4cb93ba0_2f232f49	raw=Seaweed;method=exact
1623	1	2788	3870	0	tyluur_gist_4cb93ba0_2f232f49	raw=Uncut_sapphire;method=exact
1929	1	2790	3199	0	tyluur_gist_4cb93ba0_2f232f49	raw=Bucket_of_water;method=scored_ambiguity
1919	1	2794	3165	0	tyluur_gist_4cb93ba0_2f232f49	raw=Beer_glass;method=scored_ambiguity
1919	1	2795	3160	0	tyluur_gist_4cb93ba0_2f232f49	raw=Beer_glass;method=scored_ambiguity
1351	1	2795	3161	0	tyluur_gist_4cb93ba0_2f232f49	raw=Bronze_axe;method=exact
1919	1	2795	3165	0	tyluur_gist_4cb93ba0_2f232f49	raw=Beer_glass;method=scored_ambiguity
1919	1	2798	3156	0	tyluur_gist_4cb93ba0_2f232f49	raw=Beer_glass;method=scored_ambiguity
1919	1	2798	3160	0	tyluur_gist_4cb93ba0_2f232f49	raw=Beer_glass;method=scored_ambiguity
1919	1	2798	3161	0	tyluur_gist_4cb93ba0_2f232f49	raw=Beer_glass;method=scored_ambiguity
1919	1	2799	3155	0	tyluur_gist_4cb93ba0_2f232f49	raw=Beer_glass;method=scored_ambiguity
1205	1	2801	4572	0	tyluur_gist_4cb93ba0_2f232f49	raw=Bronze_dagger;method=exact
562	1	2802	3780	0	tyluur_gist_4cb93ba0_2f232f49	raw=Chaos_rune;method=scored_ambiguity
401	1	2803	3382	0	tyluur_gist_4cb93ba0_2f232f49	raw=Seaweed;method=exact
401	1	2804	3380	0	tyluur_gist_4cb93ba0_2f232f49	raw=Seaweed;method=exact
401	1	2804	3385	0	tyluur_gist_4cb93ba0_2f232f49	raw=Seaweed;method=exact
4492	1	2804	3660	0	tyluur_gist_4cb93ba0_2f232f49	raw=Muddy_rock;method=exact
4083	1	2804	3785	0	tyluur_gist_4cb93ba0_2f232f49	raw=Sled;method=scored_ambiguity
401	1	2805	3381	0	tyluur_gist_4cb93ba0_2f232f49	raw=Seaweed;method=exact
401	1	2805	3384	0	tyluur_gist_4cb93ba0_2f232f49	raw=Seaweed;method=exact
562	1	2806	3770	0	tyluur_gist_4cb93ba0_2f232f49	raw=Chaos_rune;method=scored_ambiguity
1205	1	2806	4569	0	tyluur_gist_4cb93ba0_2f232f49	raw=Bronze_dagger;method=exact
401	1	2807	3129	0	tyluur_gist_4cb93ba0_2f232f49	raw=Seaweed;method=exact
401	1	2807	3384	0	tyluur_gist_4cb93ba0_2f232f49	raw=Seaweed;method=exact
401	1	2807	3386	0	tyluur_gist_4cb93ba0_2f232f49	raw=Seaweed;method=exact
28	1	2807	3450	0	tyluur_gist_4cb93ba0_2f232f49	raw=Insect_repellent;method=exact
229	1	2808	3343	0	tyluur_gist_4cb93ba0_2f232f49	raw=Vial;method=scored_ambiguity
1265	1	2808	4572	0	tyluur_gist_4cb93ba0_2f232f49	raw=Bronze_pickaxe;method=exact
229	1	2809	3342	0	tyluur_gist_4cb93ba0_2f232f49	raw=Vial;method=scored_ambiguity
401	1	2809	3385	0	tyluur_gist_4cb93ba0_2f232f49	raw=Seaweed;method=exact
401	1	2809	3388	0	tyluur_gist_4cb93ba0_2f232f49	raw=Seaweed;method=exact
4492	1	2809	3679	0	tyluur_gist_4cb93ba0_2f232f49	raw=Muddy_rock;method=exact
401	1	2810	3387	0	tyluur_gist_4cb93ba0_2f232f49	raw=Seaweed;method=exact
4492	1	2812	3680	0	tyluur_gist_4cb93ba0_2f232f49	raw=Muddy_rock;method=exact
4492	1	2812	3687	0	tyluur_gist_4cb93ba0_2f232f49	raw=Muddy_rock;method=exact
1295	1	2812	4566	0	tyluur_gist_4cb93ba0_2f232f49	raw=Steel_longsword;method=exact
1269	1	2812	4571	0	tyluur_gist_4cb93ba0_2f232f49	raw=Steel_pickaxe;method=exact
4494	1	2813	3685	0	tyluur_gist_4cb93ba0_2f232f49	raw=Pole;method=scored_ambiguity
946	1	2820	3450	0	tyluur_gist_4cb93ba0_2f232f49	raw=Knife;method=scored_ambiguity
1929	1	2820	3452	0	tyluur_gist_4cb93ba0_2f232f49	raw=Bucket_of_water;method=scored_ambiguity
357	1	2820	3453	0	tyluur_gist_4cb93ba0_2f232f49	raw=Burnt_Fish_(herring);method=source_alias
2313	1	2820	3455	0	tyluur_gist_4cb93ba0_2f232f49	raw=Pie_dish;method=exact
1349	1	2821	3086	0	tyluur_gist_4cb93ba0_2f232f49	raw=Iron_axe;method=exact
1785	1	2822	3355	0	tyluur_gist_4cb93ba0_2f232f49	raw=Glassblowing_pipe;method=exact
1929	1	2823	3449	0	tyluur_gist_4cb93ba0_2f232f49	raw=Bucket_of_water;method=scored_ambiguity
1351	1	2825	3088	0	tyluur_gist_4cb93ba0_2f232f49	raw=Bronze_axe;method=exact
1351	1	2826	3083	0	tyluur_gist_4cb93ba0_2f232f49	raw=Bronze_axe;method=exact
526	1	2829	9564	0	tyluur_gist_4cb93ba0_2f232f49	raw=Bones;method=scored_ambiguity
526	1	2829	9764	0	tyluur_gist_4cb93ba0_2f232f49	raw=Bones;method=scored_ambiguity
526	1	2830	9565	0	tyluur_gist_4cb93ba0_2f232f49	raw=Bones;method=scored_ambiguity
526	1	2831	9766	0	tyluur_gist_4cb93ba0_2f232f49	raw=Bones;method=scored_ambiguity
223	1	2832	9586	0	tyluur_gist_4cb93ba0_2f232f49	raw=Red_spiders'_eggs;method=exact
554	1	2833	9561	0	tyluur_gist_4cb93ba0_2f232f49	raw=Fire_rune;method=scored_ambiguity
554	1	2836	9566	0	tyluur_gist_4cb93ba0_2f232f49	raw=Fire_rune;method=scored_ambiguity
5063	1	2836	10226	0	tyluur_gist_4cb93ba0_2f232f49	raw=Right_boot;method=exact
554	1	2838	9552	0	tyluur_gist_4cb93ba0_2f232f49	raw=Fire_rune;method=scored_ambiguity
5062	1	2838	10220	0	tyluur_gist_4cb93ba0_2f232f49	raw=Left_boot;method=exact
401	1	2840	2974	0	tyluur_gist_4cb93ba0_2f232f49	raw=Seaweed;method=exact
554	1	2842	9552	0	tyluur_gist_4cb93ba0_2f232f49	raw=Fire_rune;method=scored_ambiguity
1971	1	2843	3369	0	tyluur_gist_4cb93ba0_2f232f49	raw=Kebab;method=exact
554	1	2843	9560	0	tyluur_gist_4cb93ba0_2f232f49	raw=Fire_rune;method=scored_ambiguity
1267	1	2843	10337	0	tyluur_gist_4cb93ba0_2f232f49	raw=Iron_pickaxe;method=exact
960	1	2846	3384	0	tyluur_gist_4cb93ba0_2f232f49	raw=Plank;method=exact
960	1	2847	3232	0	tyluur_gist_4cb93ba0_2f232f49	raw=Plank;method=exact
960	1	2847	3238	0	tyluur_gist_4cb93ba0_2f232f49	raw=Plank;method=exact
960	1	2848	3383	0	tyluur_gist_4cb93ba0_2f232f49	raw=Plank;method=exact
2859	1	2848	3921	0	tyluur_gist_4cb93ba0_2f232f49	raw=Wolf_bones;method=exact
1925	1	2849	10332	0	tyluur_gist_4cb93ba0_2f232f49	raw=Bucket;method=scored_ambiguity
960	1	2851	3239	0	tyluur_gist_4cb93ba0_2f232f49	raw=Plank;method=exact
1944	1	2851	3372	0	tyluur_gist_4cb93ba0_2f232f49	raw=Egg;method=scored_ambiguity
2859	1	2851	3927	0	tyluur_gist_4cb93ba0_2f232f49	raw=Wolf_bones;method=exact
1944	1	2852	3369	0	tyluur_gist_4cb93ba0_2f232f49	raw=Egg;method=scored_ambiguity
2859	1	2852	3919	0	tyluur_gist_4cb93ba0_2f232f49	raw=Wolf_bones;method=exact
5341	1	2852	10191	0	tyluur_gist_4cb93ba0_2f232f49	raw=Rake;method=exact
1944	1	2853	3370	0	tyluur_gist_4cb93ba0_2f232f49	raw=Egg;method=scored_ambiguity
2859	1	2853	3924	0	tyluur_gist_4cb93ba0_2f232f49	raw=Wolf_bones;method=exact
1925	1	2853	3930	0	tyluur_gist_4cb93ba0_2f232f49	raw=Bucket;method=scored_ambiguity
401	1	2854	2977	0	tyluur_gist_4cb93ba0_2f232f49	raw=Seaweed;method=exact
526	1	2854	10338	0	tyluur_gist_4cb93ba0_2f232f49	raw=Bones;method=scored_ambiguity
401	1	2855	2961	0	tyluur_gist_4cb93ba0_2f232f49	raw=Seaweed;method=exact
526	1	2855	10333	0	tyluur_gist_4cb93ba0_2f232f49	raw=Bones;method=scored_ambiguity
960	1	2856	3231	0	tyluur_gist_4cb93ba0_2f232f49	raw=Plank;method=exact
960	1	2856	3236	0	tyluur_gist_4cb93ba0_2f232f49	raw=Plank;method=exact
2859	1	2857	3945	0	tyluur_gist_4cb93ba0_2f232f49	raw=Wolf_bones;method=exact
526	1	2857	9746	0	tyluur_gist_4cb93ba0_2f232f49	raw=Bones;method=scored_ambiguity
526	1	2857	9751	0	tyluur_gist_4cb93ba0_2f232f49	raw=Bones;method=scored_ambiguity
1925	1	2858	3586	0	tyluur_gist_4cb93ba0_2f232f49	raw=Bucket;method=scored_ambiguity
10810	1	2858	3928	0	tyluur_gist_4cb93ba0_2f232f49	raw=Arctic_pine_logs;method=exact
2859	1	2858	3944	0	tyluur_gist_4cb93ba0_2f232f49	raw=Wolf_bones;method=exact
526	1	2859	9746	0	tyluur_gist_4cb93ba0_2f232f49	raw=Bones;method=scored_ambiguity
307	1	2860	3335	0	tyluur_gist_4cb93ba0_2f232f49	raw=Fishing_rod;method=exact
10810	1	2860	3923	0	tyluur_gist_4cb93ba0_2f232f49	raw=Arctic_pine_logs;method=exact
345	1	2861	3928	0	tyluur_gist_4cb93ba0_2f232f49	raw=Raw_herring;method=exact
1913	1	2861	9878	0	tyluur_gist_4cb93ba0_2f232f49	raw=Dwarven_stout;method=exact
1913	1	2863	9875	0	tyluur_gist_4cb93ba0_2f232f49	raw=Dwarven_stout;method=exact
401	1	2864	3195	0	tyluur_gist_4cb93ba0_2f232f49	raw=Seaweed;method=exact
1925	1	2864	3585	0	tyluur_gist_4cb93ba0_2f232f49	raw=Bucket;method=scored_ambiguity
401	1	2866	2976	0	tyluur_gist_4cb93ba0_2f232f49	raw=Seaweed;method=exact
1913	1	2870	9878	0	tyluur_gist_4cb93ba0_2f232f49	raw=Dwarven_stout;method=exact
10810	1	2872	3921	0	tyluur_gist_4cb93ba0_2f232f49	raw=Arctic_pine_logs;method=exact
7225	1	2875	3920	0	tyluur_gist_4cb93ba0_2f232f49	raw=Iron_spit;method=exact
10810	1	2876	3920	0	tyluur_gist_4cb93ba0_2f232f49	raw=Arctic_pine_logs;method=exact
2146	1	2876	3921	0	tyluur_gist_4cb93ba0_2f232f49	raw=Burnt_meat;method=exact
10810	1	2877	3922	0	tyluur_gist_4cb93ba0_2f232f49	raw=Arctic_pine_logs;method=exact
2146	1	2877	3923	0	tyluur_gist_4cb93ba0_2f232f49	raw=Burnt_meat;method=exact
1929	1	2885	3945	0	tyluur_gist_4cb93ba0_2f232f49	raw=Bucket_of_water;method=scored_ambiguity
1978	1	2886	3412	0	tyluur_gist_4cb93ba0_2f232f49	raw=Cup_of_Tea;method=scored_ambiguity
1929	1	2888	3943	0	tyluur_gist_4cb93ba0_2f232f49	raw=Bucket_of_water;method=scored_ambiguity
3109	1	2893	3561	0	tyluur_gist_4cb93ba0_2f232f49	raw=Stone_ball;method=scored_ambiguity
3109	1	2893	3562	0	tyluur_gist_4cb93ba0_2f232f49	raw=Stone_ball;method=scored_ambiguity
3109	1	2893	3563	0	tyluur_gist_4cb93ba0_2f232f49	raw=Stone_ball;method=scored_ambiguity
3109	1	2893	3564	0	tyluur_gist_4cb93ba0_2f232f49	raw=Stone_ball;method=scored_ambiguity
3109	1	2893	3565	0	tyluur_gist_4cb93ba0_2f232f49	raw=Stone_ball;method=scored_ambiguity
401	1	2896	3119	0	tyluur_gist_4cb93ba0_2f232f49	raw=Seaweed;method=exact
2162	1	2896	3414	0	tyluur_gist_4cb93ba0_2f232f49	raw=King_worm;method=exact
526	1	2900	9113	0	tyluur_gist_4cb93ba0_2f232f49	raw=Bones;method=scored_ambiguity
1590	1	2900	9766	0	tyluur_gist_4cb93ba0_2f232f49	raw=Dusty_key;method=exact
526	1	2902	9125	0	tyluur_gist_4cb93ba0_2f232f49	raw=Bones;method=scored_ambiguity
243	1	2902	9784	0	tyluur_gist_4cb93ba0_2f232f49	raw=Blue_dragon_scale;method=exact
243	1	2902	9806	0	tyluur_gist_4cb93ba0_2f232f49	raw=Blue_dragon_scale;method=exact
946	1	2903	3148	0	tyluur_gist_4cb93ba0_2f232f49	raw=Knife;method=scored_ambiguity
2150	1	2903	3400	0	tyluur_gist_4cb93ba0_2f232f49	raw=Swamp_toad;method=exact
1978	1	2903	3441	0	tyluur_gist_4cb93ba0_2f232f49	raw=Cup_of_Tea;method=scored_ambiguity
2408	1	2903	3471	0	tyluur_gist_4cb93ba0_2f232f49	raw=Diary_(Witch's_House);method=source_alias
526	1	2903	9133	0	tyluur_gist_4cb93ba0_2f232f49	raw=Bones;method=scored_ambiguity
526	1	2904	9113	0	tyluur_gist_4cb93ba0_2f232f49	raw=Bones;method=scored_ambiguity
526	1	2904	9121	0	tyluur_gist_4cb93ba0_2f232f49	raw=Bones;method=scored_ambiguity
526	1	2904	9826	0	tyluur_gist_4cb93ba0_2f232f49	raw=Bones;method=scored_ambiguity
1935	1	2905	3146	0	tyluur_gist_4cb93ba0_2f232f49	raw=Jug;method=exact
526	1	2905	9136	0	tyluur_gist_4cb93ba0_2f232f49	raw=Bones;method=scored_ambiguity
243	1	2905	9778	0	tyluur_gist_4cb93ba0_2f232f49	raw=Blue_dragon_scale;method=exact
243	1	2905	9801	0	tyluur_gist_4cb93ba0_2f232f49	raw=Blue_dragon_scale;method=exact
231	1	2906	3297	0	tyluur_gist_4cb93ba0_2f232f49	raw=Snape_grass;method=exact
1905	1	2906	3538	0	tyluur_gist_4cb93ba0_2f232f49	raw=Asgarnian_ale;method=scored_ambiguity
526	1	2906	9109	0	tyluur_gist_4cb93ba0_2f232f49	raw=Bones;method=scored_ambiguity
243	1	2906	9796	0	tyluur_gist_4cb93ba0_2f232f49	raw=Blue_dragon_scale;method=exact
526	1	2906	9823	0	tyluur_gist_4cb93ba0_2f232f49	raw=Bones;method=scored_ambiguity
526	1	2906	9825	0	tyluur_gist_4cb93ba0_2f232f49	raw=Bones;method=scored_ambiguity
1963	1	2907	3146	0	tyluur_gist_4cb93ba0_2f232f49	raw=Banana;method=exact
231	1	2907	3295	0	tyluur_gist_4cb93ba0_2f232f49	raw=Snape_grass;method=exact
2150	1	2907	3394	0	tyluur_gist_4cb93ba0_2f232f49	raw=Swamp_toad;method=exact
1919	1	2907	3538	0	tyluur_gist_4cb93ba0_2f232f49	raw=Beer_glass;method=scored_ambiguity
526	1	2907	9127	0	tyluur_gist_4cb93ba0_2f232f49	raw=Bones;method=scored_ambiguity
526	1	2907	9134	0	tyluur_gist_4cb93ba0_2f232f49	raw=Bones;method=scored_ambiguity
526	1	2907	9824	0	tyluur_gist_4cb93ba0_2f232f49	raw=Bones;method=scored_ambiguity
2150	1	2908	3410	0	tyluur_gist_4cb93ba0_2f232f49	raw=Swamp_toad;method=exact
243	1	2908	9789	0	tyluur_gist_4cb93ba0_2f232f49	raw=Blue_dragon_scale;method=exact
526	1	2908	9794	0	tyluur_gist_4cb93ba0_2f232f49	raw=Bones;method=scored_ambiguity
243	1	2908	9805	0	tyluur_gist_4cb93ba0_2f232f49	raw=Blue_dragon_scale;method=exact
526	1	2909	9118	0	tyluur_gist_4cb93ba0_2f232f49	raw=Bones;method=scored_ambiguity
243	1	2910	9782	0	tyluur_gist_4cb93ba0_2f232f49	raw=Blue_dragon_scale;method=exact
526	1	2910	9797	0	tyluur_gist_4cb93ba0_2f232f49	raw=Bones;method=scored_ambiguity
243	1	2910	9809	0	tyluur_gist_4cb93ba0_2f232f49	raw=Blue_dragon_scale;method=exact
526	1	2910	9825	0	tyluur_gist_4cb93ba0_2f232f49	raw=Bones;method=scored_ambiguity
526	1	2911	9110	0	tyluur_gist_4cb93ba0_2f232f49	raw=Bones;method=scored_ambiguity
526	1	2911	9130	0	tyluur_gist_4cb93ba0_2f232f49	raw=Bones;method=scored_ambiguity
690	1	2911	10223	0	tyluur_gist_4cb93ba0_2f232f49	raw=Broken_glass;method=scored_ambiguity
243	1	2912	9786	0	tyluur_gist_4cb93ba0_2f232f49	raw=Blue_dragon_scale;method=exact
690	1	2912	10221	0	tyluur_gist_4cb93ba0_2f232f49	raw=Broken_glass;method=scored_ambiguity
401	1	2913	3111	0	tyluur_gist_4cb93ba0_2f232f49	raw=Seaweed;method=exact
526	1	2913	9139	0	tyluur_gist_4cb93ba0_2f232f49	raw=Bones;method=scored_ambiguity
690	1	2913	10222	0	tyluur_gist_4cb93ba0_2f232f49	raw=Broken_glass;method=scored_ambiguity
690	1	2913	10225	0	tyluur_gist_4cb93ba0_2f232f49	raw=Broken_glass;method=scored_ambiguity
526	1	2914	9125	0	tyluur_gist_4cb93ba0_2f232f49	raw=Bones;method=scored_ambiguity
526	1	2914	9796	0	tyluur_gist_4cb93ba0_2f232f49	raw=Bones;method=scored_ambiguity
690	1	2914	10225	0	tyluur_gist_4cb93ba0_2f232f49	raw=Broken_glass;method=scored_ambiguity
526	1	2915	9108	0	tyluur_gist_4cb93ba0_2f232f49	raw=Bones;method=scored_ambiguity
995	1	2915	9503	0	tyluur_gist_4cb93ba0_2f232f49	raw=Coins;method=scored_ambiguity
690	1	2915	10220	0	tyluur_gist_4cb93ba0_2f232f49	raw=Broken_glass;method=scored_ambiguity
690	1	2915	10224	0	tyluur_gist_4cb93ba0_2f232f49	raw=Broken_glass;method=scored_ambiguity
526	1	2916	9115	0	tyluur_gist_4cb93ba0_2f232f49	raw=Bones;method=scored_ambiguity
526	1	2916	9132	0	tyluur_gist_4cb93ba0_2f232f49	raw=Bones;method=scored_ambiguity
690	1	2916	10222	0	tyluur_gist_4cb93ba0_2f232f49	raw=Broken_glass;method=scored_ambiguity
231	1	2917	3274	0	tyluur_gist_4cb93ba0_2f232f49	raw=Snape_grass;method=exact
526	1	2917	9796	0	tyluur_gist_4cb93ba0_2f232f49	raw=Bones;method=scored_ambiguity
526	1	2919	9112	0	tyluur_gist_4cb93ba0_2f232f49	raw=Bones;method=scored_ambiguity
526	1	2919	9135	0	tyluur_gist_4cb93ba0_2f232f49	raw=Bones;method=scored_ambiguity
243	1	2919	9787	0	tyluur_gist_4cb93ba0_2f232f49	raw=Blue_dragon_scale;method=exact
526	1	2920	9123	0	tyluur_gist_4cb93ba0_2f232f49	raw=Bones;method=scored_ambiguity
243	1	2924	9791	0	tyluur_gist_4cb93ba0_2f232f49	raw=Blue_dragon_scale;method=exact
526	1	2924	9801	0	tyluur_gist_4cb93ba0_2f232f49	raw=Bones;method=scored_ambiguity
526	1	2924	9804	0	tyluur_gist_4cb93ba0_2f232f49	raw=Bones;method=scored_ambiguity
401	1	2926	3110	0	tyluur_gist_4cb93ba0_2f232f49	raw=Seaweed;method=exact
526	1	2926	9801	0	tyluur_gist_4cb93ba0_2f232f49	raw=Bones;method=scored_ambiguity
526	1	2927	9805	0	tyluur_gist_4cb93ba0_2f232f49	raw=Bones;method=scored_ambiguity
11065	1	2928	3289	0	tyluur_gist_4cb93ba0_2f232f49	raw=Bracelet_mould;method=exact
526	1	2929	9807	0	tyluur_gist_4cb93ba0_2f232f49	raw=Bones;method=scored_ambiguity
526	1	2930	9794	0	tyluur_gist_4cb93ba0_2f232f49	raw=Bones;method=scored_ambiguity
526	1	2932	9792	0	tyluur_gist_4cb93ba0_2f232f49	raw=Bones;method=scored_ambiguity
2347	1	2934	3286	0	tyluur_gist_4cb93ba0_2f232f49	raw=Hammer;method=exact
946	1	2934	5773	0	tyluur_gist_4cb93ba0_2f232f49	raw=Knife;method=scored_ambiguity
2407	1	2935	3460	0	tyluur_gist_4cb93ba0_2f232f49	raw=Ball;method=exact
303	1	2935	5779	0	tyluur_gist_4cb93ba0_2f232f49	raw=Small_fishing_net;method=scored_ambiguity
526	1	2935	9799	0	tyluur_gist_4cb93ba0_2f232f49	raw=Bones;method=scored_ambiguity
1935	1	2936	3292	0	tyluur_gist_4cb93ba0_2f232f49	raw=Jug;method=exact
556	1	2938	3158	0	tyluur_gist_4cb93ba0_2f232f49	raw=Air_rune;method=scored_ambiguity
526	1	2938	9792	0	tyluur_gist_4cb93ba0_2f232f49	raw=Bones;method=scored_ambiguity
526	1	2938	9796	0	tyluur_gist_4cb93ba0_2f232f49	raw=Bones;method=scored_ambiguity
401	1	2939	3073	0	tyluur_gist_4cb93ba0_2f232f49	raw=Seaweed;method=exact
401	1	2940	3102	0	tyluur_gist_4cb93ba0_2f232f49	raw=Seaweed;method=exact
882	2	2944	3332	0	tyluur_gist_4cb93ba0_2f232f49	raw=Bronze_arrow;method=scored_ambiguity
401	1	2947	3067	0	tyluur_gist_4cb93ba0_2f232f49	raw=Seaweed;method=exact
564	3	2947	3898	0	tyluur_gist_4cb93ba0_2f232f49	raw=Cosmic_Rune;method=scored_ambiguity
401	1	2952	2951	0	tyluur_gist_4cb93ba0_2f232f49	raw=Seaweed;method=exact
2347	1	2954	3060	0	tyluur_gist_4cb93ba0_2f232f49	raw=Hammer;method=exact
401	1	2955	3010	0	tyluur_gist_4cb93ba0_2f232f49	raw=Seaweed;method=exact
966	1	2955	3700	0	tyluur_gist_4cb93ba0_2f232f49	raw=Tile;method=scored_ambiguity
966	1	2956	3702	0	tyluur_gist_4cb93ba0_2f232f49	raw=Tile;method=scored_ambiguity
882	1	2957	3205	0	tyluur_gist_4cb93ba0_2f232f49	raw=Bronze_arrow;method=scored_ambiguity
966	1	2957	3697	0	tyluur_gist_4cb93ba0_2f232f49	raw=Tile;method=scored_ambiguity
1511	1	2958	3205	0	tyluur_gist_4cb93ba0_2f232f49	raw=Logs;method=scored_ambiguity
1925	1	2958	3510	0	tyluur_gist_4cb93ba0_2f232f49	raw=Bucket;method=scored_ambiguity
966	1	2959	3697	0	tyluur_gist_4cb93ba0_2f232f49	raw=Tile;method=scored_ambiguity
401	1	2960	2959	0	tyluur_gist_4cb93ba0_2f232f49	raw=Seaweed;method=exact
555	5	2960	3899	0	tyluur_gist_4cb93ba0_2f232f49	raw=Water_rune;method=scored_ambiguity
2347	1	2961	5802	0	tyluur_gist_4cb93ba0_2f232f49	raw=Hammer;method=exact
526	1	2962	3697	0	tyluur_gist_4cb93ba0_2f232f49	raw=Bones;method=scored_ambiguity
2347	1	2963	3058	0	tyluur_gist_4cb93ba0_2f232f49	raw=Hammer;method=exact
966	1	2963	3706	0	tyluur_gist_4cb93ba0_2f232f49	raw=Tile;method=scored_ambiguity
526	1	2966	9772	0	tyluur_gist_4cb93ba0_2f232f49	raw=Bones;method=scored_ambiguity
526	1	2968	9771	0	tyluur_gist_4cb93ba0_2f232f49	raw=Bones;method=scored_ambiguity
526	1	2969	3689	0	tyluur_gist_4cb93ba0_2f232f49	raw=Bones;method=scored_ambiguity
5559	5	2969	4999	0	tyluur_gist_4cb93ba0_2f232f49	raw=Flash_powder;method=exact
5559	5	2970	5000	0	tyluur_gist_4cb93ba0_2f232f49	raw=Flash_powder;method=exact
2028	1	2972	2972	0	tyluur_gist_4cb93ba0_2f232f49	raw=Premade_blurb'_sp.;method=exact
401	1	2975	3013	0	tyluur_gist_4cb93ba0_2f232f49	raw=Seaweed;method=exact
966	1	2976	3682	0	tyluur_gist_4cb93ba0_2f232f49	raw=Tile;method=scored_ambiguity
964	1	2977	3529	0	tyluur_gist_4cb93ba0_2f232f49	raw=Skull;method=scored_ambiguity
964	1	2978	3531	0	tyluur_gist_4cb93ba0_2f232f49	raw=Skull;method=scored_ambiguity
966	1	2978	3704	0	tyluur_gist_4cb93ba0_2f232f49	raw=Tile;method=scored_ambiguity
526	1	2978	3763	0	tyluur_gist_4cb93ba0_2f232f49	raw=Bones;method=scored_ambiguity
526	1	2980	3764	0	tyluur_gist_4cb93ba0_2f232f49	raw=Bones;method=scored_ambiguity
952	1	2981	3370	0	tyluur_gist_4cb93ba0_2f232f49	raw=Spade;method=exact
966	1	2983	3697	0	tyluur_gist_4cb93ba0_2f232f49	raw=Tile;method=scored_ambiguity
6662	1	2984	3112	0	tyluur_gist_4cb93ba0_2f232f49	raw=Broken_fishing_rod;method=exact
6663	1	2984	3114	0	tyluur_gist_4cb93ba0_2f232f49	raw=Forlorn_boot;method=exact
526	1	2984	3683	0	tyluur_gist_4cb93ba0_2f232f49	raw=Bones;method=scored_ambiguity
1103	1	2985	9817	0	tyluur_gist_4cb93ba0_2f232f49	raw=Bronze_chainbody;method=exact
2347	1	2986	3048	0	tyluur_gist_4cb93ba0_2f232f49	raw=Hammer;method=exact
966	1	2987	3684	0	tyluur_gist_4cb93ba0_2f232f49	raw=Tile;method=scored_ambiguity
1887	1	2987	3686	0	tyluur_gist_4cb93ba0_2f232f49	raw=Cake_tin;method=exact
11940	1	2988	3683	0	tyluur_gist_4cb93ba0_2f232f49	raw=Dark_Fishing_Bait;method=exact
2347	1	2989	3061	0	tyluur_gist_4cb93ba0_2f232f49	raw=Hammer;method=exact
526	1	2992	3920	0	tyluur_gist_4cb93ba0_2f232f49	raw=Bones;method=scored_ambiguity
966	1	2993	3691	0	tyluur_gist_4cb93ba0_2f232f49	raw=Tile;method=scored_ambiguity
2313	1	2993	9847	0	tyluur_gist_4cb93ba0_2f232f49	raw=Pie_dish;method=exact
526	1	2994	3924	0	tyluur_gist_4cb93ba0_2f232f49	raw=Bones;method=scored_ambiguity
526	1	2995	3922	0	tyluur_gist_4cb93ba0_2f232f49	raw=Bones;method=scored_ambiguity
11940	1	2998	3705	0	tyluur_gist_4cb93ba0_2f232f49	raw=Dark_Fishing_Bait;method=exact
526	1	2999	3702	0	tyluur_gist_4cb93ba0_2f232f49	raw=Bones;method=scored_ambiguity
526	1	2999	10340	0	tyluur_gist_4cb93ba0_2f232f49	raw=Bones;method=scored_ambiguity
303	1	3000	3699	0	tyluur_gist_4cb93ba0_2f232f49	raw=Small_fishing_net;method=scored_ambiguity
966	1	3002	3698	0	tyluur_gist_4cb93ba0_2f232f49	raw=Tile;method=scored_ambiguity
526	1	3002	3922	0	tyluur_gist_4cb93ba0_2f232f49	raw=Bones;method=scored_ambiguity
526	1	3002	10343	0	tyluur_gist_4cb93ba0_2f232f49	raw=Bones;method=scored_ambiguity
526	1	3003	10340	0	tyluur_gist_4cb93ba0_2f232f49	raw=Bones;method=scored_ambiguity
526	1	3004	3923	0	tyluur_gist_4cb93ba0_2f232f49	raw=Bones;method=scored_ambiguity
526	1	3005	10343	0	tyluur_gist_4cb93ba0_2f232f49	raw=Bones;method=scored_ambiguity
1005	1	3009	3204	0	tyluur_gist_4cb93ba0_2f232f49	raw=White_apron;method=scored_ambiguity
1963	1	3009	3207	0	tyluur_gist_4cb93ba0_2f232f49	raw=Banana;method=exact
5559	5	3009	5063	0	tyluur_gist_4cb93ba0_2f232f49	raw=Flash_powder;method=exact
5559	5	3009	5070	0	tyluur_gist_4cb93ba0_2f232f49	raw=Flash_powder;method=exact
5569	1	3011	5082	0	tyluur_gist_4cb93ba0_2f232f49	raw=Tiles;method=scored_ambiguity
5569	1	3013	5090	0	tyluur_gist_4cb93ba0_2f232f49	raw=Tiles;method=scored_ambiguity
1005	1	3016	3229	0	tyluur_gist_4cb93ba0_2f232f49	raw=White_apron;method=scored_ambiguity
1944	1	3016	3295	0	tyluur_gist_4cb93ba0_2f232f49	raw=Egg;method=scored_ambiguity
1944	1	3017	3295	0	tyluur_gist_4cb93ba0_2f232f49	raw=Egg;method=scored_ambiguity
1985	1	3018	3232	0	tyluur_gist_4cb93ba0_2f232f49	raw=Cheese;method=exact
5569	1	3018	5080	0	tyluur_gist_4cb93ba0_2f232f49	raw=Tiles;method=scored_ambiguity
5569	1	3018	5086	0	tyluur_gist_4cb93ba0_2f232f49	raw=Tiles;method=scored_ambiguity
245	1	3018	10353	0	tyluur_gist_4cb93ba0_2f232f49	raw=Wine_of_zamorak;method=scored_ambiguity
1925	1	3020	3291	0	tyluur_gist_4cb93ba0_2f232f49	raw=Bucket;method=scored_ambiguity
559	5	3021	3637	0	tyluur_gist_4cb93ba0_2f232f49	raw=Body_rune;method=scored_ambiguity
562	5	3021	3640	0	tyluur_gist_4cb93ba0_2f232f49	raw=Chaos_rune;method=scored_ambiguity
558	5	3023	3640	0	tyluur_gist_4cb93ba0_2f232f49	raw=Mind_rune;method=scored_ambiguity
1925	1	3026	3289	0	tyluur_gist_4cb93ba0_2f232f49	raw=Bucket;method=scored_ambiguity
554	5	3026	3637	0	tyluur_gist_4cb93ba0_2f232f49	raw=Fire_rune;method=scored_ambiguity
125	1	3026	10325	0	tyluur_gist_4cb93ba0_2f232f49	raw=Attack_potion(1);method=exact
555	5	3028	3637	0	tyluur_gist_4cb93ba0_2f232f49	raw=Water_rune;method=scored_ambiguity
556	5	3030	3637	0	tyluur_gist_4cb93ba0_2f232f49	raw=Air_rune;method=scored_ambiguity
557	5	3032	3637	0	tyluur_gist_4cb93ba0_2f232f49	raw=Earth_rune;method=scored_ambiguity
1982	1	3039	3706	0	tyluur_gist_4cb93ba0_2f232f49	raw=Tomato;method=exact
1985	1	3039	3707	0	tyluur_gist_4cb93ba0_2f232f49	raw=Cheese;method=exact
2333	1	3042	3952	0	tyluur_gist_4cb93ba0_2f232f49	raw=Half_a_redberry_pie;method=exact
199	1	3044	10313	0	tyluur_gist_4cb93ba0_2f232f49	raw=Grimy_guam_leaf;method=exact
6561	1	3049	3257	0	tyluur_gist_4cb93ba0_2f232f49	raw=Ahab's_beer;method=exact
946	1	3061	3851	0	tyluur_gist_4cb93ba0_2f232f49	raw=Knife;method=scored_ambiguity
1654	1	3065	3864	0	tyluur_gist_4cb93ba0_2f232f49	raw=Gold_necklace;method=exact
1153	1	3069	3831	0	tyluur_gist_4cb93ba0_2f232f49	raw=Iron_full_helm;method=exact
1931	1	3074	3431	0	tyluur_gist_4cb93ba0_2f232f49	raw=Pot;method=exact
2142	1	3077	3441	0	tyluur_gist_4cb93ba0_2f232f49	raw=Cooked_meat;method=scored_ambiguity
1139	1	3077	9778	0	tyluur_gist_4cb93ba0_2f232f49	raw=Bronze_Med_Helm;method=exact
2142	1	3080	3443	0	tyluur_gist_4cb93ba0_2f232f49	raw=Cooked_meat;method=scored_ambiguity
1985	1	3083	3260	0	tyluur_gist_4cb93ba0_2f232f49	raw=Cheese;method=exact
1982	1	3085	3261	0	tyluur_gist_4cb93ba0_2f232f49	raw=Tomato;method=exact
526	1	3085	9802	0	tyluur_gist_4cb93ba0_2f232f49	raw=Bones;method=scored_ambiguity
526	1	3087	9800	0	tyluur_gist_4cb93ba0_2f232f49	raw=Bones;method=scored_ambiguity
1511	1	3089	3265	0	tyluur_gist_4cb93ba0_2f232f49	raw=Logs;method=scored_ambiguity
1511	1	3089	3266	0	tyluur_gist_4cb93ba0_2f232f49	raw=Logs;method=scored_ambiguity
559	15	3091	3865	0	tyluur_gist_4cb93ba0_2f232f49	raw=Body_rune;method=scored_ambiguity
277	1	3092	9755	0	tyluur_gist_4cb93ba0_2f232f49	raw=Oil_can;method=exact
526	1	3093	9879	0	tyluur_gist_4cb93ba0_2f232f49	raw=Bones;method=scored_ambiguity
526	1	3093	9884	0	tyluur_gist_4cb93ba0_2f232f49	raw=Bones;method=scored_ambiguity
526	1	3094	9906	0	tyluur_gist_4cb93ba0_2f232f49	raw=Bones;method=scored_ambiguity
946	1	3096	3856	0	tyluur_gist_4cb93ba0_2f232f49	raw=Knife;method=scored_ambiguity
273	1	3097	3366	0	tyluur_gist_4cb93ba0_2f232f49	raw=Poison_(item);method=source_alias
1059	1	3097	3486	0	tyluur_gist_4cb93ba0_2f232f49	raw=Leather_gloves;method=exact
877	1	3097	3695	0	tyluur_gist_4cb93ba0_2f232f49	raw=Bronze_bolts;method=exact
526	1	3097	9801	0	tyluur_gist_4cb93ba0_2f232f49	raw=Bones;method=scored_ambiguity
526	1	3097	9901	0	tyluur_gist_4cb93ba0_2f232f49	raw=Bones;method=scored_ambiguity
882	1	3098	3596	0	tyluur_gist_4cb93ba0_2f232f49	raw=Bronze_arrow;method=scored_ambiguity
882	2	3098	3600	0	tyluur_gist_4cb93ba0_2f232f49	raw=Bronze_arrow;method=scored_ambiguity
526	1	3098	9886	0	tyluur_gist_4cb93ba0_2f232f49	raw=Bones;method=scored_ambiguity
877	1	3099	3684	0	tyluur_gist_4cb93ba0_2f232f49	raw=Bronze_bolts;method=exact
877	1	3099	3688	0	tyluur_gist_4cb93ba0_2f232f49	raw=Bronze_bolts;method=exact
1511	1	3100	3094	0	tyluur_gist_4cb93ba0_2f232f49	raw=Logs;method=scored_ambiguity
526	1	3100	3697	0	tyluur_gist_4cb93ba0_2f232f49	raw=Bones;method=scored_ambiguity
1385	1	3100	3862	0	tyluur_gist_4cb93ba0_2f232f49	raw=Staff_of_earth;method=exact
1511	1	3101	3096	0	tyluur_gist_4cb93ba0_2f232f49	raw=Logs;method=scored_ambiguity
882	2	3101	3592	0	tyluur_gist_4cb93ba0_2f232f49	raw=Bronze_arrow;method=scored_ambiguity
882	2	3101	3606	0	tyluur_gist_4cb93ba0_2f232f49	raw=Bronze_arrow;method=scored_ambiguity
877	1	3101	3702	0	tyluur_gist_4cb93ba0_2f232f49	raw=Bronze_bolts;method=exact
526	1	3101	9825	0	tyluur_gist_4cb93ba0_2f232f49	raw=Bones;method=scored_ambiguity
882	2	3103	3596	0	tyluur_gist_4cb93ba0_2f232f49	raw=Bronze_arrow;method=scored_ambiguity
882	2	3103	3600	0	tyluur_gist_4cb93ba0_2f232f49	raw=Bronze_arrow;method=scored_ambiguity
526	1	3103	3688	0	tyluur_gist_4cb93ba0_2f232f49	raw=Bones;method=scored_ambiguity
526	1	3103	9953	0	tyluur_gist_4cb93ba0_2f232f49	raw=Bones;method=scored_ambiguity
526	1	3104	9950	0	tyluur_gist_4cb93ba0_2f232f49	raw=Bones;method=scored_ambiguity
1511	1	3105	3159	0	tyluur_gist_4cb93ba0_2f232f49	raw=Logs;method=scored_ambiguity
882	2	3105	3607	0	tyluur_gist_4cb93ba0_2f232f49	raw=Bronze_arrow;method=scored_ambiguity
877	1	3105	3679	0	tyluur_gist_4cb93ba0_2f232f49	raw=Bronze_bolts;method=exact
877	1	3105	3694	0	tyluur_gist_4cb93ba0_2f232f49	raw=Bronze_bolts;method=exact
946	1	3106	3956	0	tyluur_gist_4cb93ba0_2f232f49	raw=Knife;method=scored_ambiguity
526	1	3106	9514	0	tyluur_gist_4cb93ba0_2f232f49	raw=Bones;method=scored_ambiguity
526	1	3106	9518	0	tyluur_gist_4cb93ba0_2f232f49	raw=Bones;method=scored_ambiguity
526	1	3107	9823	0	tyluur_gist_4cb93ba0_2f232f49	raw=Bones;method=scored_ambiguity
1635	1	3107	10268	0	tyluur_gist_4cb93ba0_2f232f49	raw=Gold_Ring;method=exact
1635	1	3107	10268	0	tyluur_gist_4cb93ba0_2f232f49	raw=Gold_ring;method=exact
526	1	3108	9519	0	tyluur_gist_4cb93ba0_2f232f49	raw=Bones;method=scored_ambiguity
526	1	3108	9520	0	tyluur_gist_4cb93ba0_2f232f49	raw=Bones;method=scored_ambiguity
882	2	3109	3604	0	tyluur_gist_4cb93ba0_2f232f49	raw=Bronze_arrow;method=scored_ambiguity
877	1	3109	3691	0	tyluur_gist_4cb93ba0_2f232f49	raw=Bronze_bolts;method=exact
877	1	3109	3697	0	tyluur_gist_4cb93ba0_2f232f49	raw=Bronze_bolts;method=exact
526	1	3109	9823	0	tyluur_gist_4cb93ba0_2f232f49	raw=Bones;method=scored_ambiguity
882	1	3110	3611	0	tyluur_gist_4cb93ba0_2f232f49	raw=Bronze_arrow;method=scored_ambiguity
526	1	3110	9825	0	tyluur_gist_4cb93ba0_2f232f49	raw=Bones;method=scored_ambiguity
526	1	3110	9952	0	tyluur_gist_4cb93ba0_2f232f49	raw=Bones;method=scored_ambiguity
526	1	3110	9958	0	tyluur_gist_4cb93ba0_2f232f49	raw=Bones;method=scored_ambiguity
1623	1	3110	10264	0	tyluur_gist_4cb93ba0_2f232f49	raw=Uncut_sapphire;method=exact
1061	1	3111	3159	0	tyluur_gist_4cb93ba0_2f232f49	raw=Leather_boots;method=scored_ambiguity
276	1	3111	3367	0	tyluur_gist_4cb93ba0_2f232f49	raw=Rubber_Tube;method=exact
1420	1	3111	3517	0	tyluur_gist_4cb93ba0_2f232f49	raw=Iron_mace;method=exact
2351	1	3111	3657	0	tyluur_gist_4cb93ba0_2f232f49	raw=Iron_bar;method=exact
526	1	3111	9959	0	tyluur_gist_4cb93ba0_2f232f49	raw=Bones;method=scored_ambiguity
526	1	3112	3642	0	tyluur_gist_4cb93ba0_2f232f49	raw=Bones;method=scored_ambiguity
877	1	3112	3682	0	tyluur_gist_4cb93ba0_2f232f49	raw=Bronze_bolts;method=exact
526	1	3112	3686	0	tyluur_gist_4cb93ba0_2f232f49	raw=Bones;method=scored_ambiguity
526	1	3112	3695	0	tyluur_gist_4cb93ba0_2f232f49	raw=Bones;method=scored_ambiguity
526	1	3112	9956	0	tyluur_gist_4cb93ba0_2f232f49	raw=Bones;method=scored_ambiguity
526	1	3113	3647	0	tyluur_gist_4cb93ba0_2f232f49	raw=Bones;method=scored_ambiguity
877	1	3114	3690	0	tyluur_gist_4cb93ba0_2f232f49	raw=Bronze_bolts;method=exact
877	1	3116	3701	0	tyluur_gist_4cb93ba0_2f232f49	raw=Bronze_bolts;method=exact
526	1	3116	9891	0	tyluur_gist_4cb93ba0_2f232f49	raw=Bones;method=scored_ambiguity
526	1	3116	9950	0	tyluur_gist_4cb93ba0_2f232f49	raw=Bones;method=scored_ambiguity
526	1	3117	3696	0	tyluur_gist_4cb93ba0_2f232f49	raw=Bones;method=scored_ambiguity
223	1	3117	9951	0	tyluur_gist_4cb93ba0_2f232f49	raw=Red_spiders'_eggs;method=exact
526	1	3118	3644	0	tyluur_gist_4cb93ba0_2f232f49	raw=Bones;method=scored_ambiguity
223	1	3118	9948	0	tyluur_gist_4cb93ba0_2f232f49	raw=Red_spiders'_eggs;method=exact
526	1	3119	9894	0	tyluur_gist_4cb93ba0_2f232f49	raw=Bones;method=scored_ambiguity
223	1	3119	9949	0	tyluur_gist_4cb93ba0_2f232f49	raw=Red_spiders'_eggs;method=exact
952	1	3120	3359	0	tyluur_gist_4cb93ba0_2f232f49	raw=Spade;method=exact
526	1	3120	9894	0	tyluur_gist_4cb93ba0_2f232f49	raw=Bones;method=scored_ambiguity
1925	1	3121	3359	0	tyluur_gist_4cb93ba0_2f232f49	raw=Bucket;method=scored_ambiguity
1139	1	3122	3360	0	tyluur_gist_4cb93ba0_2f232f49	raw=Bronze_Med_Helm;method=exact
1009	1	3122	9881	0	tyluur_gist_4cb93ba0_2f232f49	raw=Brass_necklace;method=exact
526	1	3122	9891	0	tyluur_gist_4cb93ba0_2f232f49	raw=Bones;method=scored_ambiguity
41	1	3125	9997	0	tyluur_gist_4cb93ba0_2f232f49	raw=Steel_arrowtips;method=exact
1735	1	3126	3356	0	tyluur_gist_4cb93ba0_2f232f49	raw=Shears;method=scored_ambiguity
526	1	3126	3647	0	tyluur_gist_4cb93ba0_2f232f49	raw=Bones;method=scored_ambiguity
223	1	3126	9958	0	tyluur_gist_4cb93ba0_2f232f49	raw=Red_spiders'_eggs;method=exact
526	1	3127	9957	0	tyluur_gist_4cb93ba0_2f232f49	raw=Bones;method=scored_ambiguity
223	1	3128	9956	0	tyluur_gist_4cb93ba0_2f232f49	raw=Red_spiders'_eggs;method=exact
223	1	3129	9954	0	tyluur_gist_4cb93ba0_2f232f49	raw=Red_spiders'_eggs;method=exact
882	3	3130	9903	0	tyluur_gist_4cb93ba0_2f232f49	raw=Bronze_arrow;method=scored_ambiguity
882	1	3135	9916	0	tyluur_gist_4cb93ba0_2f232f49	raw=Bronze_arrow;method=scored_ambiguity
562	1	3137	3833	0	tyluur_gist_4cb93ba0_2f232f49	raw=Chaos_rune;method=scored_ambiguity
526	1	3138	9880	0	tyluur_gist_4cb93ba0_2f232f49	raw=Bones;method=scored_ambiguity
562	1	3139	3814	0	tyluur_gist_4cb93ba0_2f232f49	raw=Chaos_rune;method=scored_ambiguity
2255	1	3139	4554	0	tyluur_gist_4cb93ba0_2f232f49	raw=Toad_batta;method=scored_ambiguity
526	1	3141	9879	0	tyluur_gist_4cb93ba0_2f232f49	raw=Bones;method=scored_ambiguity
1935	1	3142	3447	0	tyluur_gist_4cb93ba0_2f232f49	raw=Jug;method=exact
2313	1	3142	3447	0	tyluur_gist_4cb93ba0_2f232f49	raw=Pie_dish;method=exact
526	1	3142	9880	0	tyluur_gist_4cb93ba0_2f232f49	raw=Bones;method=scored_ambiguity
1973	1	3143	3453	0	tyluur_gist_4cb93ba0_2f232f49	raw=Chocolate_Bar;method=exact
526	1	3143	9878	0	tyluur_gist_4cb93ba0_2f232f49	raw=Bones;method=scored_ambiguity
562	1	3144	3826	0	tyluur_gist_4cb93ba0_2f232f49	raw=Chaos_rune;method=scored_ambiguity
562	1	3145	3814	0	tyluur_gist_4cb93ba0_2f232f49	raw=Chaos_rune;method=scored_ambiguity
444	1	3146	3734	0	tyluur_gist_4cb93ba0_2f232f49	raw=Gold_ore;method=exact
1059	1	3148	3177	0	tyluur_gist_4cb93ba0_2f232f49	raw=Leather_gloves;method=exact
1931	1	3148	3211	0	tyluur_gist_4cb93ba0_2f232f49	raw=Pot;method=exact
1929	1	3148	3642	0	tyluur_gist_4cb93ba0_2f232f49	raw=Bucket_of_water;method=scored_ambiguity
960	1	3148	3671	0	tyluur_gist_4cb93ba0_2f232f49	raw=Plank;method=exact
966	1	3149	3674	0	tyluur_gist_4cb93ba0_2f232f49	raw=Tile;method=scored_ambiguity
562	1	3149	3823	0	tyluur_gist_4cb93ba0_2f232f49	raw=Chaos_rune;method=scored_ambiguity
556	1	3150	3247	0	tyluur_gist_4cb93ba0_2f232f49	raw=Air_rune;method=scored_ambiguity
690	1	3150	3640	0	tyluur_gist_4cb93ba0_2f232f49	raw=Broken_glass;method=scored_ambiguity
1573	1	3151	3399	0	tyluur_gist_4cb93ba0_2f232f49	raw=Doogle_leaves;method=exact
690	1	3151	3644	0	tyluur_gist_4cb93ba0_2f232f49	raw=Broken_glass;method=scored_ambiguity
562	1	3151	3831	0	tyluur_gist_4cb93ba0_2f232f49	raw=Chaos_rune;method=scored_ambiguity
1735	1	3152	3306	0	tyluur_gist_4cb93ba0_2f232f49	raw=Shears;method=scored_ambiguity
1573	1	3152	3399	0	tyluur_gist_4cb93ba0_2f232f49	raw=Doogle_leaves;method=exact
1573	1	3152	3401	0	tyluur_gist_4cb93ba0_2f232f49	raw=Doogle_leaves;method=exact
690	1	3152	3638	0	tyluur_gist_4cb93ba0_2f232f49	raw=Broken_glass;method=scored_ambiguity
307	1	3154	2816	0	tyluur_gist_4cb93ba0_2f232f49	raw=Fishing_rod;method=exact
690	1	3154	3646	0	tyluur_gist_4cb93ba0_2f232f49	raw=Broken_glass;method=scored_ambiguity
960	1	3154	3659	0	tyluur_gist_4cb93ba0_2f232f49	raw=Plank;method=exact
960	1	3154	3670	0	tyluur_gist_4cb93ba0_2f232f49	raw=Plank;method=exact
1573	1	3156	3401	0	tyluur_gist_4cb93ba0_2f232f49	raw=Doogle_leaves;method=exact
1203	1	3156	3683	0	tyluur_gist_4cb93ba0_2f232f49	raw=Iron_dagger;method=exact
1573	1	3157	3400	0	tyluur_gist_4cb93ba0_2f232f49	raw=Doogle_leaves;method=exact
1207	1	3158	3672	0	tyluur_gist_4cb93ba0_2f232f49	raw=Steel_dagger;method=exact
1349	1	3162	9888	0	tyluur_gist_4cb93ba0_2f232f49	raw=Iron_axe;method=exact
1939	1	3164	3169	0	tyluur_gist_4cb93ba0_2f232f49	raw=Swamp_tar;method=exact
1939	1	3164	3180	0	tyluur_gist_4cb93ba0_2f232f49	raw=Swamp_tar;method=exact
1939	1	3164	3187	0	tyluur_gist_4cb93ba0_2f232f49	raw=Swamp_tar;method=exact
966	1	3165	3660	0	tyluur_gist_4cb93ba0_2f232f49	raw=Tile;method=scored_ambiguity
303	1	3167	2838	0	tyluur_gist_4cb93ba0_2f232f49	raw=Small_fishing_net;method=scored_ambiguity
1944	1	3169	3291	0	tyluur_gist_4cb93ba0_2f232f49	raw=Egg;method=scored_ambiguity
311	1	3170	2838	0	tyluur_gist_4cb93ba0_2f232f49	raw=Harpoon;method=exact
1939	1	3170	3167	0	tyluur_gist_4cb93ba0_2f232f49	raw=Swamp_tar;method=exact
1607	1	3170	3885	0	tyluur_gist_4cb93ba0_2f232f49	raw=Sapphire;method=exact
301	1	3171	2829	0	tyluur_gist_4cb93ba0_2f232f49	raw=Lobster_pot;method=exact
1939	1	3171	3177	0	tyluur_gist_4cb93ba0_2f232f49	raw=Swamp_tar;method=exact
1939	1	3171	3191	0	tyluur_gist_4cb93ba0_2f232f49	raw=Swamp_tar;method=exact
960	1	3171	3680	0	tyluur_gist_4cb93ba0_2f232f49	raw=Plank;method=exact
1831	1	3172	2857	0	tyluur_gist_4cb93ba0_2f232f49	raw=Waterskin(0);method=exact
1944	1	3172	3301	0	tyluur_gist_4cb93ba0_2f232f49	raw=Egg;method=scored_ambiguity
3138	1	3172	9484	0	tyluur_gist_4cb93ba0_2f232f49	raw=Potato_cactus;method=exact
1939	1	3173	3166	0	tyluur_gist_4cb93ba0_2f232f49	raw=Swamp_tar;method=exact
1939	1	3173	3178	0	tyluur_gist_4cb93ba0_2f232f49	raw=Swamp_tar;method=exact
3138	1	3173	9480	0	tyluur_gist_4cb93ba0_2f232f49	raw=Potato_cactus;method=exact
526	1	3173	9903	0	tyluur_gist_4cb93ba0_2f232f49	raw=Bones;method=scored_ambiguity
837	1	3174	3663	0	tyluur_gist_4cb93ba0_2f232f49	raw=Crossbow;method=exact
966	1	3174	3688	0	tyluur_gist_4cb93ba0_2f232f49	raw=Tile;method=scored_ambiguity
1944	1	3175	3305	0	tyluur_gist_4cb93ba0_2f232f49	raw=Egg;method=scored_ambiguity
3138	1	3177	9477	0	tyluur_gist_4cb93ba0_2f232f49	raw=Potato_cactus;method=exact
223	1	3177	9880	0	tyluur_gist_4cb93ba0_2f232f49	raw=Red_spiders'_eggs;method=exact
1137	1	3178	3684	0	tyluur_gist_4cb93ba0_2f232f49	raw=Iron_med_helm;method=exact
528	1	3178	3852	0	tyluur_gist_4cb93ba0_2f232f49	raw=Burnt_bones;method=exact
1939	1	3179	3190	0	tyluur_gist_4cb93ba0_2f232f49	raw=Swamp_tar;method=exact
528	1	3179	3850	0	tyluur_gist_4cb93ba0_2f232f49	raw=Burnt_bones;method=exact
528	1	3179	3853	0	tyluur_gist_4cb93ba0_2f232f49	raw=Burnt_bones;method=exact
10587	1	3179	4634	0	tyluur_gist_4cb93ba0_2f232f49	raw=Tarn's_diary;method=exact
3138	1	3179	9397	0	tyluur_gist_4cb93ba0_2f232f49	raw=Potato_cactus;method=exact
223	1	3179	9881	0	tyluur_gist_4cb93ba0_2f232f49	raw=Red_spiders'_eggs;method=exact
1217	1	3180	3824	0	tyluur_gist_4cb93ba0_2f232f49	raw=Black_dagger;method=exact
1939	1	3181	3193	0	tyluur_gist_4cb93ba0_2f232f49	raw=Swamp_tar;method=exact
1939	1	3182	3165	0	tyluur_gist_4cb93ba0_2f232f49	raw=Swamp_tar;method=exact
960	1	3182	3669	0	tyluur_gist_4cb93ba0_2f232f49	raw=Plank;method=exact
526	1	3182	3722	0	tyluur_gist_4cb93ba0_2f232f49	raw=Bones;method=scored_ambiguity
3138	1	3182	9406	0	tyluur_gist_4cb93ba0_2f232f49	raw=Potato_cactus;method=exact
1939	1	3183	3180	0	tyluur_gist_4cb93ba0_2f232f49	raw=Swamp_tar;method=exact
966	1	3184	3672	0	tyluur_gist_4cb93ba0_2f232f49	raw=Tile;method=scored_ambiguity
526	1	3184	3728	0	tyluur_gist_4cb93ba0_2f232f49	raw=Bones;method=scored_ambiguity
1069	1	3184	3733	0	tyluur_gist_4cb93ba0_2f232f49	raw=Steel_platelegs;method=exact
528	1	3184	3856	0	tyluur_gist_4cb93ba0_2f232f49	raw=Burnt_bones;method=exact
1939	1	3185	3161	0	tyluur_gist_4cb93ba0_2f232f49	raw=Swamp_tar;method=exact
1351	1	3185	3277	0	tyluur_gist_4cb93ba0_2f232f49	raw=Bronze_axe;method=exact
1944	1	3185	3297	0	tyluur_gist_4cb93ba0_2f232f49	raw=Egg;method=scored_ambiguity
528	1	3185	3850	0	tyluur_gist_4cb93ba0_2f232f49	raw=Burnt_bones;method=exact
557	6	3185	9888	0	tyluur_gist_4cb93ba0_2f232f49	raw=Earth_rune;method=scored_ambiguity
3138	1	3186	9413	0	tyluur_gist_4cb93ba0_2f232f49	raw=Potato_cactus;method=exact
528	1	3187	3856	0	tyluur_gist_4cb93ba0_2f232f49	raw=Burnt_bones;method=exact
229	1	3188	3839	0	tyluur_gist_4cb93ba0_2f232f49	raw=Vial;method=scored_ambiguity
1939	1	3189	3163	0	tyluur_gist_4cb93ba0_2f232f49	raw=Swamp_tar;method=exact
1939	1	3191	3162	0	tyluur_gist_4cb93ba0_2f232f49	raw=Swamp_tar;method=exact
3138	1	3191	9387	0	tyluur_gist_4cb93ba0_2f232f49	raw=Potato_cactus;method=exact
1009	1	3191	9820	0	tyluur_gist_4cb93ba0_2f232f49	raw=Brass_necklace;method=exact
1203	1	3192	2838	0	tyluur_gist_4cb93ba0_2f232f49	raw=Iron_dagger;method=exact
1735	1	3192	3272	0	tyluur_gist_4cb93ba0_2f232f49	raw=Shears;method=scored_ambiguity
1654	1	3192	9821	0	tyluur_gist_4cb93ba0_2f232f49	raw=Gold_necklace;method=exact
2357	1	3192	9822	0	tyluur_gist_4cb93ba0_2f232f49	raw=Gold_bar;method=exact
1939	1	3193	3181	0	tyluur_gist_4cb93ba0_2f232f49	raw=Swamp_tar;method=exact
1939	1	3194	3168	0	tyluur_gist_4cb93ba0_2f232f49	raw=Swamp_tar;method=exact
559	2	3194	3495	0	tyluur_gist_4cb93ba0_2f232f49	raw=Body_rune;method=scored_ambiguity
557	1	3195	3515	0	tyluur_gist_4cb93ba0_2f232f49	raw=Earth_rune;method=scored_ambiguity
444	1	3195	9821	0	tyluur_gist_4cb93ba0_2f232f49	raw=Gold_ore;method=exact
229	1	3196	3849	0	tyluur_gist_4cb93ba0_2f232f49	raw=Vial;method=scored_ambiguity
1641	1	3196	9822	0	tyluur_gist_4cb93ba0_2f232f49	raw=Ruby_ring;method=exact
3138	1	3198	9421	0	tyluur_gist_4cb93ba0_2f232f49	raw=Potato_cactus;method=exact
1171	1	3204	3515	0	tyluur_gist_4cb93ba0_2f232f49	raw=Wooden_shield;method=scored_ambiguity
946	1	3205	3212	0	tyluur_gist_4cb93ba0_2f232f49	raw=Knife;method=scored_ambiguity
882	1	3205	3227	0	tyluur_gist_4cb93ba0_2f232f49	raw=Bronze_arrow;method=scored_ambiguity
558	1	3206	3208	0	tyluur_gist_4cb93ba0_2f232f49	raw=Mind_rune;method=scored_ambiguity
1923	1	3208	3214	0	tyluur_gist_4cb93ba0_2f232f49	raw=Bowl;method=exact
1061	1	3208	9620	0	tyluur_gist_4cb93ba0_2f232f49	raw=Leather_boots;method=scored_ambiguity
1931	1	3209	3214	0	tyluur_gist_4cb93ba0_2f232f49	raw=Pot;method=exact
526	1	3209	3740	0	tyluur_gist_4cb93ba0_2f232f49	raw=Bones;method=scored_ambiguity
1061	1	3210	9615	0	tyluur_gist_4cb93ba0_2f232f49	raw=Leather_boots;method=scored_ambiguity
1935	1	3211	3212	0	tyluur_gist_4cb93ba0_2f232f49	raw=Jug;method=exact
1935	1	3211	9625	0	tyluur_gist_4cb93ba0_2f232f49	raw=Jug;method=exact
528	1	3213	3821	0	tyluur_gist_4cb93ba0_2f232f49	raw=Burnt_bones;method=exact
1323	1	3214	3730	0	tyluur_gist_4cb93ba0_2f232f49	raw=Iron_scimitar;method=exact
532	1	3214	3733	0	tyluur_gist_4cb93ba0_2f232f49	raw=Big_bones;method=exact
239	1	3214	3809	0	tyluur_gist_4cb93ba0_2f232f49	raw=White_berries;method=exact
528	1	3214	3820	0	tyluur_gist_4cb93ba0_2f232f49	raw=Burnt_bones;method=exact
946	1	3215	9625	0	tyluur_gist_4cb93ba0_2f232f49	raw=Knife;method=scored_ambiguity
526	1	3216	3741	0	tyluur_gist_4cb93ba0_2f232f49	raw=Bones;method=scored_ambiguity
526	1	3216	3748	0	tyluur_gist_4cb93ba0_2f232f49	raw=Bones;method=scored_ambiguity
1925	1	3216	9625	0	tyluur_gist_4cb93ba0_2f232f49	raw=Bucket;method=scored_ambiguity
964	1	3217	3745	0	tyluur_gist_4cb93ba0_2f232f49	raw=Skull;method=scored_ambiguity
1965	1	3217	9622	0	tyluur_gist_4cb93ba0_2f232f49	raw=Cabbage;method=scored_ambiguity
526	1	3218	3739	0	tyluur_gist_4cb93ba0_2f232f49	raw=Bones;method=scored_ambiguity
239	1	3218	3812	0	tyluur_gist_4cb93ba0_2f232f49	raw=White_berries;method=exact
528	1	3218	3818	0	tyluur_gist_4cb93ba0_2f232f49	raw=Burnt_bones;method=exact
946	1	3218	9887	0	tyluur_gist_4cb93ba0_2f232f49	raw=Knife;method=scored_ambiguity
528	1	3219	3816	0	tyluur_gist_4cb93ba0_2f232f49	raw=Burnt_bones;method=exact
526	1	3220	3738	0	tyluur_gist_4cb93ba0_2f232f49	raw=Bones;method=scored_ambiguity
526	1	3220	3741	0	tyluur_gist_4cb93ba0_2f232f49	raw=Bones;method=scored_ambiguity
532	1	3220	3746	0	tyluur_gist_4cb93ba0_2f232f49	raw=Big_bones;method=exact
2313	1	3222	3494	0	tyluur_gist_4cb93ba0_2f232f49	raw=Pie_dish;method=exact
526	1	3222	3744	0	tyluur_gist_4cb93ba0_2f232f49	raw=Bones;method=scored_ambiguity
559	2	3223	3583	0	tyluur_gist_4cb93ba0_2f232f49	raw=Body_rune;method=scored_ambiguity
946	1	3224	3202	0	tyluur_gist_4cb93ba0_2f232f49	raw=Knife;method=scored_ambiguity
526	1	3224	3746	0	tyluur_gist_4cb93ba0_2f232f49	raw=Bones;method=scored_ambiguity
558	1	3224	9910	0	tyluur_gist_4cb93ba0_2f232f49	raw=Mind_rune;method=scored_ambiguity
1925	1	3225	3294	0	tyluur_gist_4cb93ba0_2f232f49	raw=Bucket;method=scored_ambiguity
526	1	3225	3740	0	tyluur_gist_4cb93ba0_2f232f49	raw=Bones;method=scored_ambiguity
1944	1	3226	3301	0	tyluur_gist_4cb93ba0_2f232f49	raw=Egg;method=scored_ambiguity
532	1	3226	3745	0	tyluur_gist_4cb93ba0_2f232f49	raw=Big_bones;method=exact
559	1	3226	9910	0	tyluur_gist_4cb93ba0_2f232f49	raw=Body_rune;method=scored_ambiguity
526	1	3227	3742	0	tyluur_gist_4cb93ba0_2f232f49	raw=Bones;method=scored_ambiguity
1944	1	3229	3299	0	tyluur_gist_4cb93ba0_2f232f49	raw=Egg;method=scored_ambiguity
559	2	3229	3566	0	tyluur_gist_4cb93ba0_2f232f49	raw=Body_rune;method=scored_ambiguity
526	1	3229	3747	0	tyluur_gist_4cb93ba0_2f232f49	raw=Bones;method=scored_ambiguity
1351	1	3232	3296	0	tyluur_gist_4cb93ba0_2f232f49	raw=Bronze_axe;method=exact
1931	1	3232	3399	0	tyluur_gist_4cb93ba0_2f232f49	raw=Pot;method=exact
559	2	3232	3574	0	tyluur_gist_4cb93ba0_2f232f49	raw=Body_rune;method=scored_ambiguity
526	1	3232	3605	0	tyluur_gist_4cb93ba0_2f232f49	raw=Bones;method=scored_ambiguity
526	1	3232	3948	0	tyluur_gist_4cb93ba0_2f232f49	raw=Bones;method=scored_ambiguity
528	1	3233	3222	0	tyluur_gist_4cb93ba0_2f232f49	raw=Burnt_bones;method=exact
1635	1	3233	3222	0	tyluur_gist_4cb93ba0_2f232f49	raw=Gold_Ring;method=exact
1635	1	3233	3222	0	tyluur_gist_4cb93ba0_2f232f49	raw=Gold_ring;method=exact
1929	1	3233	3222	0	tyluur_gist_4cb93ba0_2f232f49	raw=Bucket_of_water;method=scored_ambiguity
526	1	3233	3605	0	tyluur_gist_4cb93ba0_2f232f49	raw=Bones;method=scored_ambiguity
964	1	3233	3740	0	tyluur_gist_4cb93ba0_2f232f49	raw=Skull;method=scored_ambiguity
526	1	3234	3608	0	tyluur_gist_4cb93ba0_2f232f49	raw=Bones;method=scored_ambiguity
526	1	3235	3603	0	tyluur_gist_4cb93ba0_2f232f49	raw=Bones;method=scored_ambiguity
526	1	3235	3605	0	tyluur_gist_4cb93ba0_2f232f49	raw=Bones;method=scored_ambiguity
526	1	3235	3607	0	tyluur_gist_4cb93ba0_2f232f49	raw=Bones;method=scored_ambiguity
53	3	3235	3950	0	tyluur_gist_4cb93ba0_2f232f49	raw=Headless_arrow;method=exact
526	1	3236	3604	0	tyluur_gist_4cb93ba0_2f232f49	raw=Bones;method=scored_ambiguity
526	1	3236	3749	0	tyluur_gist_4cb93ba0_2f232f49	raw=Bones;method=scored_ambiguity
526	1	3237	3603	0	tyluur_gist_4cb93ba0_2f232f49	raw=Bones;method=scored_ambiguity
526	1	3237	3604	0	tyluur_gist_4cb93ba0_2f232f49	raw=Bones;method=scored_ambiguity
526	1	3237	3611	0	tyluur_gist_4cb93ba0_2f232f49	raw=Bones;method=scored_ambiguity
526	1	3237	3938	0	tyluur_gist_4cb93ba0_2f232f49	raw=Bones;method=scored_ambiguity
53	2	3237	3949	0	tyluur_gist_4cb93ba0_2f232f49	raw=Headless_arrow;method=exact
1987	1	3237	9761	0	tyluur_gist_4cb93ba0_2f232f49	raw=Grapes;method=exact
526	1	3238	3603	0	tyluur_gist_4cb93ba0_2f232f49	raw=Bones;method=scored_ambiguity
1919	1	3238	6119	0	tyluur_gist_4cb93ba0_2f232f49	raw=Beer_glass;method=scored_ambiguity
526	1	3239	3604	0	tyluur_gist_4cb93ba0_2f232f49	raw=Bones;method=scored_ambiguity
526	1	3239	3606	0	tyluur_gist_4cb93ba0_2f232f49	raw=Bones;method=scored_ambiguity
53	3	3240	3940	0	tyluur_gist_4cb93ba0_2f232f49	raw=Headless_arrow;method=exact
8794	1	3241	3470	0	tyluur_gist_4cb93ba0_2f232f49	raw=Saw;method=exact
1919	1	3241	6118	0	tyluur_gist_4cb93ba0_2f232f49	raw=Beer_glass;method=scored_ambiguity
526	1	3242	3741	0	tyluur_gist_4cb93ba0_2f232f49	raw=Bones;method=scored_ambiguity
532	1	3243	3742	0	tyluur_gist_4cb93ba0_2f232f49	raw=Big_bones;method=exact
303	1	3244	3157	0	tyluur_gist_4cb93ba0_2f232f49	raw=Small_fishing_net;method=scored_ambiguity
1511	1	3244	3398	0	tyluur_gist_4cb93ba0_2f232f49	raw=Logs;method=scored_ambiguity
526	1	3244	3611	0	tyluur_gist_4cb93ba0_2f232f49	raw=Bones;method=scored_ambiguity
1511	1	3245	3398	0	tyluur_gist_4cb93ba0_2f232f49	raw=Logs;method=scored_ambiguity
526	1	3246	3615	0	tyluur_gist_4cb93ba0_2f232f49	raw=Bones;method=scored_ambiguity
1129	1	3247	3407	0	tyluur_gist_4cb93ba0_2f232f49	raw=Leather_body;method=exact
526	1	3247	3740	0	tyluur_gist_4cb93ba0_2f232f49	raw=Bones;method=scored_ambiguity
526	1	3247	3743	0	tyluur_gist_4cb93ba0_2f232f49	raw=Bones;method=scored_ambiguity
1191	1	3247	3795	0	tyluur_gist_4cb93ba0_2f232f49	raw=Iron_kiteshield;method=exact
1203	1	3248	3245	0	tyluur_gist_4cb93ba0_2f232f49	raw=Iron_dagger;method=exact
526	1	3249	3744	0	tyluur_gist_4cb93ba0_2f232f49	raw=Bones;method=scored_ambiguity
526	1	3250	3953	0	tyluur_gist_4cb93ba0_2f232f49	raw=Bones;method=scored_ambiguity
526	1	3251	3736	0	tyluur_gist_4cb93ba0_2f232f49	raw=Bones;method=scored_ambiguity
526	1	3251	3749	0	tyluur_gist_4cb93ba0_2f232f49	raw=Bones;method=scored_ambiguity
526	1	3252	3738	0	tyluur_gist_4cb93ba0_2f232f49	raw=Bones;method=scored_ambiguity
532	1	3253	3736	0	tyluur_gist_4cb93ba0_2f232f49	raw=Big_bones;method=exact
964	1	3256	3744	0	tyluur_gist_4cb93ba0_2f232f49	raw=Skull;method=scored_ambiguity
526	1	3257	3743	0	tyluur_gist_4cb93ba0_2f232f49	raw=Bones;method=scored_ambiguity
526	1	3259	3735	0	tyluur_gist_4cb93ba0_2f232f49	raw=Bones;method=scored_ambiguity
532	1	3263	3735	0	tyluur_gist_4cb93ba0_2f232f49	raw=Big_bones;method=exact
526	1	3264	3728	0	tyluur_gist_4cb93ba0_2f232f49	raw=Bones;method=scored_ambiguity
526	1	3265	3732	0	tyluur_gist_4cb93ba0_2f232f49	raw=Bones;method=scored_ambiguity
526	1	3268	3660	0	tyluur_gist_4cb93ba0_2f232f49	raw=Bones;method=scored_ambiguity
526	1	3268	3730	0	tyluur_gist_4cb93ba0_2f232f49	raw=Bones;method=scored_ambiguity
526	1	3268	3736	0	tyluur_gist_4cb93ba0_2f232f49	raw=Bones;method=scored_ambiguity
526	1	3269	3728	0	tyluur_gist_4cb93ba0_2f232f49	raw=Bones;method=scored_ambiguity
526	1	3270	3724	0	tyluur_gist_4cb93ba0_2f232f49	raw=Bones;method=scored_ambiguity
1978	1	3271	3413	0	tyluur_gist_4cb93ba0_2f232f49	raw=Cup_of_Tea;method=scored_ambiguity
966	1	3271	3656	0	tyluur_gist_4cb93ba0_2f232f49	raw=Tile;method=scored_ambiguity
526	1	3271	3658	0	tyluur_gist_4cb93ba0_2f232f49	raw=Bones;method=scored_ambiguity
1935	1	3272	3409	0	tyluur_gist_4cb93ba0_2f232f49	raw=Jug;method=exact
526	1	3272	3730	0	tyluur_gist_4cb93ba0_2f232f49	raw=Bones;method=scored_ambiguity
526	1	3273	3660	0	tyluur_gist_4cb93ba0_2f232f49	raw=Bones;method=scored_ambiguity
526	1	3273	3664	0	tyluur_gist_4cb93ba0_2f232f49	raw=Bones;method=scored_ambiguity
960	1	3275	3664	0	tyluur_gist_4cb93ba0_2f232f49	raw=Plank;method=exact
526	1	3275	3727	0	tyluur_gist_4cb93ba0_2f232f49	raw=Bones;method=scored_ambiguity
526	1	3275	3729	0	tyluur_gist_4cb93ba0_2f232f49	raw=Bones;method=scored_ambiguity
526	1	3276	3726	0	tyluur_gist_4cb93ba0_2f232f49	raw=Bones;method=scored_ambiguity
526	1	3278	3657	0	tyluur_gist_4cb93ba0_2f232f49	raw=Bones;method=scored_ambiguity
966	1	3278	3664	0	tyluur_gist_4cb93ba0_2f232f49	raw=Tile;method=scored_ambiguity
526	1	3278	3725	0	tyluur_gist_4cb93ba0_2f232f49	raw=Bones;method=scored_ambiguity
526	1	3279	3659	0	tyluur_gist_4cb93ba0_2f232f49	raw=Bones;method=scored_ambiguity
526	1	3280	3657	0	tyluur_gist_4cb93ba0_2f232f49	raw=Bones;method=scored_ambiguity
526	1	3280	3658	0	tyluur_gist_4cb93ba0_2f232f49	raw=Bones;method=scored_ambiguity
526	1	3280	3724	0	tyluur_gist_4cb93ba0_2f232f49	raw=Bones;method=scored_ambiguity
526	1	3280	3726	0	tyluur_gist_4cb93ba0_2f232f49	raw=Bones;method=scored_ambiguity
526	1	3280	9415	0	tyluur_gist_4cb93ba0_2f232f49	raw=Bones;method=scored_ambiguity
526	1	3281	3658	0	tyluur_gist_4cb93ba0_2f232f49	raw=Bones;method=scored_ambiguity
966	1	3281	3663	0	tyluur_gist_4cb93ba0_2f232f49	raw=Tile;method=scored_ambiguity
1281	1	3283	3658	0	tyluur_gist_4cb93ba0_2f232f49	raw=Steel_sword;method=exact
558	6	3283	3728	0	tyluur_gist_4cb93ba0_2f232f49	raw=Mind_rune;method=scored_ambiguity
565	1	3283	3819	0	tyluur_gist_4cb93ba0_2f232f49	raw=Blood_rune;method=scored_ambiguity
837	1	3284	3719	0	tyluur_gist_4cb93ba0_2f232f49	raw=Crossbow;method=exact
1965	1	3285	3175	0	tyluur_gist_4cb93ba0_2f232f49	raw=Cabbage;method=scored_ambiguity
1734	1	3286	3491	0	tyluur_gist_4cb93ba0_2f232f49	raw=Thread;method=exact
528	1	3287	3887	0	tyluur_gist_4cb93ba0_2f232f49	raw=Burnt_bones;method=exact
528	1	3288	3891	0	tyluur_gist_4cb93ba0_2f232f49	raw=Burnt_bones;method=exact
966	1	3289	3651	0	tyluur_gist_4cb93ba0_2f232f49	raw=Tile;method=scored_ambiguity
444	1	3289	3926	0	tyluur_gist_4cb93ba0_2f232f49	raw=Gold_ore;method=exact
565	1	3290	3806	0	tyluur_gist_4cb93ba0_2f232f49	raw=Blood_rune;method=scored_ambiguity
528	1	3290	3890	0	tyluur_gist_4cb93ba0_2f232f49	raw=Burnt_bones;method=exact
444	1	3290	3928	0	tyluur_gist_4cb93ba0_2f232f49	raw=Gold_ore;method=exact
1921	1	3291	3034	0	tyluur_gist_4cb93ba0_2f232f49	raw=Bowl_of_water;method=exact
960	1	3291	3652	0	tyluur_gist_4cb93ba0_2f232f49	raw=Plank;method=exact
528	1	3291	3888	0	tyluur_gist_4cb93ba0_2f232f49	raw=Burnt_bones;method=exact
1207	1	3292	3762	0	tyluur_gist_4cb93ba0_2f232f49	raw=Steel_dagger;method=exact
528	1	3292	3887	0	tyluur_gist_4cb93ba0_2f232f49	raw=Burnt_bones;method=exact
444	1	3292	3933	0	tyluur_gist_4cb93ba0_2f232f49	raw=Gold_ore;method=exact
565	1	3297	3890	0	tyluur_gist_4cb93ba0_2f232f49	raw=Blood_rune;method=scored_ambiguity
555	4	3298	3316	0	tyluur_gist_4cb93ba0_2f232f49	raw=Water_rune;method=scored_ambiguity
1511	1	3298	3512	0	tyluur_gist_4cb93ba0_2f232f49	raw=Logs;method=scored_ambiguity
1511	1	3300	3508	0	tyluur_gist_4cb93ba0_2f232f49	raw=Logs;method=scored_ambiguity
1511	1	3301	3507	0	tyluur_gist_4cb93ba0_2f232f49	raw=Logs;method=scored_ambiguity
1937	1	3302	3170	0	tyluur_gist_4cb93ba0_2f232f49	raw=Jug_of_water;method=exact
1061	1	3302	3190	0	tyluur_gist_4cb93ba0_2f232f49	raw=Leather_boots;method=scored_ambiguity
1511	1	3302	3502	0	tyluur_gist_4cb93ba0_2f232f49	raw=Logs;method=scored_ambiguity
1511	1	3302	3507	0	tyluur_gist_4cb93ba0_2f232f49	raw=Logs;method=scored_ambiguity
1511	1	3302	3510	0	tyluur_gist_4cb93ba0_2f232f49	raw=Logs;method=scored_ambiguity
1511	1	3303	3503	0	tyluur_gist_4cb93ba0_2f232f49	raw=Logs;method=scored_ambiguity
554	3	3304	3311	0	tyluur_gist_4cb93ba0_2f232f49	raw=Fire_rune;method=scored_ambiguity
565	1	3305	3816	0	tyluur_gist_4cb93ba0_2f232f49	raw=Blood_rune;method=scored_ambiguity
1925	1	3307	3195	0	tyluur_gist_4cb93ba0_2f232f49	raw=Bucket;method=scored_ambiguity
561	4	3307	3859	0	tyluur_gist_4cb93ba0_2f232f49	raw=Nature_rune;method=scored_ambiguity
1511	1	3310	3503	0	tyluur_gist_4cb93ba0_2f232f49	raw=Logs;method=scored_ambiguity
1511	1	3310	3504	0	tyluur_gist_4cb93ba0_2f232f49	raw=Logs;method=scored_ambiguity
561	3	3311	3853	0	tyluur_gist_4cb93ba0_2f232f49	raw=Nature_rune;method=scored_ambiguity
960	1	3312	2724	0	tyluur_gist_4cb93ba0_2f232f49	raw=Plank;method=exact
1207	1	3312	3769	0	tyluur_gist_4cb93ba0_2f232f49	raw=Steel_dagger;method=exact
528	1	3313	3890	0	tyluur_gist_4cb93ba0_2f232f49	raw=Burnt_bones;method=exact
6332	1	3314	6119	0	tyluur_gist_4cb93ba0_2f232f49	raw=Mahogany_log;method=exact
528	1	3316	3888	0	tyluur_gist_4cb93ba0_2f232f49	raw=Burnt_bones;method=exact
1422	1	3320	3137	0	tyluur_gist_4cb93ba0_2f232f49	raw=Bronze_mace;method=exact
528	1	3321	3892	0	tyluur_gist_4cb93ba0_2f232f49	raw=Burnt_bones;method=exact
960	1	3323	2733	0	tyluur_gist_4cb93ba0_2f232f49	raw=Plank;method=exact
10006	1	3324	2742	0	tyluur_gist_4cb93ba0_2f232f49	raw=Bird_snare;method=exact
1925	1	3346	2966	0	tyluur_gist_4cb93ba0_2f232f49	raw=Bucket;method=scored_ambiguity
1267	1	3347	9753	0	tyluur_gist_4cb93ba0_2f232f49	raw=Iron_pickaxe;method=exact
708	1	3347	9754	0	tyluur_gist_4cb93ba0_2f232f49	raw=Arcenia_root;method=exact
1267	1	3348	9752	0	tyluur_gist_4cb93ba0_2f232f49	raw=Iron_pickaxe;method=exact
2347	1	3350	3162	0	tyluur_gist_4cb93ba0_2f232f49	raw=Hammer;method=exact
1267	1	3350	9751	0	tyluur_gist_4cb93ba0_2f232f49	raw=Iron_pickaxe;method=exact
708	1	3350	9759	0	tyluur_gist_4cb93ba0_2f232f49	raw=Arcenia_root;method=exact
1925	1	3351	2966	0	tyluur_gist_4cb93ba0_2f232f49	raw=Bucket;method=scored_ambiguity
960	1	3352	2747	0	tyluur_gist_4cb93ba0_2f232f49	raw=Plank;method=exact
1755	1	3353	9635	0	tyluur_gist_4cb93ba0_2f232f49	raw=Chisel;method=scored_ambiguity
526	1	3354	3426	0	tyluur_gist_4cb93ba0_2f232f49	raw=Bones;method=scored_ambiguity
1755	1	3354	9646	0	tyluur_gist_4cb93ba0_2f232f49	raw=Chisel;method=scored_ambiguity
1925	1	3354	9759	0	tyluur_gist_4cb93ba0_2f232f49	raw=Bucket;method=scored_ambiguity
1925	1	3355	9754	0	tyluur_gist_4cb93ba0_2f232f49	raw=Bucket;method=scored_ambiguity
526	1	3357	3428	0	tyluur_gist_4cb93ba0_2f232f49	raw=Bones;method=scored_ambiguity
1925	1	3357	9756	0	tyluur_gist_4cb93ba0_2f232f49	raw=Bucket;method=scored_ambiguity
1919	1	3358	2955	0	tyluur_gist_4cb93ba0_2f232f49	raw=Beer_glass;method=scored_ambiguity
1755	1	3359	9632	0	tyluur_gist_4cb93ba0_2f232f49	raw=Chisel;method=scored_ambiguity
1171	1	3361	3154	0	tyluur_gist_4cb93ba0_2f232f49	raw=Wooden_shield;method=scored_ambiguity
526	1	3361	3411	0	tyluur_gist_4cb93ba0_2f232f49	raw=Bones;method=scored_ambiguity
1321	1	3362	3154	0	tyluur_gist_4cb93ba0_2f232f49	raw=Bronze_scimitar;method=exact
590	1	3362	3167	0	tyluur_gist_4cb93ba0_2f232f49	raw=Tinderbox;method=scored_ambiguity
526	1	3364	9749	0	tyluur_gist_4cb93ba0_2f232f49	raw=Bones;method=scored_ambiguity
708	1	3364	9764	0	tyluur_gist_4cb93ba0_2f232f49	raw=Arcenia_root;method=exact
526	1	3366	9748	0	tyluur_gist_4cb93ba0_2f232f49	raw=Bones;method=scored_ambiguity
526	1	3367	9750	0	tyluur_gist_4cb93ba0_2f232f49	raw=Bones;method=scored_ambiguity
526	1	3368	3152	0	tyluur_gist_4cb93ba0_2f232f49	raw=Bones;method=scored_ambiguity
1351	1	3368	3238	0	tyluur_gist_4cb93ba0_2f232f49	raw=Bronze_axe;method=exact
526	1	3368	3411	0	tyluur_gist_4cb93ba0_2f232f49	raw=Bones;method=scored_ambiguity
526	1	3368	9752	0	tyluur_gist_4cb93ba0_2f232f49	raw=Bones;method=scored_ambiguity
708	1	3368	9770	0	tyluur_gist_4cb93ba0_2f232f49	raw=Arcenia_root;method=exact
677	1	3369	3378	0	tyluur_gist_4cb93ba0_2f232f49	raw=Panning_tray;method=scored_ambiguity
526	1	3369	3412	0	tyluur_gist_4cb93ba0_2f232f49	raw=Bones;method=scored_ambiguity
6796	1	3369	9317	0	tyluur_gist_4cb93ba0_2f232f49	raw=Lamp;method=scored_ambiguity
1379	1	3371	3144	0	tyluur_gist_4cb93ba0_2f232f49	raw=Staff;method=exact
526	1	3371	9752	0	tyluur_gist_4cb93ba0_2f232f49	raw=Bones;method=scored_ambiguity
1755	1	3373	9651	0	tyluur_gist_4cb93ba0_2f232f49	raw=Chisel;method=scored_ambiguity
1755	1	3374	9643	0	tyluur_gist_4cb93ba0_2f232f49	raw=Chisel;method=scored_ambiguity
526	1	3375	3145	0	tyluur_gist_4cb93ba0_2f232f49	raw=Bones;method=scored_ambiguity
1755	1	3375	9633	0	tyluur_gist_4cb93ba0_2f232f49	raw=Chisel;method=scored_ambiguity
526	1	3375	9757	0	tyluur_gist_4cb93ba0_2f232f49	raw=Bones;method=scored_ambiguity
526	1	3376	3152	0	tyluur_gist_4cb93ba0_2f232f49	raw=Bones;method=scored_ambiguity
526	1	3377	3157	0	tyluur_gist_4cb93ba0_2f232f49	raw=Bones;method=scored_ambiguity
526	1	3380	3148	0	tyluur_gist_4cb93ba0_2f232f49	raw=Bones;method=scored_ambiguity
26963	1	3383	2793	0	tyluur_gist_4cb93ba0_2f232f49	raw=Odd_spectacles;method=exact
26965	1	3383	2794	0	tyluur_gist_4cb93ba0_2f232f49	raw=Bottle_of_'tonic';method=exact
526	1	3383	9752	0	tyluur_gist_4cb93ba0_2f232f49	raw=Bones;method=scored_ambiguity
526	1	3383	9755	0	tyluur_gist_4cb93ba0_2f232f49	raw=Bones;method=scored_ambiguity
526	1	3384	9748	0	tyluur_gist_4cb93ba0_2f232f49	raw=Bones;method=scored_ambiguity
526	1	3384	9753	0	tyluur_gist_4cb93ba0_2f232f49	raw=Bones;method=scored_ambiguity
526	1	3385	9747	0	tyluur_gist_4cb93ba0_2f232f49	raw=Bones;method=scored_ambiguity
882	1	3387	3082	0	tyluur_gist_4cb93ba0_2f232f49	raw=Bronze_arrow;method=scored_ambiguity
882	1	3389	3088	0	tyluur_gist_4cb93ba0_2f232f49	raw=Bronze_arrow;method=scored_ambiguity
841	1	3389	3123	0	tyluur_gist_4cb93ba0_2f232f49	raw=Shortbow;method=exact
1985	1	3390	3268	0	tyluur_gist_4cb93ba0_2f232f49	raw=Cheese;method=exact
882	1	3391	3087	0	tyluur_gist_4cb93ba0_2f232f49	raw=Bronze_arrow;method=scored_ambiguity
1919	1	3404	3165	0	tyluur_gist_4cb93ba0_2f232f49	raw=Beer_glass;method=scored_ambiguity
590	1	3405	9937	0	tyluur_gist_4cb93ba0_2f232f49	raw=Tinderbox;method=scored_ambiguity
1925	1	3408	3176	0	tyluur_gist_4cb93ba0_2f232f49	raw=Bucket;method=scored_ambiguity
1939	1	3409	3363	0	tyluur_gist_4cb93ba0_2f232f49	raw=Swamp_tar;method=exact
1511	1	3411	3183	0	tyluur_gist_4cb93ba0_2f232f49	raw=Logs;method=scored_ambiguity
946	1	3411	9949	0	tyluur_gist_4cb93ba0_2f232f49	raw=Knife;method=scored_ambiguity
1939	1	3412	3366	0	tyluur_gist_4cb93ba0_2f232f49	raw=Swamp_tar;method=exact
526	1	3421	9933	0	tyluur_gist_4cb93ba0_2f232f49	raw=Bones;method=scored_ambiguity
526	1	3422	9936	0	tyluur_gist_4cb93ba0_2f232f49	raw=Bones;method=scored_ambiguity
946	1	3423	9953	0	tyluur_gist_4cb93ba0_2f232f49	raw=Knife;method=scored_ambiguity
1939	1	3424	3287	0	tyluur_gist_4cb93ba0_2f232f49	raw=Swamp_tar;method=exact
526	1	3425	9935	0	tyluur_gist_4cb93ba0_2f232f49	raw=Bones;method=scored_ambiguity
970	1	3425	9951	0	tyluur_gist_4cb93ba0_2f232f49	raw=Papyrus;method=scored_ambiguity
1279	1	3425	9951	0	tyluur_gist_4cb93ba0_2f232f49	raw=Iron_sword;method=exact
952	1	3426	9958	0	tyluur_gist_4cb93ba0_2f232f49	raw=Spade;method=exact
1939	1	3428	3292	0	tyluur_gist_4cb93ba0_2f232f49	raw=Swamp_tar;method=exact
1939	1	3428	3322	0	tyluur_gist_4cb93ba0_2f232f49	raw=Swamp_tar;method=exact
1939	1	3428	3436	0	tyluur_gist_4cb93ba0_2f232f49	raw=Swamp_tar;method=exact
1269	1	3428	9960	0	tyluur_gist_4cb93ba0_2f232f49	raw=Steel_pickaxe;method=exact
2347	1	3429	9931	0	tyluur_gist_4cb93ba0_2f232f49	raw=Hammer;method=exact
6792	1	3432	2928	0	tyluur_gist_4cb93ba0_2f232f49	raw=Ancestral_key;method=exact
1939	1	3432	3401	0	tyluur_gist_4cb93ba0_2f232f49	raw=Swamp_tar;method=exact
1939	1	3434	3277	0	tyluur_gist_4cb93ba0_2f232f49	raw=Swamp_tar;method=exact
1939	1	3434	3432	0	tyluur_gist_4cb93ba0_2f232f49	raw=Swamp_tar;method=exact
1939	1	3435	3311	0	tyluur_gist_4cb93ba0_2f232f49	raw=Swamp_tar;method=exact
1939	1	3435	3402	0	tyluur_gist_4cb93ba0_2f232f49	raw=Swamp_tar;method=exact
1939	1	3435	3426	0	tyluur_gist_4cb93ba0_2f232f49	raw=Swamp_tar;method=exact
1939	1	3436	3298	0	tyluur_gist_4cb93ba0_2f232f49	raw=Swamp_tar;method=exact
2964	1	3437	3337	0	tyluur_gist_4cb93ba0_2f232f49	raw=Washing_bowl;method=exact
6790	1	3439	2913	0	tyluur_gist_4cb93ba0_2f232f49	raw=Shoes;method=exact
1939	1	3439	3377	0	tyluur_gist_4cb93ba0_2f232f49	raw=Swamp_tar;method=exact
1939	1	3440	3375	0	tyluur_gist_4cb93ba0_2f232f49	raw=Swamp_tar;method=exact
1939	1	3441	3413	0	tyluur_gist_4cb93ba0_2f232f49	raw=Swamp_tar;method=exact
1939	1	3441	3438	0	tyluur_gist_4cb93ba0_2f232f49	raw=Swamp_tar;method=exact
1939	1	3442	3289	0	tyluur_gist_4cb93ba0_2f232f49	raw=Swamp_tar;method=exact
1939	1	3442	3412	0	tyluur_gist_4cb93ba0_2f232f49	raw=Swamp_tar;method=exact
2347	1	3442	9946	0	tyluur_gist_4cb93ba0_2f232f49	raw=Hammer;method=exact
1939	1	3445	3404	0	tyluur_gist_4cb93ba0_2f232f49	raw=Swamp_tar;method=exact
1939	1	3445	3435	0	tyluur_gist_4cb93ba0_2f232f49	raw=Swamp_tar;method=exact
1939	1	3446	3279	0	tyluur_gist_4cb93ba0_2f232f49	raw=Swamp_tar;method=exact
1939	1	3447	3268	0	tyluur_gist_4cb93ba0_2f232f49	raw=Swamp_tar;method=exact
1939	1	3448	3430	0	tyluur_gist_4cb93ba0_2f232f49	raw=Swamp_tar;method=exact
1939	1	3449	3434	0	tyluur_gist_4cb93ba0_2f232f49	raw=Swamp_tar;method=exact
1939	1	3450	3358	0	tyluur_gist_4cb93ba0_2f232f49	raw=Swamp_tar;method=exact
1939	1	3450	3416	0	tyluur_gist_4cb93ba0_2f232f49	raw=Swamp_tar;method=exact
1939	1	3451	3320	0	tyluur_gist_4cb93ba0_2f232f49	raw=Swamp_tar;method=exact
1939	1	3451	3358	0	tyluur_gist_4cb93ba0_2f232f49	raw=Swamp_tar;method=exact
1939	1	3451	3402	0	tyluur_gist_4cb93ba0_2f232f49	raw=Swamp_tar;method=exact
1939	1	3452	3377	0	tyluur_gist_4cb93ba0_2f232f49	raw=Swamp_tar;method=exact
1939	1	3452	3378	0	tyluur_gist_4cb93ba0_2f232f49	raw=Swamp_tar;method=exact
1939	1	3452	3388	0	tyluur_gist_4cb93ba0_2f232f49	raw=Swamp_tar;method=exact
1939	1	3452	3389	0	tyluur_gist_4cb93ba0_2f232f49	raw=Swamp_tar;method=exact
1939	1	3453	3441	0	tyluur_gist_4cb93ba0_2f232f49	raw=Swamp_tar;method=exact
1939	1	3458	3367	0	tyluur_gist_4cb93ba0_2f232f49	raw=Swamp_tar;method=exact
1939	1	3459	3374	0	tyluur_gist_4cb93ba0_2f232f49	raw=Swamp_tar;method=exact
1939	1	3459	3419	0	tyluur_gist_4cb93ba0_2f232f49	raw=Swamp_tar;method=exact
1939	1	3460	3354	0	tyluur_gist_4cb93ba0_2f232f49	raw=Swamp_tar;method=exact
1939	1	3460	3405	0	tyluur_gist_4cb93ba0_2f232f49	raw=Swamp_tar;method=exact
1939	1	3461	3413	0	tyluur_gist_4cb93ba0_2f232f49	raw=Swamp_tar;method=exact
1939	1	3462	3350	0	tyluur_gist_4cb93ba0_2f232f49	raw=Swamp_tar;method=exact
1939	1	3465	3432	0	tyluur_gist_4cb93ba0_2f232f49	raw=Swamp_tar;method=exact
1939	1	3466	3416	0	tyluur_gist_4cb93ba0_2f232f49	raw=Swamp_tar;method=exact
1939	1	3467	3376	0	tyluur_gist_4cb93ba0_2f232f49	raw=Swamp_tar;method=exact
1939	1	3469	3361	0	tyluur_gist_4cb93ba0_2f232f49	raw=Swamp_tar;method=exact
1939	1	3469	3433	0	tyluur_gist_4cb93ba0_2f232f49	raw=Swamp_tar;method=exact
1939	1	3470	3429	0	tyluur_gist_4cb93ba0_2f232f49	raw=Swamp_tar;method=exact
1939	1	3471	3343	0	tyluur_gist_4cb93ba0_2f232f49	raw=Swamp_tar;method=exact
1939	1	3471	3419	0	tyluur_gist_4cb93ba0_2f232f49	raw=Swamp_tar;method=exact
1939	1	3472	3403	0	tyluur_gist_4cb93ba0_2f232f49	raw=Swamp_tar;method=exact
1939	1	3472	3446	0	tyluur_gist_4cb93ba0_2f232f49	raw=Swamp_tar;method=exact
1939	1	3473	3435	0	tyluur_gist_4cb93ba0_2f232f49	raw=Swamp_tar;method=exact
1939	1	3474	3414	0	tyluur_gist_4cb93ba0_2f232f49	raw=Swamp_tar;method=exact
1939	1	3476	3364	0	tyluur_gist_4cb93ba0_2f232f49	raw=Swamp_tar;method=exact
1939	1	3477	3443	0	tyluur_gist_4cb93ba0_2f232f49	raw=Swamp_tar;method=exact
1925	1	3478	3234	0	tyluur_gist_4cb93ba0_2f232f49	raw=Bucket;method=scored_ambiguity
1939	1	3478	3438	0	tyluur_gist_4cb93ba0_2f232f49	raw=Swamp_tar;method=exact
4615	1	3479	3092	0	tyluur_gist_4cb93ba0_2f232f49	raw=Letter_(The_Golem);method=source_alias
1939	1	3480	3419	0	tyluur_gist_4cb93ba0_2f232f49	raw=Swamp_tar;method=exact
733	1	3481	3277	0	tyluur_gist_4cb93ba0_2f232f49	raw=Smashed_glass;method=exact
229	1	3481	3278	0	tyluur_gist_4cb93ba0_2f232f49	raw=Vial;method=scored_ambiguity
229	1	3481	3279	0	tyluur_gist_4cb93ba0_2f232f49	raw=Vial;method=scored_ambiguity
733	1	3482	3276	0	tyluur_gist_4cb93ba0_2f232f49	raw=Smashed_glass;method=exact
733	1	3482	3279	0	tyluur_gist_4cb93ba0_2f232f49	raw=Smashed_glass;method=exact
1939	1	3483	3426	0	tyluur_gist_4cb93ba0_2f232f49	raw=Swamp_tar;method=exact
1937	1	3485	3056	0	tyluur_gist_4cb93ba0_2f232f49	raw=Jug_of_water;method=exact
1978	1	3490	3059	0	tyluur_gist_4cb93ba0_2f232f49	raw=Cup_of_Tea;method=scored_ambiguity
4199	1	3492	3474	0	tyluur_gist_4cb93ba0_2f232f49	raw=Pickled_brain;method=exact
1939	1	3494	3395	0	tyluur_gist_4cb93ba0_2f232f49	raw=Swamp_tar;method=exact
1939	1	3494	3401	0	tyluur_gist_4cb93ba0_2f232f49	raw=Swamp_tar;method=exact
1939	1	3502	3401	0	tyluur_gist_4cb93ba0_2f232f49	raw=Swamp_tar;method=exact
1993	1	3511	3049	0	tyluur_gist_4cb93ba0_2f232f49	raw=Jug_of_wine;method=exact
303	1	3511	3189	0	tyluur_gist_4cb93ba0_2f232f49	raw=Small_fishing_net;method=scored_ambiguity
1935	1	3512	3049	0	tyluur_gist_4cb93ba0_2f232f49	raw=Jug;method=exact
25285	1	3542	9911	0	tyluur_gist_4cb93ba0_2f232f49	raw=Stick;method=scored_ambiguity
952	1	3571	3310	0	tyluur_gist_4cb93ba0_2f232f49	raw=Spade;method=exact
4707	1	3571	3312	0	tyluur_gist_4cb93ba0_2f232f49	raw=Crumbling_tome;method=exact
952	1	3572	3312	0	tyluur_gist_4cb93ba0_2f232f49	raw=Spade;method=exact
1511	1	3591	9743	0	tyluur_gist_4cb93ba0_2f232f49	raw=Logs;method=scored_ambiguity
1511	1	3592	9739	0	tyluur_gist_4cb93ba0_2f232f49	raw=Logs;method=scored_ambiguity
1925	1	3593	3219	0	tyluur_gist_4cb93ba0_2f232f49	raw=Bucket;method=scored_ambiguity
1511	1	3593	9741	0	tyluur_gist_4cb93ba0_2f232f49	raw=Logs;method=scored_ambiguity
307	1	3595	9754	0	tyluur_gist_4cb93ba0_2f232f49	raw=Fishing_rod;method=exact
1929	1	3596	3210	0	tyluur_gist_4cb93ba0_2f232f49	raw=Bucket_of_water;method=scored_ambiguity
24774	1	3596	3388	0	tyluur_gist_4cb93ba0_2f232f49	raw=Blood_pint;method=exact
1925	1	3597	3190	0	tyluur_gist_4cb93ba0_2f232f49	raw=Bucket;method=scored_ambiguity
1925	1	3597	3301	0	tyluur_gist_4cb93ba0_2f232f49	raw=Bucket;method=scored_ambiguity
1929	1	3598	3190	0	tyluur_gist_4cb93ba0_2f232f49	raw=Bucket_of_water;method=scored_ambiguity
1734	1	3599	3379	0	tyluur_gist_4cb93ba0_2f232f49	raw=Thread;method=exact
1929	1	3601	3303	0	tyluur_gist_4cb93ba0_2f232f49	raw=Bucket_of_water;method=scored_ambiguity
950	1	3602	3378	0	tyluur_gist_4cb93ba0_2f232f49	raw=Silk;method=exact
1733	1	3602	3379	0	tyluur_gist_4cb93ba0_2f232f49	raw=Needle;method=exact
24774	1	3603	3317	0	tyluur_gist_4cb93ba0_2f232f49	raw=Blood_pint;method=exact
1925	1	3604	3219	0	tyluur_gist_4cb93ba0_2f232f49	raw=Bucket;method=scored_ambiguity
1929	1	3604	3300	0	tyluur_gist_4cb93ba0_2f232f49	raw=Bucket_of_water;method=scored_ambiguity
1925	1	3604	3320	0	tyluur_gist_4cb93ba0_2f232f49	raw=Bucket;method=scored_ambiguity
946	1	3604	3321	0	tyluur_gist_4cb93ba0_2f232f49	raw=Knife;method=scored_ambiguity
1925	1	3606	3267	0	tyluur_gist_4cb93ba0_2f232f49	raw=Bucket;method=scored_ambiguity
946	1	3610	3324	0	tyluur_gist_4cb93ba0_2f232f49	raw=Knife;method=scored_ambiguity
24788	1	3610	3325	0	tyluur_gist_4cb93ba0_2f232f49	raw=Pat_of_not_garlic_butter;method=exact
1929	1	3612	3214	0	tyluur_gist_4cb93ba0_2f232f49	raw=Bucket_of_water;method=scored_ambiguity
1929	1	3612	3224	0	tyluur_gist_4cb93ba0_2f232f49	raw=Bucket_of_water;method=scored_ambiguity
4548	1	3613	3337	0	tyluur_gist_4cb93ba0_2f232f49	raw=Bullseye_lantern;method=scored_ambiguity
1929	1	3615	3230	0	tyluur_gist_4cb93ba0_2f232f49	raw=Bucket_of_water;method=scored_ambiguity
1929	1	3616	3197	0	tyluur_gist_4cb93ba0_2f232f49	raw=Bucket_of_water;method=scored_ambiguity
1925	1	3617	3377	0	tyluur_gist_4cb93ba0_2f232f49	raw=Bucket;method=scored_ambiguity
2134	1	3617	3387	0	tyluur_gist_4cb93ba0_2f232f49	raw=Raw_rat_meat;method=exact
946	1	3618	3387	0	tyluur_gist_4cb93ba0_2f232f49	raw=Knife;method=scored_ambiguity
1929	1	3620	3282	0	tyluur_gist_4cb93ba0_2f232f49	raw=Bucket_of_water;method=scored_ambiguity
1925	1	3621	3282	0	tyluur_gist_4cb93ba0_2f232f49	raw=Bucket;method=scored_ambiguity
1921	1	3621	3378	0	tyluur_gist_4cb93ba0_2f232f49	raw=Bowl_of_water;method=exact
1929	1	3622	3223	0	tyluur_gist_4cb93ba0_2f232f49	raw=Bucket_of_water;method=scored_ambiguity
1942	1	3623	3395	0	tyluur_gist_4cb93ba0_2f232f49	raw=Potato;method=exact
1925	1	3624	3211	0	tyluur_gist_4cb93ba0_2f232f49	raw=Bucket;method=scored_ambiguity
1925	1	3624	3345	0	tyluur_gist_4cb93ba0_2f232f49	raw=Bucket;method=scored_ambiguity
9652	1	3624	9690	0	tyluur_gist_4cb93ba0_2f232f49	raw=Haemalchemy_volume_1;method=exact
1925	1	3626	3254	0	tyluur_gist_4cb93ba0_2f232f49	raw=Bucket;method=scored_ambiguity
1925	1	3626	3259	0	tyluur_gist_4cb93ba0_2f232f49	raw=Bucket;method=scored_ambiguity
1929	1	3627	3273	0	tyluur_gist_4cb93ba0_2f232f49	raw=Bucket_of_water;method=scored_ambiguity
1925	1	3627	3291	0	tyluur_gist_4cb93ba0_2f232f49	raw=Bucket;method=scored_ambiguity
1929	1	3627	3316	0	tyluur_gist_4cb93ba0_2f232f49	raw=Bucket_of_water;method=scored_ambiguity
1929	1	3627	3323	0	tyluur_gist_4cb93ba0_2f232f49	raw=Bucket_of_water;method=scored_ambiguity
1929	1	3628	3260	0	tyluur_gist_4cb93ba0_2f232f49	raw=Bucket_of_water;method=scored_ambiguity
1925	1	3628	3275	0	tyluur_gist_4cb93ba0_2f232f49	raw=Bucket;method=scored_ambiguity
1925	1	3629	3198	0	tyluur_gist_4cb93ba0_2f232f49	raw=Bucket;method=scored_ambiguity
7080	1	3629	3381	0	tyluur_gist_4cb93ba0_2f232f49	raw=Sliced_mushrooms;method=exact
1871	1	3629	3382	0	tyluur_gist_4cb93ba0_2f232f49	raw=Chopped_onion;method=exact
1929	1	3633	3264	0	tyluur_gist_4cb93ba0_2f232f49	raw=Bucket_of_water;method=scored_ambiguity
1929	1	3633	3322	0	tyluur_gist_4cb93ba0_2f232f49	raw=Bucket_of_water;method=scored_ambiguity
1929	1	3634	3282	0	tyluur_gist_4cb93ba0_2f232f49	raw=Bucket_of_water;method=scored_ambiguity
1925	1	3635	3276	0	tyluur_gist_4cb93ba0_2f232f49	raw=Bucket;method=scored_ambiguity
1929	1	3636	3315	0	tyluur_gist_4cb93ba0_2f232f49	raw=Bucket_of_water;method=scored_ambiguity
1925	1	3638	3243	0	tyluur_gist_4cb93ba0_2f232f49	raw=Bucket;method=scored_ambiguity
1931	1	3642	3387	0	tyluur_gist_4cb93ba0_2f232f49	raw=Pot;method=exact
590	1	3644	3359	0	tyluur_gist_4cb93ba0_2f232f49	raw=Tinderbox;method=scored_ambiguity
33	1	3644	3360	0	tyluur_gist_4cb93ba0_2f232f49	raw=Lit_candle;method=exact
36	1	3644	3360	0	tyluur_gist_4cb93ba0_2f232f49	raw=Candle;method=exact
1931	1	3646	3369	0	tyluur_gist_4cb93ba0_2f232f49	raw=Pot;method=exact
434	1	3647	3370	0	tyluur_gist_4cb93ba0_2f232f49	raw=Clay;method=exact
1993	1	3663	3380	0	tyluur_gist_4cb93ba0_2f232f49	raw=Jug_of_wine;method=exact
1269	1	3670	9772	0	tyluur_gist_4cb93ba0_2f232f49	raw=Steel_pickaxe;method=exact
33	1	3715	3302	0	tyluur_gist_4cb93ba0_2f232f49	raw=Lit_candle;method=exact
36	1	3715	3302	0	tyluur_gist_4cb93ba0_2f232f49	raw=Candle;method=exact
229	1	3716	3358	0	tyluur_gist_4cb93ba0_2f232f49	raw=Vial;method=scored_ambiguity
946	1	3717	3358	0	tyluur_gist_4cb93ba0_2f232f49	raw=Knife;method=scored_ambiguity
403	1	3717	3848	0	tyluur_gist_4cb93ba0_2f232f49	raw=Edible_seaweed;method=exact
1985	1	3717	9706	0	tyluur_gist_4cb93ba0_2f232f49	raw=Cheese;method=exact
526	1	3718	3349	0	tyluur_gist_4cb93ba0_2f232f49	raw=Bones;method=scored_ambiguity
7074	1	3719	3303	0	tyluur_gist_4cb93ba0_2f232f49	raw=Chopped_Garlic;method=exact
1925	1	3719	3361	0	tyluur_gist_4cb93ba0_2f232f49	raw=Bucket;method=scored_ambiguity
317	1	3720	3303	0	tyluur_gist_4cb93ba0_2f232f49	raw=Raw_shrimps;method=scored_ambiguity
526	1	3720	3373	0	tyluur_gist_4cb93ba0_2f232f49	raw=Bones;method=scored_ambiguity
403	1	3720	3865	0	tyluur_gist_4cb93ba0_2f232f49	raw=Edible_seaweed;method=exact
1993	1	3721	3353	0	tyluur_gist_4cb93ba0_2f232f49	raw=Jug_of_wine;method=exact
22420	1	3722	9733	0	tyluur_gist_4cb93ba0_2f232f49	raw=Bloody_grimoire;method=exact
526	1	3723	3344	0	tyluur_gist_4cb93ba0_2f232f49	raw=Bones;method=scored_ambiguity
403	1	3723	3748	0	tyluur_gist_4cb93ba0_2f232f49	raw=Edible_seaweed;method=exact
22428	1	3726	9780	0	tyluur_gist_4cb93ba0_2f232f49	raw=Old_key;method=exact
403	1	3727	3765	0	tyluur_gist_4cb93ba0_2f232f49	raw=Edible_seaweed;method=exact
2134	1	3728	3361	0	tyluur_gist_4cb93ba0_2f232f49	raw=Raw_rat_meat;method=exact
403	1	3728	3888	0	tyluur_gist_4cb93ba0_2f232f49	raw=Edible_seaweed;method=exact
403	1	3729	3771	0	tyluur_gist_4cb93ba0_2f232f49	raw=Edible_seaweed;method=exact
403	1	3729	3895	0	tyluur_gist_4cb93ba0_2f232f49	raw=Edible_seaweed;method=exact
1205	1	3730	3356	0	tyluur_gist_4cb93ba0_2f232f49	raw=Bronze_dagger;method=exact
403	1	3730	3775	0	tyluur_gist_4cb93ba0_2f232f49	raw=Edible_seaweed;method=exact
403	1	3730	3792	0	tyluur_gist_4cb93ba0_2f232f49	raw=Edible_seaweed;method=exact
960	1	3730	3817	0	tyluur_gist_4cb93ba0_2f232f49	raw=Plank;method=exact
526	1	3731	3347	0	tyluur_gist_4cb93ba0_2f232f49	raw=Bones;method=scored_ambiguity
22426	1	3732	3361	0	tyluur_gist_4cb93ba0_2f232f49	raw=Deed;method=exact
403	1	3733	3732	0	tyluur_gist_4cb93ba0_2f232f49	raw=Edible_seaweed;method=exact
690	1	3734	3358	0	tyluur_gist_4cb93ba0_2f232f49	raw=Broken_glass;method=scored_ambiguity
403	1	3734	3784	0	tyluur_gist_4cb93ba0_2f232f49	raw=Edible_seaweed;method=exact
960	1	3734	3805	0	tyluur_gist_4cb93ba0_2f232f49	raw=Plank;method=exact
526	1	3736	3351	0	tyluur_gist_4cb93ba0_2f232f49	raw=Bones;method=scored_ambiguity
403	1	3737	3727	0	tyluur_gist_4cb93ba0_2f232f49	raw=Edible_seaweed;method=exact
403	1	3741	3720	0	tyluur_gist_4cb93ba0_2f232f49	raw=Edible_seaweed;method=exact
403	1	3743	3848	0	tyluur_gist_4cb93ba0_2f232f49	raw=Edible_seaweed;method=exact
403	1	3747	3717	0	tyluur_gist_4cb93ba0_2f232f49	raw=Edible_seaweed;method=exact
403	1	3748	3851	0	tyluur_gist_4cb93ba0_2f232f49	raw=Edible_seaweed;method=exact
22430	1	3749	3295	0	tyluur_gist_4cb93ba0_2f232f49	raw=Bloody_bracer;method=exact
2859	1	3751	9780	0	tyluur_gist_4cb93ba0_2f232f49	raw=Wolf_bones;method=exact
403	1	3752	3725	0	tyluur_gist_4cb93ba0_2f232f49	raw=Edible_seaweed;method=exact
592	1	3752	9780	0	tyluur_gist_4cb93ba0_2f232f49	raw=Ashes;method=exact
964	1	3752	9781	0	tyluur_gist_4cb93ba0_2f232f49	raw=Skull;method=scored_ambiguity
530	1	3753	9780	0	tyluur_gist_4cb93ba0_2f232f49	raw=Bat_bones;method=exact
7954	1	3767	3383	0	tyluur_gist_4cb93ba0_2f232f49	raw=Burnt_shrimp;method=exact
733	1	3768	3382	0	tyluur_gist_4cb93ba0_2f232f49	raw=Smashed_glass;method=exact
1763	1	3769	9731	0	tyluur_gist_4cb93ba0_2f232f49	raw=Red_dye;method=exact
403	1	3799	3751	0	tyluur_gist_4cb93ba0_2f232f49	raw=Edible_seaweed;method=exact
8989	1	3804	3010	0	tyluur_gist_4cb93ba0_2f232f49	raw=Brewin'_Guide;method=scored_ambiguity
401	1	3808	3060	0	tyluur_gist_4cb93ba0_2f232f49	raw=Seaweed;method=exact
403	1	3810	3755	0	tyluur_gist_4cb93ba0_2f232f49	raw=Edible_seaweed;method=exact
403	1	3811	3056	0	tyluur_gist_4cb93ba0_2f232f49	raw=Edible_seaweed;method=exact
8989	1	3812	3017	0	tyluur_gist_4cb93ba0_2f232f49	raw=Brewin'_Guide;method=scored_ambiguity
8989	1	3813	3014	0	tyluur_gist_4cb93ba0_2f232f49	raw=Brewin'_Guide;method=scored_ambiguity
403	1	3813	3058	0	tyluur_gist_4cb93ba0_2f232f49	raw=Edible_seaweed;method=exact
403	1	3813	3754	0	tyluur_gist_4cb93ba0_2f232f49	raw=Edible_seaweed;method=exact
401	1	3814	3065	0	tyluur_gist_4cb93ba0_2f232f49	raw=Seaweed;method=exact
401	1	3815	3064	0	tyluur_gist_4cb93ba0_2f232f49	raw=Seaweed;method=exact
8989	1	3818	2998	0	tyluur_gist_4cb93ba0_2f232f49	raw=Brewin'_Guide;method=scored_ambiguity
8989	1	3818	3010	0	tyluur_gist_4cb93ba0_2f232f49	raw=Brewin'_Guide;method=scored_ambiguity
403	1	3820	3758	0	tyluur_gist_4cb93ba0_2f232f49	raw=Edible_seaweed;method=exact
8989	1	3823	3001	0	tyluur_gist_4cb93ba0_2f232f49	raw=Brewin'_Guide;method=scored_ambiguity
403	1	3828	3060	0	tyluur_gist_4cb93ba0_2f232f49	raw=Edible_seaweed;method=exact
401	1	3829	3052	0	tyluur_gist_4cb93ba0_2f232f49	raw=Seaweed;method=exact
403	1	3834	3065	0	tyluur_gist_4cb93ba0_2f232f49	raw=Edible_seaweed;method=exact
403	1	3834	3068	0	tyluur_gist_4cb93ba0_2f232f49	raw=Edible_seaweed;method=exact
1269	1	3895	9731	0	tyluur_gist_4cb93ba0_2f232f49	raw=Steel_pickaxe;method=exact
1931	1	1239	3682	1	tyluur_gist_4cb93ba0_2f232f49	raw=Pot;method=exact
2526	1	1243	3678	1	tyluur_gist_4cb93ba0_2f232f49	raw=Grey_toy_horsey;method=exact
1734	1	1244	3684	1	tyluur_gist_4cb93ba0_2f232f49	raw=Thread;method=exact
1733	1	1244	3685	1	tyluur_gist_4cb93ba0_2f232f49	raw=Needle;method=exact
1925	1	1541	3542	1	tyluur_gist_4cb93ba0_2f232f49	raw=Bucket;method=scored_ambiguity
33	1	1635	3621	1	tyluur_gist_4cb93ba0_2f232f49	raw=Lit_candle;method=exact
36	1	1635	3621	1	tyluur_gist_4cb93ba0_2f232f49	raw=Candle;method=exact
33	1	1639	3622	1	tyluur_gist_4cb93ba0_2f232f49	raw=Lit_candle;method=exact
36	1	1639	3622	1	tyluur_gist_4cb93ba0_2f232f49	raw=Candle;method=exact
1773	1	1731	3578	1	tyluur_gist_4cb93ba0_2f232f49	raw=Purple_dye;method=exact
2313	1	1731	3579	1	tyluur_gist_4cb93ba0_2f232f49	raw=Pie_dish;method=exact
314	1	1751	3585	1	tyluur_gist_4cb93ba0_2f232f49	raw=Feather;method=scored_ambiguity
1925	1	1784	3590	1	tyluur_gist_4cb93ba0_2f232f49	raw=Bucket;method=scored_ambiguity
590	1	2376	3127	1	tyluur_gist_4cb93ba0_2f232f49	raw=Tinderbox;method=scored_ambiguity
590	1	2423	3080	1	tyluur_gist_4cb93ba0_2f232f49	raw=Tinderbox;method=scored_ambiguity
2025	1	2449	3510	1	tyluur_gist_4cb93ba0_2f232f49	raw=Cocktail_shaker;method=exact
323	1	2477	2860	1	tyluur_gist_4cb93ba0_2f232f49	raw=Burnt_fish;method=scored_ambiguity
2026	1	2483	3482	1	tyluur_gist_4cb93ba0_2f232f49	raw=Cocktail_glass;method=exact
2026	1	2489	3489	1	tyluur_gist_4cb93ba0_2f232f49	raw=Cocktail_glass;method=exact
960	1	2509	10290	1	tyluur_gist_4cb93ba0_2f232f49	raw=Plank;method=exact
1321	1	2557	2855	1	tyluur_gist_4cb93ba0_2f232f49	raw=Bronze_scimitar;method=exact
2142	1	2558	2856	1	tyluur_gist_4cb93ba0_2f232f49	raw=Cooked_meat;method=scored_ambiguity
1327	1	2572	3284	1	tyluur_gist_4cb93ba0_2f232f49	raw=Black_scimitar;method=exact
11680	1	2739	3581	1	tyluur_gist_4cb93ba0_2f232f49	raw=Address_form;method=exact
554	2	2768	3500	1	tyluur_gist_4cb93ba0_2f232f49	raw=Fire_rune;method=scored_ambiguity
1993	1	2806	3449	1	tyluur_gist_4cb93ba0_2f232f49	raw=Jug_of_wine;method=exact
2313	1	2813	3449	1	tyluur_gist_4cb93ba0_2f232f49	raw=Pie_dish;method=exact
1923	1	2816	3351	1	tyluur_gist_4cb93ba0_2f232f49	raw=Bowl;method=exact
841	1	2914	3439	1	tyluur_gist_4cb93ba0_2f232f49	raw=Shortbow;method=exact
1931	1	2918	10191	1	tyluur_gist_4cb93ba0_2f232f49	raw=Pot;method=exact
1735	1	2930	3285	1	tyluur_gist_4cb93ba0_2f232f49	raw=Shears;method=scored_ambiguity
1599	1	2931	3287	1	tyluur_gist_4cb93ba0_2f232f49	raw=Holy_mould;method=exact
1597	1	2932	3287	1	tyluur_gist_4cb93ba0_2f232f49	raw=Necklace_mould;method=exact
1595	1	2935	3282	1	tyluur_gist_4cb93ba0_2f232f49	raw=Amulet_mould;method=exact
1592	1	2935	3283	1	tyluur_gist_4cb93ba0_2f232f49	raw=Ring_mould;method=exact
1321	1	2965	3211	1	tyluur_gist_4cb93ba0_2f232f49	raw=Bronze_scimitar;method=exact
1351	1	2970	3376	1	tyluur_gist_4cb93ba0_2f232f49	raw=Bronze_axe;method=exact
2140	1	2971	3382	1	tyluur_gist_4cb93ba0_2f232f49	raw=Cooked_chicken;method=scored_ambiguity
2347	1	2975	3368	1	tyluur_gist_4cb93ba0_2f232f49	raw=Hammer;method=exact
877	1	3016	3244	1	tyluur_gist_4cb93ba0_2f232f49	raw=Bronze_bolts;method=exact
877	1	3028	3259	1	tyluur_gist_4cb93ba0_2f232f49	raw=Bronze_bolts;method=exact
544	1	3059	3487	1	tyluur_gist_4cb93ba0_2f232f49	raw=Monk's_robe_top;method=exact
542	1	3059	3488	1	tyluur_gist_4cb93ba0_2f232f49	raw=Monk's_robe;method=exact
272	1	3109	3357	1	tyluur_gist_4cb93ba0_2f232f49	raw=Fish_food;method=exact
1061	1	3112	3155	1	tyluur_gist_4cb93ba0_2f232f49	raw=Leather_boots;method=scored_ambiguity
1955	1	3140	3447	1	tyluur_gist_4cb93ba0_2f232f49	raw=Cooking_apple;method=exact
1955	1	3141	3447	1	tyluur_gist_4cb93ba0_2f232f49	raw=Cooking_apple;method=exact
1923	1	3141	3450	1	tyluur_gist_4cb93ba0_2f232f49	raw=Bowl;method=exact
1887	1	3141	3452	1	tyluur_gist_4cb93ba0_2f232f49	raw=Cake_tin;method=exact
33	1	3208	3395	1	tyluur_gist_4cb93ba0_2f232f49	raw=Lit_candle;method=exact
36	1	3208	3395	1	tyluur_gist_4cb93ba0_2f232f49	raw=Candle;method=exact
1957	1	3211	3247	1	tyluur_gist_4cb93ba0_2f232f49	raw=Onion;method=exact
1205	1	3213	3216	1	tyluur_gist_4cb93ba0_2f232f49	raw=Bronze_dagger;method=exact
952	1	3218	3412	1	tyluur_gist_4cb93ba0_2f232f49	raw=Spade;method=exact
946	1	3218	3418	1	tyluur_gist_4cb93ba0_2f232f49	raw=Knife;method=scored_ambiguity
1925	1	3221	3497	1	tyluur_gist_4cb93ba0_2f232f49	raw=Bucket;method=scored_ambiguity
1925	1	3222	3491	1	tyluur_gist_4cb93ba0_2f232f49	raw=Bucket;method=scored_ambiguity
1203	1	3242	3383	1	tyluur_gist_4cb93ba0_2f232f49	raw=Iron_dagger;method=exact
1059	1	3242	3385	1	tyluur_gist_4cb93ba0_2f232f49	raw=Leather_gloves;method=exact
767	1	3243	3383	1	tyluur_gist_4cb93ba0_2f232f49	raw=Phoenix_crossbow;method=scored_ambiguity
1061	1	3244	3386	1	tyluur_gist_4cb93ba0_2f232f49	raw=Leather_boots;method=scored_ambiguity
767	1	3245	3385	1	tyluur_gist_4cb93ba0_2f232f49	raw=Phoenix_crossbow;method=scored_ambiguity
4686	1	3287	2754	1	tyluur_gist_4cb93ba0_2f232f49	raw=Embalming_manual;method=exact
559	1	3290	3191	1	tyluur_gist_4cb93ba0_2f232f49	raw=Body_rune;method=scored_ambiguity
1993	1	3291	3033	1	tyluur_gist_4cb93ba0_2f232f49	raw=Jug_of_wine;method=exact
1173	1	3294	3935	1	tyluur_gist_4cb93ba0_2f232f49	raw=Bronze_sq_shield;method=exact
2957	1	3443	9741	1	tyluur_gist_4cb93ba0_2f232f49	raw=Druid_pouch;method=scored_ambiguity
1931	1	3479	3221	1	tyluur_gist_4cb93ba0_2f232f49	raw=Pot;method=exact
2347	1	3492	3242	1	tyluur_gist_4cb93ba0_2f232f49	raw=Hammer;method=exact
1929	1	3604	3252	1	tyluur_gist_4cb93ba0_2f232f49	raw=Bucket_of_water;method=scored_ambiguity
1925	1	3605	3251	1	tyluur_gist_4cb93ba0_2f232f49	raw=Bucket;method=scored_ambiguity
24774	1	3607	3337	1	tyluur_gist_4cb93ba0_2f232f49	raw=Blood_pint;method=exact
1925	1	3611	3246	1	tyluur_gist_4cb93ba0_2f232f49	raw=Bucket;method=scored_ambiguity
1925	1	3622	3243	1	tyluur_gist_4cb93ba0_2f232f49	raw=Bucket;method=scored_ambiguity
1925	1	3624	3236	1	tyluur_gist_4cb93ba0_2f232f49	raw=Bucket;method=scored_ambiguity
946	1	3626	3248	1	tyluur_gist_4cb93ba0_2f232f49	raw=Knife;method=scored_ambiguity
1929	1	3639	3258	1	tyluur_gist_4cb93ba0_2f232f49	raw=Bucket_of_water;method=scored_ambiguity
33	1	3698	3339	1	tyluur_gist_4cb93ba0_2f232f49	raw=Lit_candle;method=exact
36	1	3698	3339	1	tyluur_gist_4cb93ba0_2f232f49	raw=Candle;method=exact
1921	1	3703	3331	1	tyluur_gist_4cb93ba0_2f232f49	raw=Bowl_of_water;method=exact
690	1	3715	3356	1	tyluur_gist_4cb93ba0_2f232f49	raw=Broken_glass;method=scored_ambiguity
690	1	3717	3360	1	tyluur_gist_4cb93ba0_2f232f49	raw=Broken_glass;method=scored_ambiguity
1935	1	3718	3357	1	tyluur_gist_4cb93ba0_2f232f49	raw=Jug;method=exact
690	1	3721	3358	1	tyluur_gist_4cb93ba0_2f232f49	raw=Broken_glass;method=scored_ambiguity
22416	1	3730	3354	1	tyluur_gist_4cb93ba0_2f232f49	raw=The_turncloak;method=exact
1921	1	3742	3334	1	tyluur_gist_4cb93ba0_2f232f49	raw=Bowl_of_water;method=exact
33	1	3750	3339	1	tyluur_gist_4cb93ba0_2f232f49	raw=Lit_candle;method=exact
36	1	3750	3339	1	tyluur_gist_4cb93ba0_2f232f49	raw=Candle;method=exact
2959	1	3752	3297	1	tyluur_gist_4cb93ba0_2f232f49	raw=Rotten_food;method=exact
32231	1	3801	2870	1	tyluur_gist_4cb93ba0_2f232f49	raw=Keg;method=scored_ambiguity
32231	1	3801	2876	1	tyluur_gist_4cb93ba0_2f232f49	raw=Keg;method=scored_ambiguity
32231	1	3803	2870	1	tyluur_gist_4cb93ba0_2f232f49	raw=Keg;method=scored_ambiguity
32231	1	3803	2876	1	tyluur_gist_4cb93ba0_2f232f49	raw=Keg;method=scored_ambiguity
690	1	1591	3528	2	tyluur_gist_4cb93ba0_2f232f49	raw=Broken_glass;method=scored_ambiguity
690	1	1594	3530	2	tyluur_gist_4cb93ba0_2f232f49	raw=Broken_glass;method=scored_ambiguity
4164	1	1617	3680	2	tyluur_gist_4cb93ba0_2f232f49	raw=Facemask;method=exact
690	1	1680	3680	2	tyluur_gist_4cb93ba0_2f232f49	raw=Broken_glass;method=scored_ambiguity
1947	1	1682	3677	2	tyluur_gist_4cb93ba0_2f232f49	raw=Grain;method=scored_ambiguity
1947	1	1683	3678	2	tyluur_gist_4cb93ba0_2f232f49	raw=Grain;method=scored_ambiguity
233	1	2132	2998	2	tyluur_gist_4cb93ba0_2f232f49	raw=Pestle_and_mortar;method=scored_ambiguity
229	1	2587	3090	2	tyluur_gist_4cb93ba0_2f232f49	raw=Vial;method=scored_ambiguity
229	1	2588	3090	2	tyluur_gist_4cb93ba0_2f232f49	raw=Vial;method=scored_ambiguity
19	1	2649	4684	2	tyluur_gist_4cb93ba0_2f232f49	raw=Holy_grail;method=exact
687	1	2667	3425	2	tyluur_gist_4cb93ba0_2f232f49	raw=Broken_arrow;method=exact
687	1	2667	3427	2	tyluur_gist_4cb93ba0_2f232f49	raw=Broken_arrow;method=exact
687	1	2669	3431	2	tyluur_gist_4cb93ba0_2f232f49	raw=Broken_arrow;method=exact
526	1	2925	3251	2	tyluur_gist_4cb93ba0_2f232f49	raw=Bones;method=scored_ambiguity
590	1	3112	3369	2	tyluur_gist_4cb93ba0_2f232f49	raw=Tinderbox;method=scored_ambiguity
687	1	3129	3621	2	tyluur_gist_4cb93ba0_2f232f49	raw=Broken_arrow;method=exact
1205	1	3140	3622	2	tyluur_gist_4cb93ba0_2f232f49	raw=Bronze_dagger;method=exact
1955	1	3141	3447	2	tyluur_gist_4cb93ba0_2f232f49	raw=Cooking_apple;method=exact
1931	1	3144	3449	2	tyluur_gist_4cb93ba0_2f232f49	raw=Pot;method=exact
1987	1	3144	3450	2	tyluur_gist_4cb93ba0_2f232f49	raw=Grapes;method=exact
1511	1	3205	3224	2	tyluur_gist_4cb93ba0_2f232f49	raw=Logs;method=scored_ambiguity
1511	1	3205	3226	2	tyluur_gist_4cb93ba0_2f232f49	raw=Logs;method=scored_ambiguity
1511	1	3208	3225	2	tyluur_gist_4cb93ba0_2f232f49	raw=Logs;method=scored_ambiguity
1511	1	3209	3224	2	tyluur_gist_4cb93ba0_2f232f49	raw=Logs;method=scored_ambiguity
22418	1	3734	3318	2	tyluur_gist_4cb93ba0_2f232f49	raw=Explosive_discovery;method=exact
1203	1	3279	3938	3	tyluur_gist_4cb93ba0_2f232f49	raw=Iron_dagger;method=exact
444	1	3283	3936	3	tyluur_gist_4cb93ba0_2f232f49	raw=Gold_ore;method=exact
